fec_candidate_id,name,party,party_full,state,office,election_years,cycles,candidate_status,load_date,party_normalized,raw_party
S6ID00146,"ACHILLES, TODD BAKER",IND,INDEPENDENT,ID,S,[2026],[2026],C,2025-10-18T21:00:34,OTHER,IND
S6TX00578,"ADEFOPE, JOHN",REP,REPUBLICAN PARTY,TX,S,[2026],[2026],N,2026-01-13T21:02:51,REP,REP
S6MS00109,"ADLAKHA, SARAH ANNE DR",REP,REPUBLICAN PARTY,MS,S,[2026],[2026],C,2025-07-16T21:02:06,REP,REP
S6NC00365,"AGNEW, BROOKS ALEXANDER",REP,REPUBLICAN PARTY,NC,S,[2026],[2026],N,2025-06-30T20:58:43,REP,REP
S6LA00706,"ALBARES, NICHOLAS S.",DEM,DEMOCRATIC PARTY,LA,S,[2026],[2026],C,2026-04-21T21:14:29,DEM,DEM
S4ME00139,"ALCALA, NATASHA",DEM,DEMOCRATIC PARTY,ME,S,[2024],"[2024, 2026]",N,2024-02-04T20:58:30,DEM,DEM
S6ME00308,"ALCALA, NATASHA",DEM,DEMOCRATIC PARTY,ME,S,[2026],[2026],N,2025-03-13T20:59:32,DEM,DEM
S6ME00423,"ALCORN, ETHAN WELD MR",UN,UNAFFILIATED,ME,S,[2026],[2026],N,2026-03-06T21:23:49,OTHER,UN
S6TX00305,"ALLEN, KEITH",REP,REPUBLICAN PARTY,TX,S,[2026],"[2024, 2026]",N,2025-01-10T21:01:11,REP,REP
S2MO00775,"ALLEN, ROBERT",REP,REPUBLICAN PARTY,MO,S,[2022],"[2022, 2024, 2026]",N,2022-10-26T21:15:05,REP,REP
S4TX00722,"ALLRED, COLIN",DEM,DEMOCRATIC PARTY,TX,S,"[2024, 2026]","[2024, 2026]",C,2026-04-30T22:28:57,DEM,DEM
S6TX00438,"ALLRED, COLIN",DEM,DEMOCRATIC PARTY,TX,S,[2026],[2026],C,2025-10-18T21:00:34,DEM,DEM
S6MT00295,"ALME, KURT",REP,REPUBLICAN PARTY,MT,S,[2026],[2026],C,2026-04-18T21:13:41,REP,REP
S0KY00453,"ALSAGER, NICHOLAS SCOTT",REP,REPUBLICAN PARTY,KY,S,[2020],"[2020, 2022, 2024, 2026]",N,2021-12-08T06:50:51,REP,REP
S4MD00327,"ALSOBROOKS, ANGELA",DEM,DEMOCRATIC PARTY,MD,S,"[2024, 2030]","[2024, 2026]",C,2025-02-07T21:00:11,DEM,DEM
S6TX00370,"ALVAREZ, ANDREW",REP,REPUBLICAN PARTY,TX,S,[2026],[2026],N,2025-04-25T21:00:17,REP,REP
S4HI00201,"AMARAL, MELBA S S",REP,REPUBLICAN PARTY,HI,S,[2024],"[2024, 2026]",N,2024-07-18T21:02:01,REP,REP
S4MI00694,"AMASH, JUSTIN",REP,REPUBLICAN PARTY,MI,S,[2024],"[2024, 2026]",P,2025-03-18T15:34:07,REP,REP
S4WI00173,"ANDERSON, PHILLIP NORMAN",IND,INDEPENDENT,WI,S,[2024],"[2024, 2026]",P,2025-03-18T15:34:07,OTHER,IND
S6WI00152,"ANDERSON, PHILLIP NORMAN",LIB,LIBERTARIAN PARTY,WI,S,[2016],"[2016, 2018, 2024, 2026]",P,2021-12-08T06:50:51,OTHER,LIB
S6SC04239,"ANDREWS, ANNIE",DEM,DEMOCRATIC PARTY,SC,S,[2026],[2026],C,2025-07-15T21:00:48,DEM,DEM
S4TX00763,"ANDREWS, CODY",REP,REPUBLICAN PARTY,TX,S,[2024],"[2024, 2026]",N,2023-08-18T21:04:10,REP,REP
S8NJ00392,"ANDREWS, ROBERT E",DEM,DEMOCRATIC PARTY,NJ,S,[2008],"[2008, 2010, 2012, 2014, 2016, 2018, 2020, 2022, 2024, 2026]",P,2021-12-08T06:50:50,DEM,DEM
S4TX00680,"ANDRUS, TRACY DR. SR.",DEM,DEMOCRATIC PARTY,TX,S,[2024],"[2024, 2026]",P,2025-03-18T15:34:07,DEM,DEM
S4MA00291,"ANTONELLIS, ROBERT JOSEPH",REP,REPUBLICAN PARTY,MA,S,[2024],"[2024, 2026]",P,2025-03-18T15:34:07,REP,REP
S4WA00565,"ARCHER, DESTINY MR",REP,REPUBLICAN PARTY,WA,S,[2024],"[2022, 2024, 2026]",N,2023-01-12T22:24:01,REP,REP
S6IA00314,"ARENHOLZ, ASHLEY HINSON",REP,REPUBLICAN PARTY,IA,S,[2026],[2026],C,2026-04-03T21:13:47,REP,REP
S4TX00599,"ARGUIJO, AARON",DEM,DEMOCRATIC PARTY,TX,S,[2024],"[2022, 2024, 2026]",N,2023-01-12T22:24:01,DEM,DEM
S6LA00516,"ARRINGTON, RANDALL STEVEN PHD",REP,REPUBLICAN PARTY,LA,S,[2026],"[2024, 2026]",N,2025-01-10T21:01:11,REP,REP
S6LA00524,"ARRINGTON, RANDALL STEVEN PHD",REP,REPUBLICAN PARTY,LA,S,[2026],[2026],N,2025-02-07T21:00:11,REP,REP
S6AR00207,"ASHBY, MICAH",REP,REPUBLICAN PARTY,AR,S,[2026],[2026],C,2026-02-09T20:58:28,REP,REP
S4CA01074,"ASTORGA, ALEX JOHN",NNE,NONE,CA,S,[2024],"[2024, 2026]",N,2024-06-04T21:13:18,OTHER,NNE
S6FL00749,"ATKINS, JOEY MENDOZA",DEM,DEMOCRATIC PARTY,FL,S,[2026],[2026],C,2025-10-18T21:00:34,DEM,DEM
S4WI00199,"AUBART, SCOTT ALAN MR",AIP,AMERICAN INDEPENDENT PARTY,WI,S,[2024],"[2024, 2026]",N,2023-06-08T21:05:05,OTHER,AIP
S6MT00261,"AUSTIN, KYLE",LIB,LIBERTARIAN PARTY,MT,S,[2026],[2026],C,2026-04-09T21:14:22,OTHER,LIB
S6NE00178,"AXTELL SCHULTZ, DEBRA LEANNE MS",REP,REPUBLICAN PARTY,NE,S,[2026],[2026],N,2026-04-29T21:28:42,REP,REP
S8MA00268,"AYYADURAI, SHIVA DR",IND,INDEPENDENT,MA,S,"[2018, 2020, 2024, 2026]","[2018, 2020, 2022, 2024, 2026]",C,2026-04-14T21:14:42,OTHER,IND
S4MA00275,"AYYADURAI, SHIVA DR.",IND,INDEPENDENT,MA,S,[2024],"[2022, 2024, 2026]",N,2023-01-12T22:24:01,OTHER,IND
S6RI00288,"BAHRY, MICHAEL",IND,INDEPENDENT,RI,S,[2026],[2026],N,2026-04-17T21:14:14,OTHER,IND
S6CO00507,"BAISLEY, MARK",REP,REPUBLICAN PARTY,CO,S,[2026],[2026],C,2026-04-18T21:13:41,REP,REP
S2WI00219,"BALDWIN, TAMMY",DEM,DEMOCRATIC PARTY,WI,S,"[2012, 2018, 2024, 2030]","[2012, 2014, 2016, 2018, 2020, 2022, 2024, 2026]",C,2025-02-07T21:00:11,DEM,DEM
S0MT00116,"BALLARD, JACK",DEM,DEMOCRATIC PARTY,MT,S,[2020],"[2020, 2022, 2024, 2026]",P,2021-12-08T06:50:51,DEM,DEM
S6MT00253,"BANKHEAD, ALANI INES",DEM,DEMOCRATIC PARTY,MT,S,[2026],[2026],C,2026-03-06T21:23:49,DEM,DEM
S4IN00196,"BANKS, JAMES E. HON.",REP,REPUBLICAN PARTY,IN,S,"[2024, 2030]","[2024, 2026]",C,2025-02-07T21:00:11,REP,REP
S8FL00323,"BAPTISTE, ASHLEY JEAN",REP,REPUBLICAN PARTY,FL,S,[2026],[2026],N,2025-12-30T21:00:52,REP,REP
S4MD00533,"BARAKAT, MOHAMMED",REP,REPUBLICAN PARTY,MD,S,[2024],"[2024, 2026]",N,2024-03-21T21:00:16,REP,REP
S2OR00127,"BARLOW, WILLIAM EDWARD MR. III",DEM,DEMOCRATIC PARTY,OR,S,"[2022, 2028]","[2022, 2024, 2026]",N,2025-01-10T21:01:11,DEM,DEM
S2WI00441,"BARNES, MANDELA",DEM,DEMOCRATIC PARTY,WI,S,[2022],"[2022, 2024, 2026]",P,2023-03-09T10:16:03,DEM,DEM
S6WY00068,"BARRASSO, JOHN A",REP,REPUBLICAN PARTY,WY,S,"[1996, 2008, 2012, 2018, 2024, 2030]","[1996, 1998, 2008, 2010, 2012, 2014, 2016, 2018, 2020, 2022, 2024, 2026]",F,2025-01-24T21:00:47,REP,REP
S6KY00286,"BARR, GARLAND ANDY",REP,REPUBLICAN PARTY,KY,S,[2026],[2026],C,2025-04-25T21:00:17,REP,REP
S0KY00396,"BARRON, STEPHEN BRADLEY",LIB,LIBERTARIAN PARTY,KY,S,[2020],"[2020, 2022, 2024, 2026]",P,2021-12-08T06:50:51,OTHER,LIB
S6GA00317,"BARTELL, ELBERT",IND,INDEPENDENT,GA,S,[2026],"[2024, 2026]",N,2025-01-10T21:01:11,OTHER,IND
S6IL00532,"BARTZIS, PANAGIOTI JOHN MR",REP,REPUBLICAN PARTY,IL,S,[2026],[2026],N,2025-06-09T20:59:02,REP,REP
S4NJ00540,"BASHAW, CURTIS",REP,REPUBLICAN PARTY,NJ,S,[2024],"[2024, 2026]",P,2025-03-18T15:34:07,REP,REP
S8MT00010,"BAUCUS, MAX",DEM,DEMOCRATIC PARTY,MT,S,"[1978, 1984, 1990, 1996, 2002, 2008, 2014]","[1978, 1980, 1982, 1984, 1986, 1988, 1990, 1992, 1994, 1996, 1998, 2000, 2002, 2004, 2006, 2008, 2010, 2012, 2014, 2016, 2018, 2020, 2022, 2024, 2026]",P,2021-12-08T06:50:50,DEM,DEM
S6SC04262,"BAUER, ANDRE",REP,REPUBLICAN PARTY,SC,S,[2026],[2026],C,2025-10-18T21:00:34,REP,REP
S8IN00049,"BAYH, EVAN",DEM,DEMOCRATIC PARTY,IN,S,"[1998, 2004, 2010, 2016]","[1996, 1998, 2000, 2002, 2004, 2006, 2008, 2010, 2012, 2014, 2016, 2018, 2020, 2022, 2024, 2026]",P,2021-12-08T06:50:51,DEM,DEM
S6DE00156,"BEARDSLEY, CHRISTOPHER MR.",DEM,DEMOCRATIC PARTY,DE,S,[2026],[2026],C,2026-02-09T20:58:28,DEM,DEM
S2NC00497,"BEASLEY, CHERI",DEM,DEMOCRATIC PARTY,NC,S,[2022],"[2022, 2024, 2026]",P,2025-03-18T15:34:07,DEM,DEM
S4NC00303,"BEASLEY, SHARESE N MS",DEM,DEMOCRATIC PARTY,NC,S,[2033],"[2022, 2024, 2026]",N,2022-07-28T21:14:22,DEM,DEM
S8NC00320,"BEASLEY, SHARESE N MS.",DEM,DEMOCRATIC PARTY,NC,S,[2028],"[2020, 2022, 2024, 2026]",N,2025-01-10T21:01:11,DEM,DEM
S6SD01125,"BEAUDION, JULIAN C",DEM,DEMOCRATIC PARTY,SD,S,[2026],[2026],C,2025-07-19T20:58:36,DEM,DEM
S6SD01109,"BEAUFORD, WILLIAM TREMEYNE MR III",REP,REPUBLICAN PARTY,SD,S,[2025],"[2020, 2022, 2024, 2026]",N,2025-01-10T21:01:11,REP,REP
S6MA00270,"BECH, NATHAN ALEXANDER",REP,REPUBLICAN PARTY,MA,S,[2026],[2026],C,2025-10-16T21:01:04,REP,REP
S6OK04155,"BECK, WILLIAM EVAN SCOTT",DEM,DEMOCRATIC PARTY,OK,S,[2026],[2026],N,2025-03-13T20:59:32,DEM,DEM
S4NY00313,"BELLON, DAVID A. ESQ.",REP,REPUBLICAN PARTY,NY,S,[2024],"[2024, 2026]",P,2025-03-18T15:34:07,REP,REP
S4MO00250,"BELL, WESLEY",DEM,DEMOCRATIC PARTY,MO,S,[2024],"[2024, 2026]",P,2025-03-18T15:34:07,DEM,DEM
S6CT05140,"BELVAL, ZACCHERY TYLER MR. SR.",DEM,DEMOCRATIC PARTY,CT,S,[2025],[2026],N,2025-04-02T21:01:27,DEM,DEM
S2NY00374,"BEN-AVI, TYRRELL",DEM,DEMOCRATIC PARTY,NY,S,[2024],"[2022, 2024, 2026]",N,2023-05-02T21:17:54,DEM,DEM
S6TX00560,"BENDER, ANNA",REP,REPUBLICAN PARTY,TX,S,[2026],[2026],C,2026-01-06T21:00:44,REP,REP
S6SD01117,"BENGS, BRIAN",IND,INDEPENDENT,SD,S,[2026],[2026],C,2025-07-16T21:02:06,OTHER,IND
S6MI00400,"BENHAM, KENT",REP,REPUBLICAN PARTY,MI,S,[2026],[2026],N,2025-04-25T21:00:17,REP,REP
S0CO00211,"BENNET, MICHAEL F.",DEM,DEMOCRATIC PARTY,CO,S,"[2010, 2016, 2022, 2028]","[2010, 2012, 2014, 2016, 2018, 2020, 2022, 2024, 2026]",C,2025-01-10T21:01:11,DEM,DEM
S6IL00391,"BENNETT, DOUGLAS",REP,REPUBLICAN PARTY,IL,S,[2026],"[2024, 2026]",C,2025-04-25T21:00:17,REP,REP
S4FL00751,"BENNETT, SHANTELE RENEE MS N/A",NPA,NO PARTY AFFILIATION,FL,S,[2024],"[2024, 2026]",N,2024-04-19T21:00:52,OTHER,NPA
S4IN00188,"BENSON, ERIK",REP,REPUBLICAN PARTY,IN,S,[2024],"[2022, 2024, 2026]",N,2023-07-10T21:05:09,REP,REP
S4IN00170,"BENSON, ERIK",REP,REPUBLICAN PARTY,IN,S,[2024],"[2022, 2024, 2026]",N,2023-07-10T21:05:09,REP,REP
S2AR00107,"BEQUETTE, JAKE MR.",REP,REPUBLICAN PARTY,AR,S,[2022],"[2022, 2024, 2026]",P,2023-03-09T10:16:03,REP,REP
S2NH00298,"BERMAN, JOHN",REP,REPUBLICAN PARTY,NH,S,[2022],"[2022, 2024, 2026]",N,2022-07-25T23:03:23,REP,REP
S4MN00478,"BERMAN, JOHN",REP,REPUBLICAN PARTY,MN,S,[2024],"[2022, 2024, 2026]",N,2023-01-12T22:24:01,REP,REP
S4MA00267,"BERMAN, JOHN",REP,REPUBLICAN PARTY,MA,S,[2024],"[2022, 2024, 2026]",N,2023-01-12T22:24:01,REP,REP
S2OH00394,"BERMAN, JOHN",REP,REPUBLICAN PARTY,OH,S,[2022],"[2022, 2024, 2026]",N,2021-12-08T06:50:51,REP,REP
S6IA00199,"BERMAN, JOHN",REP,REPUBLICAN PARTY,IA,S,[2026],"[2024, 2026]",N,2025-09-03T21:03:11,REP,REP
S4TX00656,"BERMAN, JOHN",REP,REPUBLICAN PARTY,TX,S,[2024],"[2024, 2026]",N,2023-01-17T22:56:56,REP,REP
S2WI00425,"BERMAN, JOHN",REP,REPUBLICAN PARTY,WI,S,[2022],"[2022, 2024, 2026]",N,2021-12-08T06:50:51,REP,REP
S2MD00560,"BERMAN, JOHN",REP,REPUBLICAN PARTY,MD,S,[2022],"[2022, 2024, 2026]",N,2021-12-08T06:50:51,REP,REP
S6FL00889,"BETTIS, SHAWN STEFAN",DEM,DEMOCRATIC PARTY,FL,S,[2026],[2026],N,2026-04-10T21:13:55,DEM,DEM
S4MI00496,"BEYDOUN, NASSER",DEM,DEMOCRATIC PARTY,MI,S,[2024],"[2024, 2026]",P,2025-03-18T15:34:07,DEM,DEM
S8CO00255,"BIAS, JASON AARON",REP,REPUBLICAN PARTY,CO,S,[2027],"[2024, 2026]",N,2025-01-10T21:01:11,REP,REP
S6OH00312,"BIBLER, BRIAN CHRISTOPHER MR",REP,REPUBLICAN PARTY,OH,S,[2026],[2026],N,2025-02-07T21:00:11,REP,REP
S0TX00365,"BIERSCHWALE, VIRGIL",REP,REPUBLICAN PARTY,TX,S,"[2020, 2026]","[2020, 2026]",C,2025-07-16T21:02:06,REP,REP
S8KY00282,"BIERY, DAVID DR.",IND,INDEPENDENT,KY,S,[2028],[2026],N,2026-01-01T21:00:10,OTHER,IND
S8TN00337,"BLACKBURN, MARSHA MRS.",REP,REPUBLICAN PARTY,TN,S,"[2018, 2024, 2030]","[2018, 2020, 2022, 2024, 2026]",C,2025-02-07T21:00:11,REP,REP
S6MT00246,"BLACKWOLF, MICHAEL JAMES MR.",DEM,DEMOCRATIC PARTY,MT,S,[2026],[2026],C,2026-03-06T21:23:49,DEM,DEM
S6DE00164,"BLAND, DEXTER",IND,INDEPENDENT,DE,S,[2026],[2026],N,2026-01-13T21:02:51,OTHER,IND
S0CT00177,"BLUMENTHAL, RICHARD",DEM,DEMOCRATIC PARTY,CT,S,"[2010, 2016, 2022, 2028]","[2010, 2012, 2014, 2016, 2018, 2020, 2022, 2024, 2026]",C,2025-01-10T21:01:11,DEM,DEM
S4DE00060,"BLUNT ROCHESTER, LISA",DEM,DEMOCRATIC PARTY,DE,S,"[2024, 2030]","[2024, 2026]",C,2026-03-12T21:18:26,DEM,DEM
S6MT00287,"BODNAR, SETH",IND,INDEPENDENT,MT,S,[2026],[2026],C,2026-04-18T21:13:41,OTHER,IND
S0NH00326,"BOLDUC, DONALD C.",REP,REPUBLICAN PARTY,NH,S,"[2020, 2022]","[2020, 2022, 2024, 2026]",P,2023-03-09T10:16:03,REP,REP
S6MO00289,"BOND, CHRISTOPHER S",REP,REPUBLICAN PARTY,MO,S,"[1992, 1998, 2004, 2010]","[1986, 1988, 1990, 1992, 1994, 1996, 1998, 2000, 2002, 2004, 2006, 2008, 2010, 2012, 2014, 2016, 2018, 2020, 2022, 2024, 2026]",P,2021-12-08T06:50:50,REP,REP
S6ID00179,"BONDS, NICKOLAS",DEM,DEMOCRATIC PARTY,ID,S,[2026],[2026],N,2026-03-29T21:12:30,DEM,DEM
S4FL00736,"BONOAN, FEENA",LIB,LIBERTARIAN PARTY,FL,S,[2024],"[2024, 2026]",P,2025-03-18T15:34:07,OTHER,LIB
S0KY00420,"BOOKER, CHARLES",DEM,DEMOCRATIC PARTY,KY,S,"[2020, 2022]","[2020, 2022, 2024, 2026]",P,2025-03-18T15:34:07,DEM,DEM
S6KY00385,"BOOKER, CHARLES",DEM,DEMOCRATIC PARTY,KY,S,[2026],[2026],C,2026-02-09T20:58:28,DEM,DEM
S4NJ00185,"BOOKER, CORY A.",DEM,DEMOCRATIC PARTY,NJ,S,"[2014, 2020, 2026]","[2014, 2016, 2018, 2020, 2022, 2024, 2026]",C,2025-07-29T21:02:15,DEM,DEM
S0AR00150,"BOOZMAN, SEN. JOHN",REP,REPUBLICAN PARTY,AR,S,"[2010, 2016, 2022, 2028]","[2010, 2012, 2014, 2016, 2018, 2020, 2022, 2024, 2026]",C,2025-01-10T21:01:11,REP,REP
S4FL00454,"BOSWELL, MATT",DEM,DEMOCRATIC PARTY,FL,S,[2024],"[2022, 2024, 2026]",N,2023-01-12T22:24:01,DEM,DEM
S6IL00656,"BOTSFORD, STEVE",DEM,DEMOCRATIC PARTY,IL,S,[2026],[2026],C,2026-01-29T21:02:11,DEM,DEM
S4UT00324,"BOWEN, CARLTON E.",IAP,INDEPENDENT AMERICAN PARTY,UT,S,[2024],"[2024, 2026]",P,2025-03-18T15:34:07,OTHER,IAP
S6GA00267,"BOX, REAGAN",REP,REPUBLICAN PARTY,GA,S,[2026],"[2022, 2024, 2026]",C,2025-01-10T21:01:11,REP,REP
S8CA00515,"BRADLEY, JAMES",REP,REPUBLICAN PARTY,CA,S,"[2018, 2022, 2024, 2028]","[2018, 2020, 2022, 2024, 2026]",C,2025-05-28T20:59:43,REP,REP
S0TN00342,"BRADSHAW, MARQUITA",DEM,DEMOCRATIC PARTY,TN,S,"[2020, 2024]","[2020, 2022, 2024, 2026]",P,2025-03-18T15:34:07,DEM,DEM
S4TN00542,"BRADSHAW, MARQUITA",DEM,DEMOCRATIC PARTY,TN,S,[2024],"[2024, 2026]",P,2025-03-18T15:34:07,DEM,DEM
S8IN00171,"BRAUN, MIKE",REP,REPUBLICAN PARTY,IN,S,"[2018, 2024]","[2018, 2020, 2022, 2024, 2026]",P,2025-03-18T15:34:07,REP,REP
S0NC00335,"BRAY, SHANNON",LIB,LIBERTARIAN PARTY,NC,S,"[2020, 2022, 2026]","[2020, 2022, 2024, 2026]",N,2026-03-10T21:23:39,OTHER,LIB
S2CO00209,"BREMER, ELI",REP,REPUBLICAN PARTY,CO,S,[2022],"[2022, 2024, 2026]",P,2023-03-09T10:16:03,REP,REP
S6SC04338,"BRENKUS, JASON ELLIOT",LIB,LIBERTARIAN PARTY,SC,S,[2026],[2026],N,2026-03-16T21:15:59,OTHER,LIB
S6PA00357,"BRENNER, GARY DAVID MR JR",DEM,DEMOCRATIC PARTY,PA,S,[2026],[2026],N,2025-06-30T20:58:43,DEM,DEM
S6CO00408,"BRESLIN, KAREN",DEM,DEMOCRATIC PARTY,CO,S,[2026],[2026],C,2025-07-16T21:02:06,DEM,DEM
S6TN00380,"BREWER, MARIA A",DEM,DEMOCRATIC PARTY,TN,S,[2026],[2026],N,2026-03-06T21:23:49,DEM,DEM
S6OH00411,"BREWER, M SUSANNA MRS.",REP,REPUBLICAN PARTY,OH,S,[2026],[2026],N,2025-12-30T21:00:52,REP,REP
S4MD00624,"BRIDGES, BILLY",W,WRITE-IN,MD,S,[2024],"[2024, 2026]",N,2024-12-02T21:00:49,OTHER,W
S6GA00465,"BRIGMAN, BRADLEY",REP,REPUBLICAN PARTY,GA,S,[2026],[2026],N,2026-04-10T21:13:55,REP,REP
S6WA00461,"BRISCO, DELBERT EUGENE MR",CON,CONSTITUTION PARTY,WA,S,[2026],[2026],N,2026-03-03T21:23:02,OTHER,CON
S2AL00145,"BRITT, KATIE BOYD",REP,REPUBLICAN PARTY,AL,S,"[2022, 2028]","[2022, 2024, 2026]",C,2025-01-10T21:01:11,REP,REP
S2AZ00356,"BRNOVICH, MARK MR.",REP,REPUBLICAN PARTY,AZ,S,[2022],"[2022, 2024, 2026]",P,2023-03-09T10:16:03,REP,REP
S6MN00523,"BROOKS, CHRISTOPHER JARRED",REP,REPUBLICAN PARTY,MN,S,[2026],[2026],N,2025-11-13T21:02:32,REP,REP
S6SC04270,"BROWN, BRANDON",DEM,DEMOCRATIC PARTY,SC,S,[2026],[2026],C,2026-02-09T20:58:28,DEM,DEM
S6NC00373,"BROWN, DON",REP,REPUBLICAN PARTY,NC,S,[2026],[2026],C,2025-06-30T20:58:43,REP,REP
S6TX00594,"BROWN GAINES, JENNIFER TAWANDA DR. @ LAW DISTRICT 3",CMD,COMMANDMENTS PARTY,TX,S,[2026],[2026],N,2026-03-20T21:14:19,OTHER,CMD
S2NV00308,"BROWN, SAM",REP,REPUBLICAN PARTY,NV,S,"[2022, 2024]","[2022, 2024, 2026]",P,2025-03-18T15:34:07,REP,REP
S4NH00120,"BROWN, SCOTT",REP,REPUBLICAN PARTY,NH,S,[2014],"[2014, 2016, 2018, 2020, 2022, 2024, 2026]",P,2021-12-08T06:50:51,REP,REP
S6NH00166,"BROWN, SCOTT P.",REP,REPUBLICAN PARTY,NH,S,[2026],[2026],C,2025-10-18T21:00:34,REP,REP
S6OH00163,"BROWN, SHERROD",DEM,DEMOCRATIC PARTY,OH,S,"[2006, 2012, 2018, 2024, 2026]","[2006, 2008, 2010, 2012, 2014, 2016, 2018, 2020, 2022, 2024, 2026]",C,2026-04-15T21:16:15,DEM,DEM
S4TX00888,"BROWN, THEODORE E. JR.",LIB,LIBERTARIAN PARTY,TX,S,"[2024, 2026]","[2024, 2026]",C,2026-02-09T20:58:28,OTHER,LIB
S8FL00307,"BROWN, TYRONE DAWAYNE BISHOP",REP,REPUBLICAN PARTY,FL,S,[2028],"[2024, 2026]",N,2025-01-10T21:01:11,REP,REP
S8NC00338,"BROWN, ZACHARY JORDAN",REP,REPUBLICAN PARTY,NC,S,[2028],"[2024, 2026]",N,2025-01-10T21:01:11,REP,REP
S0OK00370,"BROYLES, ABBY",DEM,DEMOCRATIC PARTY,OK,S,[2020],"[2020, 2022, 2024, 2026]",P,2021-12-08T06:50:51,DEM,DEM
S2SC00145,"BRUCE, CATHERINE FLEMING MS.",DEM,DEMOCRATIC PARTY,SC,S,"[2022, 2026]","[2022, 2024, 2026]",N,2025-01-10T21:01:11,DEM,DEM
S2NC00596,"BRYANT, LEONARD L",REP,REPUBLICAN PARTY,NC,S,[2022],"[2022, 2024, 2026]",P,2023-03-09T10:16:03,REP,REP
S4GA11103,"BUCKLEY, ALLEN",IND,INDEPENDENT,GA,S,"[2004, 2008, 2016, 2020]","[2004, 2006, 2008, 2016, 2020, 2022, 2026]",P,2021-12-08T06:50:51,OTHER,IND
S6OK04254,"BUCKNER, WILLIAM SEAN",REP,REPUBLICAN PARTY,OK,S,[2026],[2026],N,2026-03-29T21:12:30,REP,REP
S2NC00505,"BUDD, THEODORE P",REP,REPUBLICAN PARTY,NC,S,"[2022, 2028]","[2022, 2024, 2026]",C,2025-01-10T21:01:11,REP,REP
S0MT00173,"BULLOCK, STEVE",DEM,DEMOCRATIC PARTY,MT,S,[2020],"[2020, 2022, 2024, 2026]",P,2021-12-08T06:50:51,DEM,DEM
S6NE00145,"BURBANK, CINDY",DE,,NE,S,[2026],[2026],N,2026-03-06T21:23:49,OTHER,DE
S6RI00270,"BURBRIDGE, CONNOR",DEM,DEMOCRATIC PARTY,RI,S,[2026],[2026],C,2025-10-15T21:01:51,DEM,DEM
S6LA00607,"BURKE, TRACIE",DEM,DEMOCRATIC PARTY,LA,S,[2026],[2026],N,2025-11-13T21:02:32,DEM,DEM
S6GA00457,"BURTON, MARQUETT DAVON",REP,REPUBLICAN PARTY,GA,S,[2026],[2026],N,2026-03-06T21:23:49,REP,REP
S6AL00500,"BURTON, MATTHEW SETH",REP,REPUBLICAN PARTY,AL,S,[2026],[2026],C,2026-04-08T21:14:48,REP,REP
S4MS00203,"BURTON, TIMOTHY GHANNON COLONEL(R)",REP,REPUBLICAN PARTY,MS,S,[2024],"[2024, 2026]",P,2025-03-18T15:34:07,REP,REP
S0TN00201,"BUSH, BYRON",REP,REPUBLICAN PARTY,TN,S,[2020],"[2020, 2022, 2024, 2026]",P,2021-12-08T06:50:51,REP,REP
S6IL00565,"BUSTOS, AWISI",DEM,DEMOCRATIC PARTY,IL,S,[2026],[2026],C,2026-03-21T21:13:21,DEM,DEM
S6WY00217,"BYRD, JAMES WILLARD MR.",DEM,DEMOCRATIC PARTY,WY,S,[2026],[2026],C,2026-04-18T21:13:41,DEM,DEM
S0AL00206,"BYRNE, BRADLEY ROBERTS",REP,REPUBLICAN PARTY,AL,S,[2020],"[2020, 2022, 2024, 2026]",P,2021-12-08T06:50:51,REP,REP
S0NJ00068,"BYRNE, BRENDAN THOMAS JR",DEM,DEMOCRATIC PARTY,NJ,S,[2000],"[2000, 2002, 2004, 2006, 2008, 2010, 2012, 2014, 2016, 2018, 2020, 2022, 2024, 2026]",P,2021-12-08T06:50:50,DEM,DEM
S6TX00420,"CAIN, JOSHUA",IND,INDEPENDENT,TX,S,[2026],[2026],N,2025-06-30T20:58:43,OTHER,IND
S6ME00316,"CALABRESE, CARMEM VINCENT MR.",REP,REPUBLICAN PARTY,ME,S,[2026],[2026],C,2026-01-30T21:02:20,REP,REP
S6ME00324,"CALABRESE, CARMEN VINCENT MR.",REP,REPUBLICAN PARTY,ME,S,[2026],[2026],C,2026-01-30T21:02:20,REP,REP
S6CO00523,"CALDERON, AMANDA J JILLIAN MRS",REP,REPUBLICAN PARTY,CO,S,[2026],[2026],N,2026-01-13T21:02:51,REP,REP
S6NJ00354,"CALLAHAN, SAXON",DEM,DEMOCRATIC PARTY,NJ,S,[2026],[2026],N,2025-11-13T21:02:32,DEM,DEM
S8MD00401,"CAMARA, ASSETOU",NNE,NONE,MD,S,[2028],[2026],N,2026-04-17T21:14:14,OTHER,NNE
S6KY00237,"CAMERON, DANIEL",REP,REPUBLICAN PARTY,KY,S,[2026],[2026],C,2025-04-16T21:03:05,REP,REP
S6KY00377,"CAMPBELL, CHRISTOPHER TODD",OTH,OTHER,KY,S,[2026],[2026],N,2025-12-30T21:00:52,OTHER,OTH
S4FL00637,"CAMPBELL, STANLEY",DEM,DEMOCRATIC PARTY,FL,S,[2024],"[2024, 2026]",P,2025-03-18T15:34:07,DEM,DEM
S6TX00545,"CANADY, SARA LARUE",REP,REPUBLICAN PARTY,TX,S,[2026],[2026],C,2026-01-30T21:02:20,REP,REP
S8WA00194,"CANTWELL, MARIA",DEM,DEMOCRATIC PARTY,WA,S,"[2000, 2006, 2012, 2018, 2024, 2030]","[2000, 2002, 2004, 2006, 2008, 2010, 2012, 2014, 2016, 2018, 2020, 2022, 2024, 2026]",C,2025-02-07T21:00:11,DEM,DEM
S4VA00353,"CAO, HUNG",REP,REPUBLICAN PARTY,VA,S,[2024],"[2024, 2026]",P,2025-03-18T15:34:07,REP,REP
S4WV00159,"CAPITO, SHELLEY MOORE",REP,REPUBLICAN PARTY,WV,S,"[2014, 2020, 2026]","[2012, 2014, 2016, 2018, 2020, 2022, 2024, 2026]",C,2025-12-17T21:02:31,REP,REP
S6GA00341,"CAPPARELL, CHRIS",DEM,DEMOCRATIC PARTY,GA,S,[2025],[2026],N,2025-03-13T20:59:32,DEM,DEM
S6GA00325,"CAPPARELL, CHRISTOPHER",PFP,PEACE AND FREEDOM PARTY,GA,S,[2025],[2026],N,2025-02-20T21:01:31,OTHER,PFP
S8GA00289,"CAPPARELL, CHRISTOPHER",IND,INDEPENDENT,GA,S,[2028],[2026],N,2025-07-26T20:58:37,OTHER,IND
S6GA00358,"CAPPARELL, CHRISTOPHER PAUL",REP,REPUBLICAN PARTY,GA,S,[2026],[2026],N,2025-04-25T21:00:17,REP,REP
S6IL00490,"CAPPARELLI, R CARY",REP,REPUBLICAN PARTY,IL,S,[2026],[2026],C,2026-01-29T21:02:11,REP,REP
S6MD03177,"CARDIN, BENJAMIN L",DEM,DEMOCRATIC PARTY,MD,S,"[2000, 2006, 2012, 2018, 2024]","[2000, 2006, 2008, 2010, 2012, 2014, 2016, 2018, 2020, 2022, 2024, 2026]",P,2025-03-18T15:34:07,DEM,DEM
S4NJ00342,"CARDUCCI, NICHOLAS MATTHEW",IND,INDEPENDENT,NJ,S,"[2024, 2026]","[2022, 2024, 2026]",N,2025-01-10T21:01:11,OTHER,IND
S6IA00249,"CARLIN, JAMES",REP,REPUBLICAN PARTY,IA,S,[2026],[2026],C,2025-09-03T21:03:11,REP,REP
S2IA00131,"CARLIN, JAMES M.",REP,REPUBLICAN PARTY,IA,S,[2022],"[2022, 2024, 2026]",P,2023-03-09T10:16:03,REP,REP
S4IN00279,"CARMICHAEL, ROBERT MARC",DEM,DEMOCRATIC PARTY,IN,S,[2024],"[2024, 2026]",P,2025-03-18T15:34:07,DEM,DEM
S8DE00079,"CARPER, THOMAS R.",DEM,DEMOCRATIC PARTY,DE,S,"[2000, 2006, 2012, 2018, 2024]","[2000, 2002, 2004, 2006, 2008, 2010, 2012, 2014, 2016, 2018, 2020, 2022, 2024, 2026]",P,2025-03-18T15:34:07,DEM,DEM
S6GA00374,"CARTER, EARL LEROY",REP,REPUBLICAN PARTY,GA,S,[2026],[2026],C,2025-06-09T20:59:02,REP,REP
S6PA00217,"CASEY, ROBERT P. JR.",DEM,DEMOCRATIC PARTY,PA,S,"[2006, 2012, 2018, 2024]","[2006, 2008, 2010, 2012, 2014, 2016, 2018, 2020, 2022, 2024, 2026]",P,2025-03-18T15:34:07,DEM,DEM
S4LA00107,"CASSIDY, WILLIAM M.",REP,REPUBLICAN PARTY,LA,S,"[2014, 2020, 2026]","[2014, 2016, 2018, 2020, 2022, 2024, 2026]",C,2025-05-07T20:59:48,REP,REP
S0OK00420,"CASSITY, R.O.",DEM,DEMOCRATIC PARTY,OK,S,"[2020, 2026]","[2020, 2026]",N,2026-04-17T21:14:14,DEM,DEM
S6KY00401,"CATLETT, ANISSA",REP,REPUBLICAN PARTY,KY,S,[2026],[2026],N,2026-01-13T21:02:51,REP,REP
S4MD00525,"CHAFFEE, CHRISTOPHER",REP,REPUBLICAN PARTY,MD,S,[2024],"[2024, 2026]",N,2024-03-05T21:00:08,REP,REP
S8PA00353,"CHANDLER, RAYMOND EUGENE MR. III",DEM,DEMOCRATIC PARTY,PA,S,[2028],[2026],N,2026-04-01T21:14:26,DEM,DEM
S6NM01178,"CHANNON, MATT",REP,REPUBLICAN PARTY,NM,S,[2026],[2026],N,2026-04-24T21:28:05,REP,REP
S6GA00291,"CHAPMAN, CHRISTOPH LA'FLARE",REP,REPUBLICAN PARTY,GA,S,[2026],"[2024, 2026]",N,2025-01-10T21:01:11,REP,REP
S4ME00147,"CHERRY, JASON SETH",IND,INDEPENDENT,ME,S,[2024],"[2024, 2026]",P,2025-03-18T15:34:07,OTHER,IND
S6CO00549,"CHEW, ROBERT",FWD,,CO,S,[2026],[2026],C,2026-04-18T21:13:41,OTHER,FWD
S6CO00556,"CHEW, ROBERT",OTH,OTHER,CO,S,[2026],[2026],C,2026-04-18T21:13:41,OTHER,OTH
S4NM00134,"CHICK, CAMERON ALTON MR. SR.",IND,INDEPENDENT,NM,S,[2024],"[2024, 2026]",N,2023-05-02T21:17:54,OTHER,IND
S6NM01152,"CHICK, CAMERON ALTON MR. SR.",IND,INDEPENDENT,NM,S,[2026],[2026],N,2026-03-03T21:23:02,OTHER,IND
S4NM00233,"CHICK, CAMERON MR.",IND,INDEPENDENT,NM,S,[2024],"[2024, 2026]",N,2024-06-28T21:02:08,OTHER,IND
S2IL00200,"CHLEBEK, CASEY",REP,REPUBLICAN PARTY,IL,S,[2022],"[2022, 2026]",P,2023-03-09T10:16:03,REP,REP
S0IL00550,"CHLEBEK, CASEY",REP,REPUBLICAN PARTY,IL,S,[2020],"[2020, 2022, 2026]",P,2021-12-08T06:50:51,REP,REP
S6IL00466,"CHLEBEK, CASIMER MR.",REP,REPUBLICAN PARTY,IL,S,[2026],[2026],C,2025-07-15T21:00:48,REP,REP
S6MI00442,"CHRISTENSEN, LYDIA LYNN",IND,INDEPENDENT,MI,S,[2026],[2026],N,2025-04-29T21:01:40,OTHER,IND
S8PA00270,"CHRISTIANA, JAMES JOSEPH III",REP,REPUBLICAN PARTY,PA,S,[2018],"[2018, 2020, 2022, 2024, 2026]",P,2021-12-08T06:50:51,REP,REP
S2ND00123,"CHRISTIANSEN, KATRINA",DEM,DEMOCRATIC PARTY,ND,S,"[2022, 2024]","[2022, 2024, 2026]",P,2025-03-18T15:34:07,DEM,DEM
S6FL00905,"CHURCHILL, PANO DR",IND,INDEPENDENT,FL,S,[2026],[2026],N,2026-04-24T21:28:05,OTHER,IND
S4NV00395,"CLARK, CORNELL MAURICE DR.",NON,NON-PARTY,NV,S,[2024],"[2024, 2026]",N,2024-02-14T21:01:11,OTHER,NON
S6GA00366,"CLEMENT, CHRISTINA LOREN REV DR TRUSTE",REP,REPUBLICAN PARTY,GA,S,[2026],[2026],C,2026-04-20T21:16:40,REP,REP
S0NY00188,"CLINTON, HILLARY RODHAM",DEM,DEMOCRATIC PARTY,NY,S,"[2000, 2006, 2012]","[2000, 2002, 2004, 2006, 2008, 2010, 2012, 2014, 2016, 2018, 2020, 2022, 2024, 2026]",P,2021-12-08T06:50:50,DEM,DEM
S2WA00494,"COBAIN, KURT DONALD MR",DEM,DEMOCRATIC PARTY,WA,S,"[2022, 2024]","[2022, 2024, 2026]",N,2023-01-12T22:24:01,DEM,DEM
S4WA00557,"COBAIN, KURT SR",REP,REPUBLICAN PARTY,WA,S,[2024],"[2022, 2024, 2026]",N,2023-01-12T22:24:01,REP,REP
S0WA00258,"CODAY, ARTHUR JR MD",REP,REPUBLICAN PARTY,WA,S,"[2010, 2012, 2018]","[2010, 2012, 2014, 2016, 2018, 2020, 2022, 2024, 2026]",P,2021-12-08T06:50:51,REP,REP
S0GA00567,"COLLINS, DOUGLAS ALLEN",REP,REPUBLICAN PARTY,GA,S,[2020],"[2020, 2022, 2024, 2026]",P,2021-12-08T06:50:51,REP,REP
S6GA00390,"COLLINS, MICHAEL A JR",REP,REPUBLICAN PARTY,GA,S,[2026],[2026],C,2025-08-01T21:00:30,REP,REP
S6ME00159,"COLLINS, SUSAN M.",REP,REPUBLICAN PARTY,ME,S,"[1996, 2002, 2008, 2014, 2020, 2026]","[1996, 1998, 2000, 2002, 2004, 2006, 2008, 2010, 2012, 2014, 2016, 2018, 2020, 2022, 2024, 2026]",C,2025-01-10T21:01:11,REP,REP
S6MS00133,"COLOM, SCOTT",DEM,DEMOCRATIC PARTY,MS,S,[2026],[2026],C,2025-10-18T21:00:34,DEM,DEM
S2NC00745,"COLON, ROBERT",DEM,DEMOCRATIC PARTY,NC,S,"[2022, 2026]","[2022, 2026]",N,2026-03-10T21:23:39,DEM,DEM
S2NV00399,"CONRAD, WILLIAM ""BILL""",REP,REPUBLICAN PARTY,NV,S,[2022],"[2022, 2024, 2026]",N,2022-10-26T21:15:05,REP,REP
S4NV00296,"CONRAD, WILLIAM BRYAN",REP,REPUBLICAN PARTY,NV,S,[2024],"[2024, 2026]",P,2025-03-18T15:34:07,REP,REP
S0DE00092,"COONS, CHRISTOPHER A.",DEM,DEMOCRATIC PARTY,DE,S,"[2010, 2014, 2020, 2026]","[2010, 2012, 2014, 2016, 2018, 2020, 2022, 2024, 2026]",C,2026-03-25T21:17:50,DEM,DEM
S6NC00407,"COOPER, ROY",DEM,DEMOCRATIC PARTY,NC,S,[2026],[2026],C,2026-04-03T21:13:47,DEM,DEM
S8CT00121,"COREY, MATTHEW MCKINNON",REP,REPUBLICAN PARTY,CT,S,"[2018, 2024]","[2018, 2020, 2024, 2026]",P,2025-03-18T15:34:07,REP,REP
S6TN00216,"CORKER, ROBERT P JR",REP,REPUBLICAN PARTY,TN,S,"[2006, 2012, 2018]","[2004, 2006, 2008, 2010, 2012, 2014, 2016, 2018, 2020, 2022, 2024, 2026]",P,2021-12-08T06:50:51,REP,REP
S2TX00106,"CORNYN, JOHN SEN",REP,REPUBLICAN PARTY,TX,S,"[2002, 2008, 2014, 2020, 2026]","[2002, 2004, 2006, 2008, 2010, 2012, 2014, 2016, 2018, 2020, 2022, 2024, 2026]",C,2025-05-23T20:59:56,REP,REP
S4WI00249,"CORRIGAN, KYLE",REP,REPUBLICAN PARTY,WI,S,[2024],"[2024, 2026]",N,2023-12-26T20:59:36,REP,REP
S6NV00200,"CORTEZ MASTO, CATHERINE",DEM,DEMOCRATIC PARTY,NV,S,"[2016, 2022, 2028]","[2016, 2018, 2020, 2022, 2024, 2026]",C,2025-08-06T21:00:36,DEM,DEM
S4MN00544,"COSON, GARY LYNN",REP,REPUBLICAN PARTY,MN,S,[2024],"[2024, 2026]",N,2024-05-01T21:01:37,REP,REP
S4ME00113,"COSTELLO, DAVID",DEM,DEMOCRATIC PARTY,ME,S,"[2024, 2026]","[2024, 2026]",C,2025-10-15T21:01:51,DEM,DEM
S6LA00656,"COTTONHAM, MARKEDA ANN",REP,REPUBLICAN PARTY,LA,S,[2026],[2026],N,2026-01-28T21:00:03,REP,REP
S4AR00103,"COTTON, THOMAS",REP,REPUBLICAN PARTY,AR,S,"[2014, 2020, 2026]","[2014, 2016, 2018, 2020, 2022, 2024, 2026]",C,2026-04-22T22:27:56,REP,REP
S6SC04379,"COWEN, CALVIN",REP,REPUBLICAN PARTY,SC,S,[2026],[2026],N,2026-04-10T21:13:55,REP,REP
S4GA11202,"COYNE, JOHN F III",REP,REPUBLICAN PARTY,GA,S,"[2014, 2016, 2026]","[2012, 2014, 2016, 2018, 2026]",N,2025-11-20T21:03:32,REP,REP
S6MN00499,"CRAIG, ANGIE",DEM,DEMOCRATIC PARTY,MN,S,[2026],[2026],C,2025-07-17T21:01:06,DEM,DEM
S8ND00120,"CRAMER, KEVIN MR.",REP,REPUBLICAN PARTY,ND,S,"[2018, 2024, 2030]","[2018, 2020, 2022, 2024, 2026]",F,2025-03-18T21:00:37,REP,REP
S8ID00027,"CRAPO, MICHAEL D",REP,REPUBLICAN PARTY,ID,S,"[1998, 2004, 2010, 2016, 2022, 2028]","[1998, 2000, 2002, 2004, 2006, 2008, 2010, 2012, 2014, 2016, 2018, 2020, 2022, 2024, 2026]",C,2025-01-10T21:01:11,REP,REP
S4MD00392,"CREWS, MARCELLUS",DEM,DEMOCRATIC PARTY,MD,S,[2024],"[2024, 2026]",N,2023-10-29T21:00:13,DEM,DEM
S6LA00680,"CROCKETT, GARY",DEM,DEMOCRATIC PARTY,LA,S,[2026],[2026],C,2026-04-21T21:14:29,DEM,DEM
S6TX00552,"CROCKETT, JASMINE",DEM,DEMOCRATIC PARTY,TX,S,[2026],[2026],C,2026-02-09T20:58:28,DEM,DEM
S6AL00302,"CRUMPTON, RONALD (RON) STEVEN",DEM,DEMOCRATIC PARTY,AL,S,[2016],"[2016, 2018, 2020, 2022, 2024, 2026]",P,2021-12-08T06:50:51,DEM,DEM
S6FL00723,"CRUZ, PAUL RON",DEM,DEMOCRATIC PARTY,FL,S,[2026],[2026],N,2026-02-01T20:59:50,DEM,DEM
S2TX00312,"CRUZ, RAFAEL EDWARD  TED",REP,REPUBLICAN PARTY,TX,S,"[2012, 2018, 2024, 2030]","[2012, 2014, 2016, 2018, 2020, 2022, 2024, 2026]",C,2025-10-27T21:01:39,REP,REP
S4NV00379,"CUNNINGHAM, CHRIS",LIB,LIBERTARIAN PARTY,NV,S,[2024],"[2024, 2026]",P,2025-03-18T15:34:07,OTHER,LIB
S4UT00282,"CURTIS, JOHN",REP,REPUBLICAN PARTY,UT,S,"[2024, 2030]","[2024, 2026]",C,2025-02-07T21:00:11,REP,REP
S2MT00096,"DAINES, STEVE",REP,REPUBLICAN PARTY,MT,S,"[2012, 2014, 2020, 2026]","[2010, 2012, 2014, 2016, 2018, 2020, 2022, 2024, 2026]",C,2025-01-10T21:01:11,REP,REP
S4CO00452,"DALE, CLINTON ROOSEVELT",IND,INDEPENDENT,CO,S,[2026],"[2024, 2026]",N,2025-01-10T21:01:11,OTHER,IND
S6VA00184,"DANIELS, LORITA DR.",DEM,DEMOCRATIC PARTY,VA,S,[2026],[2026],C,2026-04-18T21:13:41,DEM,DEM
S6NC00472,"DANSIE, RICHARD",REP,REPUBLICAN PARTY,NC,S,[2026],[2026],N,2025-12-30T21:00:52,REP,REP
S6SC04296,"DANS, PAUL",REP,REPUBLICAN PARTY,SC,S,[2026],[2026],C,2025-10-18T21:00:34,REP,REP
S2GA00324,"DARWISH, HISHAM",DEM,DEMOCRATIC PARTY,GA,S,[2032],[2026],N,2025-10-08T21:01:45,DEM,DEM
S2GA00340,"DARWISH, HISHAM JASIM",DEM,DEMOCRATIC PARTY,GA,S,[2032],[2026],N,2026-02-26T21:37:34,DEM,DEM
S2GA00332,"DARWISH, HISHAM JASIM",DEM,DEMOCRATIC PARTY,GA,S,[2032],[2026],N,2026-02-26T21:37:34,DEM,DEM
S8GA00206,"DAVENPORT, DANIEL",REP,REPUBLICAN PARTY,GA,S,[2027],"[2022, 2024, 2026]",N,2025-01-10T21:01:11,REP,REP
S8GA00222,"DAVENPORT, DANIEL",REP,REPUBLICAN PARTY,GA,S,[2027],"[2022, 2024, 2026]",N,2025-01-10T21:01:11,REP,REP
S8GA00198,"DAVENPORT, DANIEL",REP,REPUBLICAN PARTY,GA,S,[2027],"[2022, 2024, 2026]",N,2025-01-10T21:01:11,REP,REP
S8GA00214,"DAVENPORT, DANIEL",REP,REPUBLICAN PARTY,GA,S,[2027],"[2022, 2024, 2026]",N,2025-01-10T21:01:11,REP,REP
S6KS00247,"DAVIS, CHRISTY",DEM,DEMOCRATIC PARTY,KS,S,[2026],[2026],C,2026-03-07T21:22:43,DEM,DEM
S6LA00615,"DAVIS, JAMIE",DEM,DEMOCRATIC PARTY,LA,S,[2026],[2026],C,2026-02-09T20:58:28,DEM,DEM
S6MA00262,"DAWICKI, MORGAN GIFFORD",IND,INDEPENDENT,MA,S,[2026],[2026],C,2025-10-11T21:01:09,OTHER,IND
S4DC00035,"DEAN, BRANDAUN LEFRED MAYOR",DEM,DEMOCRATIC PARTY,DC,S,[2024],"[2024, 2026]",N,2023-03-21T21:11:27,DEM,DEM
S6IL00623,"DEAN, JONATHAN",DEM,DEMOCRATIC PARTY,IL,S,[2026],[2026],C,2026-01-29T21:02:11,DEM,DEM
S6MA00304,"DEATON, JOHN",REP,REPUBLICAN PARTY,MA,S,[2026],[2026],C,2026-02-09T20:58:28,REP,REP
S4MA00358,"DEATON, JOHN",REP,REPUBLICAN PARTY,MA,S,[2024],"[2024, 2026]",P,2025-03-18T15:34:07,REP,REP
S6NC00399,"DEBERRY, SHAUNESI YVETTE",IND,INDEPENDENT,NC,S,[2026],[2026],N,2025-07-08T21:00:04,OTHER,IND
S6NC00381,"DEBERRY, SHAUNESI YVETTE",IND,INDEPENDENT,NC,S,[2026],[2026],N,2025-07-08T21:00:04,OTHER,IND
S6IL00607,"DELGADO, ADAM",DEM,DEMOCRATIC PARTY,IL,S,[2026],[2026],C,2025-10-18T21:00:34,DEM,DEM
S4PA00246,"DEL MOORE, NICHOLAS D",DEM,DEMOCRATIC PARTY,PA,S,[2024],"[2022, 2024, 2026]",N,2023-01-12T22:24:01,DEM,DEM
S2FL00631,"DEMINGS, VAL",DEM,DEMOCRATIC PARTY,FL,S,[2022],"[2022, 2024, 2026]",P,2023-03-09T10:16:03,DEM,DEM
S6LA00599,"DENDY, TRACY COLLENE",REP,REPUBLICAN PARTY,LA,S,[2026],[2026],N,2025-11-13T21:02:32,REP,REP
S6VA00226,"DE PAULA, ALEX",REP,REPUBLICAN PARTY,VA,S,[2026],[2026],C,2026-04-18T21:13:41,REP,REP
S2NV00340,"DESTIN, JOSEPH JAMES",NPA,NO PARTY AFFILIATION,NV,S,"[2022, 2024]","[2022, 2024, 2026]",N,2023-12-26T20:59:36,OTHER,NPA
S6MA00247,"DEVINCENTIS, PHILIP PETER MR JR",AIP,AMERICAN INDEPENDENT PARTY,MA,S,[2025],[2026],N,2025-04-02T21:01:27,OTHER,AIP
S6AK00235,"DIENER, ANN",DEM,DEMOCRATIC PARTY,AK,S,[2026],"[2024, 2026]",N,2025-01-10T21:01:11,DEM,DEM
S6FL00731,"DIMOLA, FRANK",DEM,DEMOCRATIC PARTY,FL,S,[2026],[2026],N,2025-06-09T20:59:02,DEM,DEM
S6SC04361,"DISMUKES, THOMAS KEITH",REP,REPUBLICAN PARTY,SC,S,[2026],[2026],C,2026-04-14T21:14:42,REP,REP
S8MO00335,"DIXON, DEVANTE DESHUN",NPA,NO PARTY AFFILIATION,MO,S,[2028],[2026],N,2026-04-29T21:28:42,OTHER,NPA
S6NM01145,"DODSON, MATT",DEM,DEMOCRATIC PARTY,NM,S,[2026],[2026],C,2026-01-28T21:00:03,DEM,DEM
S2OH00477,"DOLAN, MATT",REP,REPUBLICAN PARTY,OH,S,"[2022, 2024]","[2022, 2024, 2026]",P,2025-03-18T15:34:07,REP,REP
S4NM00183,"DOMENICI, NELLA LOUISE LOUISE",REP,REPUBLICAN PARTY,NM,S,[2024],"[2024, 2026]",P,2025-03-18T15:34:07,REP,REP
S6NC00332,"DONG, YUHONG",OTH,OTHER,NC,S,[2025],"[2022, 2024, 2026]",N,2025-01-10T21:01:11,OTHER,OTH
S2IN00091,"DONNELLY, JOSEPH S",DEM,DEMOCRATIC PARTY,IN,S,"[2012, 2018]","[2012, 2014, 2016, 2018, 2020, 2022, 2024, 2026]",P,2021-12-08T06:50:51,DEM,DEM
S6GA00408,"DOOLEY, DEREK",REP,REPUBLICAN PARTY,GA,S,[2026],[2026],C,2025-10-18T21:00:34,REP,REP
S8CA00671,"DOROTHY, DOMINICK J",DEM,DEMOCRATIC PARTY,CA,S,[2028],"[2024, 2026]",N,2025-01-10T21:01:11,DEM,DEM
S8MN00743,"DOTSON, HOWARD",DEM,DEMOCRATIC PARTY,MN,S,[2027],[2026],N,2026-04-07T21:14:51,DEM,DEM
S6FL00566,"DOUGHERTY, KAEL",DEM,DEMOCRATIC PARTY,FL,S,[2026],"[2024, 2026]",N,2025-01-10T21:01:11,DEM,DEM
S8MT00218,"DOWNING, TROY",REP,REPUBLICAN PARTY,MT,S,[2018],"[2018, 2020, 2022, 2024, 2026]",P,2021-12-08T06:50:51,REP,REP
S2NY00382,"DRIGGERS, CALVIN",REP,REPUBLICAN PARTY,NY,S,"[2022, 2024]","[2022, 2024, 2026]",N,2024-04-19T21:00:52,REP,REP
S2FL00557,"DRIGGERS, CALVIN JOB",REP,REPUBLICAN PARTY,FL,S,[2022],"[2022, 2024, 2026]",P,2023-03-09T10:16:03,REP,REP
S6IL00292,"DUCKWORTH, L. TAMMY",DEM,DEMOCRATIC PARTY,IL,S,"[2016, 2018, 2022, 2028]","[2016, 2018, 2020, 2022, 2024, 2026]",C,2025-08-11T21:00:06,DEM,DEM
S6NC00456,"DUES, JUSTIN",DEM,DEMOCRATIC PARTY,NC,S,[2026],[2026],N,2025-11-13T21:02:32,DEM,DEM
S6AR00173,"DUNBAR, ETHAN N SR.",DEM,DEMOCRATIC PARTY,AR,S,[2026],[2026],C,2026-02-21T20:57:22,DEM,DEM
S6TX00354,"DUNCAN, ALEXANDER",REP,REPUBLICAN PARTY,TX,S,[2026],[2026],N,2025-02-14T21:05:30,REP,REP
S6TX00339,"DUNCAN, ALEXANDER",REP,REPUBLICAN PARTY,TX,S,[2026],[2026],N,2025-01-22T21:01:48,REP,REP
S6KY00419,"DUNCAN, JAMES D",REP,REPUBLICAN PARTY,KY,S,[2026],[2026],N,2026-01-13T21:02:51,REP,REP
S6KY00195,"DUNCAN, SCOTT MICHEAL",IND,INDEPENDENT,KY,S,[2026],"[2022, 2024, 2026]",N,2025-02-20T21:01:31,OTHER,IND
S6NE00137,"DUNN, EDWARD MR.",REP,REPUBLICAN PARTY,NE,S,[2026],"[2022, 2024, 2026]",N,2025-01-10T21:01:11,REP,REP
S4TX00664,"DUNN, VICTOR D.",DEM,DEMOCRATIC PARTY,TX,S,[2024],"[2024, 2026]",N,2023-02-16T21:49:38,DEM,DEM
S6NC00449,"DUPRE, MARGOT",REP,REPUBLICAN PARTY,NC,S,[2026],[2026],N,2026-04-18T21:13:41,REP,REP
S6IL00151,"DURBIN, RICHARD J.",DEM,DEMOCRATIC PARTY,IL,S,"[1996, 2002, 2008, 2014, 2020, 2026]","[1996, 1998, 2000, 2002, 2004, 2006, 2008, 2010, 2012, 2014, 2016, 2018, 2020, 2022, 2024, 2026]",C,2025-07-29T21:02:15,DEM,DEM
S4CA00639,"EARLY, ERIC",REP,REPUBLICAN PARTY,CA,S,[2024],"[2024, 2026]",P,2025-03-18T15:34:07,REP,REP
S4FL00587,"EHR, PHILLIP",DEM,DEMOCRATIC PARTY,FL,S,[2024],"[2024, 2026]",C,2025-08-22T21:00:33,DEM,DEM
S6VA00192,"EICHELBERGER, GREGORY",DEM,DEMOCRATIC PARTY,VA,S,[2026],[2026],C,2026-01-16T21:01:23,DEM,DEM
S4NY00362,"EISEN, JOSHUA DR.",REP,REPUBLICAN PARTY,NY,S,[2024],"[2024, 2026]",P,2025-03-18T15:34:07,REP,REP
S4WV00399,"ELLIOTT, GLENN FREDERICK MR. JR.",DEM,DEMOCRATIC PARTY,WV,S,[2024],"[2024, 2026]",P,2025-03-18T15:34:07,DEM,DEM
S2FL00458,"ELLISON, ALLEN",DEM,DEMOCRATIC PARTY,FL,S,[2022],"[2020, 2022, 2024, 2026]",P,2023-03-09T10:16:03,DEM,DEM
S6SC04221,"ELLISON, JACK",NNE,NONE,SC,S,[2026],[2026],N,2025-02-14T21:05:30,OTHER,NNE
S6MI00418,"EL-SAYED, ABDUL",DEM,DEMOCRATIC PARTY,MI,S,[2026],[2026],C,2025-07-17T21:01:06,DEM,DEM
S6LA00581,"EMERSON, JULIE CATHRYN",REP,REPUBLICAN PARTY,LA,S,[2026],[2026],C,2026-02-09T20:58:28,REP,REP
S4VA00247,"EMORD, JONATHAN WALKER MR.",REP,REPUBLICAN PARTY,VA,S,[2024],"[2024, 2026]",P,2025-03-18T15:34:07,REP,REP
S4VA00213,"ENNIS, CRAIG EDWARD MR",REP,REPUBLICAN PARTY,VA,S,[2024],"[2022, 2024, 2026]",N,2023-01-12T22:24:01,REP,REP
S4IA00129,"ERNST, JONI K",REP,REPUBLICAN PARTY,IA,S,"[2014, 2020, 2026]","[2014, 2016, 2018, 2020, 2022, 2024, 2026]",C,2025-04-16T21:03:05,REP,REP
S8MS00287,"ESPY, MICHAEL",DEM,DEMOCRATIC PARTY,MS,S,"[2018, 2020]","[2018, 2020, 2022, 2024, 2026]",P,2021-12-08T06:50:51,DEM,DEM
S4NJ00524,"ESTRADA, MICHAEL",IND,INDEPENDENT,NJ,S,"[2024, 2026]","[2024, 2026]",C,2025-01-10T21:01:11,OTHER,IND
S6ME00399,"EVANS, DAVID ALAN",IND,INDEPENDENT,ME,S,[2026],[2026],C,2026-01-20T21:01:52,OTHER,IND
S2VT00334,"EVANS-FRANTZ, ISAAC",DEM,DEMOCRATIC PARTY,VT,S,[2022],"[2022, 2024, 2026]",P,2023-03-09T10:16:03,DEM,DEM
S6IL00672,"EVANS, JEANNIE",REP,REPUBLICAN PARTY,IL,S,[2026],[2026],C,2026-01-20T21:01:52,REP,REP
S6ID00120,"EVANS, JOE",REP,REPUBLICAN PARTY,ID,S,[2026],[2026],C,2026-04-21T21:14:29,REP,REP
S6ID00013,"EVANS, JOHN VICTOR",DEM,DEMOCRATIC PARTY,ID,S,[1986],"[1986, 1988, 1990, 1992, 1994, 1996, 1998, 2000, 2002, 2004, 2006, 2008, 2010, 2012, 2014, 2016, 2018, 2020, 2022, 2024, 2026]",P,2021-12-08T06:50:50,DEM,DEM
S6WV00147,"EVANS, JONATHAN DERRICK",REP,REPUBLICAN PARTY,WV,S,[2026],"[2024, 2026]",C,2025-02-22T21:00:07,REP,REP
S6TX00446,"EVANS, RONALD JR",IND,INDEPENDENT,TX,S,[2026],[2026],N,2025-12-07T21:01:32,OTHER,IND
S4FL00819,"EVERIDGE, BEN",IND,INDEPENDENT,FL,S,[2024],"[2024, 2026]",N,2024-09-26T21:01:17,OTHER,IND
S0CA00504,"FABRICANT, DANNY",REP,REPUBLICAN PARTY,CA,S,"[2022, 2024]","[2022, 2024, 2026]",N,2023-10-30T21:02:52,REP,REP
S4TN00500,"FAIN, DYLAN LEE MR. N/A",DEM,DEMOCRATIC PARTY,TN,S,[2024],"[2022, 2024, 2026]",N,2023-01-12T22:24:01,DEM,DEM
S6VA00143,"FARINGTON, KIM",REP,REPUBLICAN PARTY,VA,S,[2026],"[2024, 2026]",C,2026-01-23T21:01:19,REP,REP
S6KY00260,"FARIS, MICHAEL",REP,REPUBLICAN PARTY,KY,S,[2026],[2026],C,2025-11-18T21:02:39,REP,REP
S6KY00278,"FARIS, MICHAEL JAMES",REP,REPUBLICAN PARTY,KY,S,[2026],[2026],C,2025-11-18T21:02:39,REP,REP
S8OH00144,"FARIS, STEPHEN I MR",IND,INDEPENDENT,OH,S,"[2018, 2022, 2024, 2026]","[2018, 2020, 2022, 2024, 2026]",C,2025-11-13T21:02:32,OTHER,IND
S4CA00647,"FARMOS, JACOB",DEM,DEMOCRATIC PARTY,CA,S,[2024],"[2024, 2026]",N,2023-04-16T21:09:31,DEM,DEM
S6OH00320,"FARMS, WILLIAM",DEM,DEMOCRATIC PARTY,OH,S,[2026],[2026],N,2025-02-07T21:00:11,DEM,DEM
S6NC00530,"FARROW, DARYL",DEM,DEMOCRATIC PARTY,NC,S,[2026],[2026],N,2026-03-10T21:23:39,DEM,DEM
S6ME00357,"FAVREAU, TUCKER",DEM,DEMOCRATIC PARTY,ME,S,[2026],[2026],C,2025-10-10T21:01:50,DEM,DEM
S4CA00449,"FENNELL, JEREMY",DEM,DEMOCRATIC PARTY,CA,S,[2024],"[2022, 2024, 2026]",N,2023-02-16T21:49:38,DEM,DEM
S2NH00280,"FENTON, BRUCE",REP,REPUBLICAN PARTY,NH,S,[2022],"[2022, 2024, 2026]",P,2023-03-09T10:16:03,REP,REP
S4CA00621,"FERREIRA, FRANK",IND,INDEPENDENT,CA,S,[2024],"[2024, 2026]",N,2024-08-26T21:00:07,OTHER,IND
S6PA00274,"FETTERMAN, JOHN KARL",DEM,DEMOCRATIC PARTY,PA,S,"[2016, 2022, 2028]","[2016, 2018, 2020, 2022, 2024, 2026]",C,2025-01-10T21:01:11,DEM,DEM
S6WV00188,"FETTY ANDERSON, RACHEL LEE",DEM,DEMOCRATIC PARTY,WV,S,[2026],[2026],C,2026-04-18T21:13:41,DEM,DEM
S4MD00293,"FICKER, ROBIN",REP,REPUBLICAN PARTY,MD,S,[2024],"[2024, 2026]",P,2025-03-18T15:34:07,REP,REP
S6NJ00404,"FIELDS, CHRIS",DEM,DEMOCRATIC PARTY,NJ,S,[2026],[2026],N,2026-03-03T21:23:02,DEM,DEM
S8TN00352,"FINCHER, STEPHEN",REP,REPUBLICAN PARTY,TN,S,[2018],"[2018, 2020, 2022, 2024, 2026]",P,2021-12-08T06:50:51,REP,REP
S2IA00164,"FINKENAUER, ABBY",DEM,DEMOCRATIC PARTY,IA,S,[2022],"[2022, 2024, 2026]",P,2023-03-09T10:16:03,DEM,DEM
S2NE00094,"FISCHER, DEBRA S.",REP,REPUBLICAN PARTY,NE,S,"[2012, 2018, 2024, 2030]","[2012, 2014, 2016, 2018, 2020, 2022, 2024, 2026]",C,2025-02-11T21:13:01,REP,REP
S2AZ00141,"FLAKE, JEFF",REP,REPUBLICAN PARTY,AZ,S,"[2012, 2018]","[2012, 2014, 2016, 2018, 2020, 2022, 2024, 2026]",P,2021-12-08T06:50:51,REP,REP
S6MN00440,"FLANAGAN, MARGARET",DFL,DEMOCRATIC-FARMER-LABOR,MN,S,[2026],[2026],C,2025-04-15T21:01:25,OTHER,DFL
S6LA00318,"FLEMING, JOHN C. JR.",REP,REPUBLICAN PARTY,LA,S,"[2016, 2026]","[2016, 2018, 2020, 2022, 2024, 2026]",C,2025-01-29T21:03:35,REP,REP
S0ID00172,"FLEMING, NATALIE M",UN,UNAFFILIATED,ID,S,"[2020, 2022, 2026]","[2020, 2022, 2024, 2026]",N,2025-06-30T20:58:43,OTHER,UN
S2CT00264,"FLYNN, JOHN J",REP,REPUBLICAN PARTY,CT,S,"[2022, 2024]","[2020, 2022, 2024, 2026]",N,2024-03-05T21:00:08,REP,REP
S6NE00160,"FORBES, WILLIAM",DEM,DEMOCRATIC PARTY,NE,S,[2026],[2026],N,2026-03-29T21:12:30,DEM,DEM
S6TX00404,"FORD, CAMENCIA",NNE,NONE,TX,S,[2026],[2026],N,2025-06-30T20:58:43,OTHER,NNE
S4PA00287,"FORKNER, WILLIAM",DEM,DEMOCRATIC PARTY,PA,S,[2024],"[2024, 2026]",P,2025-03-18T15:34:07,DEM,DEM
S6KY00328,"FORSYTHE, LOGAN",DEM,DEMOCRATIC PARTY,KY,S,[2026],[2026],C,2025-10-18T21:00:34,DEM,DEM
S4NY00347,"FOTI, DANIEL PETER MR.",DEM,DEMOCRATIC PARTY,NY,S,[2024],"[2024, 2026]",P,2025-03-18T15:34:07,DEM,DEM
S8MN00438,"FRANKEN, AL",DEM,DEMOCRATIC PARTY,MN,S,"[2008, 2014, 2020]","[2008, 2010, 2012, 2014, 2016, 2018, 2020, 2022, 2024, 2026]",P,2021-12-08T06:50:51,DEM,DEM
S2IA00172,"FRANKEN, MICHAEL T",DEM,DEMOCRATIC PARTY,IA,S,[2022],"[2022, 2024, 2026]",P,2023-03-09T10:16:03,DEM,DEM
S4MN00510,"FRASER, JOSEPH",REP,REPUBLICAN PARTY,MN,S,[2024],"[2024, 2026]",P,2025-03-18T15:34:07,REP,REP
S6SC04197,"FREEMAN, KYLE ODONNELL",DEM,DEMOCRATIC PARTY,SC,S,[2026],"[2024, 2026]",C,2025-02-07T21:00:11,DEM,DEM
S2MD00602,"FRIEND, LORIE R",REP,REPUBLICAN PARTY,MD,S,"[2022, 2024]","[2022, 2024, 2026]",N,2023-10-29T21:00:13,REP,REP
S4MI00645,"FRIZZELL, JAMES KIETH MR SR",IND,INDEPENDENT,MI,S,[2024],"[2024, 2026]",N,2023-11-11T21:00:18,OTHER,IND
S4MD00368,"FRYDENBORG, BRIAN EDWARD",DEM,DEMOCRATIC PARTY,MD,S,[2024],"[2024, 2026]",N,2023-08-18T21:04:10,DEM,DEM
S4AZ00238,"FULCHER JR, LEONARD",REP,REPUBLICAN PARTY,AZ,S,[2024],"[2024, 2026]",N,2024-03-05T21:00:08,REP,REP
S6CA01046,"FULKERSON, HEATH VINCENT",REP,REPUBLICAN PARTY,CA,S,[2026],[2026],N,2025-01-22T21:01:48,REP,REP
S4NV00338,"FULKERSON, HEATH VINCENT",REP,REPUBLICAN PARTY,NV,S,[2023],"[2024, 2026]",N,2023-09-18T21:01:39,REP,REP
S6WV00154,"GAASERUD, ALEXANDER",REP,REPUBLICAN PARTY,WV,S,[2026],"[2024, 2026]",N,2025-01-10T21:01:11,REP,REP
S4AZ00139,"GALLEGO, RUBEN",DEM,DEMOCRATIC PARTY,AZ,S,"[2024, 2030]","[2024, 2026]",C,2025-02-12T21:01:49,DEM,DEM
S4WA00581,"GARCIA, DR RAUL",REP,REPUBLICAN PARTY,WA,S,[2024],"[2024, 2026]",P,2025-03-18T15:34:07,REP,REP
S4VA00239,"GARCIA, EDWARD",REP,REPUBLICAN PARTY,VA,S,[2024],"[2022, 2024, 2026]",P,2025-03-18T15:34:07,REP,REP
S4CA00803,"GARVEY, STEVE",REP,REPUBLICAN PARTY,CA,S,[2024],"[2024, 2026]",P,2025-03-18T15:34:07,REP,REP
S4CA00407,"GARY-PANDOL, DENICE LYN MS.",REP,REPUBLICAN PARTY,CA,S,[2024],"[2022, 2024, 2026]",P,2025-03-18T15:34:07,REP,REP
S6MA00312,"GATES, WILLIAM FRANCIS MR.",DEM,DEMOCRATIC PARTY,MA,S,[2026],[2026],N,2026-01-13T21:02:51,DEM,DEM
S8KS00268,"GAYNOR, MICHAEL GREGORY WILLIAM MR. SR",REP,REPUBLICAN PARTY,KS,S,[2028],"[2024, 2026]",N,2025-01-10T21:01:11,REP,REP
S0ME00111,"GIDEON, SARA",DEM,DEMOCRATIC PARTY,ME,S,[2020],"[2020, 2022, 2024, 2026]",P,2023-03-09T10:16:03,DEM,DEM
S4WA00599,"GIESICK, PAUL LAWRENCE",DEM,DEMOCRATIC PARTY,WA,S,[2024],"[2024, 2026]",P,2025-03-18T15:34:07,DEM,DEM
S4CA00845,"GILANI, SEPI",DEM,DEMOCRATIC PARTY,CA,S,[2024],"[2024, 2026]",P,2025-03-18T15:34:07,DEM,DEM
S6FL00863,"GILESPIE, NEIL JOSEPH",NPA,NO PARTY AFFILIATION,FL,S,[2026],[2026],N,2026-03-29T21:12:30,OTHER,NPA
S0NY00410,"GILLIBRAND, KIRSTEN",DEM,DEMOCRATIC PARTY,NY,S,"[2010, 2012, 2018, 2024, 2030]","[2010, 2012, 2014, 2016, 2018, 2020, 2022, 2024, 2026]",C,2026-02-10T21:01:02,DEM,DEM
S6NH00158,"GIOVONIZZI, MATTHEW S",NON,NON-PARTY,NH,S,[2026],[2026],N,2025-04-25T21:00:17,OTHER,NON
S6SC04254,"GIRACELLO, CHRISTOPHER",DEM,DEMOCRATIC PARTY,SC,S,[2026],[2026],N,2025-06-30T20:58:43,DEM,DEM
S6SC04304,"GLASER, CINDY E",IND,INDEPENDENT,SC,S,[2026],[2026],N,2025-09-02T21:03:03,OTHER,IND
S6AL00401,"GLASGOW, VALMA K",DEM,DEMOCRATIC PARTY,AL,S,[2026],[2026],N,2025-06-09T20:59:02,DEM,DEM
S6FL00848,"GLEASON, CHRISTOPHER",REP,REPUBLICAN PARTY,FL,S,[2026],[2026],N,2026-01-28T21:00:03,REP,REP
S4UT00308,"GLEICH, CAROLINE",DEM,DEMOCRATIC PARTY,UT,S,[2024],"[2024, 2026]",P,2025-03-18T15:34:07,DEM,DEM
S4TX00771,"GOMEZ, MERI LIZET MS.",DEM,DEMOCRATIC PARTY,TX,S,[2024],"[2024, 2026]",P,2025-03-18T15:34:07,DEM,DEM
S6CO00499,"GONZALES, JULIE",DEM,DEMOCRATIC PARTY,CO,S,[2026],[2026],C,2026-02-09T20:58:28,DEM,DEM
S8IN00239,"GONZALEZ, DIEGO ANTONIO JR",DEM,DEMOCRATIC PARTY,IN,S,[2028],"[2024, 2026]",N,2025-01-10T21:01:11,DEM,DEM
S8IN00247,"GONZALEZ, DIEGO ANTONIO MR JR",DEM,DEMOCRATIC PARTY,IN,S,[2028],"[2024, 2026]",N,2025-01-21T20:22:04,DEM,DEM
S4TX00789,"GONZALEZ, MARK A",DEM,DEMOCRATIC PARTY,TX,S,[2024],"[2024, 2026]",P,2025-03-18T15:34:07,DEM,DEM
S6IL00425,"GOODMAN, JOHN",REP,REPUBLICAN PARTY,IL,S,[2026],[2026],C,2025-04-25T21:00:17,REP,REP
S6FL00699,"GOULD, CHARLES AKA ALEX A",DEM,DEMOCRATIC PARTY,FL,S,[2026],[2026],N,2025-04-25T21:00:17,DEM,DEM
S4NV00312,"GRADY, TONY",REP,REPUBLICAN PARTY,NV,S,[2024],"[2024, 2026]",P,2025-03-18T15:34:07,REP,REP
S0SC00149,"GRAHAM, LINDSEY O.",REP,REPUBLICAN PARTY,SC,S,"[2002, 2008, 2014, 2020, 2026]","[2002, 2004, 2006, 2008, 2010, 2012, 2014, 2016, 2018, 2020, 2022, 2024, 2026]",C,2025-04-08T21:00:11,REP,REP
S2FL00425,"GRANDA, GRACE",UNK,UNKNOWN,FL,S,"[2022, 2024, 2026]","[2020, 2022, 2024, 2026]",N,2025-09-02T21:03:03,OTHER,UNK
S0IA00028,"GRASSLEY, CHARLES E",REP,REPUBLICAN PARTY,IA,S,"[1980, 1986, 1992, 1998, 2004, 2010, 2016, 2022, 2028]","[1980, 1982, 1984, 1986, 1988, 1990, 1992, 1994, 1996, 1998, 2000, 2002, 2004, 2006, 2008, 2010, 2012, 2014, 2016, 2018, 2020, 2022, 2024, 2026]",C,2025-01-10T21:01:11,REP,REP
S2FL00581,"GRAYSON, ALAN MARK",DEM,DEMOCRATIC PARTY,FL,S,"[2022, 2024, 2026]","[2022, 2024, 2026]",C,2025-04-25T21:00:17,DEM,DEM
S6FL00376,"GRAYSON, ALAN MARK",DEM,DEMOCRATIC PARTY,FL,S,[2016],"[2016, 2018, 2020, 2022, 2024, 2026]",P,2021-12-08T06:50:51,DEM,DEM
S4AZ00196,"GRAYSON, RICHARD",NOL,,AZ,S,[2024],"[2024, 2026]",N,2024-03-05T21:00:08,OTHER,NOL
S6IN00282,"GREEN, CARMEN CHARMAINE",AIP,AMERICAN INDEPENDENT PARTY,IN,S,[2026],[2026],N,2025-11-13T21:02:32,OTHER,AIP
S0IA00176,"GREENFIELD, THERESA",DEM,DEMOCRATIC PARTY,IA,S,[2020],"[2020, 2022, 2024, 2026]",P,2023-03-09T10:16:03,DEM,DEM
S6FL00681,"GREEN, JUSTIN MR",VET,VETERANS PARTY,FL,S,[2025],[2026],N,2025-04-25T21:00:17,OTHER,VET
S4VT00165,"GREENSTEIN, MARK STEWART",IND,INDEPENDENT,VT,S,[2024],"[2024, 2026]",N,2024-12-26T21:00:06,OTHER,IND
S6OK04171,"GREEN, TROY WESLEY",DEM,DEMOCRATIC PARTY,OK,S,[2026],[2026],C,2026-01-22T21:02:05,DEM,DEM
S2MO00536,"GREITENS, ERIC",REP,REPUBLICAN PARTY,MO,S,[2022],"[2022, 2024, 2026]",P,2023-03-09T10:16:03,REP,REP
S4MA00333,"GRIFFIN, BRANDON JAMES",OTH,OTHER,MA,S,[2024],"[2024, 2026]",N,2023-09-13T21:02:38,OTHER,OTH
S4MA00325,"GRIFFIN, BRANDON JAMES",OTH,OTHER,MA,S,[2024],"[2024, 2026]",N,2023-09-13T21:02:38,OTHER,OTH
S2MD00628,"GRIFFIN, SCOTTIE",DEM,DEMOCRATIC PARTY,MD,S,"[2022, 2024]","[2022, 2024, 2026]",N,2025-01-16T21:05:06,DEM,DEM
S4MD00509,"GRIFFIN, SCOTTIE JO DR",DEM,DEMOCRATIC PARTY,MD,S,[2024],"[2024, 2026]",N,2024-02-12T20:59:25,DEM,DEM
S4FL00553,"GROSS, KEITH",REP,REPUBLICAN PARTY,FL,S,[2024],"[2024, 2026]",P,2025-03-18T15:34:07,REP,REP
S6MN00507,"GRUENHAGEN, ALYCIA",REP,REPUBLICAN PARTY,MN,S,[2026],[2026],N,2025-08-01T21:00:30,REP,REP
S4NV00304,"GUNTER, JEFF DR",REP,REPUBLICAN PARTY,NV,S,[2024],"[2024, 2026]",P,2025-03-18T15:34:07,REP,REP
S4TX00755,"GUTIERREZ, ROLAND",DEM,DEMOCRATIC PARTY,TX,S,[2024],"[2024, 2026]",P,2025-03-18T15:34:07,DEM,DEM
S6OH00155,"HACKETT, PAUL III",DEM,DEMOCRATIC PARTY,OH,S,[2006],"[2006, 2008, 2010, 2012, 2014, 2016, 2018, 2020, 2022, 2024, 2026]",P,2021-12-08T06:50:50,DEM,DEM
S6AK00284,"HAFNER, CAROL",DEM,DEMOCRATIC PARTY,AK,S,[2026],[2026],N,2026-04-17T21:14:14,DEM,DEM
S6WY00209,"HAGEMAN, HARRIET",REP,REPUBLICAN PARTY,WY,S,[2026],[2026],C,2026-04-15T21:16:15,REP,REP
S0TN00169,"HAGERTY, BILL",REP,REPUBLICAN PARTY,TN,S,"[2020, 2026]","[2020, 2022, 2024, 2026]",C,2026-03-26T21:31:59,REP,REP
S2CA01185,"HALL, MYRON LOUIS DR.",REP,REPUBLICAN PARTY,CA,S,[2022],"[2022, 2024, 2026]",P,2023-03-09T10:16:03,REP,REP
S2UT00377,"HAMBLIN, LAIRD",DEM,DEMOCRATIC PARTY,UT,S,"[2022, 2024]","[2022, 2024, 2026]",N,2024-08-26T21:00:07,DEM,DEM
S6KS00312,"HAMILTON, ADAM",DEM,DEMOCRATIC PARTY,KS,S,[2026],[2026],N,2026-04-30T22:28:57,DEM,DEM
S0KS00349,"HAMILTON, BOB",REP,REPUBLICAN PARTY,KS,S,[2020],"[2020, 2022, 2024, 2026]",P,2021-12-08T06:50:51,REP,REP
S6FL00632,"HAMILTON, MICHAELANGELO COLLINS",REP,REPUBLICAN PARTY,FL,S,[2026],[2026],N,2025-01-22T21:01:48,REP,REP
S4NJ00458,"HAMM, LARRY LEE",DEM,DEMOCRATIC PARTY,NJ,S,[2024],"[2024, 2026]",P,2025-03-18T15:34:07,DEM,DEM
S6NC00514,"HAMMOND, ALYSSIA ROSE-KATHERINE",DEM,DEMOCRATIC PARTY,NC,S,[2026],[2026],N,2025-12-30T21:00:52,DEM,DEM
S6AZ00415,"HAMPTON, EDWARD J MR",REP,REPUBLICAN PARTY,AZ,S,[2026],"[2024, 2026]",N,2025-01-10T21:01:11,REP,REP
S6OK04239,"HANKINS, NICKY JOE",REP,REPUBLICAN PARTY,OK,S,[2026],[2026],N,2026-03-03T21:23:02,REP,REP
S6OK04213,"HANKINS, NICKY JOE",REP,REPUBLICAN PARTY,OK,S,[2026],[2026],N,2026-03-03T21:23:02,REP,REP
S6MN00531,"HANN, DAVID W",REP,REPUBLICAN PARTY,MN,S,[2026],[2026],C,2026-04-18T21:13:41,REP,REP
S4DE00094,"HANSEN, ERIC",REP,REPUBLICAN PARTY,DE,S,[2024],"[2024, 2026]",P,2025-03-18T15:34:07,REP,REP
S4VA00262,"HARDIN, JONATHAN T DR PH.D.",IND,INDEPENDENT,VA,S,[2024],"[2024, 2026]",N,2023-03-21T21:11:27,OTHER,IND
S4VA00296,"HARDIN, JT",DEM,DEMOCRATIC PARTY,VA,S,[2024],"[2024, 2026]",N,2023-04-16T21:09:31,DEM,DEM
S4MI00553,"HARPER, FRANK EUGENE HILL",DEM,DEMOCRATIC PARTY,MI,S,[2024],"[2024, 2026]",P,2025-03-18T15:34:07,DEM,DEM
S6IL00680,"HARRINGTON, WHITFIELD MR JR",IND,INDEPENDENT,IL,S,[2026],[2026],C,2026-04-18T21:13:41,OTHER,IND
S0SC00289,"HARRISON, JAIME",DEM,DEMOCRATIC PARTY,SC,S,[2020],"[2020, 2022, 2024, 2026]",P,2025-03-18T15:34:07,DEM,DEM
S2MO00742,"HARRIS, RONALD",DEM,DEMOCRATIC PARTY,MO,S,[2022],"[2022, 2024, 2026]",P,2023-03-09T10:16:03,DEM,DEM
S4NJ00490,"HARSHAW, ALBERT",REP,REPUBLICAN PARTY,NJ,S,[2024],"[2024, 2026]",N,2024-08-22T21:00:32,REP,REP
S6KS00304,"HART, JASON",DEM,DEMOCRATIC PARTY,KS,S,[2026],[2026],C,2026-04-18T21:13:41,DEM,DEM
S4WI00272,"HARVEY, MATTHEW ROBERT",REP,REPUBLICAN PARTY,WI,S,[2024],"[2024, 2026]",N,2024-03-05T21:00:08,REP,REP
S6CO00473,"HASLEY, BRASHAD D",DEM,DEMOCRATIC PARTY,CO,S,[2026],[2026],C,2025-10-08T21:01:45,DEM,DEM
S4TX00821,"HASSAN, AHMAD",DEM,DEMOCRATIC PARTY,TX,S,"[2024, 2026]","[2024, 2026]",N,2026-02-13T20:58:17,DEM,DEM
S0MN00344,"HASSAN, AHMAD R",DFL,DEMOCRATIC-FARMER-LABOR,MN,S,"[2020, 2024]","[2020, 2024, 2026]",N,2024-07-09T21:01:42,OTHER,DFL
S6NH00091,"HASSAN, MARGARET WOOD",DEM,DEMOCRATIC PARTY,NH,S,"[2016, 2022, 2028]","[2016, 2018, 2020, 2022, 2024, 2026]",C,2025-01-10T21:01:11,DEM,DEM
S4UT00290,"HATCH, BRENT ORRIN",REP,REPUBLICAN PARTY,UT,S,[2024],"[2024, 2026]",P,2025-03-18T15:34:07,REP,REP
S8MO00160,"HAWLEY, JOSHUA DAVID SEN",REP,REPUBLICAN PARTY,MO,S,"[2018, 2024, 2030]","[2018, 2020, 2022, 2024, 2026]",C,2025-02-07T21:00:11,REP,REP
S0AZ00251,"HAYWORTH, JD",REP,REPUBLICAN PARTY,AZ,S,[2010],"[2010, 2012, 2014, 2016, 2018, 2020, 2022, 2024, 2026]",P,2021-12-08T06:50:51,REP,REP
S4PA00352,"HAZOU, LEILA",GRE,GREEN PARTY,PA,S,[2024],"[2024, 2026]",N,2024-12-26T21:00:06,OTHER,GRE
S4PA00345,"HAZOU, LEILA",GRE,GREEN PARTY,PA,S,[2024],"[2024, 2026]",N,2024-12-26T21:00:06,OTHER,GRE
S4ND00061,"HEDGER, KRISTIN RUTH",NPA,NO PARTY AFFILIATION,ND,S,[2024],"[2022, 2024, 2026]",N,2023-01-12T22:24:01,OTHER,NPA
S0TX00233,"HEGAR, MARY JENNINGS MJ",DEM,DEMOCRATIC PARTY,TX,S,[2020],"[2020, 2022, 2024, 2026]",P,2021-12-08T06:50:51,DEM,DEM
S2NM00088,"HEINRICH, MARTIN",DEM,DEMOCRATIC PARTY,NM,S,"[2012, 2018, 2024, 2030]","[2012, 2014, 2016, 2018, 2020, 2022, 2024, 2026]",C,2025-02-21T21:00:18,DEM,DEM
S2ND00099,"HEITKAMP, HEIDI",DEM,DEMOCRATIC PARTY,ND,S,"[2012, 2018]","[2012, 2014, 2016, 2018, 2020, 2022, 2024, 2026]",P,2021-12-08T06:50:51,DEM,DEM
S2CA01003,"HENG, ELIZABETH",REP,REPUBLICAN PARTY,CA,S,[2022],"[2022, 2024, 2026]",P,2023-03-09T10:16:03,REP,REP
S6IA00306,"HENRY, CHRIS",DEM,DEMOCRATIC PARTY,IA,S,[2026],[2026],N,2025-09-03T21:03:11,DEM,DEM
S4AZ00279,"HERNANDEZ, ARTURO",GRE,GREEN PARTY,AZ,S,[2024],"[2024, 2026]",N,2024-04-19T21:00:52,OTHER,GRE
S6OK04247,"HERN, KEVIN",REP,REPUBLICAN PARTY,OK,S,[2026],[2026],C,2026-04-28T21:25:42,REP,REP
S6SC04346,"HERRMANN, PATRICK JOSEPH",REP,REPUBLICAN PARTY,SC,S,[2026],[2026],C,2026-04-14T21:14:42,REP,REP
S6MI00384,"HEURTEBISE, FREDERICK",REP,REPUBLICAN PARTY,MI,S,[2026],[2026],C,2025-04-13T20:58:27,REP,REP
S0CO00575,"HICKENLOOPER, JOHN W.",DEM,DEMOCRATIC PARTY,CO,S,"[2020, 2026]","[2020, 2022, 2024, 2026]",C,2025-06-04T21:01:31,DEM,DEM
S0IN00061,"HILL, BARON P",DEM,DEMOCRATIC PARTY,IN,S,"[1990, 1992, 2016]","[1990, 1992, 1994, 1996, 1998, 2016, 2018, 2020, 2022, 2024, 2026]",P,2021-12-08T06:50:51,DEM,DEM
S4VA00148,"HILL, SHAK",REP,REPUBLICAN PARTY,VA,S,[2014],"[2014, 2016, 2018, 2020, 2022, 2024, 2026]",P,2021-12-08T06:50:51,REP,REP
S2HI00106,"HIRONO, MAZIE K.",DEM,DEMOCRATIC PARTY,HI,S,"[2012, 2018, 2024, 2030]","[2012, 2014, 2016, 2018, 2020, 2022, 2024, 2026]",C,2025-02-07T21:00:11,DEM,DEM
S2NV00332,"HOCKSTEDLER, WILLIAM ERIC",REP,REPUBLICAN PARTY,NV,S,[2022],"[2022, 2024, 2026]",P,2023-03-09T10:16:03,REP,REP
S0ND00093,"HOEVEN, JOHN",REP,REPUBLICAN PARTY,ND,S,"[2010, 2016, 2022, 2028]","[2010, 2012, 2014, 2016, 2018, 2020, 2022, 2024, 2026]",C,2025-07-12T20:58:19,REP,REP
S4MD00483,"HOGAN, LARRY",REP,REPUBLICAN PARTY,MD,S,[2024],"[2024, 2026]",P,2025-03-18T15:34:07,REP,REP
S6LA00490,"HOLDER, CHRISTOPHER LEE MR.",REP,REPUBLICAN PARTY,LA,S,[2026],"[2024, 2026]",C,2025-02-07T21:00:11,REP,REP
S2OK00194,"HOLLAND, LUCAS",REP,REPUBLICAN PARTY,OK,S,[2022],"[2022, 2024, 2026]",P,2023-03-09T10:16:03,REP,REP
S6OH00437,"HOLLIMAN, ANTHONY JOHN",IND,INDEPENDENT,OH,S,[2026],[2026],N,2026-03-03T21:23:02,OTHER,IND
S6SC04189,"HOLLIMAN, ETHAN CLAY",REP,REPUBLICAN PARTY,SC,S,[2026],"[2024, 2026]",N,2025-01-10T21:01:11,REP,REP
S2WA00460,"HOLYK, ISAAC A",REP,REPUBLICAN PARTY,WA,S,"[2022, 2024, 2028]","[2022, 2024, 2026]",N,2025-02-23T20:58:09,REP,REP
S4MI00454,"HOOVER, MICHAEL",REP,REPUBLICAN PARTY,MI,S,[2024],"[2024, 2026]",P,2025-03-18T15:34:07,REP,REP
S0IL00659,"HORGES, BRADLEY LAMAR MR JR",W,WRITE-IN,IL,S,[2089],"[2024, 2026]",N,2023-03-25T21:10:03,OTHER,W
S2IN00109,"HORNING, ANDY",LIB,LIBERTARIAN PARTY,IN,S,"[2012, 2018, 2024]","[2012, 2014, 2018, 2024, 2026]",N,2024-08-26T21:00:07,OTHER,LIB
S2OK00152,"HORN, MADISON",DEM,DEMOCRATIC PARTY,OK,S,[2022],"[2022, 2024, 2026]",P,2023-03-09T10:16:03,DEM,DEM
S6AK00268,"HOUSE DARDEN, DUSTIN THOMAS",REP,REPUBLICAN PARTY,AK,S,[2026],[2026],N,2025-09-24T21:04:28,REP,REP
S8MN00586,"HOUSLEY, KARIN",REP,REPUBLICAN PARTY,MN,S,[2018],"[2018, 2020, 2022, 2024, 2026]",P,2021-12-08T06:50:51,REP,REP
S4MD00574,"HOUTON, ROBERT K.",DEM,DEMOCRATIC PARTY,MD,S,[2024],"[2024, 2026]",N,2024-08-26T21:00:07,DEM,DEM
S4WI00256,"HOVDE, ERIC",REP,REPUBLICAN PARTY,WI,S,[2024],"[2024, 2026]",P,2025-03-18T15:34:07,REP,REP
S2WI00268,"HOVDE, ERIC D",REP,REPUBLICAN PARTY,WI,S,"[2012, 2024]","[2012, 2014, 2016, 2018, 2024, 2026]",P,2025-03-18T15:34:07,REP,REP
S6AL00419,"HOWARD, JAMES GREGORY MR JR",DEM,DEMOCRATIC PARTY,AL,S,[2026],[2026],N,2025-06-09T20:59:02,DEM,DEM
S6MI00467,"HOWARD, RACHEL ELIZABETH",DEM,DEMOCRATIC PARTY,MI,S,[2026],[2026],C,2025-10-08T21:01:45,DEM,DEM
S0IL00501,"HUBBARD, PEGGY",REP,REPUBLICAN PARTY,IL,S,"[2020, 2022]","[2020, 2022, 2024, 2026]",P,2023-03-09T10:16:03,REP,REP
S6AL00443,"HUDSON, JARED",REP,REPUBLICAN PARTY,AL,S,[2026],[2026],C,2025-07-15T21:00:48,REP,REP
S4MT00217,"HUMMERT, MICHAEL",DEM,DEMOCRATIC PARTY,MT,S,"[2024, 2026]","[2024, 2026]",C,2026-03-06T21:23:49,DEM,DEM
S6TX00511,"HUNT, WESLEY",REP,REPUBLICAN PARTY,TX,S,[2026],[2026],C,2025-11-13T21:02:32,REP,REP
S6TX00602,"HUSE, RODGER",US,,TX,S,[2026],[2026],N,2026-03-29T21:12:30,OTHER,US
S6OH00304,"HUSTED, JON",REP,REPUBLICAN PARTY,OH,S,[2026],[2026],C,2026-04-08T21:14:48,REP,REP
S2CT00256,"HYDE, ROBERT FINLEY",REP,REPUBLICAN PARTY,CT,S,"[2022, 2024]","[2020, 2022, 2024, 2026]",P,2025-03-18T15:34:07,REP,REP
S8MS00261,"HYDE-SMITH, CINDY",REP,REPUBLICAN PARTY,MS,S,"[2018, 2020, 2026]","[2018, 2020, 2022, 2024, 2026]",C,2026-04-03T21:13:47,REP,REP
S4CA00688,"INAM, ZAFAR",DEM,DEMOCRATIC PARTY,CA,S,[2024],"[2024, 2026]",N,2023-07-10T21:05:09,DEM,DEM
S4TX00672,"INGALLS, JOSIAH JAMES",REP,REPUBLICAN PARTY,TX,S,[2024],"[2024, 2026]",P,2025-03-18T15:34:07,REP,REP
S2CA00989,"INGRAM, DENARD",DEM,DEMOCRATIC PARTY,CA,S,"[2022, 2024]","[2022, 2024, 2026]",N,2024-08-26T21:00:07,DEM,DEM
S4OK00083,"INHOFE, JAMES M. SEN.",REP,REPUBLICAN PARTY,OK,S,"[1994, 1996, 2002, 2008, 2014, 2020, 2026]","[1994, 1996, 1998, 2000, 2002, 2004, 2006, 2008, 2010, 2012, 2014, 2016, 2018, 2020, 2022, 2024, 2026]",C,2025-01-10T21:01:11,REP,REP
S6NH00174,"INNIS, DAN",REP,REPUBLICAN PARTY,NH,S,[2026],[2026],C,2025-10-18T21:00:34,REP,REP
S2WA00411,"ISHII, DAVID TADASHI",DEM,DEMOCRATIC PARTY,WA,S,[2022],"[2022, 2024, 2026]",N,2021-12-08T06:50:51,DEM,DEM
S6GA00275,"JACKSON, DEVELLE LAVAUGHN",IND,INDEPENDENT,GA,S,[2026],"[2024, 2026]",N,2025-01-10T21:01:11,OTHER,IND
S2VA00167,"JACKSON, EARL W SR",REP,REPUBLICAN PARTY,VA,S,"[2012, 2018]","[2012, 2014, 2016, 2018, 2020, 2022, 2024, 2026]",P,2021-12-08T06:50:51,REP,REP
S8MI00372,"JAMES, JOHN",REP,REPUBLICAN PARTY,MI,S,"[2018, 2020]","[2018, 2020, 2022, 2024, 2026]",P,2021-12-08T06:50:51,REP,REP
S2AR00115,"JAMES, NATALIE",DEM,DEMOCRATIC PARTY,AR,S,[2022],"[2022, 2024, 2026]",P,2023-03-09T10:16:03,DEM,DEM
S6MT00311,"JANDRON, TOM",LIB,LIBERTARIAN PARTY,MT,S,[2026],[2026],N,2026-03-29T21:12:30,OTHER,LIB
S4NJ00425,"JASEY, KYLE FORT",DEM,DEMOCRATIC PARTY,NJ,S,[2024],"[2024, 2026]",P,2025-03-18T15:34:07,DEM,DEM
S4MD00301,"JAWANDO, WILL",DEM,DEMOCRATIC PARTY,MD,S,[2024],"[2024, 2026]",P,2025-03-18T15:34:07,DEM,DEM
S8WV00127,"JENKINS, EVAN H",REP,REPUBLICAN PARTY,WV,S,[2018],"[2018, 2020, 2022, 2024, 2026]",P,2021-12-08T06:50:51,REP,REP
S6FL00798,"JENKINS, JENNIFER",DEM,DEMOCRATIC PARTY,FL,S,[2026],[2026],C,2025-10-15T21:01:51,DEM,DEM
S8TX00442,"JENKINS, JONATHAN",IND,INDEPENDENT,TX,S,[2018],"[2018, 2020, 2022, 2024, 2026]",P,2021-12-08T06:50:51,OTHER,IND
S2UT00351,"JENSEN, RUSSELL TYRONE",REP,REPUBLICAN PARTY,UT,S,[2022],"[2022, 2024, 2026]",N,2021-12-08T06:50:51,REP,REP
S4UT00191,"JENSEN, TYRONE",REP,REPUBLICAN PARTY,UT,S,[2024],"[2024, 2026]",N,2023-09-13T21:02:38,REP,REP
S4LA00040,"JOHN, CHRIS",DEM,DEMOCRATIC PARTY,LA,S,"[2004, 2010]","[2004, 2006, 2008, 2010, 2012, 2014, 2016, 2018, 2020, 2022, 2024, 2026]",P,2021-12-08T06:50:50,DEM,DEM
S6NC00431,"JOHNSON, CONSTANCE ""CONNIE""",OTH,OTHER,NC,S,[2026],[2026],N,2025-08-09T20:58:02,OTHER,OTH
S4TN00526,"JOHNSON, GLORIA",DEM,DEMOCRATIC PARTY,TN,S,[2024],"[2024, 2026]",P,2025-03-18T15:34:07,DEM,DEM
S6MI00475,"JOHNSON II, CRAIG HENLEY MR II",IND,INDEPENDENT,MI,S,[2026],[2026],N,2025-06-30T20:58:43,OTHER,IND
S6SC04288,"JOHNSON, LEE",DEM,DEMOCRATIC PARTY,SC,S,[2026],[2026],C,2025-08-01T21:00:30,DEM,DEM
S0WI00197,"JOHNSON, RON HAROLD MR.",REP,REPUBLICAN PARTY,WI,S,"[2010, 2016, 2022, 2028]","[2010, 2012, 2014, 2016, 2018, 2020, 2022, 2024, 2026]",C,2025-01-10T21:01:11,REP,REP
S6NC00480,"JOHNSON, THOMAS LEE",REP,REPUBLICAN PARTY,NC,S,[2026],[2026],C,2026-02-21T20:57:22,REP,REP
S0CO00468,"JOHNSTON, MICHAEL C",DEM,DEMOCRATIC PARTY,CO,S,[2020],"[2020, 2022, 2024, 2026]",P,2021-12-08T06:50:51,DEM,DEM
S6LA00508,"JOHN, XAN MR.",REP,REPUBLICAN PARTY,LA,S,[2026],"[2024, 2026]",N,2025-02-06T22:28:35,REP,REP
S6CO00481,"JONES, DATHAN CHARLES",REP,REPUBLICAN PARTY,CO,S,[2026],[2026],N,2025-11-13T21:02:32,REP,REP
S0AL00156,"JONES, DOUG",DEM,DEMOCRATIC PARTY,AL,S,"[2002, 2018, 2020]","[2002, 2004, 2018, 2020, 2022, 2024, 2026]",P,2021-12-08T06:50:51,DEM,DEM
S6FL00277,"JONES, LATERESA ANN",REP,REPUBLICAN PARTY,FL,S,"[2016, 2018]","[2014, 2016, 2018, 2020, 2022, 2024, 2026]",N,2021-12-08T06:50:51,REP,REP
S6IL00664,"JONES, LLOYD",REP,REPUBLICAN PARTY,IL,S,[2026],[2026],N,2025-10-08T21:01:45,REP,REP
S6TN00372,"JONES, ROBERT THOMAS",IND,INDEPENDENT,TN,S,[2026],[2026],N,2026-03-06T21:23:49,OTHER,IND
S4NY00453,"JOSEPH, VLADIMY MR.",DEM,DEMOCRATIC PARTY,NY,S,[2024],"[2024, 2026]",N,2024-12-26T21:00:06,DEM,DEM
S6CO00440,"JOSHI, JANAK",REP,REPUBLICAN PARTY,CO,S,[2026],[2026],C,2025-10-18T21:00:34,REP,REP
S8CA00689,"JUAREZ, GABRIEL",DEM,DEMOCRATIC PARTY,CA,S,[2028],[2026],N,2025-01-24T21:00:47,DEM,DEM
S4WV00332,"JUSTICE, JAMES CONLEY II",REP,REPUBLICAN PARTY,WV,S,"[2024, 2030]","[2024, 2026]",C,2026-02-18T20:58:47,REP,REP
S2VA00142,"KAINE, TIMOTHY MICHAEL",DEM,DEMOCRATIC PARTY,VA,S,"[2012, 2018, 2024, 2030]","[2012, 2014, 2016, 2018, 2020, 2022, 2024, 2026]",C,2025-02-07T21:00:11,DEM,DEM
S6MI00491,"KAMAL, ANDREW",REP,REPUBLICAN PARTY,MI,S,[2026],[2026],N,2025-09-19T21:04:02,REP,REP
S4AR00145,"KASPARIAN, ANA",PRO,PROGRESSIVE PARTY,AR,S,[2024],"[2024, 2026]",N,2024-04-19T21:00:52,OTHER,PRO
S6DE00206,"KATZ, MICHAEL S DR.",REP,REPUBLICAN PARTY,DE,S,[2026],[2026],C,2026-04-18T21:13:41,REP,REP
S6NJ00271,"KEAN, THOMAS H JR",REP,REPUBLICAN PARTY,NJ,S,[2006],"[2006, 2008, 2010, 2012, 2014, 2016, 2018, 2020, 2022, 2024, 2026]",P,2021-12-08T06:50:50,REP,REP
S6MT00303,"KEHOE, CHRISTOPHER",DEM,DEMOCRATIC PARTY,MT,S,[2026],[2026],N,2026-03-29T21:12:30,DEM,DEM
S2CA00922,"KEIVAULQE AUTIAMEINEIRE, FEPBRINA ESTR",OTH,OTHER,CA,S,"[2022, 2024]","[2020, 2022, 2024, 2026]",N,2023-02-16T21:49:38,OTHER,OTH
S8TX00467,"KELLEY, MATTHEW ELLIOT",REP,REPUBLICAN PARTY,TX,S,[2027],[2026],N,2025-05-13T21:10:05,REP,REP
S0AZ00350,"KELLY, MARK",DEM,DEMOCRATIC PARTY,AZ,S,"[2020, 2022, 2028]","[2020, 2022, 2024, 2026]",C,2025-07-15T21:00:48,DEM,DEM
S6IL00474,"KELLY, ROBIN",DEM,DEMOCRATIC PARTY,IL,S,[2026],[2026],C,2026-01-29T21:02:11,DEM,DEM
S4LA00065,"KENNEDY, JOHN NEELY",REP,REPUBLICAN PARTY,LA,S,"[2004, 2008, 2016, 2022, 2028]","[2004, 2006, 2008, 2010, 2012, 2016, 2018, 2020, 2022, 2024, 2026]",C,2025-01-10T21:01:11,REP,REP
S8UT00242,"KENNEDY, MIKE",REP,REPUBLICAN PARTY,UT,S,[2018],"[2018, 2020, 2022, 2024, 2026]",P,2021-12-08T06:50:51,REP,REP
S4NV00247,"KENNEDY, RONDA",REP,REPUBLICAN PARTY,NV,S,[2024],"[2022, 2024, 2026]",P,2025-03-18T15:34:07,REP,REP
S6KY00229,"KENNEDY, WENDE CAROL MS",REP,REPUBLICAN PARTY,KY,S,[2026],[2026],N,2025-02-20T21:01:31,REP,REP
S4IN00246,"KENT, RICHARD ALLEN REV",IND,INDEPENDENT,IN,S,[2024],"[2024, 2026]",N,2023-07-10T21:05:09,OTHER,IND
S4TX00748,"KEOUGH, STEVE",DEM,DEMOCRATIC PARTY,TX,S,[2024],"[2024, 2026]",P,2024-01-05T21:07:30,DEM,DEM
S4MA00069,"KERRY, JOHN F",DEM,DEMOCRATIC PARTY,MA,S,"[1984, 1990, 1996, 2002, 2008, 2014]","[1984, 1986, 1988, 1990, 1992, 1994, 1996, 1998, 2000, 2002, 2004, 2006, 2008, 2010, 2012, 2014, 2016, 2018, 2020, 2022, 2024, 2026]",P,2021-12-08T06:50:50,DEM,DEM
S6WV00196,"KESSLER, JEFFREY VINCENT",DEM,DEMOCRATIC PARTY,WV,S,[2026],[2026],C,2026-04-18T21:13:41,DEM,DEM
S4NJ00367,"KHALIL, CHRISTINA AMIRA",GRE,GREEN PARTY,NJ,S,[2024],"[2022, 2024, 2026]",P,2025-03-18T15:34:07,OTHER,GRE
S6TX00362,"KHAN, GULREZ",REP,REPUBLICAN PARTY,TX,S,[2026],[2026],C,2026-02-09T20:58:28,REP,REP
S4NJ00466,"KIM, ANDY",DEM,DEMOCRATIC PARTY,NJ,S,"[2024, 2030]","[2024, 2026]",C,2026-02-20T21:03:04,DEM,DEM
S6OH00361,"KINCAID, RONALD E JR",DEM,DEMOCRATIC PARTY,OH,S,[2026],[2026],C,2026-02-09T20:58:28,DEM,DEM
S2ME00109,"KING, ANGUS S. JR.",IND,INDEPENDENT,ME,S,"[2012, 2018, 2024, 2030]","[2012, 2014, 2016, 2018, 2020, 2022, 2024, 2026]",C,2025-02-07T21:00:11,OTHER,IND
S6GA00382,"KING, JOHN",REP,REPUBLICAN PARTY,GA,S,[2026],[2026],C,2025-07-17T21:01:06,REP,REP
S4GA11210,"KINGSTON, JOHN H SR REP",REP,REPUBLICAN PARTY,GA,S,[2014],"[2014, 2016, 2018, 2020, 2022, 2024, 2026]",P,2021-12-08T06:50:51,REP,REP
S6ME00381,"KLEBAN, DAN",DEM,DEMOCRATIC PARTY,ME,S,[2026],[2026],C,2025-10-18T21:00:34,DEM,DEM
S6MN00267,"KLOBUCHAR, AMY",DFL,DEMOCRATIC-FARMER-LABOR,MN,S,"[2006, 2012, 2018, 2024, 2030]","[2006, 2008, 2010, 2012, 2014, 2016, 2018, 2020, 2022, 2024, 2026]",C,2025-02-07T21:00:11,OTHER,DFL
S6NY00458,"KOHLER, JOSEPH ANTHONY",DEM,DEMOCRATIC PARTY,NY,S,[2026],[2026],N,2025-06-09T20:59:02,DEM,DEM
S6NY00441,"KOHLER, JOSEPH ANTHONY",DEM,DEMOCRATIC PARTY,NY,S,[2026],[2026],N,2025-06-09T20:59:02,DEM,DEM
S0FL00635,"KORN, BERNARD",DEM,DEMOCRATIC PARTY,FL,S,"[2024, 2028]","[2020, 2022, 2024, 2026]",N,2025-01-10T21:01:11,DEM,DEM
S0IA00101,"KRAUSE, ROBERT ALLEN",DEM,DEMOCRATIC PARTY,IA,S,"[2010, 2016]","[2010, 2016, 2026]",P,2021-12-08T06:50:51,DEM,DEM
S4CT00187,"KRAWIECKI, ROBERT J",REP,REPUBLICAN PARTY,CT,S,[2024],"[2024, 2026]",N,2024-08-26T21:00:07,REP,REP
S6IL00482,"KRISHNAMOORTHI, S",DEM,DEMOCRATIC PARTY,IL,S,[2026],[2026],C,2026-01-29T21:02:11,DEM,DEM
S6CO00390,"KUEBLER, JOSHUA WILLIAM",IND,INDEPENDENT,CO,S,[2026],"[2024, 2026]",N,2025-01-10T21:01:11,OTHER,IND
S4CA00993,"KUMAR, HARMESH",DEM,DEMOCRATIC PARTY,CA,S,[2024],"[2024, 2026]",P,2025-03-18T15:34:07,DEM,DEM
S2MO00528,"KUNCE, LUCAS",DEM,DEMOCRATIC PARTY,MO,S,"[2022, 2024]","[2022, 2024, 2026]",P,2025-03-18T15:34:07,DEM,DEM
S6LA00557,"LABRANCHE, JAMIE",W,WRITE-IN,LA,S,[2026],[2026],N,2025-08-01T21:00:30,OTHER,W
S4MN00569,"LACEY, JOYCE L",IDP,INDEPENDENCE PARTY,MN,S,[2024],"[2024, 2026]",N,2024-06-28T21:02:08,OTHER,IDP
S6IA00181,"LAEHN, THOMAS RAYMOND DR.",LIB,LIBERTARIAN PARTY,IA,S,[2026],"[2024, 2026]",C,2025-09-03T21:03:11,OTHER,LIB
S6ME00340,"LAFLAMME, ANDREA",DEM,DEMOCRATIC PARTY,ME,S,[2026],[2026],C,2026-04-18T21:13:41,DEM,DEM
S4AZ00220,"LAKE, KARI",REP,REPUBLICAN PARTY,AZ,S,[2024],"[2024, 2026]",P,2025-03-18T15:34:07,REP,REP
S4HI00177,"LAM, ADRIEL",REP,REPUBLICAN PARTY,HI,S,[2024],"[2024, 2026]",P,2025-03-18T15:34:07,REP,REP
S6NH00216,"LAMARE, DENNIS",REP,REPUBLICAN PARTY,NH,S,[2026],[2026],N,2026-04-21T21:14:29,REP,REP
S4AZ00188,"LAMB, MARK",REP,REPUBLICAN PARTY,AZ,S,[2024],"[2024, 2026]",P,2025-03-18T15:34:07,REP,REP
S2AZ00331,"LAMON, JIM MR",REP,REPUBLICAN PARTY,AZ,S,[2022],"[2022, 2024, 2026]",P,2023-03-09T10:16:03,REP,REP
S6FL00657,"LANG, JAKE",REP,REPUBLICAN PARTY,FL,S,[2026],[2026],C,2025-12-23T21:01:07,REP,REP
S4OK00232,"LANKFORD, JAMES PAUL",REP,REPUBLICAN PARTY,OK,S,"[2014, 2016, 2022, 2028]","[2014, 2016, 2018, 2020, 2022, 2024, 2026]",C,2025-01-10T21:01:11,REP,REP
S2NH00223,"LAPLANTE, EDMOND",RNC,,NH,S,"[2022, 2026]","[2022, 2026]",N,2026-03-04T22:44:37,OTHER,RNC
S6KS00254,"LAPORTE, CHASE",REP,REPUBLICAN PARTY,KS,S,[2026],[2026],N,2025-09-16T21:03:29,REP,REP
S4OH00200,"LAROSE, FRANK",REP,REPUBLICAN PARTY,OH,S,[2024],"[2024, 2026]",P,2025-03-18T15:34:07,REP,REP
S6FL00624,"LAROSE, JOSUE ECONOMIST",REP,REPUBLICAN PARTY,FL,S,[2026],[2026],N,2025-01-10T21:01:11,REP,REP
S6AL00427,"LARRIETT, DAKARAI",DEM,DEMOCRATIC PARTY,AL,S,[2026],[2026],C,2025-07-16T21:02:06,DEM,DEM
S2WI00342,"LASRY, ALEX",DEM,DEMOCRATIC PARTY,WI,S,[2022],"[2022, 2024, 2026]",P,2023-03-09T10:16:03,DEM,DEM
S6OH00338,"LAU, LYNNEA MS.",DEM,DEMOCRATIC PARTY,OH,S,[2026],[2026],N,2025-05-06T21:00:39,DEM,DEM
S2NJ00080,"LAUTENBERG, FRANK R",DEM,DEMOCRATIC PARTY,NJ,S,"[1982, 1988, 1994, 2000, 2002, 2008, 2014]","[1982, 1984, 1986, 1988, 1990, 1992, 1994, 1996, 1998, 2000, 2002, 2004, 2006, 2008, 2010, 2012, 2014, 2016, 2018, 2020, 2022, 2024, 2026]",P,2021-12-08T06:50:50,DEM,DEM
S6OK04189,"LAVANN, REBEKAH JEQETTA",DEM,DEMOCRATIC PARTY,OK,S,[2026],[2026],N,2025-12-30T21:00:52,DEM,DEM
S6ID00161,"LAVE, DENNY",REP,REPUBLICAN PARTY,ID,S,[2026],[2026],C,2026-04-18T21:13:41,REP,REP
S6AL00492,"LAVENDER, LAMONT",DEM,DEMOCRATIC PARTY,AL,S,[2026],[2026],N,2025-11-13T21:02:32,DEM,DEM
S4CA00548,"LAWLER, ROXANNE ELIZABETH MS",REP,REPUBLICAN PARTY,CA,S,[2024],"[2024, 2026]",N,2023-03-14T21:11:06,REP,REP
S2WA00486,"LAWSON, LEON MR",REP,REPUBLICAN PARTY,WA,S,[2022],"[2022, 2024, 2026]",N,2025-12-05T21:03:03,REP,REP
S2NV00324,"LAXALT, ADAM",REP,REPUBLICAN PARTY,NV,S,[2022],"[2022, 2024, 2026]",P,2023-03-09T10:16:03,REP,REP
S6NM01129,"L, BEN R JR.",REP,REPUBLICAN PARTY,NM,S,[2026],[2026],N,2025-09-02T21:03:03,REP,REP
S4WI00280,"LEAGER, THOMAS CHARLES MR.",IND,INDEPENDENT,WI,S,[2024],"[2024, 2026]",P,2025-03-18T15:34:07,OTHER,IND
S4VT00017,"LEAHY, PATRICK J",DEM,DEMOCRATIC PARTY,VT,S,"[1974, 1980, 1986, 1992, 1998, 2004, 2010, 2016, 2022]","[1976, 1978, 1980, 1982, 1984, 1986, 1988, 1990, 1992, 1994, 1996, 1998, 2000, 2002, 2004, 2006, 2008, 2010, 2012, 2014, 2016, 2018, 2020, 2022, 2024, 2026]",P,2023-03-09T10:16:03,DEM,DEM
S6IL00433,"LEAVELL, STANLEY MR.",DEM,DEMOCRATIC PARTY,IL,S,[2026],[2026],N,2025-04-25T21:00:17,DEM,DEM
S6NJ00438,"LEBOVICS, ROBERT",REP,REPUBLICAN PARTY,NJ,S,[2026],[2026],C,2026-04-18T21:13:41,REP,REP
S4CA00589,"LEE, BARBARA",DEM,DEMOCRATIC PARTY,CA,S,[2024],"[2024, 2026]",P,2025-03-18T15:34:07,DEM,DEM
S2AK00135,"LEE, HUHNKIE",IND,INDEPENDENT,AK,S,"[2022, 2024]","[2022, 2024, 2026]",N,2023-03-10T21:10:00,OTHER,IND
S0UT00165,"LEE, MIKE",REP,REPUBLICAN PARTY,UT,S,"[2010, 2016, 2022, 2028]","[2010, 2012, 2014, 2016, 2018, 2020, 2022, 2024, 2026]",C,2025-01-10T21:01:11,REP,REP
S6GA00424,"LEGETTE, KIA",DEM,DEMOCRATIC PARTY,GA,S,[2026],[2026],N,2025-12-30T21:00:52,DEM,DEM
S8FL00331,"LELLE, TRAVIS MATTHEW",NPA,NO PARTY AFFILIATION,FL,S,[2028],[2026],N,2026-02-06T21:00:40,OTHER,NPA
S2FL00227,"LEMIEUX, GEORGE S",REP,REPUBLICAN PARTY,FL,S,[2012],"[2012, 2014, 2016, 2018, 2020, 2022, 2024, 2026]",P,2021-12-08T06:50:51,REP,REP
S6LA00664,"LETLOW, JULIA",REP,REPUBLICAN PARTY,LA,S,[2026],[2026],C,2026-04-18T21:13:41,REP,REP
S6OH00395,"LEVY, GREGORY LEE",IND,INDEPENDENT,OH,S,[2026],[2026],C,2026-01-28T21:00:03,OTHER,IND
S2WI00458,"LEWIS, CHANTIA",DEM,DEMOCRATIC PARTY,WI,S,[2022],"[2022, 2024, 2026]",P,2023-03-09T10:16:03,DEM,DEM
S2CA00872,"LIEW, SARAH SUN DR.",REP,REPUBLICAN PARTY,CA,S,"[2022, 2024, 2028]","[2020, 2022, 2024, 2026]",N,2026-04-19T21:14:10,REP,REP
S2NV00415,"LINDEMANN, BARRY",REP,REPUBLICAN PARTY,NV,S,"[2022, 2024]","[2022, 2024, 2026]",P,2025-03-18T15:34:07,REP,REP
S6RI00254,"LINDLEY, JON",IND,INDEPENDENT,RI,S,[2026],"[2024, 2026]",N,2025-01-10T21:01:11,OTHER,IND
S4WV00423,"LINDSAY, DONALD",REP,REPUBLICAN PARTY,WV,S,[2024],"[2024, 2026]",P,2025-03-18T15:34:07,REP,REP
S6MS00117,"LITTELL, ALBERT R",DEM,DEMOCRATIC PARTY,MS,S,[2026],[2026],N,2025-06-30T20:58:43,DEM,DEM
S6AR00215,"LITTLE, JEB",REP,REPUBLICAN PARTY,AR,S,[2026],[2026],C,2026-01-22T21:02:05,REP,REP
S4UT00183,"LOBO-BLANCO, GABRIEL STUART",REP,REPUBLICAN PARTY,UT,S,[2024],"[2022, 2024, 2026]",P,2025-03-18T15:34:07,REP,REP
S2MO00726,"LONG, BILLY",REP,REPUBLICAN PARTY,MO,S,[2022],"[2022, 2024, 2026]",P,2023-03-09T10:16:03,REP,REP
H0MO07113,"LONG, BILLY MR.",REP,REPUBLICAN PARTY,MO,S,"[2010, 2012, 2014, 2016, 2018, 2020, 2022]","[2010, 2012, 2014, 2016, 2018, 2020, 2022, 2024, 2026]",P,2023-03-09T10:16:03,REP,REP
S6IL00540,"LONG, PAMELA",REP,REPUBLICAN PARTY,IL,S,[2026],[2026],C,2026-01-29T21:02:11,REP,REP
S2NY00259,"LONG, WENDY",REP,REPUBLICAN PARTY,NY,S,"[2012, 2016]","[2012, 2014, 2016, 2018, 2020, 2022, 2024, 2026]",P,2021-12-08T06:50:51,REP,REP
S6MN00465,"LOPEZ FRANZEN, MELISA",DEM,DEMOCRATIC PARTY,MN,S,[2026],[2026],C,2025-04-16T21:03:05,DEM,DEM
S6SC04353,"LOUIS, DONAVAN ARTHUR MR",IND,INDEPENDENT,SC,S,[2026],[2026],N,2026-03-29T21:12:30,OTHER,IND
S0TX00308,"LOVE, JOHN BENARD III",DEM,DEMOCRATIC PARTY,TX,S,"[2020, 2024]","[2020, 2022, 2024, 2026]",P,2025-03-18T15:34:07,DEM,DEM
S0NM00058,"LUJAN, BEN RAY",DEM,DEMOCRATIC PARTY,NM,S,"[2020, 2026]","[2020, 2022, 2024, 2026]",C,2026-04-15T21:16:15,DEM,DEM
S0WY00137,"LUMMIS, CYNTHIA MARIE MRS.",REP,REPUBLICAN PARTY,WY,S,"[2020, 2026]","[2020, 2022, 2024, 2026]",C,2025-10-14T21:00:58,REP,REP
S6FL00673,"LYLES, TAMIKA MS",DEM,DEMOCRATIC PARTY,FL,S,[2026],[2026],C,2025-10-18T21:00:34,DEM,DEM
S6SC04213,"LYNCH, MARK",REP,REPUBLICAN PARTY,SC,S,[2026],[2026],C,2025-04-16T21:03:05,REP,REP
S8TN00311,"MACKLER, JAMES",DEM,DEMOCRATIC PARTY,TN,S,"[2018, 2020]","[2018, 2020, 2022, 2024, 2026]",P,2021-12-08T06:50:51,DEM,DEM
S8NY00256,"MADSON, JOSHUA",IND,INDEPENDENT,NY,S,[2028],"[2022, 2024, 2026]",N,2025-01-10T21:01:11,OTHER,IND
S6NV00234,"MAHENDRA, SUJEET BOBBY NARENDRA",DEM,DEMOCRATIC PARTY,NV,S,"[2016, 2018]","[2016, 2018, 2020, 2022, 2024, 2026]",P,2021-12-08T06:50:51,DEM,DEM
S2VT00292,"MALLOY, GERALD",REP,REPUBLICAN PARTY,VT,S,"[2022, 2024]","[2022, 2024, 2026]",P,2025-03-18T15:34:07,REP,REP
S6NY00466,"MANCE, PATRICIA ANNETTE MISS",NYC,,NY,S,[2026],[2026],N,2025-08-01T21:00:30,OTHER,NYC
S0WV00090,"MANCHIN, JOE III",DEM,DEMOCRATIC PARTY,WV,S,"[2010, 2012, 2018, 2024]","[2010, 2012, 2014, 2016, 2018, 2020, 2022, 2024, 2026]",P,2025-03-18T15:34:07,DEM,DEM
S2OH00170,"MANDEL, JOSHUA A.",REP,REPUBLICAN PARTY,OH,S,"[2012, 2018, 2022]","[2012, 2014, 2016, 2018, 2020, 2022, 2024, 2026]",P,2023-03-09T10:16:03,REP,REP
S4TX00714,"MANNING, ZACHARIAH C.",DEM,DEMOCRATIC PARTY,TX,S,[2024],"[2024, 2026]",N,2023-05-02T21:17:54,DEM,DEM
S6TX00297,"MANN, RENNIE HILL",REP,REPUBLICAN PARTY,TX,S,[2026],"[2024, 2026]",N,2025-01-10T21:01:11,REP,REP
S2NH00272,"MANSHARAMANI, VIKRAM",REP,REPUBLICAN PARTY,NH,S,"[2022, 2028]","[2022, 2024, 2026]",N,2025-01-28T21:10:42,REP,REP
S6NH00182,"MANZUR, KARISHMA",DEM,DEMOCRATIC PARTY,NH,S,[2026],[2026],C,2025-10-18T21:00:34,DEM,DEM
S4NV00270,"MARCHANT, JIM",REP,REPUBLICAN PARTY,NV,S,[2024],"[2024, 2026]",P,2025-03-18T15:34:07,REP,REP
S4MA00283,"MARINO, LOUIS GREGORY",LIB,LIBERTARIAN PARTY,MA,S,[2024],"[2024, 2026]",N,2023-03-21T21:11:27,OTHER,LIB
S6NM01186,"MARKER, LARRY E",REP,REPUBLICAN PARTY,NM,S,[2026],[2026],N,2026-04-29T21:28:42,REP,REP
S6CO00424,"MARKERT, GEORGE WASHINGTON MR V",REP,REPUBLICAN PARTY,CO,S,[2026],[2026],C,2025-07-16T21:02:06,REP,REP
S4MA00028,"MARKEY, EDWARD SEN.",DEM,DEMOCRATIC PARTY,MA,S,"[1984, 2014, 2020, 2026]","[1984, 1986, 1988, 2014, 2016, 2018, 2020, 2022, 2024, 2026]",C,2026-03-31T21:14:58,DEM,DEM
S4TX00730,"MARKLAND, MONTGOMERY LEE",REP,REPUBLICAN PARTY,TX,S,[2024],"[2024, 2026]",N,2023-07-10T21:05:09,REP,REP
S6IL00185,"MARSHALL, ROBERT",REP,REPUBLICAN PARTY,IL,S,"[1996, 1998, 2010, 2016, 2020]","[1996, 1998, 2000, 2002, 2010, 2012, 2016, 2018, 2020, 2022, 2024, 2026]",P,2021-12-08T06:50:51,REP,REP
H6KS01179,"MARSHALL, ROGER W",REP,REPUBLICAN PARTY,KS,S,"[2016, 2018, 2020]","[2016, 2018, 2020, 2022, 2024, 2026]",P,2021-12-08T06:50:51,REP,REP
S0KS00315,"MARSHALL, ROGER W",REP,REPUBLICAN PARTY,KS,S,"[2020, 2026]","[2020, 2022, 2024, 2026]",C,2026-04-14T21:14:42,REP,REP
S6AL00450,"MARSHALL, STEVEN T",REP,REPUBLICAN PARTY,AL,S,[2026],[2026],C,2025-07-16T21:02:06,REP,REP
S4MI00512,"MARSH, DOUGLAS PHILIP",GRE,GREEN PARTY,MI,S,[2024],"[2024, 2026]",N,2024-05-21T21:02:20,OTHER,GRE
S4NH00096,"MARTIN, ANDY",REP,REPUBLICAN PARTY,NH,S,"[2014, 2020, 2022]","[2014, 2016, 2018, 2020, 2022, 2024, 2026]",N,2022-03-14T21:09:28,REP,REP
S6NE00152,"MARVIN, MIKE",OTH,OTHER,NE,S,[2026],[2026],C,2026-04-30T22:28:57,OTHER,OTH
S2AZ00372,"MASTERS, BLAKE",REP,REPUBLICAN PARTY,AZ,S,[2022],"[2022, 2024, 2026]",P,2023-03-09T10:16:03,REP,REP
S2SC00103,"MATTHEWS, KRYSTLE",DEM,DEMOCRATIC PARTY,SC,S,[2022],"[2022, 2024, 2026]",P,2023-03-09T10:16:03,DEM,DEM
S6TN00364,"MATTHEWS, YOSHI D.",IND,INDEPENDENT,TN,S,[2026],[2026],N,2026-03-06T21:23:49,OTHER,IND
S6IL00649,"MAXWELL, BRYAN",DEM,DEMOCRATIC PARTY,IL,S,[2026],[2026],C,2026-01-29T21:02:11,DEM,DEM
S4MO00276,"MAY, KARLA",DEM,DEMOCRATIC PARTY,MO,S,[2024],"[2024, 2026]",P,2025-03-18T15:34:07,DEM,DEM
S4NV00403,"MAZLO, CHRISTOPHER CRAIG",NON,NON-PARTY,NV,S,[2024],"[2024, 2026]",N,2024-04-19T21:00:52,OTHER,NON
S6OR05200,"MCALMOND, RUSSELL",REP,REPUBLICAN PARTY,OR,S,[2026],[2026],N,2025-12-30T21:00:52,REP,REP
S6FL00665,"MCBRIDE, EVELYN JANE'-MARIE DR",DEM,DEMOCRATIC PARTY,FL,S,[2026],[2026],N,2025-03-13T20:59:32,DEM,DEM
S6FL00236,"MCBRIDE, WILLIAM",REP,REPUBLICAN PARTY,FL,S,[2006],"[2006, 2008, 2010, 2012, 2014, 2016, 2018, 2020, 2022, 2024, 2026]",P,2021-12-08T06:50:50,REP,REP
S6TN00406,"MCCANTS, KEVIN LEE MR.",DEM,DEMOCRATIC PARTY,TN,S,[2026],[2026],N,2026-04-17T21:14:14,DEM,DEM
S0AZ00376,"MCCARTHY, DANIEL",REP,REPUBLICAN PARTY,AZ,S,[2020],"[2020, 2022, 2024, 2026]",P,2021-12-08T06:50:51,REP,REP
S6MO00305,"MCCASKILL, CLAIRE",DEM,DEMOCRATIC PARTY,MO,S,"[2006, 2012, 2018]","[2006, 2008, 2010, 2012, 2014, 2016, 2018, 2020, 2022, 2024, 2026]",P,2021-12-08T06:50:51,DEM,DEM
S8IL00223,"MCCLANAHAN, ZACHARY",REP,REPUBLICAN PARTY,IL,S,[2028],[2026],N,2025-12-10T21:04:23,REP,REP
S2GA00282,"MCCOLUMN, JONATHAN MR",REP,REPUBLICAN PARTY,GA,S,"[2022, 2026]","[2022, 2024, 2026]",C,2026-04-28T21:25:42,REP,REP
S2KY00012,"MCCONNELL, MITCH",REP,REPUBLICAN PARTY,KY,S,"[1982, 1984, 1990, 1996, 2002, 2008, 2014, 2020, 2026]","[1982, 1984, 1986, 1988, 1990, 1992, 1994, 1996, 1998, 2000, 2002, 2004, 2006, 2008, 2010, 2012, 2014, 2016, 2018, 2020, 2022, 2024, 2026]",C,2025-01-10T21:01:11,REP,REP
S2PA00661,"MCCORMICK, DAVE",REP,REPUBLICAN PARTY,PA,S,"[2022, 2024, 2030]","[2022, 2024, 2026]",C,2025-02-07T21:00:11,REP,REP
S6NJ00388,"MCCORMICK, LISA",DEM,DEMOCRATIC PARTY,NJ,S,[2026],[2026],N,2026-01-13T21:02:51,DEM,DEM
S0NJ00175,"MCCORMICK, LISA",DEM,DEMOCRATIC PARTY,NJ,S,[2020],"[2018, 2020, 2022, 2024, 2026]",N,2021-12-08T06:50:51,DEM,DEM
S2IN00166,"MCCRAY, VALERIE L DR",DEM,DEMOCRATIC PARTY,IN,S,"[2022, 2024]","[2022, 2024, 2026]",P,2025-03-18T15:34:07,DEM,DEM
S4MS00120,"MCDANIEL, CHRISTOPHER BRIAN",REP,REPUBLICAN PARTY,MS,S,"[2014, 2018]","[2014, 2016, 2018, 2020, 2022, 2024, 2026]",P,2021-12-08T06:50:51,REP,REP
S2HI00155,"MCDERMOTT, ROBERT",REP,REPUBLICAN PARTY,HI,S,"[2022, 2024]","[2022, 2024, 2026]",P,2025-03-18T15:34:07,REP,REP
S6NC00464,"MCGINNIS, BRIAN",GRE,GREEN PARTY,NC,S,[2026],[2026],C,2026-04-15T21:16:15,OTHER,GRE
S6PA00266,"MCGINTY, KATHLEEN ALANA",DEM,DEMOCRATIC PARTY,PA,S,[2016],"[2016, 2018, 2020, 2022, 2024, 2026]",P,2021-12-08T06:50:51,DEM,DEM
S0KY00339,"MCGRATH, AMY",DEM,DEMOCRATIC PARTY,KY,S,"[2020, 2026]","[2020, 2022, 2024, 2026]",N,2026-04-30T22:28:57,DEM,DEM
S6KY00344,"MCGRATH, AMY",DEM,DEMOCRATIC PARTY,KY,S,[2026],[2026],C,2026-02-03T20:59:43,DEM,DEM
S6IN00241,"MCGUIRE, DOUGLAS RYAN",REP,REPUBLICAN PARTY,IN,S,[2026],"[2022, 2024, 2026]",N,2025-01-10T21:01:11,REP,REP
S6IN00266,"MCGUIRE, DOUGLAS RYAN",REP,REPUBLICAN PARTY,IN,S,[2026],"[2024, 2026]",N,2025-01-10T21:01:11,REP,REP
S6IN00258,"MCGUIRE, DOUGLAS RYAN",REP,REPUBLICAN PARTY,IN,S,[2026],"[2024, 2026]",N,2025-01-10T21:01:11,REP,REP
S6IN00233,"MCGUIRE, DOUGLAS RYAN",REP,REPUBLICAN PARTY,IN,S,[2026],"[2022, 2024, 2026]",N,2025-01-10T21:01:11,REP,REP
S2AZ00349,"MCGUIRE, MICHAEL MICK",REP,REPUBLICAN PARTY,AZ,S,[2022],"[2022, 2024, 2026]",P,2023-03-09T10:16:03,REP,REP
S6CA01038,"MCGURR, MATTHEW E.",DEM,DEMOCRATIC PARTY,CA,S,"[2025, 2026]","[2020, 2022, 2024, 2026]",N,2026-01-13T21:02:51,DEM,DEM
S4RI00051,"MCKAY, RAYMOND TYLER MR",REP,REPUBLICAN PARTY,RI,S,"[2024, 2026]","[2022, 2024, 2026]",C,2025-07-21T21:00:50,REP,REP
S4WV00365,"MCKINNEY, BRYAN",REP,REPUBLICAN PARTY,WV,S,"[2024, 2026]","[2024, 2026]",N,2025-12-30T21:00:52,REP,REP
S6MT00279,"MCLAUGHLIN, KATE",DEM,DEMOCRATIC PARTY,MT,S,[2026],[2026],N,2026-03-06T21:23:49,DEM,DEM
S6MI00392,"MCMORROW, MALLORY",DEM,DEMOCRATIC PARTY,MI,S,[2026],[2026],C,2026-02-24T21:01:49,DEM,DEM
S8VT00059,"MCMULLEN, JOHN A",REP,REPUBLICAN PARTY,VT,S,"[1998, 2004]","[1998, 2000, 2002, 2004, 2006, 2008, 2010, 2012, 2014, 2016, 2018, 2020, 2022, 2024, 2026]",P,2021-12-08T06:50:50,REP,REP
S2UT00369,"MCMULLIN, DAVID EVAN",UN,UNAFFILIATED,UT,S,[2022],"[2022, 2024, 2026]",P,2023-03-09T10:16:03,OTHER,UN
S6TX00347,"MCNABB, BARRETT ANTHONY",REP,REPUBLICAN PARTY,TX,S,[2026],[2026],C,2025-05-02T20:59:20,REP,REP
S6SD01133,"MCNEAL, JUSTIN S",REP,REPUBLICAN PARTY,SD,S,[2026],[2026],N,2025-11-13T21:02:32,REP,REP
S4WV00407,"MCNULTY, JANET",REP,REPUBLICAN PARTY,WV,S,"[2024, 2026]","[2024, 2026]",N,2025-12-01T21:06:36,REP,REP
S2MO00577,"MCQUEEN, ELDON DAN",REP,REPUBLICAN PARTY,MO,S,[2022],"[2022, 2024, 2026]",P,2023-03-09T10:16:03,REP,REP
S4TX00698,"MCQUEEN, ELDON DANIEL",IDP,INDEPENDENCE PARTY,TX,S,[2024],"[2024, 2026]",P,2025-03-18T15:34:07,OTHER,IDP
S8AZ00221,"MCSALLY, MARTHA",REP,REPUBLICAN PARTY,AZ,S,"[2018, 2020]","[2018, 2020, 2022, 2024, 2026]",P,2021-12-08T06:50:51,REP,REP
S6WY00225,"MEAD, SAMUEL",REP,REPUBLICAN PARTY,WY,S,[2026],[2026],N,2026-04-17T21:14:14,REP,REP
S0NJ00217,"MEHTA, RIKIN",REP,REPUBLICAN PARTY,NJ,S,[2020],"[2020, 2022, 2024, 2026]",P,2021-12-08T06:50:51,REP,REP
S4MI00637,"MEIJER, PETER MR.",REP,REPUBLICAN PARTY,MI,S,[2024],"[2024, 2026]",P,2025-03-18T15:34:07,REP,REP
S6OK04205,"MEINHARDT, RON",IND,INDEPENDENT,OK,S,[2026],[2026],C,2026-04-18T21:13:41,OTHER,IND
S4NJ00409,"MELE, GREGG",REP,REPUBLICAN PARTY,NJ,S,[2024],"[2024, 2026]",N,2024-08-22T21:00:32,REP,REP
S6AZ00217,"MELUSKEY, ALEXANDER",REP,REPUBLICAN PARTY,AZ,S,[2016],"[2016, 2018, 2020, 2022, 2024, 2026]",P,2021-12-08T06:50:51,REP,REP
S6NJ00289,"MENENDEZ, ROBERT",IND,INDEPENDENT,NJ,S,"[2006, 2012, 2018, 2024]","[2006, 2008, 2010, 2012, 2014, 2016, 2018, 2020, 2022, 2024, 2026]",P,2025-03-18T15:34:07,OTHER,IND
S8OR00207,"MERKLEY, JEFFREY ALAN",DEM,DEMOCRATIC PARTY,OR,S,"[2008, 2014, 2020, 2026]","[2008, 2010, 2012, 2014, 2016, 2018, 2020, 2022, 2024, 2026]",C,2026-01-13T21:02:51,DEM,DEM
S2VT00300,"MERMEL, MYERS",REP,REPUBLICAN PARTY,VT,S,[2022],"[2022, 2024, 2026]",P,2023-03-09T10:16:03,REP,REP
S0AL00289,"MERRILL, JOHN H",REP,REPUBLICAN PARTY,AL,S,[2020],"[2020, 2022, 2024, 2026]",P,2021-12-08T06:50:51,REP,REP
S4NJ00516,"MERRILL, PATRICK JAMES",DEM,DEMOCRATIC PARTY,NJ,S,[2024],"[2024, 2026]",N,2024-08-22T21:00:32,DEM,DEM
S8AK00082,"METCALFE, RAY HOMER",DEM,DEMOCRATIC PARTY,AK,S,"[2008, 2016]","[2008, 2010, 2016, 2018, 2020, 2022, 2024, 2026]",P,2021-12-08T06:50:51,DEM,DEM
S6LA00540,"MIGUEZ, BLAKE",REP,REPUBLICAN PARTY,LA,S,[2026],[2026],C,2025-07-16T21:02:06,REP,REP
S6AK00243,"MIKLOS, CHRISTOPHER",REP,REPUBLICAN PARTY,AK,S,[2026],"[2024, 2026]",N,2025-01-10T21:01:11,REP,REP
S4NY00446,"MILLER, (EMILY) YUEXIN",REP,REPUBLICAN PARTY,NY,S,[2024],"[2024, 2026]",N,2024-07-18T21:02:01,REP,REP
S8MA00359,"MILLER, JAMES ADAM",DEM,DEMOCRATIC PARTY,MA,S,[2028],[2026],N,2025-01-10T21:01:11,DEM,DEM
S8NY00272,"MILLER, TERRELL",REP,REPUBLICAN PARTY,NY,S,[2028],"[2024, 2026]",N,2025-01-10T21:01:11,REP,REP
S4TN00534,"MILLER-WATKINS, CIVIL MARSHA",DEM,DEMOCRATIC PARTY,TN,S,[2024],"[2024, 2026]",P,2025-03-18T15:34:07,DEM,DEM
S4NY00297,"MILLER, YUEXIN",AIP,AMERICAN INDEPENDENT PARTY,NY,S,[2023],"[2024, 2026]",N,2023-02-07T00:05:32,OTHER,AIP
S6ME00407,"MILLS, JANET TRAFTON",DEM,DEMOCRATIC PARTY,ME,S,[2026],[2026],C,2026-02-09T20:58:28,DEM,DEM
S0VA00112,"MINA, ALDOUS D",REP,REPUBLICAN PARTY,VA,S,"[2020, 2026]","[2020, 2022, 2026]",N,2025-12-30T21:00:52,REP,REP
S6CO00416,"MINER, NICHOLE",DEM,DEMOCRATIC PARTY,CO,S,[2026],[2026],N,2025-03-13T20:59:32,DEM,DEM
S8IL00215,"MINK, AUSTIN JAMES",IND,INDEPENDENT,IL,S,"[2026, 2028]","[2024, 2026]",N,2025-05-17T20:57:55,OTHER,IND
S6NJ00370,"MISSERI, MICHAEL",ASO,,NJ,S,[2026],[2026],N,2025-12-30T21:00:52,OTHER,ASO
S6TN00331,"MIXON, ANDREW WOODRUFF MR",FED,FEDERALIST,TN,S,[2026],[2026],N,2025-08-01T21:00:30,OTHER,FED
S6TN00323,"MIXON, ANDREW WOODRUFF MR",IND,INDEPENDENT,TN,S,[2026],[2026],N,2025-06-09T20:59:02,OTHER,IND
S8VA00321,"MIZUSAWA, BERT K",REP,REPUBLICAN PARTY,VA,S,"[2018, 2026]","[2018, 2026]",C,2026-04-16T21:15:09,REP,REP
S6FL00640,"MOODY, ASHLEY",REP,REPUBLICAN PARTY,FL,S,[2026],[2026],C,2026-04-29T21:28:42,REP,REP
S4WV00324,"MOONEY, ALEXANDER X",REP,REPUBLICAN PARTY,WV,S,[2024],"[2022, 2024, 2026]",P,2025-03-18T15:34:07,REP,REP
S4NJ00565,"MOONEYHAM, PATRICIA G MISS",UN,UNAFFILIATED,NJ,S,[2024],"[2024, 2026]",N,2024-08-22T21:00:32,OTHER,UN
S6AL00476,"MOORE, FELIX BARRY",REP,REPUBLICAN PARTY,AL,S,[2026],[2026],C,2025-09-02T21:03:03,REP,REP
S0KS00091,"MORAN, JERRY",REP,REPUBLICAN PARTY,KS,S,"[2010, 2016, 2022, 2028]","[2008, 2010, 2012, 2014, 2016, 2018, 2020, 2022, 2024, 2026]",C,2025-01-10T21:01:11,REP,REP
S6VA00218,"MORAN, MARK",IND,INDEPENDENT,VA,S,[2026],[2026],N,2026-04-14T21:14:42,OTHER,IND
S4OH00192,"MORENO, BERNIE",REP,REPUBLICAN PARTY,OH,S,"[2024, 2030]","[2024, 2026]",C,2026-03-25T21:17:50,REP,REP
S4RI00085,"MORGAN, PATRICIA L",REP,REPUBLICAN PARTY,RI,S,[2024],"[2024, 2026]",P,2025-03-18T15:34:07,REP,REP
S6TX00453,"MORGUL, EMILY",DEM,DEMOCRATIC PARTY,TX,S,[2026],[2026],N,2025-08-11T21:00:06,DEM,DEM
S6LA00565,"MOROTT, JOSHUA",REP,REPUBLICAN PARTY,LA,S,[2026],[2026],N,2025-08-01T21:00:30,REP,REP
S8WV00143,"MORRISEY, PATRICK MR",REP,REPUBLICAN PARTY,WV,S,[2018],"[2018, 2020, 2022, 2024, 2026]",P,2021-12-08T06:50:51,REP,REP
S6KY00302,"MORRIS, NATE",REP,REPUBLICAN PARTY,KY,S,[2026],[2026],C,2026-01-07T21:03:57,REP,REP
S6NC00522,"MORROW, MICHELE",REP,REPUBLICAN PARTY,NC,S,[2026],[2026],C,2026-02-19T20:59:48,REP,REP
S4WY00188,"MORROW, SCOTT D MR",DEM,DEMOCRATIC PARTY,WY,S,[2024],"[2024, 2026]",P,2025-03-18T15:34:07,DEM,DEM
S2NH00249,"MORSE, CHUCK",REP,REPUBLICAN PARTY,NH,S,"[2022, 2026]","[2022, 2024, 2026]",N,2025-03-13T20:59:32,REP,REP
S4TN00575,"MOSES, PAMELA",IDP,INDEPENDENCE PARTY,TN,S,[2024],"[2024, 2026]",C,2026-03-10T21:23:39,OTHER,IDP
S6MA00296,"MOULTON, SETH",DEM,DEMOCRATIC PARTY,MA,S,[2026],[2026],C,2025-11-13T21:02:32,DEM,DEM
S4FL00611,"MUCARSEL-POWELL, DEBBIE",DEM,DEMOCRATIC PARTY,FL,S,[2024],"[2024, 2026]",P,2025-03-18T15:34:07,DEM,DEM
S6IL00557,"MUHAMMAD, TYRONE",IND,INDEPENDENT,IL,S,[2026],[2026],N,2025-06-30T20:58:43,OTHER,IND
S6FL00806,"MUJICA, HECTOR DANIEL",DEM,DEMOCRATIC PARTY,FL,S,[2026],[2026],C,2026-02-09T20:58:28,DEM,DEM
S2OK00186,"MULLIN, MARKWAYNE",REP,REPUBLICAN PARTY,OK,S,"[2022, 2026]","[2022, 2024, 2026]",C,2025-01-10T21:01:11,REP,REP
S6CA01061,"MUNOZ, EDGAR F",IND,INDEPENDENT,CA,S,[2025],[2026],N,2025-11-13T21:02:32,OTHER,IND
S4MN00494,"MUNRO, PATRICK D",REP,REPUBLICAN PARTY,MN,S,[2024],"[2024, 2026]",N,2023-06-08T21:05:05,REP,REP
S4AK00099,"MURKOWSKI, LISA",REP,REPUBLICAN PARTY,AK,S,"[2004, 2010, 2016, 2022, 2028]","[2004, 2006, 2008, 2010, 2012, 2014, 2016, 2018, 2020, 2022, 2024, 2026]",C,2025-01-10T21:01:11,REP,REP
S2CT00132,"MURPHY, CHRISTOPHER S",DEM,DEMOCRATIC PARTY,CT,S,"[2012, 2018, 2024, 2030]","[2012, 2014, 2016, 2018, 2020, 2022, 2024, 2026]",C,2025-07-13T20:59:11,DEM,DEM
S4NJ00532,"MURPHY, JUSTIN MICHAEL LL.M.",REP,REPUBLICAN PARTY,NJ,S,"[2024, 2026]","[2024, 2026]",C,2026-04-10T21:13:55,REP,REP
S6PA00332,"MURPHY, MICHAEL ANTHONY",DEM,DEMOCRATIC PARTY,PA,S,[2026],"[2024, 2026]",N,2025-01-10T21:01:11,DEM,DEM
S6AL00484,"MURPHY, MORGAN W. W.",REP,REPUBLICAN PARTY,AL,S,[2026],[2026],C,2026-02-09T20:58:28,REP,REP
S6KS00270,"MURRAY, ERIK",DEM,DEMOCRATIC PARTY,KS,S,[2026],[2026],C,2026-02-09T20:58:28,DEM,DEM
S2WA00189,"MURRAY, PATTY",DEM,DEMOCRATIC PARTY,WA,S,"[1992, 1998, 2004, 2010, 2016, 2022, 2028]","[1992, 1994, 1996, 1998, 2000, 2002, 2004, 2006, 2008, 2010, 2012, 2014, 2016, 2018, 2020, 2022, 2024, 2026]",C,2025-01-10T21:01:11,DEM,DEM
S0CO00344,"NAPOLITANO, JASON ANDREW",IND,INDEPENDENT,CO,S,[2010],"[2010, 2012, 2014, 2016, 2018, 2020, 2022, 2024, 2026]",P,2021-12-08T06:50:50,OTHER,IND
S6MT00238,"NEILL, REILLY",DEM,DEMOCRATIC PARTY,MT,S,[2026],"[2024, 2026]",C,2026-03-06T21:23:49,DEM,DEM
S6NE00095,"NELSON, E BENJAMIN",DEM,DEMOCRATIC PARTY,NE,S,"[1996, 2000, 2006, 2012, 2014]","[1996, 1998, 2000, 2002, 2004, 2006, 2008, 2010, 2012, 2014, 2016, 2018, 2020, 2022, 2024, 2026]",N,2021-12-08T06:50:51,DEM,DEM
S4UT00274,"NEWCOMB, ROBERT",IAP,INDEPENDENT AMERICAN PARTY,UT,S,[2024],"[2024, 2026]",N,2024-01-05T21:07:30,OTHER,IAP
S2NC00471,"NEWTON, EVERETTE (RETT) S.",DEM,DEMOCRATIC PARTY,NC,S,[2022],"[2022, 2024, 2026]",P,2023-03-09T10:16:03,DEM,DEM
S2FL00656,"NGUYEN, QUOC TUAN MR.",NPA,NO PARTY AFFILIATION,FL,S,"[2022, 2024]","[2022, 2024, 2026]",P,2025-03-18T15:34:07,OTHER,NPA
S6NC00340,"NICKEL, WILEY",DEM,DEMOCRATIC PARTY,NC,S,[2026],"[2024, 2026]",C,2025-06-30T20:58:43,DEM,DEM
S6NC00357,"NILSSON, ROBERT ANDERS MR",REP,REPUBLICAN PARTY,NC,S,[2026],[2026],N,2025-06-30T20:58:43,REP,REP
S6FL00830,"NIXON, ANGELA",DEM,DEMOCRATIC PARTY,FL,S,[2026],[2026],C,2026-02-09T20:58:28,DEM,DEM
S6MN00473,"NORD, BILLY",DFL,DEMOCRATIC-FARMER-LABOR,MN,S,[2026],[2026],N,2025-04-25T21:00:17,OTHER,DFL
S6IA00280,"NORRIS, JACKIE",DEM,DEMOCRATIC PARTY,IA,S,[2026],[2026],C,2025-10-18T21:00:34,DEM,DEM
S6NM01160,"OCONNELL, MELISSA MIRA",IND,INDEPENDENT,NM,S,[2026],[2026],N,2026-03-29T21:12:30,OTHER,IND
S2CO00241,"O'DEA, JOSEPH MATTHEW",REP,REPUBLICAN PARTY,CO,S,[2022],"[2022, 2024, 2026]",P,2023-03-09T10:16:03,REP,REP
S6OH00387,"ODE, FREDERICK J",DEM,DEMOCRATIC PARTY,OH,S,[2026],[2026],C,2025-10-18T21:00:34,DEM,DEM
S4FL00678,"O''DELL, SHANNON MAY",REP,REPUBLICAN PARTY,FL,S,[2024],"[2024, 2026]",N,2024-08-26T21:00:07,REP,REP
S6DE00131,"O'DONNELL, CHRISTINE",REP,REPUBLICAN PARTY,DE,S,"[2006, 2008, 2010]","[2006, 2008, 2010, 2012, 2014, 2016, 2018, 2020, 2022, 2024, 2026]",P,2021-12-08T06:50:50,REP,REP
S4MI00561,"O'DONNELL, SHERRELL ANNE",REP,REPUBLICAN PARTY,MI,S,[2024],"[2024, 2026]",P,2025-03-18T15:34:07,REP,REP
S2WI00383,"OLIKARA, STEVEN",DEM,DEMOCRATIC PARTY,WI,S,[2022],"[2022, 2024, 2026]",P,2023-03-09T10:16:03,DEM,DEM
S4CA00969,"O'NEIL, RUSTEN",IND,INDEPENDENT,CA,S,[2024],"[2024, 2026]",N,2024-02-12T20:59:25,OTHER,IND
S0TN00193,"ONYEJIAKA, DIANA",DEM,DEMOCRATIC PARTY,TN,S,"[2020, 2026]","[2020, 2026]",N,2026-04-17T21:14:14,DEM,DEM
S6IL00573,"ORTEGA, JANUARIO MR.",REP,REPUBLICAN PARTY,IL,S,[2026],[2026],N,2025-06-30T20:58:43,REP,REP
S4MN00361,"ORTMAN, JULIANNE",REP,REPUBLICAN PARTY,MN,S,[2014],"[2014, 2016, 2018, 2020, 2022, 2024, 2026]",P,2021-12-08T06:50:51,REP,REP
S4NE00207,"OSBORN, DAN",IND,INDEPENDENT,NE,S,"[2024, 2026]","[2024, 2026]",C,2025-12-05T21:03:03,OTHER,IND
S8GA00180,"OSSOFF, T. JONATHAN",DEM,DEMOCRATIC PARTY,GA,S,"[2020, 2026]","[2020, 2022, 2024, 2026]",C,2026-04-24T21:28:05,DEM,DEM
S4MD00376,"OSUCHUKWU, ONYEKACHI",IND,INDEPENDENT,MD,S,[2024],"[2024, 2026]",N,2024-08-26T21:00:07,OTHER,IND
S0PA00517,"OWENS, CLEVON M MR.",DEM,DEMOCRATIC PARTY,PA,S,[2030],[2026],N,2025-02-20T21:01:31,DEM,DEM
S2PA00638,"OZ, MEHMET DR",REP,REPUBLICAN PARTY,PA,S,[2022],"[2022, 2024, 2026]",P,2023-03-09T10:16:03,REP,REP
S4MA00341,"PACKARD, AARON L",REP,REPUBLICAN PARTY,MA,S,[2024],"[2024, 2026]",N,2023-12-26T20:59:36,REP,REP
S2CA00955,"PADILLA, ALEX",DEM,DEMOCRATIC PARTY,CA,S,"[2022, 2028]","[2020, 2022, 2024, 2026]",C,2025-01-10T21:01:11,DEM,DEM
S4CT00195,"PAGLINO, JUSTIN COBB DR",GRE,GREEN PARTY,CT,S,[2024],"[2024, 2026]",P,2025-03-18T15:34:07,OTHER,GRE
S6IL00524,"PALMER, ROBERT A MR",DEM,DEMOCRATIC PARTY,IL,S,[2026],[2026],N,2025-06-09T20:59:02,DEM,DEM
S6NH00141,"PAPPAS, CHRIS",DEM,DEMOCRATIC PARTY,NH,S,[2026],[2026],C,2026-04-15T21:16:15,DEM,DEM
S6KS00239,"PARELKAR, LOIS ANNE ELIZABETH LEA",DEM,DEMOCRATIC PARTY,KS,S,[2026],[2026],C,2025-11-18T21:02:39,DEM,DEM
S2LA00127,"PARHAM, NICHOLAS",IND,INDEPENDENT,LA,S,[2022],"[2022, 2024, 2026]",N,2022-01-13T01:40:22,OTHER,IND
S4VA00312,"PARKINSON, SCOTT THOMAS",REP,REPUBLICAN PARTY,VA,S,[2024],"[2024, 2026]",P,2025-03-18T15:34:07,REP,REP
S6PA00340,"PARVEZ, TARIQ",REP,REPUBLICAN PARTY,PA,S,[2026],"[2024, 2026]",N,2025-01-10T21:01:11,REP,REP
S2WI00532,"PAUL, ADAM NICHOLAS",IND,INDEPENDENT,WI,S,"[2022, 2024]","[2022, 2024, 2026]",N,2024-12-26T21:00:06,OTHER,IND
S0KY00156,"PAUL, RAND",REP,REPUBLICAN PARTY,KY,S,"[2010, 2016, 2022, 2028]","[2010, 2012, 2014, 2016, 2018, 2020, 2022, 2024, 2026]",C,2025-01-10T21:01:11,REP,REP
S6TX00388,"PAXTON, WARREN KENNETH JR.",REP,REPUBLICAN PARTY,TX,S,[2026],[2026],C,2025-08-02T20:58:13,REP,REP
S0NM00041,"PEARCE, STEVE",REP,REPUBLICAN PARTY,NM,S,"[2000, 2008]","[2000, 2002, 2004, 2006, 2008, 2010, 2012, 2014, 2016, 2018, 2020, 2022, 2024, 2026]",P,2021-12-08T06:50:50,REP,REP
S2WI00417,"PECKARSKY, PETER",DEM,DEMOCRATIC PARTY,WI,S,[2022],"[2022, 2024, 2026]",P,2023-03-09T10:16:03,DEM,DEM
S6AK00276,"PELTOLA, MARY",DEM,DEMOCRATIC PARTY,AK,S,[2026],[2026],C,2026-04-18T21:13:41,DEM,DEM
S4TX00813,"PENDRAGON, SOREN",DEM,DEMOCRATIC PARTY,TX,S,[2024],"[2024, 2026]",N,2023-10-29T21:00:13,DEM,DEM
S4OR00156,"PERKINS, JO RAE",REP,REPUBLICAN PARTY,OR,S,"[2014, 2020, 2022, 2026]","[2014, 2016, 2020, 2022, 2024, 2026]",C,2026-04-18T21:13:41,REP,REP
S6FL00772,"PERRY, NEELAM TANEJA DR",NPA,NO PARTY AFFILIATION,FL,S,[2026],[2026],N,2025-08-01T21:00:30,OTHER,NPA
S6FL00764,"PERRY, NEELAM TANEJA DR",NPA,NO PARTY AFFILIATION,FL,S,[2026],[2026],N,2025-08-01T21:00:30,OTHER,NPA
S6FL00780,"PERRY, NEELAM TANEJA DR",NPA,NO PARTY AFFILIATION,FL,S,[2026],[2026],N,2025-08-01T21:00:30,OTHER,NPA
S4MN00551,"PETERSEN, RAYMOND DAVID",REP,REPUBLICAN PARTY,MN,S,"[2024, 2026]","[2024, 2026]",N,2025-02-14T21:05:30,REP,REP
S4MI00355,"PETERS, GARY",DEM,DEMOCRATIC PARTY,MI,S,"[2014, 2020, 2026]","[2014, 2016, 2018, 2020, 2022, 2024, 2026]",C,2025-10-15T21:01:51,DEM,DEM
S4CA00910,"PETERSON, DAVID",DEM,DEMOCRATIC PARTY,CA,S,[2024],"[2024, 2026]",N,2024-08-26T21:00:07,DEM,DEM
S0NY00659,"PETRO, HUNTER CAMERON MR",DEM,DEMOCRATIC PARTY,NY,S,[2040],"[2020, 2022, 2024, 2026]",N,2021-12-08T06:50:51,DEM,DEM
S0KY00412,"PETTEYS, DEREK L.",REP,REPUBLICAN PARTY,KY,S,[2020],"[2020, 2022, 2024, 2026]",N,2021-12-08T06:50:51,REP,REP
S6WV00170,"PHILLIPS, RIO",DEM,DEMOCRATIC PARTY,WV,S,[2026],[2026],C,2026-03-16T21:15:59,DEM,DEM
S6CA00790,"PIERCE, DOUGLAS HOWARD",DEM,DEMOCRATIC PARTY,CA,S,"[2016, 2018, 2022, 2024]","[2016, 2018, 2020, 2022, 2024, 2026]",N,2024-08-26T21:00:07,DEM,DEM
S6GA00440,"PILE, CHELSAE",REP,REPUBLICAN PARTY,GA,S,[2026],[2026],N,2026-01-28T21:00:03,REP,REP
S6GA00432,"PILE, CHELSAE",REP,REPUBLICAN PARTY,GA,S,[2026],[2026],N,2026-01-28T21:00:03,REP,REP
S2NY00499,"PINION, JOSEPH III",REP,REPUBLICAN PARTY,NY,S,[2022],"[2022, 2024, 2026]",P,2023-03-09T10:16:03,REP,REP
S4MS00187,"PINKINS, TY",IND,INDEPENDENT,MS,S,"[2024, 2026]","[2022, 2024, 2026]",C,2025-07-23T21:03:05,OTHER,IND
S6AR00165,"PITTMAN, JONATHAN",DEM,DEMOCRATIC PARTY,AR,S,[2026],[2026],N,2025-06-09T20:59:02,DEM,DEM
S6ME00373,"PLATNER, GRAHAM",DEM,DEMOCRATIC PARTY,ME,S,[2026],[2026],C,2025-10-22T21:01:01,DEM,DEM
S6CO00515,"POND, SEAN M.",CON,CONSTITUTION PARTY,CO,S,[2026],[2026],C,2026-04-18T21:13:41,OTHER,CON
S4CA00522,"PORTER, KATHERINE",DEM,DEMOCRATIC PARTY,CA,S,[2024],"[2024, 2026]",P,2025-03-18T15:34:07,DEM,DEM
S0OH00133,"PORTMAN, ROB THE HONORA",REP,REPUBLICAN PARTY,OH,S,"[2010, 2016, 2022]","[2010, 2012, 2014, 2016, 2018, 2020, 2022, 2024, 2026]",P,2023-03-09T10:16:03,REP,REP
S4IN00261,"POTTS, KEITH",DEM,DEMOCRATIC PARTY,IN,S,[2024],"[2024, 2026]",P,2025-03-18T15:34:07,DEM,DEM
S4CA00746,"POUND, PERRY",DEM,DEMOCRATIC PARTY,CA,S,[2024],"[2024, 2026]",P,2025-03-18T15:34:07,DEM,DEM
S0TN00219,"PRESLEY, JOHNNY W",REP,REPUBLICAN PARTY,TN,S,[2020],"[2020, 2022, 2024, 2026]",P,2021-12-08T06:50:51,REP,REP
S6OK04197,"PRIEST, JIM",DEM,DEMOCRATIC PARTY,OK,S,[2026],[2026],C,2026-04-18T21:13:41,DEM,DEM
S4MI00538,"PUGH, PAMELA L",DEM,DEMOCRATIC PARTY,MI,S,[2024],"[2024, 2026]",P,2025-03-18T15:34:07,DEM,DEM
S2OH00287,"PUKITA, MARK MR.",REP,REPUBLICAN PARTY,OH,S,[2022],"[2020, 2022, 2024, 2026]",P,2023-03-09T10:16:03,REP,REP
S6CA01053,"PULLIAM, ALANDER",IND,INDEPENDENT,CA,S,[2026],[2026],N,2025-09-22T21:04:13,OTHER,IND
S2ID00194,"PURSLEY, BENJAMIN",DEM,DEMOCRATIC PARTY,ID,S,[2022],"[2022, 2024, 2026]",P,2023-03-09T10:16:03,DEM,DEM
S6NC00423,"QUICK, ORRICK ROMAINE",DEM,DEMOCRATIC PARTY,NC,S,[2026],[2026],N,2025-08-04T21:00:03,DEM,DEM
S4AZ00311,"QUINTANA, EDUARDO",GRE,GREEN PARTY,AZ,S,[2024],"[2024, 2026]",N,2024-12-26T21:00:06,OTHER,GRE
S4CA00613,"RAB, AEJAZ ( RAJI )",DEM,DEMOCRATIC PARTY,CA,S,[2024],"[2024, 2026]",P,2025-03-18T15:34:07,DEM,DEM
S6OK04262,"RAGAIN, BRIAN MATTHEW",REP,REPUBLICAN PARTY,OK,S,[2026],[2026],N,2026-04-07T21:14:51,REP,REP
S8VA00305,"RAIKLIN, IVAN ERIC",REP,REPUBLICAN PARTY,VA,S,[2018],"[2018, 2020, 2022, 2024, 2026]",P,2021-12-08T06:50:51,REP,REP
S6CA01079,"RAM, MELANIE",DEM,DEMOCRATIC PARTY,CA,S,[2026],[2026],N,2025-12-30T21:00:52,DEM,DEM
S4FL00793,"RAMSAROOP, JOEL",REP,REPUBLICAN PARTY,FL,S,[2024],"[2024, 2026]",N,2024-05-01T21:01:37,REP,REP
S6KY00252,"RANDALL, JARED",DEM,DEMOCRATIC PARTY,KY,S,[2026],[2026],N,2025-04-02T21:01:27,DEM,DEM
S4UT00233,"RANDALL, JOSHUA R",REP,REPUBLICAN PARTY,UT,S,[2024],"[2024, 2026]",N,2023-10-29T21:00:13,REP,REP
S6CA01087,"RASHID, MUHAMMAD M",ACE,ACE PARTY,CA,S,[2036],[2026],N,2026-04-09T21:14:22,OTHER,ACE
S6WA00479,"RASHID, MUHAMMAD MUSTAFA",DEM,DEMOCRATIC PARTY,WA,S,[2036],[2026],N,2026-04-09T21:14:22,DEM,DEM
S2TX00593,"RASHID, MUHAMMAD MUSTAFA",ACE,ACE PARTY,TX,S,[2032],[2026],N,2026-04-09T21:14:22,OTHER,ACE
S6MI00525,"RASHID, MUHAMMAD MUSTAFA",DEM,DEMOCRATIC PARTY,MI,S,[2036],[2026],N,2026-04-09T21:14:22,DEM,DEM
S4WY00162,"RASNER, REID",REP,REPUBLICAN PARTY,WY,S,"[2024, 2026]","[2024, 2026]",C,2025-12-30T21:00:52,REP,REP
S4WI00231,"RAVEENDRAN, REJANI",REP,REPUBLICAN PARTY,WI,S,[2024],"[2024, 2026]",P,2025-03-18T15:34:07,REP,REP
S0KS00307,"REDDI, USHA",DEM,DEMOCRATIC PARTY,KS,S,[2020],"[2020, 2022, 2024, 2026]",P,2021-12-08T06:50:51,DEM,DEM
S6OH00429,"REDPATH, WILLIAM",LIB,LIBERTARIAN PARTY,OH,S,[2026],[2026],C,2026-04-15T21:16:15,OTHER,LIB
S6RI00163,"REED, JOHN F.",DEM,DEMOCRATIC PARTY,RI,S,"[1996, 2002, 2008, 2014, 2020, 2026]","[1996, 1998, 2000, 2002, 2004, 2006, 2008, 2010, 2012, 2014, 2016, 2018, 2020, 2022, 2024, 2026]",C,2025-10-30T21:01:58,DEM,DEM
S6VA00176,"REEVES, BRYCE",REP,REPUBLICAN PARTY,VA,S,[2026],[2026],C,2026-02-09T20:58:28,REP,REP
S4NV00411,"REGO, VINCENT GERONIMO",REP,REPUBLICAN PARTY,NV,S,[2024],"[2024, 2026]",N,2024-08-26T21:00:07,REP,REP
S6MT00097,"REHBERG, DENNIS RAY",REP,REPUBLICAN PARTY,MT,S,"[1996, 2012]","[1996, 1998, 2012, 2014, 2016, 2018, 2020, 2022, 2024, 2026]",P,2021-12-08T06:50:51,REP,REP
S4CA00670,"REISS, JONATHAN",REP,REPUBLICAN PARTY,CA,S,[2024],"[2024, 2026]",P,2025-03-18T15:34:07,REP,REP
S6ME00282,"RENCH, PHILLIP",IND,INDEPENDENT,ME,S,[2026],[2026],C,2025-04-16T21:03:05,OTHER,IND
S4CA00381,"RESENDEZ, JESSICA SERENE",DEM,DEMOCRATIC PARTY,CA,S,[2024],"[2022, 2024, 2026]",N,2023-02-16T21:49:38,DEM,DEM
S4AZ00246,"REYE, ELIZABETH MOORE",REP,REPUBLICAN PARTY,AZ,S,[2024],"[2024, 2026]",N,2024-03-05T21:00:08,REP,REP
S6VA00150,"REYNOLDS, JASON STEPHEN",DEM,DEMOCRATIC PARTY,VA,S,[2026],[2026],N,2025-06-09T20:59:02,DEM,DEM
S6ME00415,"RICH, TIMOTHY",UN,UNAFFILIATED,ME,S,[2026],[2026],N,2026-01-28T21:00:03,OTHER,UN
S6NE00129,"RICKETTS, PETE",REP,REPUBLICAN PARTY,NE,S,"[2006, 2008, 2024, 2026]","[2006, 2008, 2010, 2012, 2024, 2026]",C,2026-04-06T21:14:27,REP,REP
S6MA00254,"RIKLEEN, ALEXANDER",DEM,DEMOCRATIC PARTY,MA,S,[2026],[2026],C,2025-07-16T21:02:06,DEM,DEM
S8ID00092,"RISCH, JAMES E MR.",UNK,UNKNOWN,ID,S,"[2008, 2014, 2020, 2026]","[2008, 2010, 2012, 2014, 2016, 2018, 2020, 2022, 2024, 2026]",C,2025-01-10T21:01:11,OTHER,UNK
S8NY00322,"RIVEN, JONATHAN BRUCE",DEM,DEMOCRATIC PARTY,NY,S,[2028],[2026],N,2025-08-28T21:25:16,DEM,DEM
S6FL00897,"RIVERA, ERNEST ERNIE JOHN REV. DR.",REP,REPUBLICAN PARTY,FL,S,[2026],[2026],N,2026-04-19T21:14:10,REP,REP
S6FL00418,"RIVERA, ERNESTO J",REP,REPUBLICAN PARTY,FL,S,[2016],"[2016, 2018, 2020, 2022, 2026]",P,2021-12-08T06:50:51,REP,REP
S6NJ00396,"RIVERA, NATALIE",IND,INDEPENDENT,NJ,S,[2026],[2026],N,2026-03-26T21:31:59,OTHER,IND
S6PA00373,"ROBINSON, MICHAEL D",DEM,DEMOCRATIC PARTY,PA,S,[2026],[2026],N,2026-02-20T21:03:04,DEM,DEM
S6ME00365,"RODRIGUEZ, DAIRA",DEM,DEMOCRATIC PARTY,ME,S,[2026],[2026],C,2025-10-18T21:00:34,DEM,DEM
S0CO00617,"RODRIGUEZ, JOSHUA",UNK,UNKNOWN,CO,S,[2020],"[2020, 2022, 2024, 2026]",N,2021-12-08T06:50:51,OTHER,UNK
S0AZ00509,"RODRIGUEZ, JOSHUA",W,WRITE-IN,AZ,S,[2020],"[2020, 2022, 2024, 2026]",N,2021-12-08T06:50:51,OTHER,W
S4TX00607,"RODRIGUEZ-PRILLIMAN, HELI",DEM,DEMOCRATIC PARTY,TX,S,[2024],"[2022, 2024, 2026]",P,2025-03-18T15:34:07,DEM,DEM
S6IL00631,"RODRIQUEZ, ADAIR",DEM,DEMOCRATIC PARTY,IL,S,[2026],[2026],N,2025-09-02T21:03:03,DEM,DEM
S4MI00595,"ROGERS, MICHAEL J",REP,REPUBLICAN PARTY,MI,S,"[2024, 2026]","[2024, 2026]",C,2026-04-03T21:13:47,REP,REP
S8IN00189,"ROKITA, THEODORE EDWARD",REP,REPUBLICAN PARTY,IN,S,[2018],"[2018, 2020, 2022, 2024, 2026]",P,2021-12-08T06:50:51,REP,REP
S4FL00561,"ROMAGNANO, CHASE ANDERSON MR.",DEM,DEMOCRATIC PARTY,FL,S,[2024],"[2024, 2026]",N,2023-04-16T21:09:31,DEM,DEM
S6KY00369,"ROMANS, DALE",DEM,DEMOCRATIC PARTY,KY,S,[2026],[2026],C,2026-02-09T20:58:28,DEM,DEM
S8UT00176,"ROMNEY, WILLARD MITT MR",REP,REPUBLICAN PARTY,UT,S,"[2018, 2024]","[2018, 2020, 2022, 2024, 2026]",P,2025-03-18T15:34:07,REP,REP
S6OH00403,"ROSE, DAKOTA",DEM,DEMOCRATIC PARTY,OH,S,[2026],[2026],N,2025-11-13T21:02:32,DEM,DEM
S4NM00118,"ROSE, JERRY",UN,UNAFFILIATED,NM,S,[2024],"[2020, 2022, 2024, 2026]",N,2023-01-12T22:24:01,OTHER,UN
S4CA00704,"ROSE, JOHN",DEM,DEMOCRATIC PARTY,CA,S,[2024],"[2024, 2026]",P,2025-03-18T15:34:07,DEM,DEM
S4CA00712,"ROSE, JOHN DAVID",DEM,DEMOCRATIC PARTY,CA,S,[2024],"[2024, 2026]",P,2025-03-18T15:34:07,DEM,DEM
S8MT00234,"ROSENDALE, MATT MR.",REP,REPUBLICAN PARTY,MT,S,"[2018, 2024]","[2018, 2020, 2022, 2024, 2026]",P,2025-03-18T15:34:07,REP,REP
S8NV00156,"ROSEN, JACKY",DEM,DEMOCRATIC PARTY,NV,S,"[2018, 2024, 2030]","[2018, 2020, 2022, 2024, 2026]",C,2025-10-15T21:01:51,DEM,DEM
S4NJ00573,"ROSSI, AIDAN PATRICK MR",ACE,ACE PARTY,NJ,S,[2033],[2026],N,2026-02-10T21:01:02,OTHER,ACE
S6ID00138,"ROTH, DAVID JORDAN",DEM,DEMOCRATIC PARTY,ID,S,[2026],[2026],C,2025-11-18T21:02:39,DEM,DEM
S4SD00049,"ROUNDS, MIKE",REP,REPUBLICAN PARTY,SD,S,"[2014, 2020, 2026]","[2012, 2014, 2016, 2018, 2020, 2022, 2024, 2026]",C,2025-01-10T21:01:11,REP,REP
S6ID00153,"ROY, JOSHUA S",REP,REPUBLICAN PARTY,ID,S,[2026],[2026],C,2026-01-24T21:00:19,REP,REP
S4NY00370,"ROZLER, JEFFREY P.",REP,REPUBLICAN PARTY,NY,S,[2024],"[2024, 2026]",N,2023-10-29T21:00:13,REP,REP
S0FL00338,"RUBIO, MARCO",REP,REPUBLICAN PARTY,FL,S,"[2010, 2016, 2022, 2028]","[2010, 2012, 2014, 2016, 2018, 2020, 2022, 2024, 2026]",C,2025-01-10T21:01:11,REP,REP
S4MN00486,"RUOHO, MIKE",REP,REPUBLICAN PARTY,MN,S,[2026],"[2024, 2026]",N,2025-02-14T21:05:30,REP,REP
S6AR00181,"RUSSELL, JAMES RICHARD MR III",DEM,DEMOCRATIC PARTY,AR,S,[2026],[2026],N,2025-09-02T21:03:03,DEM,DEM
S6OR05192,"RYAN, JACOB",DEM,DEMOCRATIC PARTY,OR,S,[2026],[2026],N,2025-06-09T20:59:02,DEM,DEM
S8AK00173,"RYAN, JAMES MICHAEL",REP,REPUBLICAN PARTY,AK,S,[2028],[2026],N,2025-08-26T21:03:22,REP,REP
S6IL00581,"RYAN, KEVIN",DEM,DEMOCRATIC PARTY,IL,S,[2026],[2026],C,2026-01-29T21:02:11,DEM,DEM
S2OH00402,"RYAN, TIMOTHY",DEM,DEMOCRATIC PARTY,OH,S,[2022],"[2022, 2024, 2026]",P,2023-03-09T10:16:03,DEM,DEM
S8CA00432,"SAAVEDRA, JAZMINA",REP,REPUBLICAN PARTY,CA,S,[2018],"[2018, 2020, 2022, 2024, 2026]",N,2021-12-08T06:50:51,REP,REP
S6IA00256,"SAGE, NATHAN",DEM,DEMOCRATIC PARTY,IA,S,[2026],[2026],C,2025-09-03T21:03:11,DEM,DEM
S4NY00271,"SALEM, KHALED",DEM,DEMOCRATIC PARTY,NY,S,[2024],"[2022, 2024, 2026]",P,2025-03-18T15:34:07,DEM,DEM
S0NY00667,"SALEM, KHALED MR",DEM,DEMOCRATIC PARTY,NY,S,"[2020, 2022, 2024]","[2020, 2022, 2024, 2026]",P,2025-03-18T15:34:07,DEM,DEM
S4MI00611,"SAMUEL, BENSSON",REP,REPUBLICAN PARTY,MI,S,[2024],"[2024, 2026]",N,2024-08-26T21:00:07,REP,REP
S6CA00691,"SANCHEZ, LORETTA",DEM,DEMOCRATIC PARTY,CA,S,[2016],"[2016, 2018, 2020, 2022, 2024, 2026]",P,2021-12-08T06:50:51,DEM,DEM
S0NM00116,"SANCHEZ, LOUIE J",REP,REPUBLICAN PARTY,NM,S,[2020],"[2020, 2022, 2024, 2026]",P,2021-12-08T06:50:51,REP,REP
S2FL00623,"SANCHEZ, WILLIAM",DEM,DEMOCRATIC PARTY,FL,S,[2022],"[2022, 2024, 2026]",P,2023-03-09T10:16:03,DEM,DEM
S4VT00033,"SANDERS, BERNARD",IND,INDEPENDENT,VT,S,"[1976, 2006, 2012, 2018, 2024, 2030]","[1976, 2006, 2008, 2010, 2012, 2014, 2016, 2018, 2020, 2022, 2024, 2026]",C,2025-02-07T21:00:11,OTHER,IND
S4FL00488,"SANSCRAINTE, MATTHEW ALEXANDER MR",DEM,DEMOCRATIC PARTY,FL,S,[2024],"[2022, 2024, 2026]",N,2023-01-12T22:24:01,DEM,DEM
S4NY00404,"SAPRAICONE, MICHAEL",REP,REPUBLICAN PARTY,NY,S,[2024],"[2024, 2026]",P,2025-03-18T15:34:07,REP,REP
S2NY00325,"SARE, DIANE WILSON MS",IND,INDEPENDENT,NY,S,"[2022, 2024]","[2020, 2022, 2024, 2026]",P,2025-03-18T15:34:07,OTHER,IND
S4NE00090,"SASSE, BENJAMIN E.",REP,REPUBLICAN PARTY,NE,S,"[2014, 2020, 2026]","[2014, 2016, 2018, 2020, 2022, 2024, 2026]",C,2025-01-10T21:01:11,REP,REP
S4MI00579,"SAVAGE, SHARON MAUREEN",REP,REPUBLICAN PARTY,MI,S,[2024],"[2024, 2026]",P,2025-03-18T15:34:07,REP,REP
S6CO00457,"SCANLON, MICHAEL",DEM,DEMOCRATIC PARTY,CO,S,[2026],[2026],N,2025-08-01T21:00:30,DEM,DEM
S0DE00175,"SCARANE, JESSICA",DEM,DEMOCRATIC PARTY,DE,S,[2020],"[2020, 2022, 2024, 2026]",P,2021-12-08T06:50:51,DEM,DEM
S4NJ00474,"SCAZZOLA, VICTOR JOSEPH",IND,INDEPENDENT,NJ,S,[2024],"[2024, 2026]",N,2024-08-22T21:00:32,OTHER,IND
S4HI00136,"SCHATZ, BRIAN",DEM,DEMOCRATIC PARTY,HI,S,"[2014, 2016, 2022, 2028]","[2014, 2016, 2018, 2020, 2022, 2024, 2026]",C,2025-01-10T21:01:11,DEM,DEM
S4CA00555,"SCHIFF, ADAM",DEM,DEMOCRATIC PARTY,CA,S,"[2024, 2030]","[2024, 2026]",C,2025-10-15T21:01:51,DEM,DEM
S6IL00417,"SCHILLING, JOSEPH DAVID",OTH,OTHER,IL,S,[2026],"[2024, 2026]",N,2025-04-25T21:00:17,OTHER,OTH
S6KS00288,"SCHMIDT, PATRICK",DEM,DEMOCRATIC PARTY,KS,S,[2026],[2026],C,2026-04-18T21:13:41,DEM,DEM
S2MO00544,"SCHMITT, ERIC",REP,REPUBLICAN PARTY,MO,S,"[2022, 2028]","[2022, 2024, 2026]",C,2025-09-18T21:03:58,REP,REP
S6TX00321,"SCHMOKER, TONY",REP,REPUBLICAN PARTY,TX,S,[2026],[2026],N,2025-01-10T21:01:11,REP,REP
S6IA00264,"SCHOLTEN, JAMES",DEM,DEMOCRATIC PARTY,IA,S,[2026],[2026],C,2025-09-03T21:03:11,DEM,DEM
S8CA00366,"SCHRADER, STEPHEN JAMES",REP,REPUBLICAN PARTY,CA,S,[2018],"[2018, 2020, 2022, 2024, 2026]",N,2021-12-08T06:50:51,REP,REP
S2SD00134,"SCHUBERT, PATRICK WILLIAM MR. SR",REP,REPUBLICAN PARTY,SD,S,[2022],"[2022, 2024, 2026]",N,2021-12-08T06:50:51,REP,REP
S8NY00082,"SCHUMER, CHARLES E.",DEM,DEMOCRATIC PARTY,NY,S,"[1998, 2004, 2010, 2016, 2022, 2028]","[1998, 2000, 2002, 2004, 2006, 2008, 2010, 2012, 2014, 2016, 2018, 2020, 2022, 2024, 2026]",C,2025-01-10T21:01:11,DEM,DEM
S6IL00698,"SCHWARTZBERG, STEVEN J",,,IL,S,[2026],[2026],C,2026-04-21T21:14:29,OTHER,
S6MN00457,"SCHWARZE, ADAM",REP,REPUBLICAN PARTY,MN,S,[2026],[2026],C,2025-09-23T21:05:19,REP,REP
S6MI00434,"SCOTT, GENEVIEVE",REP,REPUBLICAN PARTY,MI,S,[2026],[2026],C,2025-10-15T21:01:51,REP,REP
S4MD00590,"SCOTT, MIKE",LIB,LIBERTARIAN PARTY,MD,S,[2024],"[2024, 2026]",N,2024-08-26T21:00:07,OTHER,LIB
S8FL00273,"SCOTT, RICK SEN",REP,REPUBLICAN PARTY,FL,S,"[2018, 2024, 2030]","[2018, 2020, 2022, 2024, 2026]",C,2025-02-07T21:00:11,REP,REP
S4SC00240,"SCOTT, TIMOTHY E.",REP,REPUBLICAN PARTY,SC,S,"[2014, 2016, 2022, 2028]","[2012, 2014, 2016, 2018, 2020, 2022, 2024, 2026]",C,2025-06-30T20:58:43,REP,REP
S6SC04312,"SEDLETSKY, PAUL",IND,INDEPENDENT,SC,S,[2026],[2026],N,2025-09-02T21:03:03,OTHER,IND
S6LA00573,"SEIDEN, KATHY W",REP,REPUBLICAN PARTY,LA,S,[2026],[2026],C,2026-01-21T21:01:58,REP,REP
S4NJ00441,"SERRANO GLASSNER, CHRISTINE",REP,REPUBLICAN PARTY,NJ,S,[2024],"[2024, 2026]",P,2025-03-18T15:34:07,REP,REP
S0TN00144,"SETHI, DR. MANNY",REP,REPUBLICAN PARTY,TN,S,[2020],"[2020, 2022, 2024, 2026]",P,2021-12-08T06:50:51,REP,REP
S4MD00277,"SEUFERER, STEVEN HENRY",DEM,DEMOCRATIC PARTY,MD,S,[2024],"[2022, 2024, 2026]",N,2023-05-02T21:17:54,DEM,DEM
S4OH00218,"SHABAZZ, TARIQ",W,WRITE-IN,OH,S,[2024],"[2024, 2026]",N,2024-11-25T21:01:15,OTHER,W
S0NH00219,"SHAHEEN, JEANNE",DEM,DEMOCRATIC PARTY,NH,S,"[2002, 2008, 2014, 2020, 2026]","[2002, 2004, 2006, 2008, 2010, 2012, 2014, 2016, 2018, 2020, 2022, 2024, 2026]",C,2025-01-10T21:01:11,DEM,DEM
S2OK00210,"SHANNON, T.W.",REP,REPUBLICAN PARTY,OK,S,[2022],"[2022, 2024, 2026]",P,2023-03-09T10:16:03,REP,REP
S2NC00646,"SHARMA, SIDDHANTH",REP,REPUBLICAN PARTY,NC,S,[2022],"[2022, 2024, 2026]",N,2021-12-23T01:40:42,REP,REP
S4MT00183,"SHEEHY, TIM",REP,REPUBLICAN PARTY,MT,S,"[2024, 2030]","[2024, 2026]",C,2025-02-07T21:00:11,REP,REP
S6KY00294,"SHELLEY, *ANDREW NICHOLAS",REP,REPUBLICAN PARTY,KY,S,[2026],[2026],N,2025-06-30T20:58:43,REP,REP
S6IL00599,"SHEPHERD, JUMP WESLEY",DEM,DEMOCRATIC PARTY,IL,S,[2026],[2026],N,2025-09-12T21:03:27,DEM,DEM
S4TX00805,"SHERMAN, CARL OSCAR SR.",DEM,DEMOCRATIC PARTY,TX,S,[2024],"[2024, 2026]",P,2025-03-18T15:34:07,DEM,DEM
S6MI00533,"SHERMAN, JASON",IDP,INDEPENDENCE PARTY,MI,S,[2026],[2026],N,2026-04-14T21:14:42,OTHER,IDP
S6AR00199,"SHOFFNER, HALLIE",DEM,DEMOCRATIC PARTY,AR,S,[2026],[2026],C,2025-10-18T21:00:34,DEM,DEM
S4WV00357,"SHREWSBURY, ZACHARY C",DEM,DEMOCRATIC PARTY,WV,S,"[2024, 2026]","[2024, 2026]",C,2025-10-18T21:00:34,DEM,DEM
S6DE00198,"SHULLI, JOHN",REP,REPUBLICAN PARTY,DE,S,[2026],[2026],C,2026-04-18T21:13:41,REP,REP
S2NC00547,"SIBHATU, LICHIA WOLDEGABREAL",REP,REPUBLICAN PARTY,NC,S,"[2022, 2026]","[2022, 2024, 2026]",N,2025-06-30T20:58:43,REP,REP
S4CA00944,"SIGMON, MICHAEL R",NPP,NEW PROGRESSIVE PARTY,CA,S,[2024],"[2024, 2026]",N,2024-01-22T20:58:30,OTHER,NPP
S4MD00418,"SIGMON, MICHAEL R",NPP,NEW PROGRESSIVE PARTY,MD,S,[2024],"[2024, 2026]",N,2023-12-26T20:59:36,OTHER,NPP
S4WV00373,"SIGMON, MICHAEL R",NPP,NEW PROGRESSIVE PARTY,WV,S,[2024],"[2024, 2026]",N,2023-11-27T21:01:28,OTHER,NPP
S4WV00381,"SIGMON, MICHAEL R",NPP,NEW PROGRESSIVE PARTY,WV,S,[2024],"[2024, 2026]",N,2023-12-26T20:59:36,OTHER,NPP
S4MD00608,"SIGMON, MICHAEL RAY",PRO,PROGRESSIVE PARTY,MD,S,[2024],"[2024, 2026]",N,2024-08-22T21:00:32,OTHER,PRO
S4MD00541,"SIGMON, MICHAEL RAY",GRE,GREEN PARTY,MD,S,[2024],"[2024, 2026]",N,2024-04-19T21:00:52,OTHER,GRE
S6TX00495,"SIMMONS, JADE",IND,INDEPENDENT,TX,S,[2026],[2026],N,2025-10-14T21:00:58,OTHER,IND
S6TX00503,"SIMMONS, JADE",IND,INDEPENDENT,TX,S,[2026],[2026],N,2025-10-08T21:01:45,OTHER,IND
S6MN00481,"SIMONETTI, MARISA",NON,NON-PARTY,MN,S,[2026],[2026],N,2025-04-29T21:01:40,OTHER,NON
S6TX00586,"SIMS, DANIEL M",LIB,LIBERTARIAN PARTY,TX,S,[2026],[2026],C,2026-03-28T21:13:08,OTHER,LIB
S8AZ00197,"SINEMA, KYRSTEN",IND,INDEPENDENT,AZ,S,"[2018, 2024]","[2018, 2020, 2022, 2024, 2026]",P,2025-03-18T15:34:07,OTHER,IND
S8NJ00483,"SINGH, HIRSH",REP,REPUBLICAN PARTY,NJ,S,[2018],"[2018, 2020, 2022, 2024, 2026]",N,2021-12-08T06:50:51,REP,REP
S0NJ00191,"SINGH, HIRSH V",REP,REPUBLICAN PARTY,NJ,S,[2020],"[2020, 2022, 2024, 2026]",P,2021-12-08T06:50:51,REP,REP
S4CA00761,"SINGH, MAJOR",NOP,NO PARTY PREFERENCE,CA,S,[2024],"[2024, 2026]",N,2024-01-25T20:59:35,OTHER,NOP
S6NH00133,"SIVALINGAM, TEJASINHA",REP,REPUBLICAN PARTY,NH,S,[2026],"[2022, 2024, 2026]",N,2025-03-13T20:59:32,REP,REP
S6OR05184,"SKELTON, TIMOTHY WILLIAM",REP,REPUBLICAN PARTY,OR,S,[2026],[2026],N,2025-04-25T21:00:17,REP,REP
S6WY00191,"SKOVGARD, JIMMY MR",REP,REPUBLICAN PARTY,WY,S,[2026],[2026],N,2025-12-30T21:00:52,REP,REP
S6LA00672,"SKRMETTA, ERIC",REP,REPUBLICAN PARTY,LA,S,[2026],[2026],C,2026-04-18T21:13:41,REP,REP
S4MI00470,"SLOTKIN, ELISSA",DEM,DEMOCRATIC PARTY,MI,S,"[2024, 2030]","[2024, 2026]",C,2025-02-07T21:00:11,DEM,DEM
S6ME00290,"SMERIGLIO, DANIEL C",REP,REPUBLICAN PARTY,ME,S,[2026],[2026],N,2025-02-20T21:01:31,REP,REP
S2WA00387,"SMILEY, TIFFANY",REP,REPUBLICAN PARTY,WA,S,[2022],"[2022, 2024, 2026]",P,2023-03-09T10:16:03,REP,REP
S6MS00125,"SMITH, ANDREW SCOTT",REP,REPUBLICAN PARTY,MS,S,[2026],[2026],N,2025-09-02T21:03:03,REP,REP
S6IL00441,"SMITH, ANTHONY J MR",IND,INDEPENDENT,IL,S,[2026],[2026],N,2025-04-25T21:00:17,OTHER,IND
S6MI00517,"SMITH, BERNADETTE",REP,REPUBLICAN PARTY,MI,S,[2026],[2026],C,2026-02-09T20:58:28,REP,REP
S4VA00197,"SMITH, C.L. CHUCK JR",REP,REPUBLICAN PARTY,VA,S,"[2024, 2026]","[2022, 2024, 2026]",C,2026-04-16T21:15:09,REP,REP
S6OR05218,"SMITH, DAVID BROCK",REP,REPUBLICAN PARTY,OR,S,[2026],[2026],C,2026-04-18T21:13:41,REP,REP
S0NC00343,"SMITH, ERICA DANETTE",DEM,DEMOCRATIC PARTY,NC,S,"[2020, 2022]","[2020, 2022, 2024, 2026]",P,2023-03-09T10:16:03,DEM,DEM
S2TN00371,"SMITH, JASON J",IND,INDEPENDENT,TN,S,[2032],"[2022, 2024, 2026]",N,2021-12-08T06:50:51,OTHER,IND
S4FL00629,"SMITH, JOE",REP,REPUBLICAN PARTY,FL,S,[2024],"[2024, 2026]",N,2024-04-24T21:00:31,REP,REP
S8FL00026,"SMITH, JOSEPH DR",REP,REPUBLICAN PARTY,FL,S,[1988],"[1988, 2016, 2018, 2020, 2022, 2024, 2026]",N,2021-12-08T06:50:50,REP,REP
S6IA00207,"SMITH, JOSHUA DANIEL",REP,REPUBLICAN PARTY,IA,S,[2026],"[2024, 2026]",N,2025-09-03T21:03:11,REP,REP
S2NH00231,"SMITH, KEVIN H.",REP,REPUBLICAN PARTY,NH,S,[2022],"[2022, 2024, 2026]",P,2023-03-09T10:16:03,REP,REP
S2MD00529,"SMITH, MICHELLE LAURENCE MS",DEM,DEMOCRATIC PARTY,MD,S,[2022],"[2020, 2022, 2024, 2026]",P,2023-03-09T10:16:03,DEM,DEM
S0NC00293,"SMITH, SANDY",REP,REPUBLICAN PARTY,NC,S,[2020],"[2020, 2022, 2024, 2026]",P,2021-12-08T06:50:51,REP,REP
S4CA00928,"SMITH SLATER, QUINCI RENEE",DEM,DEMOCRATIC PARTY,CA,S,[2024],"[2024, 2026]",N,2023-12-26T20:59:36,DEM,DEM
S8MN00578,"SMITH, TINA",DEM,DEMOCRATIC PARTY,MN,S,"[2018, 2020, 2026]","[2018, 2020, 2022, 2024, 2026]",C,2025-01-10T21:01:11,DEM,DEM
S6NM01137,"SMITH, TOBY MR.",JCN,JEWISH/CHRISTIAN NATIONAL,NM,S,[2026],[2026],N,2025-11-13T21:02:32,OTHER,JCN
S4MI00462,"SNYDER, NICOLETTE",REP,REPUBLICAN PARTY,MI,S,[2024],"[2024, 2026]",P,2025-03-18T15:34:07,REP,REP
S2KS00097,"SOETAERT, MICHAEL",DEM,DEMOCRATIC PARTY,KS,S,"[2022, 2026]","[2022, 2024, 2026]",N,2025-09-22T21:04:13,DEM,DEM
S4MI00710,"SOLIS-MULLEN, JOSEPH",LIB,LIBERTARIAN PARTY,MI,S,[2024],"[2024, 2026]",N,2024-12-11T21:01:37,OTHER,LIB
S0VA00088,"SPECIALE, THOMAS A II",REP,REPUBLICAN PARTY,VA,S,[2020],"[2020, 2022, 2024, 2026]",P,2021-12-08T06:50:51,REP,REP
S6NY00243,"SPENCER, JOHN D",REP,REPUBLICAN PARTY,NY,S,[2006],"[2006, 2008, 2010, 2012, 2014, 2016, 2018, 2020, 2022, 2024, 2026]",P,2021-12-08T06:50:50,REP,REP
S6LA00698,"SPENCER, MARK",REP,REPUBLICAN PARTY,LA,S,[2026],[2026],C,2026-04-18T21:13:41,REP,REP
S6KS00262,"SPIDEL NEUMANN, SANDY",DEM,DEMOCRATIC PARTY,KS,S,[2026],[2026],C,2026-02-09T20:58:28,DEM,DEM
S8MI00281,"STABENOW, DEBBIE",DEM,DEMOCRATIC PARTY,MI,S,"[2000, 2006, 2012, 2018, 2024]","[2000, 2002, 2004, 2006, 2008, 2010, 2012, 2014, 2016, 2018, 2020, 2022, 2024, 2026]",P,2025-03-18T15:34:07,DEM,DEM
S6FL00574,"STANDRIDGE, JASON CLYDE MR.",AMP,AMERICAN PARTY,FL,S,[2026],"[2024, 2026]",N,2025-01-10T21:01:11,OTHER,AMP
S2ND00107,"STEELE, MICHAEL JAMES",REP,REPUBLICAN PARTY,ND,S,"[2022, 2028]","[2018, 2020, 2022, 2024, 2026]",N,2025-01-10T21:01:11,REP,REP
S2LA00168,"STEIB, SYRITA",DEM,DEMOCRATIC PARTY,LA,S,[2022],"[2022, 2024, 2026]",P,2023-03-09T10:16:03,DEM,DEM
S8SC00142,"STEPHENSON, CHRIS",REP,REPUBLICAN PARTY,SC,S,[2027],[2026],N,2026-03-17T21:16:29,REP,REP
S6MI00509,"STEPHENS, THOMAS WAYNE",NPA,NO PARTY AFFILIATION,MI,S,[2026],[2026],N,2025-09-02T21:03:03,OTHER,NPA
S6PA00365,"STEVENS, DENNIS GENE",DEM,DEMOCRATIC PARTY,PA,S,[2026],[2026],N,2025-11-13T21:02:32,DEM,DEM
S6FL00707,"STEVENS, DENNIS GENE MR",DEM,DEMOCRATIC PARTY,FL,S,[2026],[2026],N,2025-04-25T21:00:17,DEM,DEM
S6FL00715,"STEVENS, DENNIS GENE MR",DEM,DEMOCRATIC PARTY,FL,S,[2026],[2026],N,2025-04-29T21:01:40,DEM,DEM
S6MI00426,"STEVENS, HALEY",DEM,DEMOCRATIC PARTY,MI,S,[2026],[2026],C,2025-07-17T21:01:06,DEM,DEM
S4NE00264,"STEVENS, MAC",REP,REPUBLICAN PARTY,NE,S,"[2024, 2026]","[2024, 2026]",N,2026-03-23T21:14:10,REP,REP
S6KY00211,"STEVENSON, PAMELA",DEM,DEMOCRATIC PARTY,KY,S,[2026],[2026],C,2025-04-16T21:03:05,DEM,DEM
S4IA00194,"STEWART, RICK",LIB,LIBERTARIAN PARTY,IA,S,"[2014, 2020]","[2014, 2020, 2022, 2024, 2026]",P,2021-12-08T06:50:51,OTHER,LIB
S8AL00308,"STRANGE, LUTHER J III",REP,REPUBLICAN PARTY,AL,S,[2018],"[2016, 2018, 2020, 2022, 2024, 2026]",P,2021-12-08T06:50:51,REP,REP
S6IL00458,"STRATTON, JULIANA",DEM,DEMOCRATIC PARTY,IL,S,[2026],[2026],C,2026-04-16T21:15:09,DEM,DEM
S2PA00448,"STREET, SHARIF",DEM,DEMOCRATIC PARTY,PA,S,[2022],"[2022, 2024, 2026]",P,2023-03-09T10:16:03,DEM,DEM
S6SC04320,"STRUNGE, EDWARD IV",ICD,INDEPENDENT CONSERVATIVE DEMOCRATIC,SC,S,[2026],[2026],N,2025-11-13T21:02:32,OTHER,ICD
S4AK00214,"SULLIVAN, DAN",REP,REPUBLICAN PARTY,AK,S,"[2014, 2020, 2026]","[2014, 2016, 2018, 2020, 2022, 2024, 2026]",C,2026-03-30T21:13:30,REP,REP
S6NH00190,"SULLIVAN, JARED",DEM,DEMOCRATIC PARTY,NH,S,[2026],[2026],C,2026-02-09T20:58:28,DEM,DEM
S4FL00686,"SUN, KATY",REP,REPUBLICAN PARTY,FL,S,[2024],"[2024, 2026]",N,2023-12-26T20:59:36,REP,REP
S6NH00208,"SUNUNU, JOHN E",REP,REPUBLICAN PARTY,NH,S,[2026],[2026],C,2026-04-03T21:13:47,REP,REP
S6TN00398,"SUTMAN, DAVID JR",IND,INDEPENDENT,TN,S,[2026],[2026],N,2026-03-29T21:12:30,OTHER,IND
S6IL00409,"SWANN, CHRISTOPHER ALEXANDER",DEM,DEMOCRATIC PARTY,IL,S,[2026],"[2024, 2026]",C,2026-04-22T22:27:56,DEM,DEM
S6TX00396,"SWANSON, MICHAEL",DEM,DEMOCRATIC PARTY,TX,S,[2026],[2026],C,2025-10-14T21:00:58,DEM,DEM
S0WV00215,"SWEARENGIN, PAULA JEAN",DEM,DEMOCRATIC PARTY,WV,S,[2020],"[2020, 2022, 2024, 2026]",P,2021-12-08T06:50:51,DEM,DEM
S8WV00119,"SWEARENGIN, PAULA JEAN",DEM,DEMOCRATIC PARTY,WV,S,[2018],"[2018, 2020, 2022, 2024, 2026]",P,2021-12-08T06:50:51,DEM,DEM
S6OK04148,"SWEARENGIN, TAMMY",REP,REPUBLICAN PARTY,OK,S,[2026],"[2020, 2022, 2024, 2026]",C,2025-01-10T21:01:11,REP,REP
S6AL00435,"SWEETSER, KYLE",DEM,DEMOCRATIC PARTY,AL,S,[2026],[2026],C,2025-07-15T21:00:48,DEM,DEM
S8MO00178,"SYKES, B COURTLAND",REP,REPUBLICAN PARTY,MO,S,[2018],"[2018, 2020, 2022, 2024, 2026]",P,2021-12-08T06:50:51,REP,REP
S6NJ00420,"TABOR, RICHARD JEROME SR",REP,REPUBLICAN PARTY,NJ,S,[2026],[2026],N,2026-03-03T21:23:02,REP,REP
S6MA00288,"TACHE, JOSEPH",OTH,OTHER,MA,S,[2026],[2026],C,2026-01-28T21:00:03,OTHER,OTH
S6MN00556,"TAFOYA, MICHELE",REP,REPUBLICAN PARTY,MN,S,[2026],[2026],C,2026-04-18T21:13:41,REP,REP
S4MS00211,"TAGGART, JON M MR.",GOP,,MS,S,[2024],"[2024, 2026]",N,2024-06-28T21:02:08,OTHER,GOP
S6TX00479,"TALARICO, JAMES",DEM,DEMOCRATIC PARTY,TX,S,[2026],[2026],C,2026-04-16T21:15:09,DEM,DEM
S6MN00564,"TAMBORNINO, EDWARD HAROLD",UN,UNAFFILIATED,MN,S,[2026],[2026],N,2026-04-10T21:13:55,OTHER,UN
S6FL00871,"TANEJA PERRY, NEELAM DR",REP,REPUBLICAN PARTY,FL,S,[2026],[2026],N,2026-03-29T21:12:30,REP,REP
S0NV00203,"TARKANIAN, DANNY",REP,REPUBLICAN PARTY,NV,S,"[2010, 2012, 2018]","[2010, 2012, 2014, 2018, 2020, 2022, 2024, 2026]",P,2021-12-08T06:50:51,REP,REP
S6PA00324,"TARTOUR-AGUIRRE, HUSSEIN",NNE,NONE,PA,S,[2025],"[2024, 2026]",N,2025-01-10T21:01:11,OTHER,NNE
S6MI00459,"TATE, JOSEPH ALLEN",DEM,DEMOCRATIC PARTY,MI,S,[2026],[2026],C,2025-07-15T21:00:48,DEM,DEM
S2AL00152,"TAYLOR, JESSICA",REP,REPUBLICAN PARTY,AL,S,[2022],"[2022, 2024, 2026]",P,2023-03-09T10:16:03,REP,REP
S6KS00296,"TAYLOR, NOAH",DEM,DEMOCRATIC PARTY,KS,S,[2026],[2026],C,2026-04-18T21:13:41,DEM,DEM
S4TX00623,"TAYLOR, SHERRI LYNN",DEM,DEMOCRATIC PARTY,TX,S,[2024],"[2022, 2024, 2026]",N,2024-08-26T21:00:07,DEM,DEM
S4DE00086,"TAYLOR, WILLIAM JOSEPH",REP,REPUBLICAN PARTY,DE,S,[2024],"[2024, 2026]",N,2023-08-18T21:04:10,REP,REP
S6NC00548,"TEMPLE, ELIZABETH A.",REP,REPUBLICAN PARTY,NC,S,[2026],[2026],N,2026-03-09T21:41:09,REP,REP
S6GA00309,"TEMPLE, RICK",REP,REPUBLICAN PARTY,GA,S,[2026],"[2024, 2026]",N,2025-01-10T21:01:11,REP,REP
S8NY00306,"TEMURI, PRINCE MUHAMMAD ALI",UPP,,NY,S,[2028],"[2024, 2026]",N,2025-01-10T21:01:11,OTHER,UPP
S2LA00077,"TERRELL, SUZANNE HAIK",REP,REPUBLICAN PARTY,LA,S,[2002],"[2002, 2004, 2006, 2008, 2010, 2012, 2014, 2016, 2018, 2020, 2022, 2024, 2026]",P,2021-12-08T06:50:50,REP,REP
S6MT00162,"TESTER, R. JON",DEM,DEMOCRATIC PARTY,MT,S,"[2006, 2012, 2018, 2024]","[2006, 2008, 2010, 2012, 2014, 2016, 2018, 2020, 2022, 2024, 2026]",P,2025-03-18T15:34:07,DEM,DEM
S4CA00886,"THELEN, DAVID",DEM,DEMOCRATIC PARTY,CA,S,[2024],"[2024, 2026]",N,2023-12-12T21:02:10,DEM,DEM
S2CA01193,"THEODORE, CHRIS",DEM,DEMOCRATIC PARTY,CA,S,[2022],"[2022, 2024, 2026]",N,2023-03-03T21:12:52,DEM,DEM
S4PA00360,"THOMAS, JOHN C.",LIB,LIBERTARIAN PARTY,PA,S,[2024],"[2024, 2026]",N,2024-12-03T21:01:41,OTHER,LIB
S6OK04163,"THOMAS, N'KIYLA JASMINE - ANN",DEM,DEMOCRATIC PARTY,OK,S,[2026],[2026],C,2025-12-08T21:02:16,DEM,DEM
S6KY00310,"THOMPSON, VINCENT ANTHONY",DEM,DEMOCRATIC PARTY,KY,S,[2026],[2026],N,2025-11-19T21:04:56,DEM,DEM
S0KY00198,"THONEY, ROGER",REP,REPUBLICAN PARTY,KY,S,"[2010, 2014]","[2010, 2012, 2014, 2016, 2018, 2020, 2022, 2024, 2026]",P,2021-12-08T06:50:51,REP,REP
S2SD00068,"THUNE, JOHN R.",REP,REPUBLICAN PARTY,SD,S,"[2002, 2004, 2010, 2016, 2022, 2028]","[2002, 2004, 2006, 2008, 2010, 2012, 2014, 2016, 2018, 2020, 2022, 2024, 2026]",C,2025-03-23T20:59:01,REP,REP
S4NC00162,"TILLIS, THOM R SEN",REP,REPUBLICAN PARTY,NC,S,"[2014, 2020, 2026]","[2014, 2016, 2018, 2020, 2022, 2024, 2026]",C,2025-05-16T21:01:31,REP,REP
S2IL00234,"TILLMAN, JIMMY LEE II",REP,REPUBLICAN PARTY,IL,S,"[2022, 2026]","[2022, 2024, 2026]",N,2025-09-02T21:03:03,REP,REP
S6MS00141,"TILL, PRISCILLA WILLIAMS",DEM,DEMOCRATIC PARTY,MS,S,[2026],[2026],C,2026-02-11T21:02:29,DEM,DEM
S6MS00158,"TILL, PRISCILLA WILLIAMS",DEM,DEMOCRATIC PARTY,MS,S,[2026],[2026],C,2026-02-11T21:02:29,DEM,DEM
S4WA00656,"TILTON, DAVID M",NON,NON-PARTY,WA,S,[2024],"[2024, 2026]",N,2024-06-04T21:13:18,OTHER,NON
S2OH00360,"TIMKEN, JANE",REP,REPUBLICAN PARTY,OH,S,[2022],"[2022, 2024, 2026]",P,2023-03-09T10:16:03,REP,REP
S8NY00314,"TODIE, EUGENE ANDREW SIR",FED,FEDERALIST,NY,S,[2028],[2026],N,2025-04-10T20:59:48,OTHER,FED
S6NJ00362,"TOMAINI, GREGORY RICHARD COLONEL",DEM,DEMOCRATIC PARTY,NJ,S,[2026],[2026],N,2025-12-30T21:00:52,DEM,DEM
S4PA00303,"TOMASETTI, BRANDI",REP,REPUBLICAN PARTY,PA,S,[2024],"[2024, 2026]",N,2024-01-22T20:58:30,REP,REP
S4FL00769,"TOULME, ALIX CHRISTOPHER MR. JR.",REP,REPUBLICAN PARTY,FL,S,"[2024, 2026]","[2024, 2026]",N,2025-04-25T21:00:17,REP,REP
S4FL00520,"TOULME, ALIX CHRISTOPHER MR. JR.",OTH,OTHER,FL,S,[2024],"[2024, 2026]",N,2023-03-10T21:10:00,OTHER,OTH
S0NM00074,"TOULOUSE OLIVER, MAGGIE",DEM,DEMOCRATIC PARTY,NM,S,[2020],"[2020, 2022, 2024, 2026]",P,2021-12-08T06:50:51,DEM,DEM
S0NY00550,"TOWNSEND, JAY",REP,REPUBLICAN PARTY,NY,S,"[2010, 2012]","[2010, 2012, 2014, 2016, 2018, 2020, 2022, 2024, 2026]",N,2021-12-08T06:50:50,REP,REP
S6IL00615,"TRACY, DON",REP,REPUBLICAN PARTY,IL,S,[2026],[2026],C,2025-10-15T21:01:51,REP,REP
S6TX00529,"TRAKAS, ANDREW KYLE",REP,REPUBLICAN PARTY,TX,S,[2026],[2026],N,2025-11-13T21:02:32,REP,REP
S4IN00162,"TRAVIS, MARSHALL",DEM,DEMOCRATIC PARTY,IN,S,[2024],"[2022, 2024, 2026]",N,2023-07-10T21:05:09,DEM,DEM
S6KY00203,"TRIMBLE, JACOB DANIEL",REP,REPUBLICAN PARTY,KY,S,[2026],"[2024, 2026]",N,2025-07-09T20:59:13,REP,REP
S4MD00319,"TRONE, DAVID",DEM,DEMOCRATIC PARTY,MD,S,[2024],"[2024, 2026]",P,2025-03-18T15:34:07,DEM,DEM
S2ID00129,"TROTTER, JAMES SCOTT",REP,REPUBLICAN PARTY,ID,S,[2022],"[2022, 2024, 2026]",P,2023-03-09T10:16:03,REP,REP
S4IL00438,"TRUAX, DOUGLAS LEE",REP,REPUBLICAN PARTY,IL,S,[2014],"[2014, 2016, 2018, 2020, 2022, 2024, 2026]",P,2021-12-08T06:50:51,REP,REP
S6TX00487,"TRUELSON, HANS",NNE,NONE,TX,S,[2026],[2026],N,2025-09-16T21:03:29,OTHER,NNE
S4CO00379,"TRUJILLO, FLOYD",REP,REPUBLICAN PARTY,CO,S,[2014],"[2014, 2016, 2018, 2020, 2022, 2024, 2026]",P,2021-12-08T06:50:51,REP,REP
S8DE00129,"TRUONO, EUGENE (GENE) J JR",REP,REPUBLICAN PARTY,DE,S,[2018],"[2018, 2020, 2022, 2024, 2026]",P,2021-12-08T06:50:51,REP,REP
S2AK00127,"TSHIBAKA, KELLY",REP,REPUBLICAN PARTY,AK,S,[2022],"[2022, 2024, 2026]",P,2023-03-09T10:16:03,REP,REP
S0AL00230,"TUBERVILLE, THOMAS H",REP,REPUBLICAN PARTY,AL,S,"[2020, 2026]","[2020, 2022, 2024, 2026]",C,2025-08-26T21:03:22,REP,REP
S6IA00298,"TUREK, JOSHUA",DEM,DEMOCRATIC PARTY,IA,S,[2026],[2026],C,2025-10-18T21:00:34,DEM,DEM
S2ID00186,"TURNBULL, RAMONT",REP,REPUBLICAN PARTY,ID,S,[2022],"[2022, 2024, 2026]",P,2023-03-09T10:16:03,REP,REP
S8TX00459,"TZINTZUN RAMIREZ, CRISTINA",DEM,DEMOCRATIC PARTY,TX,S,[2020],"[2020, 2022, 2024, 2026]",P,2021-12-08T06:50:51,DEM,DEM
S4WA00623,"URSA, ARIA REY",DEM,DEMOCRATIC PARTY,WA,S,[2024],"[2024, 2026]",N,2023-12-26T20:59:36,DEM,DEM
S2CA01276,"URSICH, TIMOTHY J DR",DEM,DEMOCRATIC PARTY,CA,S,[2022],"[2022, 2024, 2026]",P,2023-03-09T10:16:03,DEM,DEM
S2OH00436,"VANCE, J D",REP,REPUBLICAN PARTY,OH,S,"[2022, 2028]","[2022, 2024, 2026]",C,2023-02-07T00:05:32,REP,REP
S6MD03441,"VAN HOLLEN, CHRIS",DEM,DEMOCRATIC PARTY,MD,S,"[2016, 2022, 2028]","[2016, 2018, 2020, 2022, 2024, 2026]",C,2025-12-03T21:03:11,DEM,DEM
S6FL00855,"VINDMAN, ALEXANDER",DEM,DEMOCRATIC PARTY,FL,S,[2026],[2026],C,2026-04-18T21:13:41,DEM,DEM
S6TX00412,"VIRTS, TERRY",DEM,DEMOCRATIC PARTY,TX,S,[2026],[2026],C,2025-08-12T21:00:13,DEM,DEM
S4VA00338,"VITIELLO, RON",REP,REPUBLICAN PARTY,VA,S,[2024],"[2024, 2026]",P,2025-03-18T15:34:07,REP,REP
S4LA00057,"VITTER, DAVID B",REP,REPUBLICAN PARTY,LA,S,"[2004, 2010, 2016]","[2004, 2006, 2008, 2010, 2012, 2014, 2016, 2018, 2020, 2022, 2024, 2026]",P,2021-12-08T06:50:51,REP,REP
S4PA00196,"VODVARKA, JOSEPH JOHN",REP,REPUBLICAN PARTY,PA,S,"[2004, 2010, 2012, 2016, 2018, 2022, 2024]","[2004, 2010, 2012, 2014, 2016, 2018, 2020, 2022, 2024, 2026]",P,2025-03-18T15:34:07,REP,REP
S6OH00353,"VOLPE, CHRISTOPHER",DEM,DEMOCRATIC PARTY,OH,S,[2026],[2026],N,2025-06-30T20:58:43,DEM,DEM
S6OH00346,"VOLPE, CHRISTOPHER",DEM,DEMOCRATIC PARTY,OH,S,[2026],[2026],N,2025-06-09T20:59:02,DEM,DEM
S6AR00223,"WADLIN, JEFFREY FRANCIS",LIB,LIBERTARIAN PARTY,AR,S,[2026],[2026],N,2026-03-03T21:23:02,OTHER,LIB
S6IA00272,"WAHLS, ZACH P",DEM,DEMOCRATIC PARTY,IA,S,[2026],[2026],C,2025-09-03T21:03:11,DEM,DEM
S2NC00307,"WALKER, BRADLEY MARK MR.",REP,REPUBLICAN PARTY,NC,S,"[2022, 2028]","[2020, 2022, 2024, 2026]",N,2025-01-10T21:01:11,REP,REP
S2GA00225,"WALKER, HERSCHEL MR.",REP,REPUBLICAN PARTY,GA,S,[2022],"[2022, 2024, 2026]",P,2023-03-09T10:16:03,REP,REP
S6LA00649,"WALKER, JABARIE",DEM,DEMOCRATIC PARTY,LA,S,[2026],[2026],N,2025-12-30T21:00:52,DEM,DEM
S6LA00623,"WALKER, JABARIE",DEM,DEMOCRATIC PARTY,LA,S,[2026],[2026],N,2025-12-30T21:00:52,DEM,DEM
S6LA00631,"WALKER, JABARIE",DEM,DEMOCRATIC PARTY,LA,S,[2026],[2026],N,2025-12-30T21:00:52,DEM,DEM
S6AL00468,"WALKER, RODNEY",REP,REPUBLICAN PARTY,AL,S,[2026],[2026],C,2025-10-18T21:00:34,REP,REP
S4NV00320,"WALKER, TROY ZAKARI",DEM,DEMOCRATIC PARTY,NV,S,[2024],"[2024, 2026]",N,2023-08-18T21:04:10,DEM,DEM
S4MT00209,"WALKINGCHILD, CHARLES SR",REP,REPUBLICAN PARTY,MT,S,"[2024, 2026]","[2024, 2026]",N,2026-03-06T21:23:49,REP,REP
S4MD00467,"WALLACE, NANCY",GRE,GREEN PARTY,MD,S,[2024],"[2024, 2026]",N,2024-02-04T20:58:30,OTHER,GRE
S4VA00304,"WALLACE, TJ",REP,REPUBLICAN PARTY,VA,S,[2024],"[2024, 2026]",N,2023-04-16T21:09:31,REP,REP
S4VA00288,"WALLACE, TJ",DEM,DEMOCRATIC PARTY,VA,S,[2024],"[2024, 2026]",N,2023-04-16T21:09:31,DEM,DEM
S6FL00442,"WALLS-WINDHAUSER, ANGELA MARIE",REP,REPUBLICAN PARTY,FL,S,"[2016, 2018, 2020, 2022, 2026]","[2016, 2018, 2020, 2022, 2024, 2026]",N,2025-12-30T21:00:52,REP,REP
S2FL00524,"WALLS-WINDHAUSER, M. ANGELA",REP,REPUBLICAN PARTY,FL,S,[2022],"[2022, 2024, 2026]",N,2021-12-08T06:50:51,REP,REP
S6MD03680,"WARD III, JUSTIN HARVEY RANDOLPH",DEM,DEMOCRATIC PARTY,MD,S,[2026],[2026],N,2026-03-24T21:14:10,DEM,DEM
S6VA00093,"WARNER, MARK ROBERT",DEM,DEMOCRATIC PARTY,VA,S,"[1996, 2008, 2014, 2020, 2026]","[1996, 1998, 2000, 2008, 2010, 2012, 2014, 2016, 2018, 2020, 2022, 2024, 2026]",C,2026-01-29T21:02:11,DEM,DEM
S0GA00559,"WARNOCK, RAPHAEL",DEM,DEMOCRATIC PARTY,GA,S,"[2020, 2022, 2028]","[2020, 2022, 2024, 2026]",C,2025-01-10T21:01:11,DEM,DEM
S2MA00170,"WARREN, ELIZABETH",DEM,DEMOCRATIC PARTY,MA,S,"[2012, 2018, 2024, 2030]","[2012, 2014, 2016, 2018, 2020, 2022, 2024, 2026]",C,2025-08-26T21:03:22,DEM,DEM
S6OK04221,"WASHINGTON, WAYNE LONNY DR.",REP,REPUBLICAN PARTY,OK,S,[2026],[2026],N,2026-03-03T21:23:02,REP,REP
S4RI00069,"WATERS, ALLEN",DEM,DEMOCRATIC PARTY,RI,S,[2024],"[2024, 2026]",N,2023-01-12T22:24:01,DEM,DEM
S6RI00262,"WATERS, ALLEN",REP,REPUBLICAN PARTY,RI,S,[2026],"[2024, 2026]",N,2025-01-10T21:01:11,REP,REP
S8GA00230,"WATKINS, DANTWAN MR",REP,REPUBLICAN PARTY,GA,S,[2028],"[2024, 2026]",N,2025-09-26T21:03:04,REP,REP
S2NC00406,"WATKINS, RICHARD LEE DR.",DEM,DEMOCRATIC PARTY,NC,S,[2022],"[2022, 2024, 2026]",P,2023-03-09T10:16:03,DEM,DEM
S6GA00283,"WATKINS, VINSON L",REP,REPUBLICAN PARTY,GA,S,[2026],"[2024, 2026]",N,2025-01-10T21:01:11,REP,REP
S6MN00515,"WEILER, TOM",REP,REPUBLICAN PARTY,MN,S,[2026],[2026],C,2025-10-16T21:01:04,REP,REP
S2FL00466,"WEIL, JOSHUA",DEM,DEMOCRATIC PARTY,FL,S,"[2022, 2026]","[2020, 2022, 2024, 2026]",C,2026-03-29T21:12:30,DEM,DEM
S6FL00756,"WEIL, JOSHUA JOSEPH",DEM,DEMOCRATIC PARTY,FL,S,[2026],[2026],C,2025-07-29T21:02:15,DEM,DEM
S2VT00235,"WELCH, PETER",DEM,DEMOCRATIC PARTY,VT,S,"[2022, 2028]","[2022, 2024, 2026]",C,2025-01-10T21:01:11,DEM,DEM
S2PA00232,"WELCH, STEVEN D",REP,REPUBLICAN PARTY,PA,S,[2012],"[2012, 2014, 2016, 2018, 2020, 2022, 2024, 2026]",P,2021-12-08T06:50:51,REP,REP
S6KY00393,"WENZEL, DONALD RAY",REP,REPUBLICAN PARTY,KY,S,[2026],[2026],N,2025-12-30T21:00:52,REP,REP
S6AL00518,"WESS, EVERETT W",DEM,DEMOCRATIC PARTY,AL,S,[2026],[2026],C,2026-04-18T21:13:41,DEM,DEM
S6NC00415,"WHATLEY, MICHAEL",REP,REPUBLICAN PARTY,NC,S,[2026],[2026],C,2026-04-15T21:16:15,REP,REP
S6AL00393,"WHEELER, MARK SHANNON MR II",DEM,DEMOCRATIC PARTY,AL,S,[2026],[2026],C,2025-06-09T20:59:02,DEM,DEM
S4IA00095,"WHITAKER, MATTHEW GEORGE ""MATT""",REP,REPUBLICAN PARTY,IA,S,[2014],"[2014, 2016, 2018, 2020, 2022, 2024, 2026]",P,2021-12-08T06:50:51,REP,REP
S4AZ00212,"WHITE, ALAN MR",REP,REPUBLICAN PARTY,AZ,S,[2024],"[2024, 2026]",N,2024-03-05T21:00:08,REP,REP
S6RI00221,"WHITEHOUSE, SHELDON",DEM,DEMOCRATIC PARTY,RI,S,"[2006, 2012, 2018, 2024, 2030]","[2006, 2008, 2010, 2012, 2014, 2016, 2018, 2020, 2022, 2024, 2026]",C,2026-02-18T20:58:47,DEM,DEM
S6SC04247,"WHITENER, KASIE DR.",LIB,LIBERTARIAN PARTY,SC,S,[2026],[2026],C,2026-02-09T20:58:28,OTHER,LIB
S4MN00502,"WHITE, ROYCE",REP,REPUBLICAN PARTY,MN,S,"[2024, 2026]","[2024, 2026]",C,2025-02-14T21:05:30,REP,REP
S0AR00218,"WHITFIELD, DANIEL ALLEN",DEM,DEMOCRATIC PARTY,AR,S,"[2020, 2022, 2026]","[2020, 2022, 2024, 2026]",N,2025-01-10T21:01:11,DEM,DEM
S6TN00414,"WHITSON, CATHERINE BARCEL MS BARCY",IND,INDEPENDENT,TN,S,[2026],[2026],N,2026-04-19T21:14:10,OTHER,IND
S8MS00196,"WICKER, ROGER SEN.",REP,REPUBLICAN PARTY,MS,S,"[2008, 2012, 2018, 2024, 2030]","[2008, 2010, 2012, 2014, 2016, 2018, 2020, 2022, 2024, 2026]",C,2025-02-07T21:00:11,REP,REP
S0KS00166,"WIESNER, PATRICK",DEM,DEMOCRATIC PARTY,KS,S,"[2010, 2014, 2016, 2022]","[2010, 2014, 2016, 2018, 2020, 2022, 2024, 2026]",P,2023-03-09T10:16:03,DEM,DEM
S4MD00558,"WILDMAN, ANDREW J",DEM,DEMOCRATIC PARTY,MD,S,[2024],"[2024, 2026]",N,2024-04-19T21:00:52,DEM,DEM
S4MD00459,"WILDMAN, ANDREW JAYE",DEM,DEMOCRATIC PARTY,MD,S,[2024],"[2024, 2026]",N,2024-01-30T21:02:09,DEM,DEM
S6KY00336,"WILLETT, JOEL",DEM,DEMOCRATIC PARTY,KY,S,[2026],[2026],C,2025-10-18T21:00:34,DEM,DEM
S2CA01094,"WILLIAMS, CORDIE LEE DR.",REP,REPUBLICAN PARTY,CA,S,[2022],"[2022, 2024, 2026]",P,2023-03-09T10:16:03,REP,REP
S6VA00200,"WILLIAMS, DAVID EARL MR.",REP,REPUBLICAN PARTY,VA,S,[2026],[2026],C,2026-02-09T20:58:28,REP,REP
S6CO00531,"WILLIAMS, JESSICA",DEM,DEMOCRATIC PARTY,CO,S,[2026],[2026],N,2026-03-03T21:23:02,DEM,DEM
S8NC00270,"WILLIAMS, MARCUS W.",DEM,DEMOCRATIC PARTY,NC,S,"[2008, 2010, 2022, 2026]","[2008, 2010, 2022, 2026]",C,2026-03-29T21:12:30,DEM,DEM
S6TX00537,"WILLIAMS, PAULA STEPHEN MS",DEM,DEMOCRATIC PARTY,TX,S,[2026],[2026],N,2025-12-30T21:00:52,DEM,DEM
S4AZ00261,"WILLIAMS, SARAH",LIB,LIBERTARIAN PARTY,AZ,S,[2024],"[2024, 2026]",P,2025-03-18T15:34:07,OTHER,LIB
S6WV00162,"WILLIS, THOMAS EDWARD II",REP,REPUBLICAN PARTY,WV,S,[2026],[2026],C,2025-07-16T21:02:06,REP,REP
S8MI00422,"WILLIS, VALERIE LEE",IND,INDEPENDENT,MI,S,"[2018, 2024, 2026]","[2018, 2020, 2022, 2024, 2026]",N,2025-06-17T21:00:20,OTHER,IND
S8AZ00379,"WILLS, LONNIE MR.",REP,REPUBLICAN PARTY,AZ,S,[2028],[2026],N,2025-05-05T21:00:34,REP,REP
S4UT00209,"WILSON, BRAD",REP,REPUBLICAN PARTY,UT,S,[2024],"[2024, 2026]",P,2025-03-18T15:34:07,REP,REP
S4MI00587,"WILSON, J.D.",REP,REPUBLICAN PARTY,MI,S,[2024],"[2024, 2026]",P,2025-03-18T15:34:07,REP,REP
S6FL00814,"WINDHAUSER, ANGIE",REP,REPUBLICAN PARTY,FL,S,[2026],[2026],N,2025-12-30T21:00:52,REP,REP
S4NV00239,"WING, BRADLEY SCOTT MR.",IND,INDEPENDENT,NV,S,[2024],"[2020, 2022, 2024, 2026]",N,2023-01-12T22:24:01,OTHER,IND
S6CO00564,"WITHROW, ADAM",UNI,UNITED PARTY,CO,S,[2026],[2026],N,2026-04-14T21:14:42,OTHER,UNI
S4CO00478,"WOLFE, ROBERT EVERETT MR II",NNE,NONE,CO,S,[2024],"[2024, 2026]",N,2023-02-07T00:05:32,OTHER,NNE
S6ME00332,"WOOD, JORDAN",DEM,DEMOCRATIC PARTY,ME,S,[2026],[2026],C,2025-07-16T21:02:06,DEM,DEM
S6CO00432,"WOOD, MATTHEW",IND,INDEPENDENT,CO,S,[2026],[2026],N,2025-09-10T21:03:26,OTHER,IND
S4AZ00170,"WRIGHT, BRIAN MR",REP,REPUBLICAN PARTY,AZ,S,[2024],"[2024, 2026]",N,2024-03-05T21:00:08,REP,REP
S6SC04205,"WRIGHT-MCDONALD, REECE",IND,INDEPENDENT,SC,S,[2026],"[2024, 2026]",N,2025-01-10T21:01:11,OTHER,IND
S6TX00313,"WYATT, DOC LEO DR",REP,REPUBLICAN PARTY,TX,S,[2026],"[2024, 2026]",N,2025-01-10T21:01:11,REP,REP
S6LA00532,"WYATT, SAMUEL LEE MR.",REP,REPUBLICAN PARTY,LA,S,[2026],[2026],C,2025-07-17T21:01:06,REP,REP
S6OR00110,"WYDEN, RONALD L.",DEM,DEMOCRATIC PARTY,OR,S,"[1998, 2004, 2010, 2016, 2022, 2028]","[1996, 1998, 2000, 2002, 2004, 2006, 2008, 2010, 2012, 2014, 2016, 2018, 2020, 2022, 2024, 2026]",C,2025-01-10T21:01:11,DEM,DEM
S4VA00270,"XIONG, TIGER DR.",IND,INDEPENDENT,VA,S,[2024],"[2024, 2026]",N,2023-03-21T21:11:27,OTHER,IND
S8UT00341,"YAHNE, RUSSELL JAY",DEM,DEMOCRATIC PARTY,UT,S,[2028],[2026],N,2026-04-06T21:14:27,DEM,DEM
S6OK04270,"YEN, ERVIN STONE DR",DEM,DEMOCRATIC PARTY,OK,S,[2026],[2026],N,2026-04-10T21:13:55,DEM,DEM
S6MN00549,"YORK, MARK",REP,REPUBLICAN PARTY,MN,S,[2026],[2026],C,2026-04-18T21:13:41,REP,REP
S6IN00290,"YOUNG, ALEEM MR",DEM,DEMOCRATIC PARTY,IN,S,[2026],[2026],N,2026-03-29T21:12:30,DEM,DEM
S6IN00274,"YOUNG, ALEEM MR",DEM,DEMOCRATIC PARTY,IN,S,[2026],[2026],N,2025-04-02T21:01:27,DEM,DEM
S6IN00191,"YOUNG, TODD CHRISTOPHER",REP,REPUBLICAN PARTY,IN,S,"[2016, 2022, 2028]","[2016, 2018, 2020, 2022, 2024, 2026]",C,2025-04-29T21:01:40,REP,REP
S6NJ00412,"ZDAN, ALEX",REP,REPUBLICAN PARTY,NJ,S,[2026],[2026],C,2026-04-18T21:13:41,REP,REP
S4NJ00557,"ZDAN, ALEXANDER",REP,REPUBLICAN PARTY,NJ,S,[2024],"[2024, 2026]",P,2025-03-18T15:34:07,REP,REP
S6NJ00131,"ZIMMER, DICK",REP,REPUBLICAN PARTY,NJ,S,"[1996, 2008]","[1996, 1998, 2000, 2002, 2004, 2008, 2010, 2012, 2014, 2016, 2018, 2020, 2022, 2024, 2026]",P,2021-12-08T06:50:50,REP,REP
S6CO00465,"ZIMPFER, ANTHONY JACOB",DEM,DEMOCRATIC PARTY,CO,S,[2026],[2026],N,2025-08-04T21:00:03,DEM,DEM
S6MI00483,"ZOLLNER, TRAVIS JOSEPH",DEM,DEMOCRATIC PARTY,MI,S,[2026],[2026],N,2025-08-01T21:00:30,DEM,DEM
