fec_candidate_id,candidate_name,committee_id,committee_name,designation,designation_full,committee_type,committee_type_full,is_principal
S6ID00146,"ACHILLES, TODD BAKER",C00909309,TODD ACHILLES FOR IDAHO,P,Principal campaign committee,S,Senate,True
S6TX00578,"ADEFOPE, JOHN",C00934158,TEXANS FOR ADEFOPE,P,Principal campaign committee,S,Senate,True
S6MS00109,"ADLAKHA, SARAH ANNE DR",C00900944,SARAH ADLAKHA FOR SENATE,P,Principal campaign committee,S,Senate,True
S6LA00706,"ALBARES, NICHOLAS S.",C00938944,NICHOLAS ALBARES FOR LOUISIANA,P,Principal campaign committee,S,Senate,True
S4ME00139,"ALCALA, NATASHA",C00867069,NATASHA 4 U.S. SENATE,P,Principal campaign committee,S,Senate,True
S6ME00308,"ALCALA, NATASHA",C00898080,NATASHA ALCALA 4 SENATE,P,Principal campaign committee,S,Senate,True
S6ME00423,"ALCORN, ETHAN WELD MR",C00942078,ETHAN FOR U.S. SENATE,P,Principal campaign committee,S,Senate,True
S6TX00305,"ALLEN, KEITH",C00886291,KEITH ALLEN 4 CONGRESS,P,Principal campaign committee,H,House,True
S2MO00775,"ALLEN, ROBERT",C00810820,COMMITTEE TO ELECT ROBERT BULLET ALLEN,P,Principal campaign committee,S,Senate,True
S4TX00722,"ALLRED, COLIN",C00909572,ALLRED FOR TEXAS 2026,P,Principal campaign committee,S,Senate,True
S4TX00722,"ALLRED, COLIN",C00839597,FRIENDS OF COLIN ALLRED 2024,A,Authorized by a candidate,S,Senate,False
S6TX00438,"ALLRED, COLIN",C00909572,ALLRED FOR TEXAS 2026,P,Principal campaign committee,S,Senate,True
S6MT00295,"ALME, KURT",C00942060,ALME FOR SENATE,P,Principal campaign committee,S,Senate,True
S4MD00327,"ALSOBROOKS, ANGELA",C00840017,ALSOBROOKS FOR SENATE,P,Principal campaign committee,S,Senate,True
S6TX00370,"ALVAREZ, ANDREW",C00745356,ANDREW ALVAREZ FOR SENATE,P,Principal campaign committee,S,Senate,True
S4HI00201,"AMARAL, MELBA S S",C00882654,MELBA AMARAL FOR CONGRESS,P,Principal campaign committee,S,Senate,True
S4MI00694,"AMASH, JUSTIN",C00476291,JUSTIN AMASH FOR SENATE,P,Principal campaign committee,S,Senate,True
S4WI00173,"ANDERSON, PHILLIP NORMAN",C00835140,PHILLIP ANDERSON FOR US SENATE,P,Principal campaign committee,S,Senate,True
S6WI00152,"ANDERSON, PHILLIP NORMAN",C00591123,ANDERSON FOR US SENATE,P,Principal campaign committee,S,Senate,True
S6WI00152,"ANDERSON, PHILLIP NORMAN",C00835140,PHILLIP ANDERSON FOR US SENATE,P,Principal campaign committee,S,Senate,True
S6SC04239,"ANDREWS, ANNIE",C00906024,DR. ANNIE ANDREWS FOR SENATE,P,Principal campaign committee,S,Senate,True
S4TX00763,"ANDREWS, CODY",C00848069,CODY ANDREWS' CAMPAIGN,P,Principal campaign committee,S,Senate,True
S8NJ00392,"ANDREWS, ROBERT E",C00448654,ANDREWS FOR SENATE,P,Principal campaign committee,S,Senate,True
S4TX00680,"ANDRUS, TRACY DR. SR.",C00892547,COMMITTEE TO ELECT TRACY ANDRUS FOR SENATOR,A,Authorized by a candidate,S,Senate,False
S4TX00680,"ANDRUS, TRACY DR. SR.",C00835108,COMMITTEE TO ELECT TRACY ANDRUS TO THE U.S. SENATE,A,Authorized by a candidate,S,Senate,False
S4MA00291,"ANTONELLIS, ROBERT JOSEPH",C00841080,ROBERT ANTONELLIS FOR US SENATE,P,Principal campaign committee,S,Senate,True
S4WA00565,"ARCHER, DESTINY MR",C00828103,DESTINY ARCHER CAMPAIGN COMMITTEE,P,Principal campaign committee,S,Senate,True
S6IA00314,"ARENHOLZ, ASHLEY HINSON",C00706267,ASHLEY FOR IOWA,P,Principal campaign committee,S,Senate,True
S4TX00599,"ARGUIJO, AARON",C00772772,AARON ARGUIJO FOR TEXAS US SENATE,P,Principal campaign committee,S,Senate,True
S6LA00516,"ARRINGTON, RANDALL STEVEN PHD",C00894097,COMMITTEE TO ELECT RANDALL ARRINGTON,P,Principal campaign committee,H,House,True
S6AR00207,"ASHBY, MICAH",C00919803,MICAH ASHBY FOR SENATE 2026,P,Principal campaign committee,S,Senate,True
S4CA01074,"ASTORGA, ALEX JOHN",C00878736,ALEXASTORGA4USA,P,Principal campaign committee,S,Senate,True
S6FL00749,"ATKINS, JOEY MENDOZA",C00907998,JOEY MENDOZA ATKINS FOR SENATE,P,Principal campaign committee,S,Senate,True
S4WI00199,"AUBART, SCOTT ALAN MR",C00840843,SCOTT AUBART AMERICAN INDEPENDENT PARTY,P,Principal campaign committee,S,Senate,True
S6MT00261,"AUSTIN, KYLE",C00870352,AUSTIN FOR CONGRESS,P,Principal campaign committee,S,Senate,True
S6NE00178,"AXTELL SCHULTZ, DEBRA LEANNE MS",C00948760,DEBB AXTELL SCHULTZ FOR US SENATE,P,Principal campaign committee,S,Senate,True
S8MA00268,"AYYADURAI, SHIVA DR",C00638148,SHIVA 4 SENATE,P,Principal campaign committee,S,Senate,True
S8MA00268,"AYYADURAI, SHIVA DR",C00936542,SHIVA 4 SENATE,P,Principal campaign committee,S,Senate,True
S4MA00275,"AYYADURAI, SHIVA DR.",C00936542,SHIVA 4 SENATE,P,Principal campaign committee,S,Senate,True
S6CO00507,"BAISLEY, MARK",C00932848,BAISLEY FOR SENATE,P,Principal campaign committee,S,Senate,True
S2WI00219,"BALDWIN, TAMMY",C00525295,BALDWIN WISCONSIN VICTORY FUND,J,Joint fundraising committee,N,PAC - Nonqualified,False
S2WI00219,"BALDWIN, TAMMY",C00631960,BLUE SENATE 2018,J,Joint fundraising committee,S,Senate,False
S2WI00219,"BALDWIN, TAMMY",C00529768,DEMOCRATIC SENATE MAJORITY VICTORY FUND 2012,J,Joint fundraising committee,N,PAC - Nonqualified,False
S2WI00219,"BALDWIN, TAMMY",C00511279,GREEN SENATE 2012,J,Joint fundraising committee,S,Senate,False
S2WI00219,"BALDWIN, TAMMY",C00637165,GREEN SENATE IMPACT 2018,J,Joint fundraising committee,S,Senate,False
S2WI00219,"BALDWIN, TAMMY",C00502401,JUSTICE 2012,J,Joint fundraising committee,S,Senate,False
S2WI00219,"BALDWIN, TAMMY",C00633925,JUSTICE 2018,J,Joint fundraising committee,N,PAC - Nonqualified,False
S2WI00219,"BALDWIN, TAMMY",C00502740,MASSACHUSETTS WISCONSIN VICTORY FUND,J,Joint fundraising committee,S,Senate,False
S2WI00219,"BALDWIN, TAMMY",C00633073,MASSACHUSETTS WISCONSIN VICTORY FUND 2018,J,Joint fundraising committee,S,Senate,False
S2WI00219,"BALDWIN, TAMMY",C00636803,MICHIGAN WISCONSIN VICTORY FUND,J,Joint fundraising committee,S,Senate,False
S2WI00219,"BALDWIN, TAMMY",C00528802,MIDWEST SENATE VICTORY 2012,J,Joint fundraising committee,N,PAC - Nonqualified,False
S2WI00219,"BALDWIN, TAMMY",C00680066,MIDWEST WOMEN VICTORY FUND,J,Joint fundraising committee,S,Senate,False
S2WI00219,"BALDWIN, TAMMY",C00528786,OFF THE SIDELINES HI-ND-NV-WI,J,Joint fundraising committee,N,PAC - Nonqualified,False
S2WI00219,"BALDWIN, TAMMY",C00519223,PROGRESSIVE VICTORY 2012,J,Joint fundraising committee,S,Senate,False
S2WI00219,"BALDWIN, TAMMY",C00655662,SECURE THE HEARTLAND FUND,J,Joint fundraising committee,S,Senate,False
S2WI00219,"BALDWIN, TAMMY",C00662114,SENATE IMPACT 2018,J,Joint fundraising committee,S,Senate,False
S2WI00219,"BALDWIN, TAMMY",C00657569,SENATE IMPACT IN & WI,J,Joint fundraising committee,S,Senate,False
S2WI00219,"BALDWIN, TAMMY",C00674192,SENATE IMPACT: MO & WI,J,Joint fundraising committee,S,Senate,False
S2WI00219,"BALDWIN, TAMMY",C00633578,SENATE IMPACT: WI & ND,J,Joint fundraising committee,S,Senate,False
S2WI00219,"BALDWIN, TAMMY",C00662916,SENATE IMPACT WI & ND 2018,J,Joint fundraising committee,S,Senate,False
S2WI00219,"BALDWIN, TAMMY",C00326801,TAMMY BALDWIN FOR SENATE,P,Principal campaign committee,S,Senate,True
S2WI00219,"BALDWIN, TAMMY",C00512277,TEXANS FOR A PROGRESSIVE SENATE,J,Joint fundraising committee,S,Senate,False
S2WI00219,"BALDWIN, TAMMY",C00630467,TEXANS FOR A PROGRESSIVE SENATE,J,Joint fundraising committee,S,Senate,False
S2WI00219,"BALDWIN, TAMMY",C00634352,UPPER MIDWEST WOMEN VICTORY FUND,J,Joint fundraising committee,S,Senate,False
S2WI00219,"BALDWIN, TAMMY",C00672527,WISCONSIN MINNESOTA VICTORY FUND,J,Joint fundraising committee,S,Senate,False
S2WI00219,"BALDWIN, TAMMY",C00505214,WISCONSIN SENATE 2012,J,Joint fundraising committee,N,PAC - Nonqualified,False
S2WI00219,"BALDWIN, TAMMY",C00666917,WISCONSIN SENATE VICTORY 2018,J,Joint fundraising committee,N,PAC - Nonqualified,False
S2WI00219,"BALDWIN, TAMMY",C00648071,WISCONSIN VIRGINIA VICTORY FUND,J,Joint fundraising committee,S,Senate,False
S2WI00219,"BALDWIN, TAMMY",C00527713,WOMEN 2 WIN,J,Joint fundraising committee,N,PAC - Nonqualified,False
S2WI00219,"BALDWIN, TAMMY",C00525493,WOMEN HOLD THE LINE,J,Joint fundraising committee,S,Senate,False
S2WI00219,"BALDWIN, TAMMY",C00685057,WOMEN ON THE ROAD 2018,J,Joint fundraising committee,N,PAC - Nonqualified,False
S2WI00219,"BALDWIN, TAMMY",C00511642,WOMEN ON THE ROAD TO THE SENATE: 12 AND COUNTING - BAY AREA,J,Joint fundraising committee,N,PAC - Nonqualified,False
S2WI00219,"BALDWIN, TAMMY",C00519405,WOMEN ON THE ROAD TO THE SENATE 12 AND COUNTING - BOSTON,J,Joint fundraising committee,N,PAC - Nonqualified,False
S2WI00219,"BALDWIN, TAMMY",C00511626,WOMEN ON THE ROAD TO THE SENATE: 12 AND COUNTING -DENVER,J,Joint fundraising committee,N,PAC - Nonqualified,False
S2WI00219,"BALDWIN, TAMMY",C00511659,WOMEN ON THE ROAD TO THE SENATE: 12 AND COUNTING-LOS ANGELES,J,Joint fundraising committee,N,PAC - Nonqualified,False
S2WI00219,"BALDWIN, TAMMY",C00519462,WOMEN ON THE ROAD TO THE SENATE 12 AND COUNTING-NEW YORK CITY,J,Joint fundraising committee,N,PAC - Nonqualified,False
S2WI00219,"BALDWIN, TAMMY",C00511634,WOMEN ON THE ROAD TO THE SENATE: 12 AND COUNTING-SEATTLE,J,Joint fundraising committee,N,PAC - Nonqualified,False
S2WI00219,"BALDWIN, TAMMY",C00519470,WOMEN ON THE ROAD TO THE SENATE 12 AND COUNTING-WASHINGTON DC,J,Joint fundraising committee,N,PAC - Nonqualified,False
S0MT00116,"BALLARD, JACK",C00714295,JACK BALLARD FOR MONTANA,P,Principal campaign committee,H,House,True
S6MT00253,"BANKHEAD, ALANI INES",C00937201,FRIENDS OF ALANI BANKHEAD,P,Principal campaign committee,S,Senate,True
S4IN00196,"BANKS, JAMES E. HON.",C00829416,BANKS FOR IN SENATE REPUBLICAN NOMINEE FUND 2024,A,Authorized by a candidate,S,Senate,False
S4IN00196,"BANKS, JAMES E. HON.",C00577999,BANKS FOR SENATE,P,Principal campaign committee,S,Senate,True
S8FL00323,"BAPTISTE, ASHLEY JEAN",C00921106,ASHLEY TESSIER FOR FLORIDA SENATE,P,Principal campaign committee,S,Senate,True
S4MD00533,"BARAKAT, MOHAMMED",C00871491,BARAKAT FOR US SENATE,P,Principal campaign committee,S,Senate,True
S2OR00127,"BARLOW, WILLIAM EDWARD MR. III",C00767020,WILL B. FRIENDS,P,Principal campaign committee,S,Senate,True
S2WI00441,"BARNES, MANDELA",C00784959,THE LONG RUN PAC,U,Unauthorized,Q,PAC - Qualified,False
S6WY00068,"BARRASSO, JOHN A",C00449850,2008 SENATORS CLASSIC COMMITTEE,J,Joint fundraising committee,S,Senate,False
S6WY00068,"BARRASSO, JOHN A",C00495390,2011 SENATORS CLASSIC COMMITTEE,J,Joint fundraising committee,S,Senate,False
S6WY00068,"BARRASSO, JOHN A",C00518597,2012 SENATORS CLASSIC COMMITTEE,J,Joint fundraising committee,S,Senate,False
S6WY00068,"BARRASSO, JOHN A",C00637181,2017 SENATORS CLASSIC COMMITTEE,J,Joint fundraising committee,S,Senate,False
S6WY00068,"BARRASSO, JOHN A",C00527432,BARRASSO & BERG JOINT COMMITTEE,J,Joint fundraising committee,S,Senate,False
S6WY00068,"BARRASSO, JOHN A",C00565556,BARRASSO CASSIDY VICTORY COMMITTEE,J,Joint fundraising committee,S,Senate,False
S6WY00068,"BARRASSO, JOHN A",C00527440,BARRASSO & CORKER JOINT COMMITTEE,J,Joint fundraising committee,S,Senate,False
S6WY00068,"BARRASSO, JOHN A",C00563973,BARRASSO COTTON VICTORY FUND,J,Joint fundraising committee,S,Senate,False
S6WY00068,"BARRASSO, JOHN A",C00310482,BARRASSO FOR SENATE,P,Principal campaign committee,S,Senate,True
S6WY00068,"BARRASSO, JOHN A",C00576801,BARRASSO HELLER VICTORY FUND,J,Joint fundraising committee,Q,PAC - Qualified,False
S6WY00068,"BARRASSO, JOHN A",C00621573,BARRASSO LANKFORD VICTORY FUND,J,Joint fundraising committee,S,Senate,False
S6WY00068,"BARRASSO, JOHN A",C00520510,BARRASSO & REHBERG JOINT COMMITTEE,J,Joint fundraising committee,S,Senate,False
S6WY00068,"BARRASSO, JOHN A",C00548123,BARRASSO ROUNDS VICTORY FUND,J,Joint fundraising committee,S,Senate,False
S6WY00068,"BARRASSO, JOHN A",C00546168,BARRASSO SCOTT VICTORY FUND,J,Joint fundraising committee,S,Senate,False
S6WY00068,"BARRASSO, JOHN A",C00576652,BARRASSO TOOMEY VICTORY FUND,J,Joint fundraising committee,S,Senate,False
S6WY00068,"BARRASSO, JOHN A",C00544114,BARRASSO VICTORY COMMITTEE,J,Joint fundraising committee,N,PAC - Nonqualified,False
S6WY00068,"BARRASSO, JOHN A",C00436386,FRIENDS OF JOHN BARRASSO,P,Principal campaign committee,S,Senate,True
S6WY00068,"BARRASSO, JOHN A",C00446120,ROAD TO THE SENATE MAJORITY COMMITTEE,J,Joint fundraising committee,Q,PAC - Qualified,False
S6WY00068,"BARRASSO, JOHN A",C00500850,TENNESSEE SENATE VICTORY FUND,J,Joint fundraising committee,N,PAC - Nonqualified,False
S6KY00286,"BARR, GARLAND ANDY",C00467571,"ANDY BARR FOR SENATE, INC.",P,Principal campaign committee,S,Senate,True
S0KY00396,"BARRON, STEPHEN BRADLEY",C00723270,BRAD BARRON FOR US SENATE,P,Principal campaign committee,S,Senate,True
S6IL00532,"BARTZIS, PANAGIOTI JOHN MR",C00906784,FRIENDS OF PANO BARTZIS FOR SENATE,P,Principal campaign committee,S,Senate,True
S4NJ00540,"BASHAW, CURTIS",C00866152,"CURTIS BASHAW FOR US SENATE, INC.",P,Principal campaign committee,S,Senate,True
S8MT00010,"BAUCUS, MAX",C00078865,BAUCUS '78 COMMITTEE,A,Authorized by a candidate,S,Senate,False
S8MT00010,"BAUCUS, MAX",C00431627,BAUCUS JOHNSON VICTORY FUND,J,Joint fundraising committee,S,Senate,False
S8MT00010,"BAUCUS, MAX",C00383497,BAUCUS VICTORY FUND,J,Joint fundraising committee,N,PAC - Nonqualified,False
S8MT00010,"BAUCUS, MAX",C00431346,BIG SKY SENATE 2008,J,Joint fundraising committee,N,PAC - Nonqualified,False
S8MT00010,"BAUCUS, MAX",C00471003,BIG SKY SENATE 2010,J,Joint fundraising committee,N,PAC - Nonqualified,False
S8MT00010,"BAUCUS, MAX",C00377705,DASCHLE VICTORY FUND 2002,J,Joint fundraising committee,S,Senate,False
S8MT00010,"BAUCUS, MAX",C00140871,FRIENDS OF MAX BAUCUS,A,Authorized by a candidate,S,Senate,False
S8MT00010,"BAUCUS, MAX",C00209668,FRIENDS OF MAX BAUCUS,A,Authorized by a candidate,S,Senate,False
S8MT00010,"BAUCUS, MAX",C00253872,FRIENDS OF MAX BAUCUS 1996,A,Authorized by a candidate,S,Senate,False
S8MT00010,"BAUCUS, MAX",C00365791,GOOD GOVERNMENT 2002,J,Joint fundraising committee,N,PAC - Nonqualified,False
S8MT00010,"BAUCUS, MAX",C00328211,MAX'S PAC,U,Unauthorized,N,PAC - Nonqualified,False
S8MT00010,"BAUCUS, MAX",C00364943,MONTANA 2002,J,Joint fundraising committee,X,Party - Nonqualified,False
S8MT00010,"BAUCUS, MAX",C00446690,MONTANA VICTORY 2008,J,Joint fundraising committee,Q,PAC - Qualified,False
S8MT00010,"BAUCUS, MAX",C00485524,MONTANA VICTORY 2010,J,Joint fundraising committee,N,PAC - Nonqualified,False
S8MT00010,"BAUCUS, MAX",C00496331,MONTANA VICTORY 2014,J,Joint fundraising committee,N,PAC - Nonqualified,False
S8MT00010,"BAUCUS, MAX",C00304857,SENATE VICTORY '96,J,Joint fundraising committee,Y,Party - Qualified,False
S6SC04262,"BAUER, ANDRE",C00909929,ANDRE BAUER FOR U.S. SENATE,P,Principal campaign committee,S,Senate,True
S8IN00049,"BAYH, EVAN",C00383497,BAUCUS VICTORY FUND,J,Joint fundraising committee,N,PAC - Nonqualified,False
S8IN00049,"BAYH, EVAN",C00621805,BAYH VICTORY FUND,J,Joint fundraising committee,N,PAC - Nonqualified,False
S8IN00049,"BAYH, EVAN",C00387142,DEMOCRATIC SENATE 2004,J,Joint fundraising committee,Q,PAC - Qualified,False
S8IN00049,"BAYH, EVAN",C00306860,EVAN BAYH COMMITTEE,P,Principal campaign committee,S,Senate,True
S8IN00049,"BAYH, EVAN",C00385138,LINCOLN BAYH VICTORY FUND,J,Joint fundraising committee,S,Senate,False
S6DE00156,"BEARDSLEY, CHRISTOPHER MR.",C00927665,BEARDSLEY FOR SENATE,P,Principal campaign committee,S,Senate,True
S2NC00497,"BEASLEY, CHERI",C00777904,CHERI BEASLEY FOR NORTH CAROLINA,P,Principal campaign committee,S,Senate,True
S6SD01125,"BEAUDION, JULIAN C",C00901694,JULIAN FOR U.S. SENATE,P,Principal campaign committee,S,Senate,True
S6MA00270,"BECH, NATHAN ALEXANDER",C00449397,COMMITTEE TO ELECT NATHAN BECH; THE,P,Principal campaign committee,S,Senate,True
S6OK04155,"BECK, WILLIAM EVAN SCOTT",C00899021,BECK  FOR SENATE,P,Principal campaign committee,S,Senate,True
S4NY00313,"BELLON, DAVID A. ESQ.",C00835199,DAVID A. BELLON FOR UNITED STATES SENATE,P,Principal campaign committee,S,Senate,True
S2NY00374,"BEN-AVI, TYRRELL",C00776468,TYRRELLNEWYORK,P,Principal campaign committee,S,Senate,True
S6TX00560,"BENDER, ANNA",C00930131,ANNA BENDER FOR SENATE,P,Principal campaign committee,S,Senate,True
S6SD01117,"BENGS, BRIAN",C00903641,BENGS FOR SOUTH DAKOTA,P,Principal campaign committee,S,Senate,True
S6MI00400,"BENHAM, KENT",C00901728,BENHAMFORSENATE,P,Principal campaign committee,S,Senate,True
S0CO00211,"BENNET, MICHAEL F.",C00489567,4 FOR SENATE VICTORY,J,Joint fundraising committee,S,Senate,False
S0CO00211,"BENNET, MICHAEL F.",C00458984,ARKANSAS COLORADO VICTORY,J,Joint fundraising committee,S,Senate,False
S0CO00211,"BENNET, MICHAEL F.",C00488650,BENNET CARNAHAN VICTORY FUND,J,Joint fundraising committee,S,Senate,False
S0CO00211,"BENNET, MICHAEL F.",C00458398,BENNET FOR COLORADO,P,Principal campaign committee,S,Senate,True
S0CO00211,"BENNET, MICHAEL F.",C00591263,BRING BACK SENSE TO THE SENATE 2016,J,Joint fundraising committee,N,PAC - Nonqualified,False
S0CO00211,"BENNET, MICHAEL F.",C00589598,CO CT WA VICTORY 2016,J,Joint fundraising committee,S,Senate,False
S0CO00211,"BENNET, MICHAEL F.",C00614438,COLORADO OHIO VICTORY UND,J,Joint fundraising committee,S,Senate,False
S0CO00211,"BENNET, MICHAEL F.",C00466599,COLORADO SENATE 2010,J,Joint fundraising committee,N,PAC - Nonqualified,False
S0CO00211,"BENNET, MICHAEL F.",C00585737,COLORADO SENATE VICTORY 2016,J,Joint fundraising committee,N,PAC - Nonqualified,False
S0CO00211,"BENNET, MICHAEL F.",C00475210,COLORADO VICTORY 2010,J,Joint fundraising committee,N,PAC - Nonqualified,False
S0CO00211,"BENNET, MICHAEL F.",C00484188,COMMITTEE FOR A BETTER FUTURE,J,Joint fundraising committee,S,Senate,False
S0CO00211,"BENNET, MICHAEL F.",C00489492,DELAWARE COLORADO VICTORY,J,Joint fundraising committee,S,Senate,False
S0CO00211,"BENNET, MICHAEL F.",C00461913,JARED POLIS VICTORY FUND,J,Joint fundraising committee,N,PAC - Nonqualified,False
S0CO00211,"BENNET, MICHAEL F.",C00575522,JUSTICE 2016,J,Joint fundraising committee,S,Senate,False
S0CO00211,"BENNET, MICHAEL F.",C00487546,NEW YORK COLORADO VICTORY,J,Joint fundraising committee,S,Senate,False
S0CO00211,"BENNET, MICHAEL F.",C00590174,PEAKS AND PALMS SENATE VICTORY,J,Joint fundraising committee,X,Party - Nonqualified,False
S0CO00211,"BENNET, MICHAEL F.",C00480798,SECURE OUR SENATE 2010,J,Joint fundraising committee,S,Senate,False
S0CO00211,"BENNET, MICHAEL F.",C00462473,SENATE VICTORY 2010,J,Joint fundraising committee,N,PAC - Nonqualified,False
S0CO00211,"BENNET, MICHAEL F.",C00612564,TAKE BACK THE MAJORITY 2016,J,Joint fundraising committee,S,Senate,False
S0CO00211,"BENNET, MICHAEL F.",C00545855,THE COLORADO WAY,J,Joint fundraising committee,N,PAC - Nonqualified,False
S0CO00211,"BENNET, MICHAEL F.",C00521153,VIRGINIA COLORADO FUND,J,Joint fundraising committee,S,Senate,False
S0CO00211,"BENNET, MICHAEL F.",C00485508,WIN2010,J,Joint fundraising committee,S,Senate,False
S6IL00391,"BENNETT, DOUGLAS",C00634808,FRIENDS OF DOUG BENNETT,P,Principal campaign committee,S,Senate,True
S4FL00751,"BENNETT, SHANTELE RENEE MS N/A",C00872895,SHANTELE BENNETT FOR U. S. SENATE,P,Principal campaign committee,S,Senate,True
S4IN00188,"BENSON, ERIK",C00788307,ERIK BENSON,P,Principal campaign committee,H,House,True
S4IN00170,"BENSON, ERIK",C00788307,ERIK BENSON,P,Principal campaign committee,H,House,True
S2AR00107,"BEQUETTE, JAKE MR.",C00784272,BEQUETTE FOR ARKANSAS,P,Principal campaign committee,S,Senate,True
S2NH00298,"BERMAN, JOHN",C00776807,BERMAN4CONGRESS2MAKE AMERICA GEEKY AGAIN,P,Principal campaign committee,S,Senate,True
S4MN00478,"BERMAN, JOHN",C00776807,BERMAN4CONGRESS2MAKE AMERICA GEEKY AGAIN,P,Principal campaign committee,S,Senate,True
S4MA00267,"BERMAN, JOHN",C00776807,BERMAN4CONGRESS2MAKE AMERICA GEEKY AGAIN,P,Principal campaign committee,S,Senate,True
S2OH00394,"BERMAN, JOHN",C00776807,BERMAN4CONGRESS2MAKE AMERICA GEEKY AGAIN,P,Principal campaign committee,S,Senate,True
S6IA00199,"BERMAN, JOHN",C00776807,BERMAN4CONGRESS2MAKE AMERICA GEEKY AGAIN,P,Principal campaign committee,S,Senate,True
S4TX00656,"BERMAN, JOHN",C00776807,BERMAN4CONGRESS2MAKE AMERICA GEEKY AGAIN,P,Principal campaign committee,S,Senate,True
S2WI00425,"BERMAN, JOHN",C00776807,BERMAN4CONGRESS2MAKE AMERICA GEEKY AGAIN,P,Principal campaign committee,S,Senate,True
S2MD00560,"BERMAN, JOHN",C00776807,BERMAN4CONGRESS2MAKE AMERICA GEEKY AGAIN,P,Principal campaign committee,S,Senate,True
S6FL00889,"BETTIS, SHAWN STEFAN",C00945709,SHAWN BETTIS,P,Principal campaign committee,S,Senate,True
S4MI00496,"BEYDOUN, NASSER",C00837112,COMMITTEE TO ELECT NASSER BEYDOUN,P,Principal campaign committee,S,Senate,True
S0TX00365,"BIERSCHWALE, VIRGIL",C00728477,BIERSCHWALE FOR U.S. SENATE,P,Principal campaign committee,S,Senate,True
S0TX00365,"BIERSCHWALE, VIRGIL",C00908087,VIRGIL BIERSCHWALE FOR U.S. SENATE 2026,P,Principal campaign committee,S,Senate,True
S8TN00337,"BLACKBURN, MARSHA MRS.",C00689471,FOUNDERS COMMITTEE; THE,J,Joint fundraising committee,S,Senate,False
S8TN00337,"BLACKBURN, MARSHA MRS.",C00683029,KEEP THE SENATE RED 2018,J,Joint fundraising committee,Y,Party - Qualified,False
S8TN00337,"BLACKBURN, MARSHA MRS.",C00376939,MARSHA FOR SENATE,P,Principal campaign committee,S,Senate,True
S8TN00337,"BLACKBURN, MARSHA MRS.",C00674770,WINSOME LEADERS I,J,Joint fundraising committee,S,Senate,False
S8TN00337,"BLACKBURN, MARSHA MRS.",C00686741,WINSOME LEADERS II,J,Joint fundraising committee,S,Senate,False
S8TN00337,"BLACKBURN, MARSHA MRS.",C00678235,WOMEN KEEP THE MAJORITY,J,Joint fundraising committee,S,Senate,False
S6MT00246,"BLACKWOLF, MICHAEL JAMES MR.",C00919936,BLACKWOLF FOR MONTANA,P,Principal campaign committee,S,Senate,True
S6DE00164,"BLAND, DEXTER",C00924811,BELIEVE IN BLAND,P,Principal campaign committee,S,Senate,True
S0CT00177,"BLUMENTHAL, RICHARD",C00489567,4 FOR SENATE VICTORY,J,Joint fundraising committee,S,Senate,False
S0CT00177,"BLUMENTHAL, RICHARD",C00492991,BLUMENTHAL FOR CONNECTICUT,P,Principal campaign committee,S,Senate,True
S0CT00177,"BLUMENTHAL, RICHARD",C00473587,BLUMENTHAL FOR SENATE,A,Authorized by a candidate,S,Senate,False
S0CT00177,"BLUMENTHAL, RICHARD",C00578427,BLUMENTHAL SENATE VICTORY,J,Joint fundraising committee,N,PAC - Nonqualified,False
S0CT00177,"BLUMENTHAL, RICHARD",C00589598,CO CT WA VICTORY 2016,J,Joint fundraising committee,S,Senate,False
S0CT00177,"BLUMENTHAL, RICHARD",C00484188,COMMITTEE FOR A BETTER FUTURE,J,Joint fundraising committee,S,Senate,False
S0CT00177,"BLUMENTHAL, RICHARD",C00489849,CONNECTICUT SENATE 2010,J,Joint fundraising committee,N,PAC - Nonqualified,False
S0CT00177,"BLUMENTHAL, RICHARD",C00488346,CONNECTICUT SENATE VICTORY FUND,J,Joint fundraising committee,N,PAC - Nonqualified,False
S0CT00177,"BLUMENTHAL, RICHARD",C00480798,SECURE OUR SENATE 2010,J,Joint fundraising committee,S,Senate,False
S4DE00060,"BLUNT ROCHESTER, LISA",C00843391,LISA BLUNT ROCHESTER FOR SENATE,P,Principal campaign committee,S,Senate,True
S6MT00287,"BODNAR, SETH",C00941708,SETH BODNAR FOR MONTANA,P,Principal campaign committee,S,Senate,True
S0NH00326,"BOLDUC, DONALD C.",C00711010,"BOLDUC 2022, INC.",P,Principal campaign committee,S,Senate,True
S0NH00326,"BOLDUC, DONALD C.",C00772921,BOLDUC FOR NH SENATE REPUBLICAN NOMINEE FUND 2022,A,Authorized by a candidate,S,Senate,False
S6MO00289,"BOND, CHRISTOPHER S",C00403428,BOND SENATE VICTORY COMMITTEE,J,Joint fundraising committee,X,Party - Nonqualified,False
S6MO00289,"BOND, CHRISTOPHER S",C00216705,KITPAC,U,Unauthorized,Q,PAC - Qualified,False
S6MO00289,"BOND, CHRISTOPHER S",C00203992,L A '86 DINNER COMMITTEE,J,Joint fundraising committee,N,PAC - Nonqualified,False
S6MO00289,"BOND, CHRISTOPHER S",C00405456,MAJORITY FUND FOR AMERICA'S FUTURE COMMITTEE THE,J,Joint fundraising committee,N,PAC - Nonqualified,False
S6MO00289,"BOND, CHRISTOPHER S",C00200246,MAJORITY LEADER'S 8600 JOINT TRUST,J,Joint fundraising committee,N,PAC - Nonqualified,False
S6MO00289,"BOND, CHRISTOPHER S",C00200402,MAJORITY MISSOURI-BOND,A,Authorized by a candidate,S,Senate,False
S6MO00289,"BOND, CHRISTOPHER S",C00196592,MISSOURIANS FOR KIT BOND,A,Authorized by a candidate,S,Senate,False
S6MO00289,"BOND, CHRISTOPHER S",C00401158,N/W 2004 COMMITTEE,J,Joint fundraising committee,S,Senate,False
S6MO00289,"BOND, CHRISTOPHER S",C00242941,REPUBLICAN SENATORIAL INNER CIRCLE 1990,J,Joint fundraising committee,Y,Party - Qualified,False
S6MO00289,"BOND, CHRISTOPHER S",C00247767,REPUBLICAN SENATORIAL INNER CIRCLE 1990-91,J,Joint fundraising committee,Y,Party - Qualified,False
S6MO00289,"BOND, CHRISTOPHER S",C00401372,SENATE FREEDOM FUND COMMITTEE,J,Joint fundraising committee,N,PAC - Nonqualified,False
S6MO00289,"BOND, CHRISTOPHER S",C00265702,WARNER-NICKLES 1992 COMMITTEE,J,Joint fundraising committee,S,Senate,False
S6MO00289,"BOND, CHRISTOPHER S",C00326843,W/N 1997 COMMITTEE,J,Joint fundraising committee,S,Senate,False
S6MO00289,"BOND, CHRISTOPHER S",C00336032,W/N 1998 COMMITTEE,J,Joint fundraising committee,S,Senate,False
S6MO00289,"BOND, CHRISTOPHER S",C00251637,WNG 1991 COMMITTEE,J,Joint fundraising committee,S,Senate,False
S6ID00179,"BONDS, NICKOLAS",C00944744,COMMITTEE TO ELECT NICKOLAS 007 BONDS,P,Principal campaign committee,S,Senate,True
S4FL00736,"BONOAN, FEENA",C00877589,FRIENDS OF FEENA BONOAN,P,Principal campaign committee,S,Senate,True
S0KY00420,"BOOKER, CHARLES",C00783274,BOOKER FOR KENTUCKY,P,Principal campaign committee,S,Senate,True
S0KY00420,"BOOKER, CHARLES",C00733261,FOR THE PEOPLE OF KENTUCKY PAC,U,Unauthorized,Q,PAC - Qualified,False
S6KY00385,"BOOKER, CHARLES",C00929208,BOOKER FOR THE COMMONWEALTH,P,Principal campaign committee,S,Senate,True
S4NJ00185,"BOOKER, CORY A.",C00565770,BOOKER DURBIN VICTORY FUND,J,Joint fundraising committee,S,Senate,False
S4NJ00185,"BOOKER, CORY A.",C00548586,BOOKER SENATE VICTORY,J,Joint fundraising committee,N,PAC - Nonqualified,False
S4NJ00185,"BOOKER, CORY A.",C00540500,CORY BOOKER FOR SENATE,P,Principal campaign committee,S,Senate,True
S4NJ00185,"BOOKER, CORY A.",C00566794,GEORGIA NEW JERSEY VICTORY FUND,J,Joint fundraising committee,N,PAC - Nonqualified,False
S4NJ00185,"BOOKER, CORY A.",C00568121,IMPACT:SENATE 2014,J,Joint fundraising committee,S,Senate,False
S4NJ00185,"BOOKER, CORY A.",C00552893,NEW JERSEY SENATE VICTORY,J,Joint fundraising committee,N,PAC - Nonqualified,False
S4NJ00185,"BOOKER, CORY A.",C00561803,SECURE OUR SENATE 2014,J,Joint fundraising committee,S,Senate,False
S0AR00150,"BOOZMAN, SEN. JOHN",C00576280,2015 SENATORS CLASSIC COMMITTEE,J,Joint fundraising committee,S,Senate,False
S0AR00150,"BOOZMAN, SEN. JOHN",C00614529,2016 SENATORS CLASSIC COMMITTEE,J,Joint fundraising committee,S,Senate,False
S0AR00150,"BOOZMAN, SEN. JOHN",C00486696,ARKANSAS VICTORY COMMITTEE 2010,J,Joint fundraising committee,N,PAC - Nonqualified,False
S0AR00150,"BOOZMAN, SEN. JOHN",C00476317,BOOZMAN FOR ARKANSAS,P,Principal campaign committee,S,Senate,True
S0AR00150,"BOOZMAN, SEN. JOHN",C00490227,LEADER'S PROJECT; THE,J,Joint fundraising committee,N,PAC - Nonqualified,False
S0AR00150,"BOOZMAN, SEN. JOHN",C00487868,MAJORITY PARTNERSHIP FUND,J,Joint fundraising committee,N,PAC - Nonqualified,False
S0AR00150,"BOOZMAN, SEN. JOHN",C00484832,US SENATE VICTORY COMMITTEE 2010,J,Joint fundraising committee,S,Senate,False
S4FL00454,"BOSWELL, MATT",C00817973,BOSWELL FOR SENATE,P,Principal campaign committee,S,Senate,True
S6IL00656,"BOTSFORD, STEVE",C00920348,BOTSFORD FOR ILLINOIS,P,Principal campaign committee,S,Senate,True
S4UT00324,"BOWEN, CARLTON E.",C00877688,CARLTON 4 US SENATE ,P,Principal campaign committee,S,Senate,True
S6GA00267,"BOX, REAGAN",C00818807,REAGAN BOX FOR US HOUSE 2026,P,Principal campaign committee,H,House,True
S8CA00515,"BRADLEY, JAMES",C00674085,JAMES BRADLEY FOR US SENATE,P,Principal campaign committee,S,Senate,True
S0TN00342,"BRADSHAW, MARQUITA",C00846048,MARQUITA BRADSHAW FOR U S SENATE,P,Principal campaign committee,S,Senate,True
S0TN00342,"BRADSHAW, MARQUITA",C00720805,MARQUITA BRADSHAW FOR US SENATE,P,Principal campaign committee,S,Senate,True
S4TN00542,"BRADSHAW, MARQUITA",C00846048,MARQUITA BRADSHAW FOR U S SENATE,P,Principal campaign committee,S,Senate,True
S8IN00171,"BRAUN, MIKE",C00680454,BRAUN VICTORY COMMITTEE,J,Joint fundraising committee,N,PAC - Nonqualified,False
S8IN00171,"BRAUN, MIKE",C00689471,FOUNDERS COMMITTEE; THE,J,Joint fundraising committee,S,Senate,False
S8IN00171,"BRAUN, MIKE",C00653147,FREEDOM & OPPORTUNITY FUND,U,Unauthorized,N,PAC - Nonqualified,False
S8IN00171,"BRAUN, MIKE",C00685230,GROW THE MAJORITY,J,Joint fundraising committee,S,Senate,False
S8IN00171,"BRAUN, MIKE",C00683029,KEEP THE SENATE RED 2018,J,Joint fundraising committee,Y,Party - Qualified,False
S8IN00171,"BRAUN, MIKE",C00652081,PROTECTING THE MAJORITY COMMITTEE,J,Joint fundraising committee,N,PAC - Nonqualified,False
S8IN00171,"BRAUN, MIKE",C00681163,STRENGTHEN THE SENATE MAJORITY 2018,J,Joint fundraising committee,N,PAC - Nonqualified,False
S0NC00335,"BRAY, SHANNON",C00697870,FRIENDS OF SHANNON BRAY,A,Authorized by a candidate,S,Senate,False
S0NC00335,"BRAY, SHANNON",C00769554,SHANNON BRAY FOR LIBERTY,P,Principal campaign committee,S,Senate,True
S2CO00209,"BREMER, ELI",C00786723,ELI FOR COLORADO,P,Principal campaign committee,S,Senate,True
S6SC04338,"BRENKUS, JASON ELLIOT",C00929133,JASON BRENKUS FOR SENATE,P,Principal campaign committee,S,Senate,True
S6CO00408,"BRESLIN, KAREN",C00897488,BRESLIN FOR US SENATE,P,Principal campaign committee,S,Senate,True
S6TN00380,"BREWER, MARIA A",C00942128,MARIA BREWER FOR US SENATE,P,Principal campaign committee,S,Senate,True
S6OH00411,"BREWER, M SUSANNA MRS.",C00927418,BREWER FOR US SENATE,P,Principal campaign committee,S,Senate,True
S4MD00624,"BRIDGES, BILLY",C00888610,FRIENDS OF BILLY BRIDGES,P,Principal campaign committee,S,Senate,True
S2AL00145,"BRITT, KATIE BOYD",C00781443,BRITT FOR ALABAMA INC,P,Principal campaign committee,S,Senate,True
S2AL00145,"BRITT, KATIE BOYD",C00772954,BRITT FOR AL SENATE REPUBLICAN NOMINEE FUND 2022,A,Authorized by a candidate,S,Senate,False
S2AZ00356,"BRNOVICH, MARK MR.",C00781898,BRNOVICH FOR SENATE,P,Principal campaign committee,S,Senate,True
S6SC04270,"BROWN, BRANDON",C00911149,BRANDON BROWN FOR SOUTH CAROLINA,P,Principal campaign committee,S,Senate,True
S6NC00373,"BROWN, DON",C00857110,DON BROWN FOR SENATE,P,Principal campaign committee,S,Senate,True
S6TX00594,"BROWN GAINES, JENNIFER TAWANDA DR. @ LAW DISTRICT 3",C00940213,YEARN CO. JENNIFER TAWANDA BROWN GAINES,P,Principal campaign committee,S,Senate,True
S2NV00308,"BROWN, SAM",C00845032,AMERICAN HORIZON PAC,U,Unauthorized,N,PAC - Nonqualified,False
S2NV00308,"BROWN, SAM",C00829481,BROWN FOR NV SENATE REPUBLICAN NOMINEE FUND 2024,A,Authorized by a candidate,S,Senate,False
S2NV00308,"BROWN, SAM",C00783936,SAM BROWN PAC,U,Unauthorized,N,PAC - Nonqualified,False
S4NH00120,"BROWN, SCOTT",C00561845,2014 SENATORS CLASSIC COMMITTEE,J,Joint fundraising committee,S,Senate,False
S4NH00120,"BROWN, SCOTT",C00561886,BROWN VICTORY COMMITTEE,J,Joint fundraising committee,N,PAC - Nonqualified,False
S4NH00120,"BROWN, SCOTT",C00563858,FOUNDERS SENATE CANDIDATE COMMITTEE,J,Joint fundraising committee,N,PAC - Nonqualified,False
S4NH00120,"BROWN, SCOTT",C00563130,GOP VICTORY FUND 2014,J,Joint fundraising committee,N,PAC - Nonqualified,False
S4NH00120,"BROWN, SCOTT",C00560003,STRONG COUNTRY FOR TODAY AND TOMORROW,U,Unauthorized,Q,PAC - Qualified,False
S6NH00166,"BROWN, SCOTT P.",C00909622,"SCOTT BROWN FOR NEW HAMPSHIRE, INC.",P,Principal campaign committee,S,Senate,True
S6OH00163,"BROWN, SHERROD",C00499921,2012 SENATE VICTORY,J,Joint fundraising committee,S,Senate,False
S6OH00163,"BROWN, SHERROD",C00631960,BLUE SENATE 2018,J,Joint fundraising committee,S,Senate,False
S6OH00163,"BROWN, SHERROD",C00655688,BROWN WARREN VICTORY FUND,J,Joint fundraising committee,S,Senate,False
S6OH00163,"BROWN, SHERROD",C00555342,CANARY FUND,J,Joint fundraising committee,N,PAC - Nonqualified,False
S6OH00163,"BROWN, SHERROD",C00402958,COMMITTEE FOR A BETTER FUTURE,J,Joint fundraising committee,S,Senate,False
S6OH00163,"BROWN, SHERROD",C00655670,COMMON SENSE 2018,J,Joint fundraising committee,S,Senate,False
S6OH00163,"BROWN, SHERROD",C00504654,CSB VICTORY,J,Joint fundraising committee,S,Senate,False
S6OH00163,"BROWN, SHERROD",C00264697,DIGNITY OF WORK PAC,U,Unauthorized,V,Hybrid PAC (with Non-Contribution Account) - Nonqualified,False
S6OH00163,"BROWN, SHERROD",C00916288,FRIENDS OF SHERROD BROWN,P,Principal campaign committee,S,Senate,True
S6OH00163,"BROWN, SHERROD",C00511279,GREEN SENATE 2012,J,Joint fundraising committee,S,Senate,False
S6OH00163,"BROWN, SHERROD",C00502401,JUSTICE 2012,J,Joint fundraising committee,S,Senate,False
S6OH00163,"BROWN, SHERROD",C00678094,MICHIGAN OHIO VICTORY FUND,J,Joint fundraising committee,S,Senate,False
S6OH00163,"BROWN, SHERROD",C00521815,MIDWEST PRIORITIES FUND,J,Joint fundraising committee,S,Senate,False
S6OH00163,"BROWN, SHERROD",C00653485,MN OH PA VICTORY FUND,J,Joint fundraising committee,S,Senate,False
S6OH00163,"BROWN, SHERROD",C00561357,O2,J,Joint fundraising committee,S,Senate,False
S6OH00163,"BROWN, SHERROD",C00496240,OHIO GRASSROOTS VICTORY FUND,J,Joint fundraising committee,N,PAC - Nonqualified,False
S6OH00163,"BROWN, SHERROD",C00578609,OHIO GRASSROOTS VICTORY FUND,J,Joint fundraising committee,N,PAC - Nonqualified,False
S6OH00163,"BROWN, SHERROD",C00460774,OHIO/MONTANA VICTORY FUND,J,Joint fundraising committee,S,Senate,False
S6OH00163,"BROWN, SHERROD",C00544296,OHIO PENNSYLVANIA VICTORY FUND,J,Joint fundraising committee,S,Senate,False
S6OH00163,"BROWN, SHERROD",C00424416,OHIO SENATE 2006,J,Joint fundraising committee,X,Party - Nonqualified,False
S6OH00163,"BROWN, SHERROD",C00492769,OHIO SENATE 2012,J,Joint fundraising committee,N,PAC - Nonqualified,False
S6OH00163,"BROWN, SHERROD",C00635987,OHIO SENATE VICTORY 2018,J,Joint fundraising committee,Y,Party - Qualified,False
S6OH00163,"BROWN, SHERROD",C00648089,OHIO VIRGINIA VICTORY FUND 2018,J,Joint fundraising committee,S,Senate,False
S6OH00163,"BROWN, SHERROD",C00463091,RHODE ISLAND/OHIO VICTORY FUND,J,Joint fundraising committee,S,Senate,False
S6OH00163,"BROWN, SHERROD",C00426650,SAIL TO VICTORY 2006,J,Joint fundraising committee,S,Senate,False
S6OH00163,"BROWN, SHERROD",C00423574,TAKE BACK THE MIDWEST,J,Joint fundraising committee,S,Senate,False
S4TX00888,"BROWN, THEODORE E. JR.",C00857623,TED BROWN ELECTION COMMITTEE,P,Principal campaign committee,S,Senate,True
S8NC00338,"BROWN, ZACHARY JORDAN",C00886713,BROWN FOR SENATE 2028,P,Principal campaign committee,S,Senate,True
S0OK00370,"BROYLES, ABBY",C00725762,ABBY BROYLES FOR US SENATE,P,Principal campaign committee,S,Senate,True
S2SC00145,"BRUCE, CATHERINE FLEMING MS.",C00798827,CATHERINE FLEMING BRUCE FOR UNITED STATES SENATE,P,Principal campaign committee,S,Senate,True
S2NC00596,"BRYANT, LEONARD L",C00793265,BRYANT FOR US SENATE,P,Principal campaign committee,S,Senate,True
S4GA11103,"BUCKLEY, ALLEN",C00919787,BUCKLEY 2026 LLC,P,Principal campaign committee,S,Senate,True
S4GA11103,"BUCKLEY, ALLEN",C00394064,BUCKLEY FOR SENATE,P,Principal campaign committee,S,Senate,True
S4GA11103,"BUCKLEY, ALLEN",C00451872,BUCKLEY FOR SENATE,P,Principal campaign committee,S,Senate,True
S4GA11103,"BUCKLEY, ALLEN",C00738716,BUCKLEY FOR U.S. SENATE 2020 LLC,P,Principal campaign committee,S,Senate,True
S6OK04254,"BUCKNER, WILLIAM SEAN",C00943779,BUCKNER FOR SENATE 2026,P,Principal campaign committee,S,Senate,True
S2NC00505,"BUDD, THEODORE P",C00772889,BUDD FOR NC SENATE REPUBLICAN NOMINEE FUND 2022,A,Authorized by a candidate,S,Senate,False
S2NC00505,"BUDD, THEODORE P",C00614776,TED BUDD FOR SENATE,P,Principal campaign committee,S,Senate,True
S0MT00173,"BULLOCK, STEVE",C00741611,BIG SKY VALUES,U,Unauthorized,V,Hybrid PAC (with Non-Contribution Account) - Nonqualified,False
S6NE00145,"BURBANK, CINDY",C00941641,CINDY BURBANK FOR SENATE,P,Principal campaign committee,S,Senate,True
S6RI00270,"BURBRIDGE, CONNOR",C00902601,BURBRIDGE FOR RI,P,Principal campaign committee,S,Senate,True
S6LA00607,"BURKE, TRACIE",C00929273,TRACIE BURKE CAMPAIGN COMMITTEE,P,Principal campaign committee,S,Senate,True
S6AL00500,"BURTON, MATTHEW SETH",C00935403,FRIENDS OF SETH BURTON,P,Principal campaign committee,S,Senate,True
S4MS00203,"BURTON, TIMOTHY GHANNON COLONEL(R)",C00854125,BURTON FOR US SENATE,P,Principal campaign committee,S,Senate,True
S0TN00201,"BUSH, BYRON",C00725846,COMMITTEE FOR BYRON BUSH FOR US SENATE,P,Principal campaign committee,S,Senate,True
S6IL00565,"BUSTOS, AWISI",C00907931,FRIENDS OF AWISI,P,Principal campaign committee,S,Senate,True
S6WY00217,"BYRD, JAMES WILLARD MR.",C00938738,BYRD FOR US SENATE,P,Principal campaign committee,S,Senate,True
S0AL00206,"BYRNE, BRADLEY ROBERTS",C00697417,"BYRNE FOR SENATE, INC.",P,Principal campaign committee,S,Senate,True
S0AL00206,"BYRNE, BRADLEY ROBERTS",C00695551,TEAM BYRNE,J,Joint fundraising committee,N,PAC - Nonqualified,False
S0NJ00068,"BYRNE, BRENDAN THOMAS JR",C00347591,FRIENDS OF TOM BYRNE,P,Principal campaign committee,S,Senate,True
S6ME00316,"CALABRESE, CARMEM VINCENT MR.",C00902759,CARMEN4SENATE.COM,P,Principal campaign committee,S,Senate,True
S6ME00324,"CALABRESE, CARMEN VINCENT MR.",C00902759,CARMEN4SENATE.COM,P,Principal campaign committee,S,Senate,True
S6CO00523,"CALDERON, AMANDA J JILLIAN MRS",C00933754,AMANDA CALDERON FOR US SENATE,P,Principal campaign committee,S,Senate,True
S6KY00237,"CAMERON, DANIEL",C00898189,CAMERON FOR SENATE INC.,P,Principal campaign committee,S,Senate,True
S4FL00637,"CAMPBELL, STANLEY",C00851782,FRIENDS OF STANLEY CAMPBELL FIGHTING FOR A BETTER FLORIDA,A,Authorized by a candidate,S,Senate,False
S4FL00637,"CAMPBELL, STANLEY",C00851725,STANLEY CAMPBELL FOR US SENATE,P,Principal campaign committee,S,Senate,True
S6TX00545,"CANADY, SARA LARUE",C00929406,SARA FOR SENATE,P,Principal campaign committee,S,Senate,True
S8WA00194,"CANTWELL, MARIA",C00631960,BLUE SENATE 2018,J,Joint fundraising committee,S,Senate,False
S8WA00194,"CANTWELL, MARIA",C00425033,CANTWELL-CASEY VICTORY FUND,J,Joint fundraising committee,S,Senate,False
S8WA00194,"CANTWELL, MARIA",C00426585,CANTWELL-FORD 2006,J,Joint fundraising committee,S,Senate,False
S8WA00194,"CANTWELL, MARIA",C00568592,CANTWELL FOR WOMEN IN THE SENATE 2014,J,Joint fundraising committee,S,Senate,False
S8WA00194,"CANTWELL, MARIA",C00622779,CANTWELL FOR WOMEN IN THE SENATE 2016,J,Joint fundraising committee,N,PAC - Nonqualified,False
S8WA00194,"CANTWELL, MARIA",C00654251,CANTWELL-HIRONO VICTORY FUND,J,Joint fundraising committee,S,Senate,False
S8WA00194,"CANTWELL, MARIA",C00500355,CANTWELL VICTORY 2012,J,Joint fundraising committee,N,PAC - Nonqualified,False
S8WA00194,"CANTWELL, MARIA",C00506980,CANTWELL-WARREN 2012,J,Joint fundraising committee,S,Senate,False
S8WA00194,"CANTWELL, MARIA",C00679217,CANTWELL-WARREN VICTORY FUND,J,Joint fundraising committee,S,Senate,False
S8WA00194,"CANTWELL, MARIA",C00667220,CANTWELL-WHITEHOUSE VICTORY FUND,J,Joint fundraising committee,S,Senate,False
S8WA00194,"CANTWELL, MARIA",C00565648,CANTWELL WYDEN VICTORY FUND,J,Joint fundraising committee,S,Senate,False
S8WA00194,"CANTWELL, MARIA",C00402958,COMMITTEE FOR A BETTER FUTURE,J,Joint fundraising committee,S,Senate,False
S8WA00194,"CANTWELL, MARIA",C00349506,FRIENDS OF MARIA,P,Principal campaign committee,S,Senate,True
S8WA00194,"CANTWELL, MARIA",C00409771,KENNEDY/CANTWELL COMMITTEE,J,Joint fundraising committee,S,Senate,False
S8WA00194,"CANTWELL, MARIA",C00391623,LEAHY-CANTWELL COMMITTEE,J,Joint fundraising committee,S,Senate,False
S8WA00194,"CANTWELL, MARIA",C00410159,MICHIGAN/WASHINGTON SENATE VICTORY,J,Joint fundraising committee,S,Senate,False
S8WA00194,"CANTWELL, MARIA",C00499384,MINNESOTA NEW YORK WASHINGTON VICTORY FUND,J,Joint fundraising committee,S,Senate,False
S8WA00194,"CANTWELL, MARIA",C00421800,SENATE 2006,J,Joint fundraising committee,Q,PAC - Qualified,False
S8WA00194,"CANTWELL, MARIA",C00416206,SENATE VICTORY 2006,J,Joint fundraising committee,X,Party - Nonqualified,False
S8WA00194,"CANTWELL, MARIA",C00492736,TEXANS FOR A PROGRESSIVE SENATE,J,Joint fundraising committee,S,Senate,False
S8WA00194,"CANTWELL, MARIA",C00428458,WASHINGTON 2006,J,Joint fundraising committee,Q,PAC - Qualified,False
S8WA00194,"CANTWELL, MARIA",C00410035,WASHINGTON SENATE 2006,J,Joint fundraising committee,N,PAC - Nonqualified,False
S8WA00194,"CANTWELL, MARIA",C00498022,WASHINGTON SENATE 2012,J,Joint fundraising committee,N,PAC - Nonqualified,False
S8WA00194,"CANTWELL, MARIA",C00685057,WOMEN ON THE ROAD 2018,J,Joint fundraising committee,N,PAC - Nonqualified,False
S8WA00194,"CANTWELL, MARIA",C00672857,WOMEN ON THE ROAD CALIFORNIA 2018,J,Joint fundraising committee,N,PAC - Nonqualified,False
S8WA00194,"CANTWELL, MARIA",C00672840,WOMEN ON THE ROAD SEATTLE 2018,J,Joint fundraising committee,N,PAC - Nonqualified,False
S8WA00194,"CANTWELL, MARIA",C00511642,WOMEN ON THE ROAD TO THE SENATE: 12 AND COUNTING - BAY AREA,J,Joint fundraising committee,N,PAC - Nonqualified,False
S8WA00194,"CANTWELL, MARIA",C00519405,WOMEN ON THE ROAD TO THE SENATE 12 AND COUNTING - BOSTON,J,Joint fundraising committee,N,PAC - Nonqualified,False
S8WA00194,"CANTWELL, MARIA",C00511659,WOMEN ON THE ROAD TO THE SENATE: 12 AND COUNTING-LOS ANGELES,J,Joint fundraising committee,N,PAC - Nonqualified,False
S8WA00194,"CANTWELL, MARIA",C00519462,WOMEN ON THE ROAD TO THE SENATE 12 AND COUNTING-NEW YORK CITY,J,Joint fundraising committee,N,PAC - Nonqualified,False
S8WA00194,"CANTWELL, MARIA",C00511634,WOMEN ON THE ROAD TO THE SENATE: 12 AND COUNTING-SEATTLE,J,Joint fundraising committee,N,PAC - Nonqualified,False
S8WA00194,"CANTWELL, MARIA",C00519470,WOMEN ON THE ROAD TO THE SENATE 12 AND COUNTING-WASHINGTON DC,J,Joint fundraising committee,N,PAC - Nonqualified,False
S8WA00194,"CANTWELL, MARIA",C00413518,WOMEN SENATE 2006,J,Joint fundraising committee,N,PAC - Nonqualified,False
S8WA00194,"CANTWELL, MARIA",C00501767,WOMEN'S SENATE VICTORY FUND,J,Joint fundraising committee,S,Senate,False
S4VA00353,"CAO, HUNG",C00802488,HUNG CAO FOR VIRGINIA,P,Principal campaign committee,S,Senate,True
S4WV00159,"CAPITO, SHELLEY MOORE",C00561845,2014 SENATORS CLASSIC COMMITTEE,J,Joint fundraising committee,S,Senate,False
S4WV00159,"CAPITO, SHELLEY MOORE",C00701243,2019 SENATORS CLASSIC COMMITTEE,J,Joint fundraising committee,S,Senate,False
S4WV00159,"CAPITO, SHELLEY MOORE",C00539825,CAPITO FOR WEST VIRGINIA,P,Principal campaign committee,S,Senate,True
S4WV00159,"CAPITO, SHELLEY MOORE",C00550814,CAPITO VICTORY COMMITTEE,J,Joint fundraising committee,N,PAC - Nonqualified,False
S4WV00159,"CAPITO, SHELLEY MOORE",C00695353,DEFEND THE SENATE,J,Joint fundraising committee,N,PAC - Nonqualified,False
S4WV00159,"CAPITO, SHELLEY MOORE",C00550822,FISCAL CONSERVATIVE MAJORITY FUND,J,Joint fundraising committee,N,PAC - Nonqualified,False
S4WV00159,"CAPITO, SHELLEY MOORE",C00563858,FOUNDERS SENATE CANDIDATE COMMITTEE,J,Joint fundraising committee,N,PAC - Nonqualified,False
S4WV00159,"CAPITO, SHELLEY MOORE",C00705491,FRIENDS OF SHELLEY MOORE CAPITO,A,Authorized by a candidate,S,Senate,False
S4WV00159,"CAPITO, SHELLEY MOORE",C00562751,SCOTT CAPITO ROUNDS VICTORY FUND,J,Joint fundraising committee,S,Senate,False
S4WV00159,"CAPITO, SHELLEY MOORE",C00566661,SIX IN '14 FUND,J,Joint fundraising committee,S,Senate,False
S4WV00159,"CAPITO, SHELLEY MOORE",C00566844,WEST VIRGINIANS FOR A BRIGHTER FUTURE,J,Joint fundraising committee,N,PAC - Nonqualified,False
S4WV00159,"CAPITO, SHELLEY MOORE",C00565960,WINNING WOMEN FOR THE US SENATE,J,Joint fundraising committee,S,Senate,False
S6IL00490,"CAPPARELLI, R CARY",C00911628,CAPPARELLI FOR US SENATE,P,Principal campaign committee,S,Senate,True
S6MD03177,"CARDIN, BENJAMIN L",C00411587,"BEN CARDIN FOR SENATE, INC.",P,Principal campaign committee,S,Senate,True
S6MD03177,"CARDIN, BENJAMIN L",C00427005,CARDIN-CASEY VICTORY 06,J,Joint fundraising committee,S,Senate,False
S6MD03177,"CARDIN, BENJAMIN L",C00524306,CARDIN-MARYLAND VICTORY 2012,J,Joint fundraising committee,N,PAC - Nonqualified,False
S6MD03177,"CARDIN, BENJAMIN L",C00492249,CA RI MN MD VICTORY FUND,J,Joint fundraising committee,S,Senate,False
S6MD03177,"CARDIN, BENJAMIN L",C00402958,COMMITTEE FOR A BETTER FUTURE,J,Joint fundraising committee,S,Senate,False
S6MD03177,"CARDIN, BENJAMIN L",C00498949,MARYLAND DELAWARE VICTORY FUND,J,Joint fundraising committee,S,Senate,False
S6MD03177,"CARDIN, BENJAMIN L",C00427310,MARYLAND SEANTE VICTORY 2006,J,Joint fundraising committee,Y,Party - Qualified,False
S6MD03177,"CARDIN, BENJAMIN L",C00492728,RI MN MD VICTORY FUND,J,Joint fundraising committee,S,Senate,False
S6MD03177,"CARDIN, BENJAMIN L",C00495382,SENATE VICTORY 2012,J,Joint fundraising committee,S,Senate,False
S4NJ00342,"CARDUCCI, NICHOLAS MATTHEW",C00818757,NICHOLAS CARDUCCI FOR U.S. SENATE,P,Principal campaign committee,S,Senate,True
S6IA00249,"CARLIN, JAMES",C00898148,JIM CARLIN FOR US SENATE,P,Principal campaign committee,S,Senate,True
S2IA00131,"CARLIN, JAMES M.",C00769208,CARLIN FOR US SENATE,P,Principal campaign committee,S,Senate,True
S4IN00279,"CARMICHAEL, ROBERT MARC",C00845859,CARMICHAEL FOR US SENATE,P,Principal campaign committee,S,Senate,True
S8DE00079,"CARPER, THOMAS R.",C00349217,CARPER FOR SENATE,P,Principal campaign committee,S,Senate,True
S8DE00079,"CARPER, THOMAS R.",C00411728,CENTRIST SENATE VICTORY FUND,J,Joint fundraising committee,S,Senate,False
S8DE00079,"CARPER, THOMAS R.",C00411710,CONRAD-CARPER 2006,J,Joint fundraising committee,S,Senate,False
S8DE00079,"CARPER, THOMAS R.",C00516104,DELAWARE SENATE 2012,J,Joint fundraising committee,N,PAC - Nonqualified,False
S8DE00079,"CARPER, THOMAS R.",C00357343,DEMOCRATIC SENATE 2000,J,Joint fundraising committee,X,Party - Nonqualified,False
S8DE00079,"CARPER, THOMAS R.",C00673061,HEINRICH CARPER VICTORY FUND,J,Joint fundraising committee,S,Senate,False
S8DE00079,"CARPER, THOMAS R.",C00498949,MARYLAND DELAWARE VICTORY FUND,J,Joint fundraising committee,S,Senate,False
S8DE00079,"CARPER, THOMAS R.",C00498956,MINNESOTA NEVADA VICTORY FUND,J,Joint fundraising committee,S,Senate,False
S8DE00079,"CARPER, THOMAS R.",C00506394,MODERATE SENATE 2012,J,Joint fundraising committee,S,Senate,False
S6GA00374,"CARTER, EARL LEROY",C00543967,BUDDY CARTER FOR SENATE,P,Principal campaign committee,S,Senate,True
S6PA00217,"CASEY, ROBERT P. JR.",C00631960,BLUE SENATE 2018,J,Joint fundraising committee,S,Senate,False
S6PA00217,"CASEY, ROBERT P. JR.",C00410225,BOB CASEY FOR PENNSYLVANIA COMMITTEE,A,Authorized by a candidate,S,Senate,False
S6PA00217,"CASEY, ROBERT P. JR.",C00431056,BOB CASEY FOR SENATE INC,P,Principal campaign committee,S,Senate,True
S6PA00217,"CASEY, ROBERT P. JR.",C00425033,CANTWELL-CASEY VICTORY FUND,J,Joint fundraising committee,S,Senate,False
S6PA00217,"CASEY, ROBERT P. JR.",C00427005,CARDIN-CASEY VICTORY 06,J,Joint fundraising committee,S,Senate,False
S6PA00217,"CASEY, ROBERT P. JR.",C00545830,CASEY KEYSTONE VICTORY FUND,J,Joint fundraising committee,N,PAC - Nonqualified,False
S6PA00217,"CASEY, ROBERT P. JR.",C00402958,COMMITTEE FOR A BETTER FUTURE,J,Joint fundraising committee,S,Senate,False
S6PA00217,"CASEY, ROBERT P. JR.",C00655670,COMMON SENSE 2018,J,Joint fundraising committee,S,Senate,False
S6PA00217,"CASEY, ROBERT P. JR.",C00504654,CSB VICTORY,J,Joint fundraising committee,S,Senate,False
S6PA00217,"CASEY, ROBERT P. JR.",C00637165,GREEN SENATE IMPACT 2018,J,Joint fundraising committee,S,Senate,False
S6PA00217,"CASEY, ROBERT P. JR.",C00633925,JUSTICE 2018,J,Joint fundraising committee,N,PAC - Nonqualified,False
S6PA00217,"CASEY, ROBERT P. JR.",C00418681,KEYSTONE SENATE 2006,J,Joint fundraising committee,N,PAC - Nonqualified,False
S6PA00217,"CASEY, ROBERT P. JR.",C00470021,KEYSTONE VICTORY FUND,J,Joint fundraising committee,N,PAC - Nonqualified,False
S6PA00217,"CASEY, ROBERT P. JR.",C00653485,MN OH PA VICTORY FUND,J,Joint fundraising committee,S,Senate,False
S6PA00217,"CASEY, ROBERT P. JR.",C00506394,MODERATE SENATE 2012,J,Joint fundraising committee,S,Senate,False
S6PA00217,"CASEY, ROBERT P. JR.",C00544296,OHIO PENNSYLVANIA VICTORY FUND,J,Joint fundraising committee,S,Senate,False
S6PA00217,"CASEY, ROBERT P. JR.",C00591594,PENNSYLVANIA OREGON VICTORY FUND,J,Joint fundraising committee,S,Senate,False
S6PA00217,"CASEY, ROBERT P. JR.",C00419440,PENNSYLVANIA SENATE 2006,J,Joint fundraising committee,N,PAC - Nonqualified,False
S6PA00217,"CASEY, ROBERT P. JR.",C00502476,PENNSYLVANIA SENATE 2012,J,Joint fundraising committee,N,PAC - Nonqualified,False
S6PA00217,"CASEY, ROBERT P. JR.",C00682260,PENNSYLVANIA SENATE VICTORY 2018,J,Joint fundraising committee,N,PAC - Nonqualified,False
S6PA00217,"CASEY, ROBERT P. JR.",C00426650,SAIL TO VICTORY 2006,J,Joint fundraising committee,S,Senate,False
S6PA00217,"CASEY, ROBERT P. JR.",C00421800,SENATE 2006,J,Joint fundraising committee,Q,PAC - Qualified,False
S6PA00217,"CASEY, ROBERT P. JR.",C00495382,SENATE VICTORY 2012,J,Joint fundraising committee,S,Senate,False
S4LA00107,"CASSIDY, WILLIAM M.",C00701243,2019 SENATORS CLASSIC COMMITTEE,J,Joint fundraising committee,S,Senate,False
S4LA00107,"CASSIDY, WILLIAM M.",C00565556,BARRASSO CASSIDY VICTORY COMMITTEE,J,Joint fundraising committee,S,Senate,False
S4LA00107,"CASSIDY, WILLIAM M.",C00543983,BILL CASSIDY FOR US SENATE,P,Principal campaign committee,S,Senate,True
S4LA00107,"CASSIDY, WILLIAM M.",C00568451,CASSIDY FOR SENATE VICTORY COMMITTEE,J,Joint fundraising committee,N,PAC - Nonqualified,False
S4LA00107,"CASSIDY, WILLIAM M.",C00552703,CASSIDY PALAZZO VICTORY FUND,J,Joint fundraising committee,N,PAC - Nonqualified,False
S4LA00107,"CASSIDY, WILLIAM M.",C00568055,CASSIDY PERDUE SULLIVAN TILLIS VICTORY FUND (CPST VICTORY FUND),J,Joint fundraising committee,S,Senate,False
S4LA00107,"CASSIDY, WILLIAM M.",C00563783,CASSIDY ROUNDS VICTORY COMMITTEE,J,Joint fundraising committee,S,Senate,False
S4LA00107,"CASSIDY, WILLIAM M.",C00564203,CASSIDY VICTORY,J,Joint fundraising committee,N,PAC - Nonqualified,False
S4LA00107,"CASSIDY, WILLIAM M.",C00547554,CASSIDY VICTORY COMMITTEE,J,Joint fundraising committee,N,PAC - Nonqualified,False
S4LA00107,"CASSIDY, WILLIAM M.",C00695353,DEFEND THE SENATE,J,Joint fundraising committee,N,PAC - Nonqualified,False
S4LA00107,"CASSIDY, WILLIAM M.",C00563858,FOUNDERS SENATE CANDIDATE COMMITTEE,J,Joint fundraising committee,N,PAC - Nonqualified,False
S4LA00107,"CASSIDY, WILLIAM M.",C00563130,GOP VICTORY FUND 2014,J,Joint fundraising committee,N,PAC - Nonqualified,False
S4LA00107,"CASSIDY, WILLIAM M.",C00566661,SIX IN '14 FUND,J,Joint fundraising committee,S,Senate,False
S6KY00401,"CATLETT, ANISSA",C00933143,CATLETTFORKENTUCKY,P,Principal campaign committee,S,Senate,True
S4MD00525,"CHAFFEE, CHRISTOPHER",C00871269,CHAFFEE FOR US SENATE,P,Principal campaign committee,S,Senate,True
S8PA00353,"CHANDLER, RAYMOND EUGENE MR. III",C00945790,CAMPAIGN TO ELECT RAYMOND CHANDLER III TO U.S. SENATE IN 2028,P,Principal campaign committee,S,Senate,True
S6NM01178,"CHANNON, MATT",C00947622,MATT CHANNON FOR SENATE,P,Principal campaign committee,S,Senate,True
S6GA00291,"CHAPMAN, CHRISTOPH LA'FLARE",C00885343,THE SUPER PACT,P,Principal campaign committee,S,Senate,True
S4ME00147,"CHERRY, JASON SETH",C00863787,JASON CHERRY FOR SENATE,P,Principal campaign committee,S,Senate,True
S6CO00549,"CHEW, ROBERT",C00944298,ROBERT CHEW FOR SENATE,P,Principal campaign committee,S,Senate,True
S6CO00556,"CHEW, ROBERT",C00944298,ROBERT CHEW FOR SENATE,P,Principal campaign committee,S,Senate,True
S4NM00134,"CHICK, CAMERON ALTON MR. SR.",C00839175,CAMERON CHICK FOR SENATOR 2024,P,Principal campaign committee,S,Senate,True
S6NM01152,"CHICK, CAMERON ALTON MR. SR.",C00940643,CAMERON CHICK FOR SENATE 2026,P,Principal campaign committee,S,Senate,True
S4NM00233,"CHICK, CAMERON MR.",C00880575,CHICK FOR US SENATE 2024,P,Principal campaign committee,S,Senate,True
S2IL00200,"CHLEBEK, CASEY",C00903823,CASEY CHLEBEK FOR US SENATE,P,Principal campaign committee,S,Senate,True
S2IL00200,"CHLEBEK, CASEY",C00789479,CASEY FOR US SENATE,P,Principal campaign committee,S,Senate,True
S0IL00550,"CHLEBEK, CASEY",C00903823,CASEY CHLEBEK FOR US SENATE,P,Principal campaign committee,S,Senate,True
S0IL00550,"CHLEBEK, CASEY",C00714998,CASEY FOR SENATE,P,Principal campaign committee,S,Senate,True
S0IL00550,"CHLEBEK, CASEY",C00789479,CASEY FOR US SENATE,P,Principal campaign committee,S,Senate,True
S6IL00466,"CHLEBEK, CASIMER MR.",C00903823,CASEY CHLEBEK FOR US SENATE,P,Principal campaign committee,S,Senate,True
S6MI00442,"CHRISTENSEN, LYDIA LYNN",C00903575,LYDIA CHRISTENSEN FOR UNITED STATES SENATE,P,Principal campaign committee,S,Senate,True
S8PA00270,"CHRISTIANA, JAMES JOSEPH III",C00638304,JIM CHRISTIANA FOR SENATE,P,Principal campaign committee,S,Senate,True
S2ND00123,"CHRISTIANSEN, KATRINA",C00852467,FRIENDS OF KATRINA CHRISTIANSEN,P,Principal campaign committee,S,Senate,True
S2ND00123,"CHRISTIANSEN, KATRINA",C00802959,KATRINA FOR SENATE,A,Authorized by a candidate,S,Senate,False
S6FL00905,"CHURCHILL, PANO DR",C00948091,LINCOLN PARTY COMMITTEE,P,Principal campaign committee,S,Senate,True
S4NV00395,"CLARK, CORNELL MAURICE DR.",C00869412,CLARKISNEVADA,P,Principal campaign committee,S,Senate,True
S6GA00366,"CLEMENT, CHRISTINA LOREN REV DR TRUSTE",C00857128,STATE OF LOC NATION FOR CLEMENT FOR SENATE,P,Principal campaign committee,S,Senate,True
S0NY00188,"CLINTON, HILLARY RODHAM",C00388363,CLINTON-DSCC VICTORY FUND,J,Joint fundraising committee,X,Party - Nonqualified,False
S0NY00188,"CLINTON, HILLARY RODHAM",C00348771,COALITION FOR A BETTER AMERICA,U,Unauthorized,U,Single Candidate Independent Expenditure,False
S0NY00188,"CLINTON, HILLARY RODHAM",C00358895,FRIENDS OF HILLARY,P,Principal campaign committee,S,Senate,True
S0NY00188,"CLINTON, HILLARY RODHAM",C00346544,HILLARY RODHAM CLINTON FOR US SENATE COMMITTEE INC,A,Authorized by a candidate,S,Senate,False
S0NY00188,"CLINTON, HILLARY RODHAM",C00349134,HISPANOS 2000 GORE FOR PRESIDENT - HILLARY CLINTON FOR U S SENATE,U,Unauthorized,U,Single Candidate Independent Expenditure,False
S0NY00188,"CLINTON, HILLARY RODHAM",C00358853,NEWERAPAC,U,Unauthorized,U,Single Candidate Independent Expenditure,False
S0NY00188,"CLINTON, HILLARY RODHAM",C00347997,NEW YORK DEMOCRATIC VICTORY 2000,J,Joint fundraising committee,X,Party - Nonqualified,False
S0NY00188,"CLINTON, HILLARY RODHAM",C00347948,NEW YORK SENATE 2000,J,Joint fundraising committee,Y,Party - Qualified,False
S0NY00188,"CLINTON, HILLARY RODHAM",C00344747,RUNHILLARY.COM DRAFT COMMITTEE,U,Unauthorized,U,Single Candidate Independent Expenditure,False
S0NY00188,"CLINTON, HILLARY RODHAM",C00364257,STOP-HILLARY POLITICAL ACTION COMMITTEE,U,Unauthorized,U,Single Candidate Independent Expenditure,False
S0NY00188,"CLINTON, HILLARY RODHAM",C00413518,WOMEN SENATE 2006,J,Joint fundraising committee,N,PAC - Nonqualified,False
S2WA00494,"COBAIN, KURT DONALD MR",C00815860,"NIRVANA, LLC.",P,Principal campaign committee,S,Senate,True
S4WA00557,"COBAIN, KURT SR",C00815860,"NIRVANA, LLC.",P,Principal campaign committee,S,Senate,True
S0WA00258,"CODAY, ARTHUR JR MD",C00471482,CODAY FOR US SENATE,P,Principal campaign committee,S,Senate,True
S0GA00567,"COLLINS, DOUGLAS ALLEN",C00736983,DLJCC PAC (DARING LEADERSHIP JUMPSTARTING CONSERVATIVE CAUSES PAC),U,Unauthorized,N,PAC - Nonqualified,False
S6GA00390,"COLLINS, MICHAEL A JR",C00544684,MIKE COLLINS FOR SENATE,P,Principal campaign committee,S,Senate,True
S6ME00159,"COLLINS, SUSAN M.",C00434274,2007 SENATORS' CLASSIC COMMITTEE,J,Joint fundraising committee,Q,PAC - Qualified,False
S6ME00159,"COLLINS, SUSAN M.",C00450460,2008 JOINT CANDIDATE COMMITTE,J,Joint fundraising committee,N,PAC - Nonqualified,False
S6ME00159,"COLLINS, SUSAN M.",C00439794,2008 SENATE-RNC VICTORY COMMITTEE; THE,J,Joint fundraising committee,Q,PAC - Qualified,False
S6ME00159,"COLLINS, SUSAN M.",C00543637,2013 SENATORS CLASSIC COMMITTEE,J,Joint fundraising committee,S,Senate,False
S6ME00159,"COLLINS, SUSAN M.",C00451286,COLLINS DOLE ALEXANDER COMMITTEE,J,Joint fundraising committee,N,PAC - Nonqualified,False
S6ME00159,"COLLINS, SUSAN M.",C00314575,COLLINS FOR SENATOR,P,Principal campaign committee,S,Senate,True
S6ME00159,"COLLINS, SUSAN M.",C00434266,COLLINS MAJORITY COMMITTEE; THE,J,Joint fundraising committee,Q,PAC - Qualified,False
S6ME00159,"COLLINS, SUSAN M.",C00548909,COLLINS VICTORY COMMITTEE,J,Joint fundraising committee,N,PAC - Nonqualified,False
S6ME00159,"COLLINS, SUSAN M.",C00380261,GOOD GOVERNMENT FUND,J,Joint fundraising committee,S,Senate,False
S6ME00159,"COLLINS, SUSAN M.",C00434381,"GOOD GOVERNMENT FUND, THE",J,Joint fundraising committee,Q,PAC - Qualified,False
S6ME00159,"COLLINS, SUSAN M.",C00449967,GOP JOINT SENATE COMMITTEE,J,Joint fundraising committee,S,Senate,False
S6ME00159,"COLLINS, SUSAN M.",C00705780,MAINE SENATE REPUBLICAN NOMINEE FUND - SUSAN COLLINS,A,Authorized by a candidate,S,Senate,False
S6ME00159,"COLLINS, SUSAN M.",C00322883,MAJORITY VICTORY FUND,J,Joint fundraising committee,S,Senate,False
S6ME00159,"COLLINS, SUSAN M.",C00551945,ORRIN PAC MAJORITY FUND,J,Joint fundraising committee,S,Senate,False
S6ME00159,"COLLINS, SUSAN M.",C00546259,RESTORE OUR MAJORITY 2013,J,Joint fundraising committee,S,Senate,False
S6ME00159,"COLLINS, SUSAN M.",C00447441,SENATE BATTLEGROUND FUND,J,Joint fundraising committee,Q,PAC - Qualified,False
S6ME00159,"COLLINS, SUSAN M.",C00396226,SENATE MAJORITY COMMITTEE,J,Joint fundraising committee,N,PAC - Nonqualified,False
S6ME00159,"COLLINS, SUSAN M.",C00365585,W/N 2001 COMMITTEE,J,Joint fundraising committee,S,Senate,False
S6ME00159,"COLLINS, SUSAN M.",C00376608,W/N 2002 C0MMITTEE,J,Joint fundraising committee,S,Senate,False
S6MS00133,"COLOM, SCOTT",C00918359,SCOTT COLOM FOR SENATE,P,Principal campaign committee,S,Senate,True
S2NC00745,"COLON, ROBERT",C00906420,ROBERT COLON FOR SENATE,P,Principal campaign committee,S,Senate,True
S2NC00745,"COLON, ROBERT",C00815225,ROBERT COLON NC,P,Principal campaign committee,S,Senate,True
S2NV00399,"CONRAD, WILLIAM ""BILL""",C00810077,BILL CONRAD FOR US SENATE,P,Principal campaign committee,S,Senate,True
S4NV00296,"CONRAD, WILLIAM BRYAN",C00810077,BILL CONRAD FOR US SENATE,P,Principal campaign committee,S,Senate,True
S0DE00092,"COONS, CHRISTOPHER A.",C00566430,ALASKA DELAWARE VICTORY 2014,J,Joint fundraising committee,S,Senate,False
S0DE00092,"COONS, CHRISTOPHER A.",C00475392,CHRIS COONS FOR DELAWARE,P,Principal campaign committee,S,Senate,True
S0DE00092,"COONS, CHRISTOPHER A.",C00555391,COAST TO COAST VICTORY FUND,J,Joint fundraising committee,S,Senate,False
S0DE00092,"COONS, CHRISTOPHER A.",C00484188,COMMITTEE FOR A BETTER FUTURE,J,Joint fundraising committee,S,Senate,False
S0DE00092,"COONS, CHRISTOPHER A.",C00489492,DELAWARE COLORADO VICTORY,J,Joint fundraising committee,S,Senate,False
S0DE00092,"COONS, CHRISTOPHER A.",C00558015,DELAWARE HAWAII VICTORY FUND,J,Joint fundraising committee,S,Senate,False
S0DE00092,"COONS, CHRISTOPHER A.",C00484733,DELAWARE SENATE 2010,J,Joint fundraising committee,N,PAC - Nonqualified,False
S0DE00092,"COONS, CHRISTOPHER A.",C00489393,DELAWARE SENATE VICTORY 2010,J,Joint fundraising committee,N,PAC - Nonqualified,False
S0DE00092,"COONS, CHRISTOPHER A.",C00512566,FIRST STATE VICTORY FUND,J,Joint fundraising committee,N,PAC - Nonqualified,False
S0DE00092,"COONS, CHRISTOPHER A.",C00544395,HAGAN COONS VICTORY FUND,J,Joint fundraising committee,S,Senate,False
S0DE00092,"COONS, CHRISTOPHER A.",C00545145,STAY BLUE 2014,J,Joint fundraising committee,S,Senate,False
S0DE00092,"COONS, CHRISTOPHER A.",C00541821,TEXANS FOR AN ENERGY FUTURE,J,Joint fundraising committee,S,Senate,False
S0DE00092,"COONS, CHRISTOPHER A.",C00541839,TEXANS FOR SENATE VICTORY,J,Joint fundraising committee,S,Senate,False
S6NC00407,"COOPER, ROY",C00913566,COOPER FOR NORTH CAROLINA,P,Principal campaign committee,S,Senate,True
S8CT00121,"COREY, MATTHEW MCKINNON",C00654392,COREY FOR SENATE,P,Principal campaign committee,S,Senate,True
S8CT00121,"COREY, MATTHEW MCKINNON",C00878561,COREY FOR SENATE,P,Principal campaign committee,S,Senate,True
S6TN00216,"CORKER, ROBERT P JR",C00429837,2006 FINISH LINE CANDIDATE FUND,J,Joint fundraising committee,N,PAC - Nonqualified,False
S6TN00216,"CORKER, ROBERT P JR",C00428474,2006 OPEN SEAT AND CHALLENGER FUND,J,Joint fundraising committee,N,PAC - Nonqualified,False
S6TN00216,"CORKER, ROBERT P JR",C00495390,2011 SENATORS CLASSIC COMMITTEE,J,Joint fundraising committee,S,Senate,False
S6TN00216,"CORKER, ROBERT P JR",C00637181,2017 SENATORS CLASSIC COMMITTEE,J,Joint fundraising committee,S,Senate,False
S6TN00216,"CORKER, ROBERT P JR",C00527440,BARRASSO & CORKER JOINT COMMITTEE,J,Joint fundraising committee,S,Senate,False
S6TN00216,"CORKER, ROBERT P JR",C00407650,BOB CORKER FOR SENATE,A,Authorized by a candidate,S,Senate,False
S6TN00216,"CORKER, ROBERT P JR",C00430462,BOB CORKER FOR SENATE 2018 INC,P,Principal campaign committee,S,Senate,True
S6TN00216,"CORKER, ROBERT P JR",C00498790,CORKER VICTORY COMMITTEE,J,Joint fundraising committee,N,PAC - Nonqualified,False
S6TN00216,"CORKER, ROBERT P JR",C00544825,CORKER VICTORY COMMITTEE,J,Joint fundraising committee,N,PAC - Nonqualified,False
S6TN00216,"CORKER, ROBERT P JR",C00512574,FRIENDS FOR A REPUBLICAN MAJORITY COMMITTEE,J,Joint fundraising committee,N,PAC - Nonqualified,False
S6TN00216,"CORKER, ROBERT P JR",C00412536,FRIENDS OF BOB CORKER,J,Joint fundraising committee,N,PAC - Nonqualified,False
S6TN00216,"CORKER, ROBERT P JR",C00500934,GOP LEADING THE WAY 2011,J,Joint fundraising committee,S,Senate,False
S2TX00106,"CORNYN, JOHN SEN",C00434274,2007 SENATORS' CLASSIC COMMITTEE,J,Joint fundraising committee,Q,PAC - Qualified,False
S2TX00106,"CORNYN, JOHN SEN",C00449850,2008 SENATORS CLASSIC COMMITTEE,J,Joint fundraising committee,S,Senate,False
S2TX00106,"CORNYN, JOHN SEN",C00543637,2013 SENATORS CLASSIC COMMITTEE,J,Joint fundraising committee,S,Senate,False
S2TX00106,"CORNYN, JOHN SEN",C00561845,2014 SENATORS CLASSIC COMMITTEE,J,Joint fundraising committee,S,Senate,False
S2TX00106,"CORNYN, JOHN SEN",C00701243,2019 SENATORS CLASSIC COMMITTEE,J,Joint fundraising committee,S,Senate,False
S2TX00106,"CORNYN, JOHN SEN",C00550806,ALABAMA VICTORY COMMITTEE,J,Joint fundraising committee,N,PAC - Nonqualified,False
S2TX00106,"CORNYN, JOHN SEN",C00370296,BATTLE BORN CLASSIC COMMITTEE,J,Joint fundraising committee,N,PAC - Nonqualified,False
S2TX00106,"CORNYN, JOHN SEN",C00381947,CORNYN-GRAHAM VICTORY 2002 COMMITTEE,J,Joint fundraising committee,S,Senate,False
S2TX00106,"CORNYN, JOHN SEN",C00460378,CORNYN MAJORITY COMMITTEE,J,Joint fundraising committee,N,PAC - Nonqualified,False
S2TX00106,"CORNYN, JOHN SEN",C00437004,CORNYN MAJORITY COMMITTEE; THE,J,Joint fundraising committee,Q,PAC - Qualified,False
S2TX00106,"CORNYN, JOHN SEN",C00553925,CORNYN-SESSIONS VICTORY COMMITTEE,J,Joint fundraising committee,N,PAC - Nonqualified,False
S2TX00106,"CORNYN, JOHN SEN",C00440040,CORNYN-TEXAS VICTORY COMMITTEE,J,Joint fundraising committee,N,PAC - Nonqualified,False
S2TX00106,"CORNYN, JOHN SEN",C00565283,CORNYN VICTORY COMMITTEE,J,Joint fundraising committee,N,PAC - Nonqualified,False
S2TX00106,"CORNYN, JOHN SEN",C00705541,FRIENDS OF JOHN CORNYN,A,Authorized by a candidate,S,Senate,False
S2TX00106,"CORNYN, JOHN SEN",C00544601,IN DEFENSE OF FREE SPEECH JFC,J,Joint fundraising committee,S,Senate,False
S2TX00106,"CORNYN, JOHN SEN",C00558247,LEGACY VICTORY COMMITTEE 2014,J,Joint fundraising committee,N,PAC - Nonqualified,False
S2TX00106,"CORNYN, JOHN SEN",C00540880,MCCONNELL CORNYN LEADERSHIP VICTORY COMMITTEE,J,Joint fundraising committee,N,PAC - Nonqualified,False
S2TX00106,"CORNYN, JOHN SEN",C00448910,REPUBLICAN MAJORITY COMMITTEE,J,Joint fundraising committee,N,PAC - Nonqualified,False
S2TX00106,"CORNYN, JOHN SEN",C00143743,REPUBLICAN PARTY OF TEXAS,U,Unauthorized,Y,Party - Qualified,False
S2TX00106,"CORNYN, JOHN SEN",C00546259,RESTORE OUR MAJORITY 2013,J,Joint fundraising committee,S,Senate,False
S2TX00106,"CORNYN, JOHN SEN",C00446120,ROAD TO THE SENATE MAJORITY COMMITTEE,J,Joint fundraising committee,Q,PAC - Qualified,False
S2TX00106,"CORNYN, JOHN SEN",C00369033,TEXANS FOR SENATOR JOHN CORNYN INC.,P,Principal campaign committee,S,Senate,True
S2TX00106,"CORNYN, JOHN SEN",C00376608,W/N 2002 C0MMITTEE,J,Joint fundraising committee,S,Senate,False
S4WI00249,"CORRIGAN, KYLE",C00861450,CORRIGAN4SENATE 24,P,Principal campaign committee,S,Senate,True
S4WI00249,"CORRIGAN, KYLE",C00861476,CORRIGAN FOR SENATE 24,A,Authorized by a candidate,S,Senate,False
S6NV00200,"CORTEZ MASTO, CATHERINE",C00616979,2016 SENATE IMPACT,J,Joint fundraising committee,S,Senate,False
S6NV00200,"CORTEZ MASTO, CATHERINE",C00591263,BRING BACK SENSE TO THE SENATE 2016,J,Joint fundraising committee,N,PAC - Nonqualified,False
S6NV00200,"CORTEZ MASTO, CATHERINE",C00575548,CATHERINE CORTEZ MASTO FOR SENATE,P,Principal campaign committee,S,Senate,True
S6NV00200,"CORTEZ MASTO, CATHERINE",C00624270,COMMITTEE FOR A PROGRESSIVE SENATE MAJORITY,J,Joint fundraising committee,S,Senate,False
S6NV00200,"CORTEZ MASTO, CATHERINE",C00635482,CORTEZ MASTO VICTORY FUND,J,Joint fundraising committee,N,PAC - Nonqualified,False
S6NV00200,"CORTEZ MASTO, CATHERINE",C00618512,DEMOCRATIC SENATE VICTORY 2016,J,Joint fundraising committee,N,PAC - Nonqualified,False
S6NV00200,"CORTEZ MASTO, CATHERINE",C00619551,ILLINOIS NEVADA SENATE VICTORY,J,Joint fundraising committee,S,Senate,False
S6NV00200,"CORTEZ MASTO, CATHERINE",C00575522,JUSTICE 2016,J,Joint fundraising committee,S,Senate,False
S6NV00200,"CORTEZ MASTO, CATHERINE",C00614420,NEVADA NEW HAMPSHIRE VICTORY FUND,J,Joint fundraising committee,X,Party - Nonqualified,False
S6NV00200,"CORTEZ MASTO, CATHERINE",C00621409,NEVADA OREGON VICTORY FUND,J,Joint fundraising committee,S,Senate,False
S6NV00200,"CORTEZ MASTO, CATHERINE",C00589549,NEVADA SENATE VICTORY 2016,J,Joint fundraising committee,N,PAC - Nonqualified,False
S6NV00200,"CORTEZ MASTO, CATHERINE",C00583278,OFF THE SIDELINES SENATE 2016,J,Joint fundraising committee,S,Senate,False
S6NV00200,"CORTEZ MASTO, CATHERINE",C00611384,SECURE OUR SENATE 2016,J,Joint fundraising committee,S,Senate,False
S6NV00200,"CORTEZ MASTO, CATHERINE",C00610634,SILICON VALLEY VICTORY 2016,J,Joint fundraising committee,N,PAC - Nonqualified,False
S6NV00200,"CORTEZ MASTO, CATHERINE",C00614768,WOMEN ON THE ROAD 2016,J,Joint fundraising committee,N,PAC - Nonqualified,False
S6NV00200,"CORTEZ MASTO, CATHERINE",C00626614,WOMEN SENATE VICTORY 2016,J,Joint fundraising committee,S,Senate,False
S4MN00544,"COSON, GARY LYNN",C00877563,COSON4SENATE,P,Principal campaign committee,S,Senate,True
S4ME00113,"COSTELLO, DAVID",C00837609,COSTELLO FOR SENATE,P,Principal campaign committee,S,Senate,True
S4ME00113,"COSTELLO, DAVID",C00907881,COSTELLO FOR U.S. SENATE,P,Principal campaign committee,S,Senate,True
S6LA00656,"COTTONHAM, MARKEDA ANN",C00935106,MARKEDA ANN COTTONHAM FOR SENATE,P,Principal campaign committee,S,Senate,True
S4AR00103,"COTTON, THOMAS",C00561845,2014 SENATORS CLASSIC COMMITTEE,J,Joint fundraising committee,S,Senate,False
S4AR00103,"COTTON, THOMAS",C00705939,ARKANSAS SENATE REPUBLICAN NOMINEE FUND - TOM COTTON,A,Authorized by a candidate,S,Senate,False
S4AR00103,"COTTON, THOMAS",C00565580,ARKANSAS VICTORY FUND 2014,J,Joint fundraising committee,N,PAC - Nonqualified,False
S4AR00103,"COTTON, THOMAS",C00563973,BARRASSO COTTON VICTORY FUND,J,Joint fundraising committee,S,Senate,False
S4AR00103,"COTTON, THOMAS",C00499988,"COTTON FOR SENATE, INC.",P,Principal campaign committee,S,Senate,True
S4AR00103,"COTTON, THOMAS",C00564542,COTTON-LAND VICTORY COMMITTEE,J,Joint fundraising committee,S,Senate,False
S4AR00103,"COTTON, THOMAS",C00571018,COTTON VICTORY,J,Joint fundraising committee,N,PAC - Nonqualified,False
S4AR00103,"COTTON, THOMAS",C00695353,DEFEND THE SENATE,J,Joint fundraising committee,N,PAC - Nonqualified,False
S4AR00103,"COTTON, THOMAS",C00550822,FISCAL CONSERVATIVE MAJORITY FUND,J,Joint fundraising committee,N,PAC - Nonqualified,False
S4AR00103,"COTTON, THOMAS",C00566083,FLORIDIANS FOR A SENATE MAJORITY,J,Joint fundraising committee,N,PAC - Nonqualified,False
S4AR00103,"COTTON, THOMAS",C00563858,FOUNDERS SENATE CANDIDATE COMMITTEE,J,Joint fundraising committee,N,PAC - Nonqualified,False
S4AR00103,"COTTON, THOMAS",C00553016,FRIENDS FOR AN AMERICAN MAJORITY,J,Joint fundraising committee,S,Senate,False
S4AR00103,"COTTON, THOMAS",C00558247,LEGACY VICTORY COMMITTEE 2014,J,Joint fundraising committee,N,PAC - Nonqualified,False
S4AR00103,"COTTON, THOMAS",C00567941,MCFADDEN ERNST COTTON SULLIVAN VICTORY FUND (MECS VICTORY FUND),J,Joint fundraising committee,N,PAC - Nonqualified,False
S4AR00103,"COTTON, THOMAS",C00568402,NEW SENATE MAJORITY 2014,J,Joint fundraising committee,N,PAC - Nonqualified,False
S4AR00103,"COTTON, THOMAS",C00568683,RECLAIM THE SENATE 2014,J,Joint fundraising committee,S,Senate,False
S4AR00103,"COTTON, THOMAS",C00549360,SCOTT COTTON DAINES VICTORY FUND (SCDVF),J,Joint fundraising committee,N,PAC - Nonqualified,False
S4AR00103,"COTTON, THOMAS",C00566661,SIX IN '14 FUND,J,Joint fundraising committee,S,Senate,False
S4AR00103,"COTTON, THOMAS",C00568014,TILLIS COTTON SULLIVAN DAINES VICTORY FUND,J,Joint fundraising committee,S,Senate,False
S6SC04379,"COWEN, CALVIN",C00946293,CALVIN COWEN CAMPAIGN COMMITTEE,P,Principal campaign committee,S,Senate,True
S4GA11202,"COYNE, JOHN F III",C00613380,JOHN COYNE FOR US SENATE,P,Principal campaign committee,S,Senate,True
S6MN00499,"CRAIG, ANGIE",C00903690,ANGIE CRAIG FOR MINNESOTA,P,Principal campaign committee,S,Senate,True
S8ND00120,"CRAMER, KEVIN MR.",C00504704,CRAMER FOR SENATE,P,Principal campaign committee,S,Senate,True
S8ND00120,"CRAMER, KEVIN MR.",C00689471,FOUNDERS COMMITTEE; THE,J,Joint fundraising committee,S,Senate,False
S8ND00120,"CRAMER, KEVIN MR.",C00684548,KEEP THE MAJORITY,J,Joint fundraising committee,S,Senate,False
S8ND00120,"CRAMER, KEVIN MR.",C00683029,KEEP THE SENATE RED 2018,J,Joint fundraising committee,Y,Party - Qualified,False
S8ND00120,"CRAMER, KEVIN MR.",C00652081,PROTECTING THE MAJORITY COMMITTEE,J,Joint fundraising committee,N,PAC - Nonqualified,False
S8ND00120,"CRAMER, KEVIN MR.",C00686105,TEAM CRAMER ND,J,Joint fundraising committee,N,PAC - Nonqualified,False
S8ND00120,"CRAMER, KEVIN MR.",C00686741,WINSOME LEADERS II,J,Joint fundraising committee,S,Senate,False
S8ID00027,"CRAPO, MICHAEL D",C00461152,2009 SENATORS CLASSIC COMMITTEE,J,Joint fundraising committee,N,PAC - Nonqualified,False
S8ID00027,"CRAPO, MICHAEL D",C00481713,2010 SENATORS' CLASSIC COMMITTEE,J,Joint fundraising committee,S,Senate,False
S8ID00027,"CRAPO, MICHAEL D",C00576280,2015 SENATORS CLASSIC COMMITTEE,J,Joint fundraising committee,S,Senate,False
S8ID00027,"CRAPO, MICHAEL D",C00614529,2016 SENATORS CLASSIC COMMITTEE,J,Joint fundraising committee,S,Senate,False
S8ID00027,"CRAPO, MICHAEL D",C00485482,GEM STATE VICTORY FUND,J,Joint fundraising committee,N,PAC - Nonqualified,False
S8ID00027,"CRAPO, MICHAEL D",C00359307,GREAT NORTHWEST CLASSIC COMMITTEE,J,Joint fundraising committee,N,PAC - Nonqualified,False
S8ID00027,"CRAPO, MICHAEL D",C00330886,MIKE CRAPO FOR US SENATE,P,Principal campaign committee,S,Senate,True
S8ID00027,"CRAPO, MICHAEL D",C00401158,N/W 2004 COMMITTEE,J,Joint fundraising committee,S,Senate,False
S8ID00027,"CRAPO, MICHAEL D",C00336032,W/N 1998 COMMITTEE,J,Joint fundraising committee,S,Senate,False
S8ID00027,"CRAPO, MICHAEL D",C00386706,W/N 2003 COMMITTEE,J,Joint fundraising committee,S,Senate,False
S4MD00392,"CREWS, MARCELLUS",C00851899,ELECT MARCELLUS CREWS,P,Principal campaign committee,S,Senate,True
S6LA00680,"CROCKETT, GARY",C00941070,COMMITTEE TO ELECT GARY CROCKETT FOR LOUISIANA,P,Principal campaign committee,S,Senate,True
S6TX00552,"CROCKETT, JASMINE",C00929901,JASMINE FOR TEXAS,P,Principal campaign committee,S,Senate,True
S6AL00302,"CRUMPTON, RONALD (RON) STEVEN",C00575530,CRUMPTON FOR ALABAMA,P,Principal campaign committee,S,Senate,True
S6FL00723,"CRUZ, PAUL RON",C00904912,PAUL RON CRUZ FOR FLORIDA US SENATE 2026,P,Principal campaign committee,S,Senate,True
S2TX00312,"CRUZ, RAFAEL EDWARD  TED",C00676676,2018 SENATORS CLASSIC COMMITTEE,J,Joint fundraising committee,S,Senate,False
S2TX00312,"CRUZ, RAFAEL EDWARD  TED",C00529040,CRUZ VICTORY COMMITTEE,J,Joint fundraising committee,N,PAC - Nonqualified,False
S2TX00312,"CRUZ, RAFAEL EDWARD  TED",C00689471,FOUNDERS COMMITTEE; THE,J,Joint fundraising committee,S,Senate,False
S2TX00312,"CRUZ, RAFAEL EDWARD  TED",C00544601,IN DEFENSE OF FREE SPEECH JFC,J,Joint fundraising committee,S,Senate,False
S2TX00312,"CRUZ, RAFAEL EDWARD  TED",C00565473,LEE CRUZ MASSIE & SCHWEIKERT VICTORY COMMITTEE,J,Joint fundraising committee,N,PAC - Nonqualified,False
S2TX00312,"CRUZ, RAFAEL EDWARD  TED",C00562033,LEE CRUZ VICTORY COMMITTEE,J,Joint fundraising committee,S,Senate,False
S2TX00312,"CRUZ, RAFAEL EDWARD  TED",C00492785,TED CRUZ FOR SENATE,P,Principal campaign committee,S,Senate,True
S2TX00312,"CRUZ, RAFAEL EDWARD  TED",C00542423,TED CRUZ VICTORY COMMITTEE,J,Joint fundraising committee,N,PAC - Nonqualified,False
S2TX00312,"CRUZ, RAFAEL EDWARD  TED",C00625913,UNITED FOR A SENATE MAJORITY,J,Joint fundraising committee,S,Senate,False
S4NV00379,"CUNNINGHAM, CHRIS",C00867622,COMMITTEE TO ELECT CHRIS CUNNINGHAM,P,Principal campaign committee,S,Senate,True
S4UT00282,"CURTIS, JOHN",C00850545,CURTIS FOR UT SENATE REPUBLICAN NOMINEE FUND 2024,A,Authorized by a candidate,S,Senate,False
S4UT00282,"CURTIS, JOHN",C00647339,JOHN CURTIS FOR UTAH,P,Principal campaign committee,S,Senate,True
S2MT00096,"DAINES, STEVE",C00561845,2014 SENATORS CLASSIC COMMITTEE,J,Joint fundraising committee,S,Senate,False
S2MT00096,"DAINES, STEVE",C00701243,2019 SENATORS CLASSIC COMMITTEE,J,Joint fundraising committee,S,Senate,False
S2MT00096,"DAINES, STEVE",C00590927,AYOTTE-DAINES COMMITTEE,J,Joint fundraising committee,S,Senate,False
S2MT00096,"DAINES, STEVE",C00571596,DAINES SENATE MAJORITY FUND,J,Joint fundraising committee,N,PAC - Nonqualified,False
S2MT00096,"DAINES, STEVE",C00615807,DAINES VICTORY COMMITTEE,J,Joint fundraising committee,N,PAC - Nonqualified,False
S2MT00096,"DAINES, STEVE",C00566703,DAINES-ZINKE VICTORY COMMITTEE,J,Joint fundraising committee,N,PAC - Nonqualified,False
S2MT00096,"DAINES, STEVE",C00695353,DEFEND THE SENATE,J,Joint fundraising committee,N,PAC - Nonqualified,False
S2MT00096,"DAINES, STEVE",C00563858,FOUNDERS SENATE CANDIDATE COMMITTEE,J,Joint fundraising committee,N,PAC - Nonqualified,False
S2MT00096,"DAINES, STEVE",C00553016,FRIENDS FOR AN AMERICAN MAJORITY,J,Joint fundraising committee,S,Senate,False
S2MT00096,"DAINES, STEVE",C00705715,FRIENDS OF STEVE DAINES,A,Authorized by a candidate,S,Senate,False
S2MT00096,"DAINES, STEVE",C00563403,GARDNER DAINES SULLIVAN VICTORY FUND,J,Joint fundraising committee,S,Senate,False
S2MT00096,"DAINES, STEVE",C00563130,GOP VICTORY FUND 2014,J,Joint fundraising committee,N,PAC - Nonqualified,False
S2MT00096,"DAINES, STEVE",C00558247,LEGACY VICTORY COMMITTEE 2014,J,Joint fundraising committee,N,PAC - Nonqualified,False
S2MT00096,"DAINES, STEVE",C00491357,STEVE DAINES FOR MONTANA,P,Principal campaign committee,S,Senate,True
S2MT00096,"DAINES, STEVE",C00568014,TILLIS COTTON SULLIVAN DAINES VICTORY FUND,J,Joint fundraising committee,S,Senate,False
S2MT00096,"DAINES, STEVE",C00568808,WESTERN STATES VICTORY COMMITTEE,J,Joint fundraising committee,S,Senate,False
S2MT00096,"DAINES, STEVE",C00582718,ZINKE DAINES VICTORY FUND 2016,J,Joint fundraising committee,N,PAC - Nonqualified,False
S4CO00452,"DALE, CLINTON ROOSEVELT",C00816520,COMMITTEE TO ELECT CLINTON R. DALE TO US SENATE,P,Principal campaign committee,S,Senate,True
S6VA00184,"DANIELS, LORITA DR.",C00925453,LORITA DANIELS FOR US SENATE,P,Principal campaign committee,S,Senate,True
S6NC00472,"DANSIE, RICHARD",C00929232,DANSIE FOR US SENATE,P,Principal campaign committee,S,Senate,True
S6SC04296,"DANS, PAUL",C00913624,PAUL DANS FOR SENATE,P,Principal campaign committee,S,Senate,True
S6KS00247,"DAVIS, CHRISTY",C00915934,CHRISTY DAVIS FOR KANSAS 2026,P,Principal campaign committee,S,Senate,True
S6LA00615,"DAVIS, JAMIE",C00929117,JAMIE DAVIS FOR U.S. SENATE,P,Principal campaign committee,S,Senate,True
S6MA00262,"DAWICKI, MORGAN GIFFORD",C00909663,CAMPAIGN FOR MORGAN G DAWICKI,P,Principal campaign committee,S,Senate,True
S4DC00035,"DEAN, BRANDAUN LEFRED MAYOR",C00835355,OUR FRIEND BRANDAUN | DOUGLASS COMMONWEALTH| U.S. SENATOR,P,Principal campaign committee,S,Senate,True
S6IL00623,"DEAN, JONATHAN",C00915280,DEAN FOR ILLINOIS,P,Principal campaign committee,S,Senate,True
S6MA00304,"DEATON, JOHN",C00926139,JOHN DEATON FOR SENATE,P,Principal campaign committee,S,Senate,True
S4MA00358,"DEATON, JOHN",C00870337,JOHN DEATON FOR SENATE INC.,P,Principal campaign committee,S,Senate,True
S6IL00607,"DELGADO, ADAM",C00914390,COMMITTEE TO ELECT ADAM DELGADO FOR US SENATE,P,Principal campaign committee,S,Senate,True
S4PA00246,"DEL MOORE, NICHOLAS D",C00829697,DEMOCRATIC NATIONAL COMMITTEE OF PENNSYLVANIA,P,Principal campaign committee,S,Senate,True
S2FL00631,"DEMINGS, VAL",C00590489,VDUSS PAC,U,Unauthorized,N,PAC - Nonqualified,False
S6LA00599,"DENDY, TRACY COLLENE",C00925925,TRACY DENDY FOR U.S. SENATE,P,Principal campaign committee,S,Senate,True
S6VA00226,"DE PAULA, ALEX",C00937904,ALEX DE PAULA FOR US SENATE,P,Principal campaign committee,S,Senate,True
S2NV00340,"DESTIN, JOSEPH JAMES",C00789594,"J.J. DESTIN FIXES CONGRESS CAMPAIGN, LLC",P,Principal campaign committee,S,Senate,True
S6AK00235,"DIENER, ANN",C00894113,ANN DIENER FOR SENATE,P,Principal campaign committee,S,Senate,True
S6SC04361,"DISMUKES, THOMAS KEITH",C00943746,THOMAS DISMUKES FOR SENATE,P,Principal campaign committee,S,Senate,True
S6NM01145,"DODSON, MATT",C00926444,MATT DODSON 4 THE 99 PERCENT,P,Principal campaign committee,S,Senate,True
S2OH00477,"DOLAN, MATT",C00831636,DOLAN FOR OHIO,P,Principal campaign committee,S,Senate,True
S2OH00477,"DOLAN, MATT",C00790386,DOLAN FOR OHIO22,A,Authorized by a candidate,S,Senate,False
S4NM00183,"DOMENICI, NELLA LOUISE LOUISE",C00865956,NELLA FOR SENATE,P,Principal campaign committee,S,Senate,True
S2IN00091,"DONNELLY, JOSEPH S",C00660639,2018 SENATE IMPACT,J,Joint fundraising committee,S,Senate,False
S2IN00091,"DONNELLY, JOSEPH S",C00631960,BLUE SENATE 2018,J,Joint fundraising committee,S,Senate,False
S2IN00091,"DONNELLY, JOSEPH S",C00523977,CT/IN/NM VICTORY FUND,J,Joint fundraising committee,S,Senate,False
S2IN00091,"DONNELLY, JOSEPH S",C00393652,DONNELLY FOR INDIANA,P,Principal campaign committee,S,Senate,True
S2IN00091,"DONNELLY, JOSEPH S",C00630202,DONNELLY VICTORY FUND,J,Joint fundraising committee,N,PAC - Nonqualified,False
S2IN00091,"DONNELLY, JOSEPH S",C00673293,HEIDI JOE VICTORY FUND,J,Joint fundraising committee,S,Senate,False
S2IN00091,"DONNELLY, JOSEPH S",C00519082,HOOSIERS FOR A BETTER INDIANA,J,Joint fundraising committee,N,PAC - Nonqualified,False
S2IN00091,"DONNELLY, JOSEPH S",C00506147,INDIANA SENATE 2012,J,Joint fundraising committee,N,PAC - Nonqualified,False
S2IN00091,"DONNELLY, JOSEPH S",C00501825,JARED POLIS VICTORY FUND 2012,J,Joint fundraising committee,N,PAC - Nonqualified,False
S2IN00091,"DONNELLY, JOSEPH S",C00633925,JUSTICE 2018,J,Joint fundraising committee,N,PAC - Nonqualified,False
S2IN00091,"DONNELLY, JOSEPH S",C00667501,SENATE 2018 IMPACT,J,Joint fundraising committee,S,Senate,False
S2IN00091,"DONNELLY, JOSEPH S",C00634360,SENATE IMPACT 2018,J,Joint fundraising committee,S,Senate,False
S2IN00091,"DONNELLY, JOSEPH S",C00679340,SENATE IMPACT: IN & MT 2018,J,Joint fundraising committee,S,Senate,False
S2IN00091,"DONNELLY, JOSEPH S",C00657569,SENATE IMPACT IN & WI,J,Joint fundraising committee,S,Senate,False
S2IN00091,"DONNELLY, JOSEPH S",C00635300,SENATE IMPACT: MO & IN,J,Joint fundraising committee,S,Senate,False
S6GA00408,"DOOLEY, DEREK",C00914531,DOOLEY FOR GEORGIA,P,Principal campaign committee,S,Senate,True
S8CA00671,"DOROTHY, DOMINICK J",C00852988,AMERICA STANDS,P,Principal campaign committee,S,Senate,True
S8MT00218,"DOWNING, TROY",C00640052,TROY DOWNING FOR US SENATE,P,Principal campaign committee,S,Senate,True
S2NY00382,"DRIGGERS, CALVIN",C00774265,CALVIN JOB D. DBA MR. LOGISTICS FOR CONGRESS,P,Principal campaign committee,S,Senate,True
S2FL00557,"DRIGGERS, CALVIN JOB",C00774265,CALVIN JOB D. DBA MR. LOGISTICS FOR CONGRESS,P,Principal campaign committee,S,Senate,True
S6IL00292,"DUCKWORTH, L. TAMMY",C00616979,2016 SENATE IMPACT,J,Joint fundraising committee,S,Senate,False
S6IL00292,"DUCKWORTH, L. TAMMY",C00620823,BLUE GREEN SENATE VICTORY,J,Joint fundraising committee,N,PAC - Nonqualified,False
S6IL00292,"DUCKWORTH, L. TAMMY",C00619932,BLUE SENATE 2016,J,Joint fundraising committee,S,Senate,False
S6IL00292,"DUCKWORTH, L. TAMMY",C00591263,BRING BACK SENSE TO THE SENATE 2016,J,Joint fundraising committee,N,PAC - Nonqualified,False
S6IL00292,"DUCKWORTH, L. TAMMY",C00618512,DEMOCRATIC SENATE VICTORY 2016,J,Joint fundraising committee,N,PAC - Nonqualified,False
S6IL00292,"DUCKWORTH, L. TAMMY",C00587378,ILLINOIS MISSOURI VICTORY 2016,J,Joint fundraising committee,S,Senate,False
S6IL00292,"DUCKWORTH, L. TAMMY",C00619551,ILLINOIS NEVADA SENATE VICTORY,J,Joint fundraising committee,S,Senate,False
S6IL00292,"DUCKWORTH, L. TAMMY",C00582817,ILLINOIS VICTORY 2016,J,Joint fundraising committee,N,PAC - Nonqualified,False
S6IL00292,"DUCKWORTH, L. TAMMY",C00621003,IL NH VICTORY FUND,J,Joint fundraising committee,S,Senate,False
S6IL00292,"DUCKWORTH, L. TAMMY",C00575522,JUSTICE 2016,J,Joint fundraising committee,S,Senate,False
S6IL00292,"DUCKWORTH, L. TAMMY",C00590430,MIDWEST SENATE VICTORY 2016,J,Joint fundraising committee,N,PAC - Nonqualified,False
S6IL00292,"DUCKWORTH, L. TAMMY",C00583278,OFF THE SIDELINES SENATE 2016,J,Joint fundraising committee,S,Senate,False
S6IL00292,"DUCKWORTH, L. TAMMY",C00611384,SECURE OUR SENATE 2016,J,Joint fundraising committee,S,Senate,False
S6IL00292,"DUCKWORTH, L. TAMMY",C00610634,SILICON VALLEY VICTORY 2016,J,Joint fundraising committee,N,PAC - Nonqualified,False
S6IL00292,"DUCKWORTH, L. TAMMY",C00574889,TAMMY FOR ILLINOIS,P,Principal campaign committee,S,Senate,True
S6IL00292,"DUCKWORTH, L. TAMMY",C00625434,WOMEN MAKE THE MAJORITY 2016,J,Joint fundraising committee,S,Senate,False
S6IL00292,"DUCKWORTH, L. TAMMY",C00614768,WOMEN ON THE ROAD 2016,J,Joint fundraising committee,N,PAC - Nonqualified,False
S6AR00173,"DUNBAR, ETHAN N SR.",C00916502,FRIENDS OF NOEL DBA ETHANFORARKANSAS,P,Principal campaign committee,S,Senate,True
S6TX00354,"DUNCAN, ALEXANDER",C00897611,DUNCAN FOR SENATE,P,Principal campaign committee,S,Senate,True
S6KY00419,"DUNCAN, JAMES D",C00933697,FORGE AHEAD KY - JAMES D. DUNCAN FOR U.S. SENATE,P,Principal campaign committee,S,Senate,True
S4TX00664,"DUNN, VICTOR D.",C00833426,DUNN FOR U.S. SENATE,P,Principal campaign committee,S,Senate,True
S6NC00449,"DUPRE, MARGOT",C00921965,MARGOT DUPRE FOR US SENATE,P,Principal campaign committee,S,Senate,True
S6IL00151,"DURBIN, RICHARD J.",C00565770,BOOKER DURBIN VICTORY FUND,J,Joint fundraising committee,S,Senate,False
S6IL00151,"DURBIN, RICHARD J.",C00527705,DURBIN HOYER FUND,J,Joint fundraising committee,N,PAC - Nonqualified,False
S6IL00151,"DURBIN, RICHARD J.",C00551630,DURBIN SENATE VICTORY,U,Unauthorized,N,PAC - Nonqualified,False
S6IL00151,"DURBIN, RICHARD J.",C00148999,FRIENDS OF DICK DURBIN COMMITTEE,P,Principal campaign committee,S,Senate,True
S6IL00151,"DURBIN, RICHARD J.",C00544890,ILLINOIS COLORADO VICTORY FUND,J,Joint fundraising committee,S,Senate,False
S6IL00151,"DURBIN, RICHARD J.",C00365239,ILLINOIS SENATE 2002,J,Joint fundraising committee,N,PAC - Nonqualified,False
S6IL00151,"DURBIN, RICHARD J.",C00436782,ILLINOIS SENATE 2008,J,Joint fundraising committee,N,PAC - Nonqualified,False
S6IL00151,"DURBIN, RICHARD J.",C00577544,ILLINOIS SENATE VICTORY,J,Joint fundraising committee,N,PAC - Nonqualified,False
S6IL00151,"DURBIN, RICHARD J.",C00316604,ILLINOIS SENATE VICTORY FUND,J,Joint fundraising committee,Y,Party - Qualified,False
S6IL00151,"DURBIN, RICHARD J.",C00325621,ILLINOIS VICTORY '96,J,Joint fundraising committee,X,Party - Nonqualified,False
S6IL00151,"DURBIN, RICHARD J.",C00381616,ILLNOIS DEMOCRATIC VICTORY 2002,J,Joint fundraising committee,X,Party - Nonqualified,False
S6IL00151,"DURBIN, RICHARD J.",C00554626,RHODE ISLAND ILLINOIS VICTORY FUND,J,Joint fundraising committee,S,Senate,False
S6IL00151,"DURBIN, RICHARD J.",C00447094,SENATE VICTORY 2008,J,Joint fundraising committee,Q,PAC - Qualified,False
S4CA00639,"EARLY, ERIC",C00837526,ERIC EARLY FOR U.S. SENATE 2024,P,Principal campaign committee,S,Senate,True
S6VA00192,"EICHELBERGER, GREGORY",C00925610,GREGORY EICHELBERGER FOR U.S. SENATE,P,Principal campaign committee,S,Senate,True
S4NY00362,"EISEN, JOSHUA DR.",C00852483,EISEN FOR NY,P,Principal campaign committee,S,Senate,True
S4WV00399,"ELLIOTT, GLENN FREDERICK MR. JR.",C00864819,ELLIOTT FOR WEST VIRGINIA,P,Principal campaign committee,S,Senate,True
S2FL00458,"ELLISON, ALLEN",C00574236,ALLEN ELLISON FOR US SENATE,A,Authorized by a candidate,S,Senate,False
S6MI00418,"EL-SAYED, ABDUL",C00902668,ABDUL FOR U.S. SENATE,P,Principal campaign committee,S,Senate,True
S6LA00581,"EMERSON, JULIE CATHRYN",C00923631,JULIE EMERSON FOR LOUISIANA,P,Principal campaign committee,S,Senate,True
S4VA00247,"EMORD, JONATHAN WALKER MR.",C00832253,EMORD FOR SENATE INC.,P,Principal campaign committee,S,Senate,True
S4VA00213,"ENNIS, CRAIG EDWARD MR",C00828640,ENNIS FOR SENATE,P,Principal campaign committee,S,Senate,True
S4IA00129,"ERNST, JONI K",C00609370,ERNST MAJORITY COMMITTEE,J,Joint fundraising committee,N,PAC - Nonqualified,False
S4IA00129,"ERNST, JONI K",C00571927,ERNST VICTORY,J,Joint fundraising committee,N,PAC - Nonqualified,False
S4IA00129,"ERNST, JONI K",C00566984,ERNST VICTORY FUND,J,Joint fundraising committee,N,PAC - Nonqualified,False
S4IA00129,"ERNST, JONI K",C00610428,ERNST VICTORY IOWA,J,Joint fundraising committee,N,PAC - Nonqualified,False
S4IA00129,"ERNST, JONI K",C00566083,FLORIDIANS FOR A SENATE MAJORITY,J,Joint fundraising committee,N,PAC - Nonqualified,False
S4IA00129,"ERNST, JONI K",C00563858,FOUNDERS SENATE CANDIDATE COMMITTEE,J,Joint fundraising committee,N,PAC - Nonqualified,False
S4IA00129,"ERNST, JONI K",C00568634,IOWA REPUBLICAN PARTY 2014 VICTORY FUND,J,Joint fundraising committee,N,PAC - Nonqualified,False
S4IA00129,"ERNST, JONI K",C00705822,JONI ERNST NOMINEE FUND,A,Authorized by a candidate,S,Senate,False
S4IA00129,"ERNST, JONI K",C00546788,JONI FOR IOWA,P,Principal campaign committee,S,Senate,True
S4IA00129,"ERNST, JONI K",C00614198,JONI'S ROAST AND RIDE,J,Joint fundraising committee,N,PAC - Nonqualified,False
S4IA00129,"ERNST, JONI K",C00567941,MCFADDEN ERNST COTTON SULLIVAN VICTORY FUND (MECS VICTORY FUND),J,Joint fundraising committee,N,PAC - Nonqualified,False
S4IA00129,"ERNST, JONI K",C00568402,NEW SENATE MAJORITY 2014,J,Joint fundraising committee,N,PAC - Nonqualified,False
S4IA00129,"ERNST, JONI K",C00568683,RECLAIM THE SENATE 2014,J,Joint fundraising committee,S,Senate,False
S4IA00129,"ERNST, JONI K",C00565051,SCOTT ROBERTS GARDNER ERNST VICTORY FUND (SRGE VICTORY FUND),J,Joint fundraising committee,S,Senate,False
S4IA00129,"ERNST, JONI K",C00565960,WINNING WOMEN FOR THE US SENATE,J,Joint fundraising committee,S,Senate,False
S8MS00287,"ESPY, MICHAEL",C00675884,MIKE ESPY FOR SENATE CAMPAIGN COMMITTEE,P,Principal campaign committee,S,Senate,True
S4NJ00524,"ESTRADA, MICHAEL",C00864496,MICHAEL ESTRADA FOR SENATE,P,Principal campaign committee,S,Senate,True
S6ME00399,"EVANS, DAVID ALAN",C00921767,COMMITTEE TO ELECT DAVID EVANS,P,Principal campaign committee,S,Senate,True
S2VT00334,"EVANS-FRANTZ, ISAAC",C00811182,ISAAC FOR VERMONT,P,Principal campaign committee,S,Senate,True
S6IL00672,"EVANS, JEANNIE",C00921759,JEANNIE FOR ILLINOIS,P,Principal campaign committee,S,Senate,True
S6ID00120,"EVANS, JOE",C00894816,JOE EVANS FOR SENATE,P,Principal campaign committee,S,Senate,True
S6ID00013,"EVANS, JOHN VICTOR",C00197046,EVANS COMMITTEE,A,Authorized by a candidate,S,Senate,False
S6ID00013,"EVANS, JOHN VICTOR",C00194472,JOHN EVANS POLITICAL ACTION COMMITTEE,U,Unauthorized,N,PAC - Nonqualified,False
S6WV00147,"EVANS, JONATHAN DERRICK",C00832154,EVANS FOR WV,P,Principal campaign committee,H,House,True
S6TX00446,"EVANS, RONALD JR",C00913228,THE PEOPLE FOR RONALD EVANS,P,Principal campaign committee,S,Senate,True
S4FL00819,"EVERIDGE, BEN",C00877175,BEN EVERIDGE FOR FLORIDA,P,Principal campaign committee,S,Senate,True
S0CA00504,"FABRICANT, DANNY",C00767517,FABRICANT VICTORY COMMITTEE,P,Principal campaign committee,S,Senate,True
S4TN00500,"FAIN, DYLAN LEE MR. N/A",C00794974,AMERICA FOR THE FUTURE,P,Principal campaign committee,S,Senate,True
S6VA00143,"FARINGTON, KIM",C00893099,KIM FARINGTON FOR SENATE,P,Principal campaign committee,S,Senate,True
S6KY00260,"FARIS, MICHAEL",C00903930,MIKE FARIS FOR U.S. SENATE,P,Principal campaign committee,S,Senate,True
S6KY00278,"FARIS, MICHAEL JAMES",C00903930,MIKE FARIS FOR U.S. SENATE,P,Principal campaign committee,S,Senate,True
S8OH00144,"FARIS, STEPHEN I MR",C00688465,FARIS WRITE IN FOR SENATE,P,Principal campaign committee,S,Senate,True
S4CA00647,"FARMOS, JACOB",C00833327,JACOB FARMOS FOR US SENATE,P,Principal campaign committee,S,Senate,True
S6NC00530,"FARROW, DARYL",C00932798,FARROW FOR US SENATE,P,Principal campaign committee,S,Senate,True
S6ME00357,"FAVREAU, TUCKER",C00907873,TUCKER FOR MAINE,P,Principal campaign committee,S,Senate,True
S4CA00449,"FENNELL, JEREMY",C00816645,FENNELL FOR SENATE 2024,P,Principal campaign committee,S,Senate,True
S2NH00280,"FENTON, BRUCE",C00816967,BRUCE FENTON FOR LIBERTY,P,Principal campaign committee,S,Senate,True
S4CA00621,"FERREIRA, FRANK",C00837807,FRANK J FERREIRA FOR U.S. SENATE,P,Principal campaign committee,S,Senate,True
S6PA00274,"FETTERMAN, JOHN KARL",C00765800,FETTERMAN FOR PA,P,Principal campaign committee,S,Senate,True
S6PA00274,"FETTERMAN, JOHN KARL",C00586578,FETTERMAN FOR SENATE,P,Principal campaign committee,S,Senate,True
S6PA00274,"FETTERMAN, JOHN KARL",C00822445,PROGRESS IV AMERICA,U,Unauthorized,O,Super PAC (Independent Expenditure-Only),False
S6WV00188,"FETTY ANDERSON, RACHEL LEE",C00932459,ELECT FETTY ANDERSON SENATE CAMPAIGN,P,Principal campaign committee,S,Senate,True
S4MD00293,"FICKER, ROBIN",C00832733,ROBIN FICKER FOR US SENATE,P,Principal campaign committee,S,Senate,True
S6NJ00404,"FIELDS, CHRIS",C00923003,CHRIS FIELDS FOR SENATE,P,Principal campaign committee,S,Senate,True
S8TN00352,"FINCHER, STEPHEN",C00466854,STEPHEN FINCHER FOR SENATE,A,Authorized by a candidate,S,Senate,False
S2IA00164,"FINKENAUER, ABBY",C00785279,ABBY FOR IOWA,P,Principal campaign committee,S,Senate,True
S2NE00094,"FISCHER, DEBRA S.",C00522771,2012 SENATE WIN,J,Joint fundraising committee,S,Senate,False
S2NE00094,"FISCHER, DEBRA S.",C00637181,2017 SENATORS CLASSIC COMMITTEE,J,Joint fundraising committee,S,Senate,False
S2NE00094,"FISCHER, DEBRA S.",C00498907,DEB FISCHER FOR US SENATE,P,Principal campaign committee,S,Senate,True
S2NE00094,"FISCHER, DEBRA S.",C00525352,FISCHER VICTORY COMMITTEE,J,Joint fundraising committee,N,PAC - Nonqualified,False
S2NE00094,"FISCHER, DEBRA S.",C00572107,FISCHER VICTORY FUND,J,Joint fundraising committee,N,PAC - Nonqualified,False
S2NE00094,"FISCHER, DEBRA S.",C00527424,LEGACY VICTORY COMMITTEE,J,Joint fundraising committee,N,PAC - Nonqualified,False
S2NE00094,"FISCHER, DEBRA S.",C00543314,NEBRASKA JOINT VICTORY FUND,J,Joint fundraising committee,N,PAC - Nonqualified,False
S2NE00094,"FISCHER, DEBRA S.",C00652081,PROTECTING THE MAJORITY COMMITTEE,J,Joint fundraising committee,N,PAC - Nonqualified,False
S2NE00094,"FISCHER, DEBRA S.",C00671925,PROTECT THE SENATE 2018,J,Joint fundraising committee,S,Senate,False
S2NE00094,"FISCHER, DEBRA S.",C00670109,WINNING WOMEN FOR THE US SENATE,J,Joint fundraising committee,S,Senate,False
S2AZ00141,"FLAKE, JEFF",C00637181,2017 SENATORS CLASSIC COMMITTEE,J,Joint fundraising committee,S,Senate,False
S2AZ00141,"FLAKE, JEFF",C00516997,AYOTTE FLAKE & REHBERG VICTORY COMMITTEE,J,Joint fundraising committee,S,Senate,False
S2AZ00141,"FLAKE, JEFF",C00519801,"BERG, BROWN, FLAKE VICTORY COMMITTEE",J,Joint fundraising committee,N,PAC - Nonqualified,False
S2AZ00141,"FLAKE, JEFF",C00528687,FLAKE VICTORY COMMITTEE,J,Joint fundraising committee,N,PAC - Nonqualified,False
S2AZ00141,"FLAKE, JEFF",C00547489,FLAKE VICTORY COMMITTEE,J,Joint fundraising committee,N,PAC - Nonqualified,False
S2AZ00141,"FLAKE, JEFF",C00495077,FOUNDERS' COMMITTEE,J,Joint fundraising committee,N,PAC - Nonqualified,False
S2AZ00141,"FLAKE, JEFF",C00498576,GOOD GOVERNMENT FUND; THE,J,Joint fundraising committee,N,PAC - Nonqualified,False
S2AZ00141,"FLAKE, JEFF",C00347260,JEFF FLAKE FOR US SENATE INC.,A,Authorized by a candidate,S,Senate,False
S2AZ00141,"FLAKE, JEFF",C00652081,PROTECTING THE MAJORITY COMMITTEE,J,Joint fundraising committee,N,PAC - Nonqualified,False
S6MN00440,"FLANAGAN, MARGARET",C00897751,PEGGY FLANAGAN FOR MINNESOTA,P,Principal campaign committee,S,Senate,True
S6LA00318,"FLEMING, JOHN C. JR.",C00597013,FLEMING FOR LOUISIANA,P,Principal campaign committee,S,Senate,True
S0ID00172,"FLEMING, NATALIE M",C00726877,NATALIE M FLEMING FOR US SENATE,P,Principal campaign committee,S,Senate,True
S2CT00264,"FLYNN, JOHN J",C00709964,FLYNN 2024,A,Authorized by a candidate,S,Senate,False
S6NE00160,"FORBES, WILLIAM",C00943969,BILL FORBES FOR NEBRASKA,P,Principal campaign committee,S,Senate,True
S4PA00287,"FORKNER, WILLIAM",C00848002,FRIENDS OF WILLIAM FORKNER,P,Principal campaign committee,S,Senate,True
S6KY00328,"FORSYTHE, LOGAN",C00919811,LOGAN FOR KENTUCKY,P,Principal campaign committee,S,Senate,True
S8MN00438,"FRANKEN, AL",C00555748,"10,000 LAKES VICTORY 2014",J,Joint fundraising committee,N,PAC - Nonqualified,False
S8MN00438,"FRANKEN, AL",C00484014,4 SENATE VICTORY,J,Joint fundraising committee,N,PAC - Nonqualified,False
S8MN00438,"FRANKEN, AL",C00432278,AL FRANKEN FOR SENATE,A,Authorized by a candidate,S,Senate,False
S8MN00438,"FRANKEN, AL",C00570960,AL FRANKEN FOR SENATE,P,Principal campaign committee,S,Senate,True
S8MN00438,"FRANKEN, AL",C00480384,AL FRANKEN FOR SENATE 2014,A,Authorized by a candidate,S,Senate,False
S8MN00438,"FRANKEN, AL",C00449488,A NEW VOICE FOR MINNESOTA,J,Joint fundraising committee,N,PAC - Nonqualified,False
S8MN00438,"FRANKEN, AL",C00462085,BOXER-FRANKEN 2009,J,Joint fundraising committee,N,PAC - Nonqualified,False
S8MN00438,"FRANKEN, AL",C00446724,COMMITTEE FOR A BETTER FUTURE,J,Joint fundraising committee,N,PAC - Nonqualified,False
S8MN00438,"FRANKEN, AL",C00480814,FRANKEN MVPS,J,Joint fundraising committee,N,PAC - Nonqualified,False
S8MN00438,"FRANKEN, AL",C00457119,FRANKEN RECOUNT FUND,J,Joint fundraising committee,N,PAC - Nonqualified,False
S8MN00438,"FRANKEN, AL",C00519884,FRANKEN SENATE VICTORY 2014,J,Joint fundraising committee,N,PAC - Nonqualified,False
S8MN00438,"FRANKEN, AL",C00564708,FRANKEN UDALL VICTORY 2014,J,Joint fundraising committee,N,PAC - Nonqualified,False
S8MN00438,"FRANKEN, AL",C00567529,GRASSROOTS VICTORY PROJECT 2014,J,Joint fundraising committee,N,PAC - Nonqualified,False
S8MN00438,"FRANKEN, AL",C00453480,MINNESOTA SENATE VICTORY 2008,J,Joint fundraising committee,N,PAC - Nonqualified,False
S8MN00438,"FRANKEN, AL",C00519223,PROGRESSIVE VICTORY 2012,J,Joint fundraising committee,S,Senate,False
S8MN00438,"FRANKEN, AL",C00450775,SECURE OUR SENATE,J,Joint fundraising committee,S,Senate,False
S8MN00438,"FRANKEN, AL",C00454116,SENATE CHALLENGERS FUND,J,Joint fundraising committee,S,Senate,False
S8MN00438,"FRANKEN, AL",C00452219,VOICES FOR A SENATE MAJORITY,J,Joint fundraising committee,N,PAC - Nonqualified,False
S2IA00172,"FRANKEN, MICHAEL T",C00791525,"MICHAEL FRANKEN FOR IOWA, INC",P,Principal campaign committee,S,Senate,True
S4MN00510,"FRASER, JOSEPH",C00867705,FRIENDS OF JOE FRASER,P,Principal campaign committee,S,Senate,True
S6SC04197,"FREEMAN, KYLE ODONNELL",C00888479,KYLE FREEMAN FOR SENATE,P,Principal campaign committee,S,Senate,True
S2MD00602,"FRIEND, LORIE R",C00814442,ELECT-A-FRIEND,P,Principal campaign committee,S,Senate,True
S4MI00645,"FRIZZELL, JAMES KIETH MR SR",C00856245,JAMES FRIZZELL FOR SENATE,P,Principal campaign committee,S,Senate,True
S4MD00368,"FRYDENBORG, BRIAN EDWARD",C00848234,BRIAN FRYDENBORG FOR US SENATE FOR MARYLAND,P,Principal campaign committee,S,Senate,True
S4AZ00238,"FULCHER JR, LEONARD",C00858696,FULCHERFORSENATE,P,Principal campaign committee,S,Senate,True
S6CA01046,"FULKERSON, HEATH VINCENT",C00895789,PEOPLE OF THE UNITED STATES,P,Principal campaign committee,S,Senate,True
S4NV00338,"FULKERSON, HEATH VINCENT",C00850719,UNITEDTECH GOVERNANCE COALITION FOR NATIONAL POLITICS AND LEGISLATION,J,Joint fundraising committee,N,PAC - Nonqualified,False
S6WV00154,"GAASERUD, ALEXANDER",C00885459,ALEX FOR WEST VIRGINIA,P,Principal campaign committee,S,Senate,True
S4AZ00139,"GALLEGO, RUBEN",C00558627,GALLEGO FOR ARIZONA,P,Principal campaign committee,S,Senate,True
S4WA00581,"GARCIA, DR RAUL",C00844688,GARCIA FOR WA,P,Principal campaign committee,S,Senate,True
S4VA00239,"GARCIA, EDWARD",C00830026,GARCIA FOR VIRGINIA,P,Principal campaign committee,S,Senate,True
S4CA00803,"GARVEY, STEVE",C00852897,THE GARVEY LEADERSHIP PAC,U,Unauthorized,N,PAC - Nonqualified,False
S4CA00407,"GARY-PANDOL, DENICE LYN MS.",C00809384,DENICE GARY-PANDOL FOR UNITED STATES SENATE CALIFORNIA 2024,P,Principal campaign committee,S,Senate,True
S6MA00312,"GATES, WILLIAM FRANCIS MR.",C00933457,WILLIAM FRANCIS GATES FOR SENATE,P,Principal campaign committee,S,Senate,True
S0ME00111,"GIDEON, SARA",C00709899,SARA GIDEON FOR MAINE,P,Principal campaign committee,S,Senate,True
S4WA00599,"GIESICK, PAUL LAWRENCE",C00846394,PAUL GIESICK POLITICAL COMMITTEE,P,Principal campaign committee,S,Senate,True
S4CA00845,"GILANI, SEPI",C00854109,SEPI GILANI US SENATE 2024,P,Principal campaign committee,S,Senate,True
S6FL00863,"GILESPIE, NEIL JOSEPH",C00943399,NEIL J GILLESPIE FOR US SENATE,P,Principal campaign committee,S,Senate,True
S0NY00410,"GILLIBRAND, KIRSTEN",C00665166,ARIZONA NEVADA NEW YORK VICTORY 2018,J,Joint fundraising committee,S,Senate,False
S0NY00410,"GILLIBRAND, KIRSTEN",C00524678,"BERKLEY, GILLIBRAND & FEINSTEIN VICTORY FUND",J,Joint fundraising committee,S,Senate,False
S0NY00410,"GILLIBRAND, KIRSTEN",C00631960,BLUE SENATE 2018,J,Joint fundraising committee,S,Senate,False
S0NY00410,"GILLIBRAND, KIRSTEN",C00466078,GIFTED WOMEN 2009,J,Joint fundraising committee,N,PAC - Nonqualified,False
S0NY00410,"GILLIBRAND, KIRSTEN",C00413914,GILLIBRAND FOR SENATE,P,Principal campaign committee,S,Senate,True
S0NY00410,"GILLIBRAND, KIRSTEN",C00485532,GRASSROOTS VICTORY FUND,J,Joint fundraising committee,N,PAC - Nonqualified,False
S0NY00410,"GILLIBRAND, KIRSTEN",C00499384,MINNESOTA NEW YORK WASHINGTON VICTORY FUND,J,Joint fundraising committee,S,Senate,False
S0NY00410,"GILLIBRAND, KIRSTEN",C00480780,MISSOURI-NEW YORK VICTORY FUND,J,Joint fundraising committee,S,Senate,False
S0NY00410,"GILLIBRAND, KIRSTEN",C00506394,MODERATE SENATE 2012,J,Joint fundraising committee,S,Senate,False
S0NY00410,"GILLIBRAND, KIRSTEN",C00487546,NEW YORK COLORADO VICTORY,J,Joint fundraising committee,S,Senate,False
S0NY00410,"GILLIBRAND, KIRSTEN",C00476622,NEW YORK SENATE 2012,J,Joint fundraising committee,N,PAC - Nonqualified,False
S0NY00410,"GILLIBRAND, KIRSTEN",C00485946,NEW YORK SENATE VICTORY 2010,J,Joint fundraising committee,S,Senate,False
S0NY00410,"GILLIBRAND, KIRSTEN",C00495382,SENATE VICTORY 2012,J,Joint fundraising committee,S,Senate,False
S0NY00410,"GILLIBRAND, KIRSTEN",C00492736,TEXANS FOR A PROGRESSIVE SENATE,J,Joint fundraising committee,S,Senate,False
S0NY00410,"GILLIBRAND, KIRSTEN",C00685057,WOMEN ON THE ROAD 2018,J,Joint fundraising committee,N,PAC - Nonqualified,False
S0NY00410,"GILLIBRAND, KIRSTEN",C00511642,WOMEN ON THE ROAD TO THE SENATE: 12 AND COUNTING - BAY AREA,J,Joint fundraising committee,N,PAC - Nonqualified,False
S0NY00410,"GILLIBRAND, KIRSTEN",C00519405,WOMEN ON THE ROAD TO THE SENATE 12 AND COUNTING - BOSTON,J,Joint fundraising committee,N,PAC - Nonqualified,False
S0NY00410,"GILLIBRAND, KIRSTEN",C00511659,WOMEN ON THE ROAD TO THE SENATE: 12 AND COUNTING-LOS ANGELES,J,Joint fundraising committee,N,PAC - Nonqualified,False
S0NY00410,"GILLIBRAND, KIRSTEN",C00519462,WOMEN ON THE ROAD TO THE SENATE 12 AND COUNTING-NEW YORK CITY,J,Joint fundraising committee,N,PAC - Nonqualified,False
S0NY00410,"GILLIBRAND, KIRSTEN",C00519470,WOMEN ON THE ROAD TO THE SENATE 12 AND COUNTING-WASHINGTON DC,J,Joint fundraising committee,N,PAC - Nonqualified,False
S0NY00410,"GILLIBRAND, KIRSTEN",C00479949,WOMEN SENATE 2010,J,Joint fundraising committee,S,Senate,False
S6SC04254,"GIRACELLO, CHRISTOPHER",C00909234,GIRACELLO 4 SENATE,P,Principal campaign committee,S,Senate,True
S6AL00401,"GLASGOW, VALMA K",C00588541,GLASGOW FOR SENATE,P,Principal campaign committee,S,Senate,True
S6FL00848,"GLEASON, CHRISTOPHER",C00936534,VOTE FOR GLEASON,P,Principal campaign committee,S,Senate,True
S4UT00308,"GLEICH, CAROLINE",C00865253,COMMITTEE TO ELECT CAROLINE GLEICH,P,Principal campaign committee,S,Senate,True
S4TX00771,"GOMEZ, MERI LIZET MS.",C00847129,MERI GOMEZ FOR SENATE,P,Principal campaign committee,S,Senate,True
S6CO00499,"GONZALES, JULIE",C00929794,JULIE FOR COLORADO,P,Principal campaign committee,S,Senate,True
S8IN00239,"GONZALEZ, DIEGO ANTONIO JR",C00893511,DIEGO GONZALEZ || SENATE 2028,A,Authorized by a candidate,S,Senate,False
S8IN00239,"GONZALEZ, DIEGO ANTONIO JR",C00904672,DIEGO GONZALEZ SENATE | 2028,P,Principal campaign committee,S,Senate,True
S8IN00247,"GONZALEZ, DIEGO ANTONIO MR JR",C00893511,DIEGO GONZALEZ || SENATE 2028,A,Authorized by a candidate,S,Senate,False
S8IN00247,"GONZALEZ, DIEGO ANTONIO MR JR",C00904672,DIEGO GONZALEZ SENATE | 2028,P,Principal campaign committee,S,Senate,True
S4TX00789,"GONZALEZ, MARK A",C00849661,MARK A GONZALEZ FOR SENATE,P,Principal campaign committee,S,Senate,True
S6IL00425,"GOODMAN, JOHN",C00897652,GOODMAN FOR ILLINOIS,P,Principal campaign committee,S,Senate,True
S6FL00699,"GOULD, CHARLES AKA ALEX A",C00904359,COMMITTEE TO ELECT ALEX GOULD,P,Principal campaign committee,S,Senate,True
S4NV00312,"GRADY, TONY",C00847582,GRADY FOR NEVADA,P,Principal campaign committee,S,Senate,True
S0SC00149,"GRAHAM, LINDSEY O.",C00434274,2007 SENATORS' CLASSIC COMMITTEE,J,Joint fundraising committee,Q,PAC - Qualified,False
S0SC00149,"GRAHAM, LINDSEY O.",C00449850,2008 SENATORS CLASSIC COMMITTEE,J,Joint fundraising committee,S,Senate,False
S0SC00149,"GRAHAM, LINDSEY O.",C00543637,2013 SENATORS CLASSIC COMMITTEE,J,Joint fundraising committee,S,Senate,False
S0SC00149,"GRAHAM, LINDSEY O.",C00561845,2014 SENATORS CLASSIC COMMITTEE,J,Joint fundraising committee,S,Senate,False
S0SC00149,"GRAHAM, LINDSEY O.",C00701243,2019 SENATORS CLASSIC COMMITTEE,J,Joint fundraising committee,S,Senate,False
S0SC00149,"GRAHAM, LINDSEY O.",C00381947,CORNYN-GRAHAM VICTORY 2002 COMMITTEE,J,Joint fundraising committee,S,Senate,False
S0SC00149,"GRAHAM, LINDSEY O.",C00705574,FRIENDS OF LINDSEY GRAHAM,A,Authorized by a candidate,S,Senate,False
S0SC00149,"GRAHAM, LINDSEY O.",C00433540,GRAHAM MAJORITY COMMITTEE; THE,J,Joint fundraising committee,Q,PAC - Qualified,False
S0SC00149,"GRAHAM, LINDSEY O.",C00378257,GRAHAM SOUTH CAROLINA VICTORY COMMITTEE INC,J,Joint fundraising committee,X,Party - Nonqualified,False
S0SC00149,"GRAHAM, LINDSEY O.",C00440008,GRAHAM VICTORY 2008,J,Joint fundraising committee,Q,PAC - Qualified,False
S0SC00149,"GRAHAM, LINDSEY O.",C00566398,GRAHAM VICTORY COMMITTEE 2014,J,Joint fundraising committee,N,PAC - Nonqualified,False
S0SC00149,"GRAHAM, LINDSEY O.",C00364505,LINDSEY GRAHAM FOR SENATE,A,Authorized by a candidate,S,Senate,False
S0SC00149,"GRAHAM, LINDSEY O.",C00546259,RESTORE OUR MAJORITY 2013,J,Joint fundraising committee,S,Senate,False
S0SC00149,"GRAHAM, LINDSEY O.",C00458828,"TEAM GRAHAM, INC.",P,Principal campaign committee,S,Senate,True
S0SC00149,"GRAHAM, LINDSEY O.",C00376608,W/N 2002 C0MMITTEE,J,Joint fundraising committee,S,Senate,False
S0IA00028,"GRASSLEY, CHARLES E",C00138735,1980 VICTORY COMMITTEE,J,Joint fundraising committee,S,Senate,False
S0IA00028,"GRASSLEY, CHARLES E",C00461152,2009 SENATORS CLASSIC COMMITTEE,J,Joint fundraising committee,N,PAC - Nonqualified,False
S0IA00028,"GRASSLEY, CHARLES E",C00481713,2010 SENATORS' CLASSIC COMMITTEE,J,Joint fundraising committee,S,Senate,False
S0IA00028,"GRASSLEY, CHARLES E",C00576280,2015 SENATORS CLASSIC COMMITTEE,J,Joint fundraising committee,S,Senate,False
S0IA00028,"GRASSLEY, CHARLES E",C00109223,"GRASSLEY COMMITTEE, INC",A,Authorized by a candidate,S,Senate,False
S0IA00028,"GRASSLEY, CHARLES E",C00230482,"GRASSLEY COMMITTEE, INC.",P,Principal campaign committee,S,Senate,True
S0IA00028,"GRASSLEY, CHARLES E",C00577940,GRASSLEY HAWKEYE FUND,J,Joint fundraising committee,N,PAC - Nonqualified,False
S0IA00028,"GRASSLEY, CHARLES E",C00471656,GRASSLEY VICTORY COMMITTEE,J,Joint fundraising committee,N,PAC - Nonqualified,False
S0IA00028,"GRASSLEY, CHARLES E",C00580084,HATCH GRASSLEY VICTORY COMMITTEE,J,Joint fundraising committee,S,Senate,False
S0IA00028,"GRASSLEY, CHARLES E",C00207068,MINNESOTANS FOR AMERICA,J,Joint fundraising committee,S,Senate,False
S0IA00028,"GRASSLEY, CHARLES E",C00401158,N/W 2004 COMMITTEE,J,Joint fundraising committee,S,Senate,False
S0IA00028,"GRASSLEY, CHARLES E",C00210310,REPUBLICAN SENATE WIVES ART GALA COMMITTEE,J,Joint fundraising committee,S,Senate,False
S0IA00028,"GRASSLEY, CHARLES E",C00197822,SENATE VICTORY '86 COMMITTEE,J,Joint fundraising committee,S,Senate,False
S0IA00028,"GRASSLEY, CHARLES E",C00625913,UNITED FOR A SENATE MAJORITY,J,Joint fundraising committee,S,Senate,False
S0IA00028,"GRASSLEY, CHARLES E",C00265702,WARNER-NICKLES 1992 COMMITTEE,J,Joint fundraising committee,S,Senate,False
S0IA00028,"GRASSLEY, CHARLES E",C00326843,W/N 1997 COMMITTEE,J,Joint fundraising committee,S,Senate,False
S0IA00028,"GRASSLEY, CHARLES E",C00336032,W/N 1998 COMMITTEE,J,Joint fundraising committee,S,Senate,False
S0IA00028,"GRASSLEY, CHARLES E",C00386706,W/N 2003 COMMITTEE,J,Joint fundraising committee,S,Senate,False
S0IA00028,"GRASSLEY, CHARLES E",C00251637,WNG 1991 COMMITTEE,J,Joint fundraising committee,S,Senate,False
S2FL00581,"GRAYSON, ALAN MARK",C00424713,COMMITTEE TO ELECT ALAN GRAYSON,P,Principal campaign committee,S,Senate,True
S6FL00376,"GRAYSON, ALAN MARK",C00424713,COMMITTEE TO ELECT ALAN GRAYSON,P,Principal campaign committee,S,Senate,True
S4AZ00196,"GRAYSON, RICHARD",C00840793,RICHARD GRAYSON SAYS: DEATH TO NO LABELS,P,Principal campaign committee,S,Senate,True
S0IA00176,"GREENFIELD, THERESA",C00708164,THERESA GREENFIELD FOR IOWA,P,Principal campaign committee,S,Senate,True
S6FL00681,"GREEN, JUSTIN MR",C00902049,JUSTIN GREEN,P,Principal campaign committee,S,Senate,True
S4VT00165,"GREENSTEIN, MARK STEWART",C00888826,STEWART FOR LIBERTY IN VERMONT,P,Principal campaign committee,S,Senate,True
S6OK04171,"GREEN, TROY WESLEY",C00918607,TROY GREEN U.S. SENATE,P,Principal campaign committee,S,Senate,True
S2MO00536,"GREITENS, ERIC",C00774059,GREITENS FOR US SENATE,P,Principal campaign committee,S,Senate,True
S4MA00333,"GRIFFIN, BRANDON JAMES",C00849984,BRANDON GRIFFIN FOR US SENATE,P,Principal campaign committee,S,Senate,True
S4MA00325,"GRIFFIN, BRANDON JAMES",C00849984,BRANDON GRIFFIN FOR US SENATE,P,Principal campaign committee,S,Senate,True
S2MD00628,"GRIFFIN, SCOTTIE",C00820795,ASSISTANTS FOR SCOTTIE GRIFFIN,A,Authorized by a candidate,S,Senate,False
S2MD00628,"GRIFFIN, SCOTTIE",C00869099,SCOTTIE GRIFFIN'S ASSISTANTS,P,Principal campaign committee,S,Senate,True
S4MD00509,"GRIFFIN, SCOTTIE JO DR",C00869099,SCOTTIE GRIFFIN'S ASSISTANTS,P,Principal campaign committee,S,Senate,True
S6MN00507,"GRUENHAGEN, ALYCIA",C00930891,ALYCIA R. GRUENHAGEN CAMPAIGN,P,Principal campaign committee,S,Senate,True
S4NV00304,"GUNTER, JEFF DR",C00847418,DR JEFF GUNTER FOR SENATE,P,Principal campaign committee,S,Senate,True
S4TX00755,"GUTIERREZ, ROLAND",C00844977,ROLAND GUTIERREZ FOR TEXAS,P,Principal campaign committee,S,Senate,True
S6OH00155,"HACKETT, PAUL III",C00415745,HACKETT FOR SENATE,P,Principal campaign committee,S,Senate,True
S6AK00284,"HAFNER, CAROL",C00947523,CAROL HAFNER FOR SENATE,P,Principal campaign committee,S,Senate,True
S6WY00209,"HAGEMAN, HARRIET",C00788943,HAGEMAN FOR WYOMING,P,Principal campaign committee,S,Senate,True
S0TN00169,"HAGERTY, BILL",C00718627,TEAM HAGERTY,P,Principal campaign committee,S,Senate,True
S2CA01185,"HALL, MYRON LOUIS DR.",C00801654,DR MYRON HALL FOR SENATE,P,Principal campaign committee,S,Senate,True
S2UT00377,"HAMBLIN, LAIRD",C00797779,LAIRDSENATE.US  LAIRD FETZER HAMBLIN,P,Principal campaign committee,S,Senate,True
S0KS00349,"HAMILTON, BOB",C00743153,BOB HAMILTON FOR KANSAS INC.,P,Principal campaign committee,S,Senate,True
S6FL00632,"HAMILTON, MICHAELANGELO COLLINS",C00874420,MICHAELANGELO COLLINS HAMILTON FOR U.S. SENATE,P,Principal campaign committee,S,Senate,True
S4NJ00458,"HAMM, LARRY LEE",C00851352,COMMITTEE TO ELECT LARRY HAMM,P,Principal campaign committee,S,Senate,True
S6NC00514,"HAMMOND, ALYSSIA ROSE-KATHERINE",C00931063,QUEEN ALYSSIA FOR UNITED STATES SENATE NORTH CAROLINA 2026,P,Principal campaign committee,S,Senate,True
S6OK04239,"HANKINS, NICKY JOE",C00940569,NICK HANKINS FOR SENATE,P,Principal campaign committee,S,Senate,True
S6OK04213,"HANKINS, NICKY JOE",C00940569,NICK HANKINS FOR SENATE,P,Principal campaign committee,S,Senate,True
S6MN00531,"HANN, DAVID W",C00932954,DAVID HANN FOR US SENATE,P,Principal campaign committee,S,Senate,True
S6MN00531,"HANN, DAVID W",C00931113,"DEFENDING AMERICAN VALUES, INTEGRITY & DEMOCRACY PAC",D,Leadership PAC,N,PAC - Nonqualified,False
S4DE00094,"HANSEN, ERIC",C00853788,HANSEN FOR SENATE,P,Principal campaign committee,S,Senate,True
S4VA00262,"HARDIN, JONATHAN T DR PH.D.",C00835538,JT FOR SENATE,P,Principal campaign committee,S,Senate,True
S4VA00296,"HARDIN, JT",C00836262,JT FOR VA SENATE,P,Principal campaign committee,S,Senate,True
S4MI00553,"HARPER, FRANK EUGENE HILL",C00844985,HILL HARPER FOR MICHIGAN,P,Principal campaign committee,S,Senate,True
S6IL00680,"HARRINGTON, WHITFIELD MR JR",C00931428,FRIENDS OF WHITFIELD HARRINGTON,P,Principal campaign committee,S,Senate,True
S0SC00289,"HARRISON, JAIME",C00696153,JAIME HARRISON FOR US SENATE,P,Principal campaign committee,S,Senate,True
S2MO00742,"HARRIS, RONALD",C00815001,COMMITTEE TO ELECT RON HARRIS,P,Principal campaign committee,H,House,True
S4NJ00490,"HARSHAW, ALBERT",C00863977,ALBERT HARSHAW 4 SENATE,P,Principal campaign committee,S,Senate,True
S6KS00304,"HART, JASON",C00942391,HART FOR SENATE,P,Principal campaign committee,S,Senate,True
S4WI00272,"HARVEY, MATTHEW ROBERT",C00871277,HARVEY FOR OFFICE,P,Principal campaign committee,S,Senate,True
S6CO00473,"HASLEY, BRASHAD D",C00916403,BRASHAD HASLEY FOR US SENATE,P,Principal campaign committee,S,Senate,True
S4TX00821,"HASSAN, AHMAD",C00944900,DR AHMAD HASSAN FOR TEXAS SENATE,P,Principal campaign committee,S,Senate,True
S4TX00821,"HASSAN, AHMAD",C00866020,DR. A. ROBERT HASSAN FOR U.S. SENATE,P,Principal campaign committee,S,Senate,True
S0MN00344,"HASSAN, AHMAD R",C00944900,DR AHMAD HASSAN FOR TEXAS SENATE,P,Principal campaign committee,S,Senate,True
S6NH00091,"HASSAN, MARGARET WOOD",C00611749,BATTLEGROUND VICTORY 2016,J,Joint fundraising committee,N,PAC - Nonqualified,False
S6NH00091,"HASSAN, MARGARET WOOD",C00619932,BLUE SENATE 2016,J,Joint fundraising committee,S,Senate,False
S6NH00091,"HASSAN, MARGARET WOOD",C00591263,BRING BACK SENSE TO THE SENATE 2016,J,Joint fundraising committee,N,PAC - Nonqualified,False
S6NH00091,"HASSAN, MARGARET WOOD",C00624270,COMMITTEE FOR A PROGRESSIVE SENATE MAJORITY,J,Joint fundraising committee,S,Senate,False
S6NH00091,"HASSAN, MARGARET WOOD",C00618512,DEMOCRATIC SENATE VICTORY 2016,J,Joint fundraising committee,N,PAC - Nonqualified,False
S6NH00091,"HASSAN, MARGARET WOOD",C00621003,IL NH VICTORY FUND,J,Joint fundraising committee,S,Senate,False
S6NH00091,"HASSAN, MARGARET WOOD",C00617357,IMPACT SENATE 2016,J,Joint fundraising committee,S,Senate,False
S6NH00091,"HASSAN, MARGARET WOOD",C00588772,MAGGIE FOR NH,P,Principal campaign committee,S,Senate,True
S6NH00091,"HASSAN, MARGARET WOOD",C00614420,NEVADA NEW HAMPSHIRE VICTORY FUND,J,Joint fundraising committee,X,Party - Nonqualified,False
S6NH00091,"HASSAN, MARGARET WOOD",C00622282,NEW ENGLAND SENATE VICTORY FUND,J,Joint fundraising committee,S,Senate,False
S6NH00091,"HASSAN, MARGARET WOOD",C00622456,SENATE IMPACT DEMOCRATIC MAJORITY COMMITTEE,J,Joint fundraising committee,S,Senate,False
S6NH00091,"HASSAN, MARGARET WOOD",C00608075,SENATE IMPACT: NH AND MO,J,Joint fundraising committee,S,Senate,False
S6NH00091,"HASSAN, MARGARET WOOD",C00610634,SILICON VALLEY VICTORY 2016,J,Joint fundraising committee,N,PAC - Nonqualified,False
S6NH00091,"HASSAN, MARGARET WOOD",C00614768,WOMEN ON THE ROAD 2016,J,Joint fundraising committee,N,PAC - Nonqualified,False
S4UT00290,"HATCH, BRENT ORRIN",C00864629,"COMMITTEE TO ELECT BRENT HATCH, INC.",P,Principal campaign committee,S,Senate,True
S8MO00160,"HAWLEY, JOSHUA DAVID SEN",C00689471,FOUNDERS COMMITTEE; THE,J,Joint fundraising committee,S,Senate,False
S8MO00160,"HAWLEY, JOSHUA DAVID SEN",C00656926,HAWLEY VICTORY COMMITTEE,J,Joint fundraising committee,N,PAC - Nonqualified,False
S8MO00160,"HAWLEY, JOSHUA DAVID SEN",C00652727,JOSH HAWLEY FOR SENATE,P,Principal campaign committee,S,Senate,True
S8MO00160,"HAWLEY, JOSHUA DAVID SEN",C00652081,PROTECTING THE MAJORITY COMMITTEE,J,Joint fundraising committee,N,PAC - Nonqualified,False
S8MO00160,"HAWLEY, JOSHUA DAVID SEN",C00681163,STRENGTHEN THE SENATE MAJORITY 2018,J,Joint fundraising committee,N,PAC - Nonqualified,False
S8MO00160,"HAWLEY, JOSHUA DAVID SEN",C00674770,WINSOME LEADERS I,J,Joint fundraising committee,S,Senate,False
S8MO00160,"HAWLEY, JOSHUA DAVID SEN",C00686741,WINSOME LEADERS II,J,Joint fundraising committee,S,Senate,False
S0AZ00251,"HAYWORTH, JD",C00474825,RESTORING OUR AMERICAN REPUBLIC (ROAR PAC),U,Unauthorized,N,PAC - Nonqualified,False
S4PA00352,"HAZOU, LEILA",C00889030,LEILA HAZOU FOR SENATE,P,Principal campaign committee,S,Senate,True
S4PA00345,"HAZOU, LEILA",C00889030,LEILA HAZOU FOR SENATE,P,Principal campaign committee,S,Senate,True
S4ND00061,"HEDGER, KRISTIN RUTH",C00788224,FRIENDS OF KRISTIN RUTH HEDGER,P,Principal campaign committee,S,Senate,True
S0TX00233,"HEGAR, MARY JENNINGS MJ",C00649350,MJ FOR TEXAS,P,Principal campaign committee,S,Senate,True
S2NM00088,"HEINRICH, MARTIN",C00525949,AZ-NM SENATE VICTORY FUND,J,Joint fundraising committee,S,Senate,False
S2NM00088,"HEINRICH, MARTIN",C00631960,BLUE SENATE 2018,J,Joint fundraising committee,S,Senate,False
S2NM00088,"HEINRICH, MARTIN",C00523977,CT/IN/NM VICTORY FUND,J,Joint fundraising committee,S,Senate,False
S2NM00088,"HEINRICH, MARTIN",C00673061,HEINRICH CARPER VICTORY FUND,J,Joint fundraising committee,S,Senate,False
S2NM00088,"HEINRICH, MARTIN",C00527788,HEINRICH HIRONO VICTORY FUND,J,Joint fundraising committee,S,Senate,False
S2NM00088,"HEINRICH, MARTIN",C00668814,HEINRICH NELSON VICTORY FUND,J,Joint fundraising committee,S,Senate,False
S2NM00088,"HEINRICH, MARTIN",C00633065,HEINRICH UDALL VICTORY FUND,J,Joint fundraising committee,S,Senate,False
S2NM00088,"HEINRICH, MARTIN",C00603019,HEINRICH VICTORY FUND,J,Joint fundraising committee,N,PAC - Nonqualified,False
S2NM00088,"HEINRICH, MARTIN",C00521807,MANCHIN HEINRICH VICTORY FUND,J,Joint fundraising committee,S,Senate,False
S2NM00088,"HEINRICH, MARTIN",C00434563,MARTIN HEINRICH FOR SENATE,P,Principal campaign committee,S,Senate,True
S2NM00088,"HEINRICH, MARTIN",C00525501,MONTANA NEW MEXICO VICTORY FUND,J,Joint fundraising committee,S,Senate,False
S2NM00088,"HEINRICH, MARTIN",C00635979,NEW MEXICO SENATE VICTORY 2018,J,Joint fundraising committee,Y,Party - Qualified,False
S2NM00088,"HEINRICH, MARTIN",C00523399,NEW MEXICO SENATE VICTORY FUND,J,Joint fundraising committee,N,PAC - Nonqualified,False
S2NM00088,"HEINRICH, MARTIN",C00523191,SAVE OUR SENATE: JACKSON HOLE,J,Joint fundraising committee,S,Senate,False
S2NM00088,"HEINRICH, MARTIN",C00634360,SENATE IMPACT 2018,J,Joint fundraising committee,S,Senate,False
S2ND00099,"HEITKAMP, HEIDI",C00520940,HEARTLAND VICTORY FUND 2012,J,Joint fundraising committee,N,PAC - Nonqualified,False
S2ND00099,"HEITKAMP, HEIDI",C00673293,HEIDI JOE VICTORY FUND,J,Joint fundraising committee,S,Senate,False
S2ND00099,"HEITKAMP, HEIDI",C00677450,HEIDI TINA VICTORY FUND,J,Joint fundraising committee,S,Senate,False
S2ND00099,"HEITKAMP, HEIDI",C00515239,HEITKAMP HIRONO VICTORY COMMITTEE,J,Joint fundraising committee,S,Senate,False
S2ND00099,"HEITKAMP, HEIDI",C00502401,JUSTICE 2012,J,Joint fundraising committee,S,Senate,False
S2ND00099,"HEITKAMP, HEIDI",C00528802,MIDWEST SENATE VICTORY 2012,J,Joint fundraising committee,N,PAC - Nonqualified,False
S2ND00099,"HEITKAMP, HEIDI",C00638296,MONTANA NORTH DAKOTA VICTORY FUND,J,Joint fundraising committee,S,Senate,False
S2ND00099,"HEITKAMP, HEIDI",C00531426,MO-NV-ND VICTORY FUND,J,Joint fundraising committee,S,Senate,False
S2ND00099,"HEITKAMP, HEIDI",C00527770,MURPHY HEITKAMP VICTORY COMMITTEE,U,Unauthorized,N,PAC - Nonqualified,False
S2ND00099,"HEITKAMP, HEIDI",C00515247,NORTH DAKOTA-ARIZONA VICTORY FUND,J,Joint fundraising committee,S,Senate,False
S2ND00099,"HEITKAMP, HEIDI",C00520924,NORTH DAKOTA GRASSROOTS VICTORY FUND 2012,J,Joint fundraising committee,N,PAC - Nonqualified,False
S2ND00099,"HEITKAMP, HEIDI",C00528786,OFF THE SIDELINES HI-ND-NV-WI,J,Joint fundraising committee,N,PAC - Nonqualified,False
S2ND00099,"HEITKAMP, HEIDI",C00655662,SECURE THE HEARTLAND FUND,J,Joint fundraising committee,S,Senate,False
S2ND00099,"HEITKAMP, HEIDI",C00667501,SENATE 2018 IMPACT,J,Joint fundraising committee,S,Senate,False
S2ND00099,"HEITKAMP, HEIDI",C00636811,SENATE IMPACT: ND & WV,J,Joint fundraising committee,S,Senate,False
S2ND00099,"HEITKAMP, HEIDI",C00633578,SENATE IMPACT: WI & ND,J,Joint fundraising committee,S,Senate,False
S2ND00099,"HEITKAMP, HEIDI",C00662916,SENATE IMPACT WI & ND 2018,J,Joint fundraising committee,S,Senate,False
S2ND00099,"HEITKAMP, HEIDI",C00653469,SHAHEEN HEITKAMP VICTORY FUND,J,Joint fundraising committee,S,Senate,False
S2ND00099,"HEITKAMP, HEIDI",C00512277,TEXANS FOR A PROGRESSIVE SENATE,J,Joint fundraising committee,S,Senate,False
S2ND00099,"HEITKAMP, HEIDI",C00505552,UPNORTH PAC,U,Unauthorized,N,PAC - Nonqualified,False
S2ND00099,"HEITKAMP, HEIDI",C00527713,WOMEN 2 WIN,J,Joint fundraising committee,N,PAC - Nonqualified,False
S2ND00099,"HEITKAMP, HEIDI",C00525493,WOMEN HOLD THE LINE,J,Joint fundraising committee,S,Senate,False
S2ND00099,"HEITKAMP, HEIDI",C00685057,WOMEN ON THE ROAD 2018,J,Joint fundraising committee,N,PAC - Nonqualified,False
S2ND00099,"HEITKAMP, HEIDI",C00511642,WOMEN ON THE ROAD TO THE SENATE: 12 AND COUNTING - BAY AREA,J,Joint fundraising committee,N,PAC - Nonqualified,False
S2ND00099,"HEITKAMP, HEIDI",C00519405,WOMEN ON THE ROAD TO THE SENATE 12 AND COUNTING - BOSTON,J,Joint fundraising committee,N,PAC - Nonqualified,False
S2ND00099,"HEITKAMP, HEIDI",C00511626,WOMEN ON THE ROAD TO THE SENATE: 12 AND COUNTING -DENVER,J,Joint fundraising committee,N,PAC - Nonqualified,False
S2ND00099,"HEITKAMP, HEIDI",C00511659,WOMEN ON THE ROAD TO THE SENATE: 12 AND COUNTING-LOS ANGELES,J,Joint fundraising committee,N,PAC - Nonqualified,False
S2ND00099,"HEITKAMP, HEIDI",C00519462,WOMEN ON THE ROAD TO THE SENATE 12 AND COUNTING-NEW YORK CITY,J,Joint fundraising committee,N,PAC - Nonqualified,False
S2ND00099,"HEITKAMP, HEIDI",C00511634,WOMEN ON THE ROAD TO THE SENATE: 12 AND COUNTING-SEATTLE,J,Joint fundraising committee,N,PAC - Nonqualified,False
S4AZ00279,"HERNANDEZ, ARTURO",C00872937,ARTURO FOR ARIZONA,P,Principal campaign committee,S,Senate,True
S6OK04247,"HERN, KEVIN",C00943142,HERN FOR SENATE,P,Principal campaign committee,S,Senate,True
S6SC04346,"HERRMANN, PATRICK JOSEPH",C00940239,PATRICK HERRMANN FOR U.S. SENATE,P,Principal campaign committee,S,Senate,True
S6MI00384,"HEURTEBISE, FREDERICK",C00897736,FREDERICK HEURTEBISE FOR US SENATE,P,Principal campaign committee,S,Senate,True
S0CO00575,"HICKENLOOPER, JOHN W.",C00716720,HICKENLOOPER FOR COLORADO,P,Principal campaign committee,S,Senate,True
S0IN00061,"HILL, BARON P",C00578880,BARON HILL FOR INDIANA,P,Principal campaign committee,S,Senate,True
S0IN00061,"HILL, BARON P",C00238048,HOOSIERS FOR BARON HILL,P,Principal campaign committee,S,Senate,True
S0IN00061,"HILL, BARON P",C00614735,HOOSIERS FOR COMMON SENSE,J,Joint fundraising committee,N,PAC - Nonqualified,False
S4VA00148,"HILL, SHAK",C00546705,FRIENDS OF SHAK HILL,P,Principal campaign committee,S,Senate,True
S2HI00106,"HIRONO, MAZIE K.",C00654251,CANTWELL-HIRONO VICTORY FUND,J,Joint fundraising committee,S,Senate,False
S2HI00106,"HIRONO, MAZIE K.",C00529768,DEMOCRATIC SENATE MAJORITY VICTORY FUND 2012,J,Joint fundraising committee,N,PAC - Nonqualified,False
S2HI00106,"HIRONO, MAZIE K.",C00420760,FRIENDS OF MAZIE HIRONO,P,Principal campaign committee,S,Senate,True
S2HI00106,"HIRONO, MAZIE K.",C00527788,HEINRICH HIRONO VICTORY FUND,J,Joint fundraising committee,S,Senate,False
S2HI00106,"HIRONO, MAZIE K.",C00515239,HEITKAMP HIRONO VICTORY COMMITTEE,J,Joint fundraising committee,S,Senate,False
S2HI00106,"HIRONO, MAZIE K.",C00502401,JUSTICE 2012,J,Joint fundraising committee,S,Senate,False
S2HI00106,"HIRONO, MAZIE K.",C00633925,JUSTICE 2018,J,Joint fundraising committee,N,PAC - Nonqualified,False
S2HI00106,"HIRONO, MAZIE K.",C00540013,MOVING HAWAII FORWARD,J,Joint fundraising committee,N,PAC - Nonqualified,False
S2HI00106,"HIRONO, MAZIE K.",C00528786,OFF THE SIDELINES HI-ND-NV-WI,J,Joint fundraising committee,N,PAC - Nonqualified,False
S2HI00106,"HIRONO, MAZIE K.",C00512277,TEXANS FOR A PROGRESSIVE SENATE,J,Joint fundraising committee,S,Senate,False
S2HI00106,"HIRONO, MAZIE K.",C00525493,WOMEN HOLD THE LINE,J,Joint fundraising committee,S,Senate,False
S2HI00106,"HIRONO, MAZIE K.",C00685057,WOMEN ON THE ROAD 2018,J,Joint fundraising committee,N,PAC - Nonqualified,False
S2HI00106,"HIRONO, MAZIE K.",C00672857,WOMEN ON THE ROAD CALIFORNIA 2018,J,Joint fundraising committee,N,PAC - Nonqualified,False
S2HI00106,"HIRONO, MAZIE K.",C00519405,WOMEN ON THE ROAD TO THE SENATE 12 AND COUNTING - BOSTON,J,Joint fundraising committee,N,PAC - Nonqualified,False
S2HI00106,"HIRONO, MAZIE K.",C00511626,WOMEN ON THE ROAD TO THE SENATE: 12 AND COUNTING -DENVER,J,Joint fundraising committee,N,PAC - Nonqualified,False
S2HI00106,"HIRONO, MAZIE K.",C00519462,WOMEN ON THE ROAD TO THE SENATE 12 AND COUNTING-NEW YORK CITY,J,Joint fundraising committee,N,PAC - Nonqualified,False
S2HI00106,"HIRONO, MAZIE K.",C00511634,WOMEN ON THE ROAD TO THE SENATE: 12 AND COUNTING-SEATTLE,J,Joint fundraising committee,N,PAC - Nonqualified,False
S2HI00106,"HIRONO, MAZIE K.",C00519470,WOMEN ON THE ROAD TO THE SENATE 12 AND COUNTING-WASHINGTON DC,J,Joint fundraising committee,N,PAC - Nonqualified,False
S2NV00332,"HOCKSTEDLER, WILLIAM ERIC",C00787689,HOCKSTEDLER FOR U.S. SENATE,P,Principal campaign committee,S,Senate,True
S0ND00093,"HOEVEN, JOHN",C00481713,2010 SENATORS' CLASSIC COMMITTEE,J,Joint fundraising committee,S,Senate,False
S0ND00093,"HOEVEN, JOHN",C00576280,2015 SENATORS CLASSIC COMMITTEE,J,Joint fundraising committee,S,Senate,False
S0ND00093,"HOEVEN, JOHN",C00493668,FRIENDS OF JOHN HOEVEN,J,Joint fundraising committee,N,PAC - Nonqualified,False
S0ND00093,"HOEVEN, JOHN",C00473371,HOEVEN FOR SENATE,P,Principal campaign committee,S,Senate,True
S0ND00093,"HOEVEN, JOHN",C00482687,HOEVEN - NORTH DAKOTA VICTORY FUND,J,Joint fundraising committee,N,PAC - Nonqualified,False
S0ND00093,"HOEVEN, JOHN",C00476093,HOEVEN VICTORY COMMITTEE,J,Joint fundraising committee,N,PAC - Nonqualified,False
S0ND00093,"HOEVEN, JOHN",C00592493,HOEVEN VICTORY COMMITTEE,J,Joint fundraising committee,N,PAC - Nonqualified,False
S0ND00093,"HOEVEN, JOHN",C00641225,HOEVEN VICTORY COMMITTEE,J,Joint fundraising committee,N,PAC - Nonqualified,False
S4MD00483,"HOGAN, LARRY",C00869016,HOGAN FOR MARYLAND INC.,P,Principal campaign committee,S,Senate,True
S6LA00490,"HOLDER, CHRISTOPHER LEE MR.",C00893297,CHRIS HOLDER FOR SENATE,P,Principal campaign committee,S,Senate,True
S2OK00194,"HOLLAND, LUCAS",C00806935,LUKE HOLLAND FOR SENATE,P,Principal campaign committee,S,Senate,True
S6OH00437,"HOLLIMAN, ANTHONY JOHN",C00941286,ANTHONY TONY GLASSES HOLLIMAN FOR U.S. SENATE,P,Principal campaign committee,S,Senate,True
S6SC04189,"HOLLIMAN, ETHAN CLAY",C00865642,HOLLIMAN FOR SENATE,P,Principal campaign committee,S,Senate,True
S2WA00460,"HOLYK, ISAAC A",C00813261,ISAAC HOLYK FOR SENATE,P,Principal campaign committee,S,Senate,True
S4MI00454,"HOOVER, MICHAEL",C00832618,MICHAEL HOOVER FOR SENATE,P,Principal campaign committee,S,Senate,True
S2IN00109,"HORNING, ANDY",C00836999,HORNING FOR SENATE,P,Principal campaign committee,S,Senate,True
S2IN00109,"HORNING, ANDY",C00520163,HORNING FOR SENATE ,P,Principal campaign committee,S,Senate,True
S2IN00109,"HORNING, ANDY",C00664631,HORNING FOR SENATE COMMITTEE,P,Principal campaign committee,S,Senate,True
S2OK00152,"HORN, MADISON",C00792184,OKLAHOMANS FOR MADISON,P,Principal campaign committee,H,House,True
S8MN00586,"HOUSLEY, KARIN",C00664219,HOUSLEY FOR SENATE COMMITTEE,P,Principal campaign committee,S,Senate,True
S8MN00586,"HOUSLEY, KARIN",C00684548,KEEP THE MAJORITY,J,Joint fundraising committee,S,Senate,False
S4MD00574,"HOUTON, ROBERT K.",C00866871,COMMITTE TO ELECT ROB HOUTON,P,Principal campaign committee,S,Senate,True
S4WI00256,"HOVDE, ERIC",C00870139,HOVDE FOR WISCONSIN,P,Principal campaign committee,S,Senate,True
S4WI00256,"HOVDE, ERIC",C00829523,HOVDE FOR WI SENATE REPUBLICAN NOMINEE FUND 2024,A,Authorized by a candidate,S,Senate,False
S2WI00268,"HOVDE, ERIC D",C00515510,HOVDE FOR SENATE COMMITTEE,P,Principal campaign committee,S,Senate,True
S2WI00268,"HOVDE, ERIC D",C00870139,HOVDE FOR WISCONSIN,P,Principal campaign committee,S,Senate,True
S2WI00268,"HOVDE, ERIC D",C00829523,HOVDE FOR WI SENATE REPUBLICAN NOMINEE FUND 2024,A,Authorized by a candidate,S,Senate,False
S6AL00419,"HOWARD, JAMES GREGORY MR JR",C00899583,GREG HOWARD JR FOR SENATE,P,Principal campaign committee,S,Senate,True
S6MI00467,"HOWARD, RACHEL ELIZABETH",C00906867,RACHEL FOR US SENATE,P,Principal campaign committee,S,Senate,True
S0IL00501,"HUBBARD, PEGGY",C00696815,"PEGGY HUBBARD FOR US SENATE, INC.",P,Principal campaign committee,S,Senate,True
S6AL00443,"HUDSON, JARED",C00906453,HUDSON FOR ALABAMA,P,Principal campaign committee,S,Senate,True
S4MT00217,"HUMMERT, MICHAEL",C00873166,MICHAEL HUMMERT US SENATE CANDIDATE,P,Principal campaign committee,S,Senate,True
S6TX00511,"HUNT, WESLEY",C00701003,HUNT FOR SENATE,P,Principal campaign committee,S,Senate,True
S6TX00602,"HUSE, RODGER",C00944504,RODGER HUSE,P,Principal campaign committee,S,Senate,True
S6OH00304,"HUSTED, JON",C00896019,HUSTED FOR SENATE,P,Principal campaign committee,S,Senate,True
S2CT00256,"HYDE, ROBERT FINLEY",C00762559,HYDE FOR SENATE,P,Principal campaign committee,S,Senate,True
S2CT00256,"HYDE, ROBERT FINLEY",C00709444,HYDE FOR U.S. SENATE,A,Authorized by a candidate,S,Senate,False
S8MS00261,"HYDE-SMITH, CINDY",C00701243,2019 SENATORS CLASSIC COMMITTEE,J,Joint fundraising committee,S,Senate,False
S8MS00261,"HYDE-SMITH, CINDY",C00675348,CINDY HYDE-SMITH FOR US SENATE,P,Principal campaign committee,S,Senate,True
S8MS00261,"HYDE-SMITH, CINDY",C00705731,FRIENDS OF CINDY HYDE-SMITH,A,Authorized by a candidate,S,Senate,False
S8MS00261,"HYDE-SMITH, CINDY",C00691576,HYDE-SMITH VICTORY FUND,J,Joint fundraising committee,N,PAC - Nonqualified,False
S8MS00261,"HYDE-SMITH, CINDY",C00683029,KEEP THE SENATE RED 2018,J,Joint fundraising committee,Y,Party - Qualified,False
S4CA00688,"INAM, ZAFAR",C00843722,INAM FOR US SENATE,P,Principal campaign committee,S,Senate,True
S4TX00672,"INGALLS, JOSIAH JAMES",C00829135,JOSIAH FOR TEXAS,P,Principal campaign committee,S,Senate,True
S2CA00989,"INGRAM, DENARD",C00770271,DENARD FOR CONGRESS,P,Principal campaign committee,H,House,True
S4OK00083,"INHOFE, JAMES M. SEN.",C00434274,2007 SENATORS' CLASSIC COMMITTEE,J,Joint fundraising committee,Q,PAC - Qualified,False
S4OK00083,"INHOFE, JAMES M. SEN.",C00449850,2008 SENATORS CLASSIC COMMITTEE,J,Joint fundraising committee,S,Senate,False
S4OK00083,"INHOFE, JAMES M. SEN.",C00543637,2013 SENATORS CLASSIC COMMITTEE,J,Joint fundraising committee,S,Senate,False
S4OK00083,"INHOFE, JAMES M. SEN.",C00561845,2014 SENATORS CLASSIC COMMITTEE,J,Joint fundraising committee,S,Senate,False
S4OK00083,"INHOFE, JAMES M. SEN.",C00701243,2019 SENATORS CLASSIC COMMITTEE,J,Joint fundraising committee,S,Senate,False
S4OK00083,"INHOFE, JAMES M. SEN.",C00299107,CITIZENS FOR ECONOMIC GROWTH COMMITTEE,J,Joint fundraising committee,S,Senate,False
S4OK00083,"INHOFE, JAMES M. SEN.",C00207993,FUND FOR A CONSERVATIVE FUTURE II,D,Leadership PAC,N,PAC - Nonqualified,False
S4OK00083,"INHOFE, JAMES M. SEN.",C00381137,INHOFE OKLAHOMA VICTORY 2002 COMMITTEE,J,Joint fundraising committee,X,Party - Nonqualified,False
S4OK00083,"INHOFE, JAMES M. SEN.",C00433532,INHOFE VICTORY COMMITTEE; THE,J,Joint fundraising committee,Q,PAC - Qualified,False
S4OK00083,"INHOFE, JAMES M. SEN.",C00705616,OKLAHOMA SENATE REPUBLICAN NOMINEE FUND - JIM INHOFE,A,Authorized by a candidate,S,Senate,False
S4OK00083,"INHOFE, JAMES M. SEN.",C00450205,OKLAHOMA VICTORY COMMITTEE,J,Joint fundraising committee,N,PAC - Nonqualified,False
S4OK00083,"INHOFE, JAMES M. SEN.",C00297986,WAR ON THE WEST COMMITTEE,J,Joint fundraising committee,S,Senate,False
S4OK00083,"INHOFE, JAMES M. SEN.",C00298331,WIN IT ALL IN THE FALL COMMITTEE,J,Joint fundraising committee,S,Senate,False
S4OK00083,"INHOFE, JAMES M. SEN.",C00302281,W/N 1995 COMMITTEE,J,Joint fundraising committee,S,Senate,False
S4OK00083,"INHOFE, JAMES M. SEN.",C00317602,W/N 1996 COMMITTEE,J,Joint fundraising committee,S,Senate,False
S4OK00083,"INHOFE, JAMES M. SEN.",C00365585,W/N 2001 COMMITTEE,J,Joint fundraising committee,S,Senate,False
S4OK00083,"INHOFE, JAMES M. SEN.",C00376608,W/N 2002 C0MMITTEE,J,Joint fundraising committee,S,Senate,False
S6NH00174,"INNIS, DAN",C00912097,DAN INNIS FOR SENATE,P,Principal campaign committee,S,Senate,True
S2WA00411,"ISHII, DAVID TADASHI",C00781054,DAVID ISHII SENATOR,A,Authorized by a candidate,S,Senate,False
S2WA00411,"ISHII, DAVID TADASHI",C00811075,DAVID ISHII SENATOR,P,Principal campaign committee,S,Senate,True
S2WA00411,"ISHII, DAVID TADASHI",C00831784,PEEKABOO FOR SENATOR,P,Principal campaign committee,S,Senate,True
S6GA00275,"JACKSON, DEVELLE LAVAUGHN",C00846790,JACKSON FOR CONGRESS 2026,P,Principal campaign committee,H,House,True
S6GA00275,"JACKSON, DEVELLE LAVAUGHN",C00846964,"THE SOVEREIGN PARTY OF SOVEREIGN NATIONALISTS, KNOWN AS THE PEOPLE PARTY",D,Leadership PAC,N,PAC - Nonqualified,False
S2VA00167,"JACKSON, EARL W SR",C00495549,JACKSON FOR VIRGINIA,P,Principal campaign committee,S,Senate,True
S2VA00167,"JACKSON, EARL W SR",C00665554,JACKSON-US SENATE,P,Principal campaign committee,S,Senate,True
S8MI00372,"JAMES, JOHN",C00689471,FOUNDERS COMMITTEE; THE,J,Joint fundraising committee,S,Senate,False
S8MI00372,"JAMES, JOHN",C00651208,"JOHN JAMES FOR SENATE, INC.",P,Principal campaign committee,S,Senate,True
S8MI00372,"JAMES, JOHN",C00705756,MICHIGAN SENATE REPUBLICAN NOMINEE FUND - JOHN JAMES,A,Authorized by a candidate,S,Senate,False
S2AR00115,"JAMES, NATALIE",C00778993,JAMES FOR ARKANSAS,P,Principal campaign committee,S,Senate,True
S6MT00311,"JANDRON, TOM",C00944215,JANDRON 4 US SENATE,P,Principal campaign committee,S,Senate,True
S4MD00301,"JAWANDO, WILL",C00839449,WILL JAWANDO FOR MARYLAND,P,Principal campaign committee,S,Senate,True
S8WV00127,"JENKINS, EVAN H",C00548271,JENKINS FOR SENATE,P,Principal campaign committee,S,Senate,True
S8TX00442,"JENKINS, JONATHAN",C00677872,JONATHAN JENKINS FOR SENATE COMMITTEE,P,Principal campaign committee,S,Senate,True
S2UT00351,"JENSEN, RUSSELL TYRONE",C00790667,FRIENDS OF TY JENSEN,P,Principal campaign committee,S,Senate,True
S4UT00191,"JENSEN, TYRONE",C00790667,FRIENDS OF TY JENSEN,P,Principal campaign committee,S,Senate,True
S4LA00040,"JOHN, CHRIS",C00400978,2004 MAJORITY FUND,J,Joint fundraising committee,X,Party - Nonqualified,False
S4LA00040,"JOHN, CHRIS",C00402222,CARSON-JOHN VICTORY 2004,J,Joint fundraising committee,S,Senate,False
S4LA00040,"JOHN, CHRIS",C00394445,CHRIS JOHN FOR US SENATE,P,Principal campaign committee,S,Senate,True
S4LA00040,"JOHN, CHRIS",C00402958,COMMITTEE FOR A BETTER FUTURE,J,Joint fundraising committee,S,Senate,False
S4LA00040,"JOHN, CHRIS",C00381707,DORGAN VICTORY FUND,J,Joint fundraising committee,S,Senate,False
S4LA00040,"JOHN, CHRIS",C00400960,LOUISIANA SENATE 2004,J,Joint fundraising committee,X,Party - Nonqualified,False
S6NC00431,"JOHNSON, CONSTANCE ""CONNIE""",C00915157,"CONSTANCE ""CONNIE"" JOHNSON FOR UNITED STATES SENATOR FOR NC 2026",P,Principal campaign committee,S,Senate,True
S4TN00526,"JOHNSON, GLORIA",C00847400,GLORIA FOR TENNESSEE,P,Principal campaign committee,S,Senate,True
S6SC04288,"JOHNSON, LEE",C00902981,LEE JOHNSON FOR SC,P,Principal campaign committee,S,Senate,True
S0WI00197,"JOHNSON, RON HAROLD MR.",C00488890,2010 SENATE VICTORY COMMITTEE,J,Joint fundraising committee,S,Senate,False
S0WI00197,"JOHNSON, RON HAROLD MR.",C00576280,2015 SENATORS CLASSIC COMMITTEE,J,Joint fundraising committee,S,Senate,False
S0WI00197,"JOHNSON, RON HAROLD MR.",C00573717,AMERICANS UNITED FOR FREEDOM,J,Joint fundraising committee,S,Senate,False
S0WI00197,"JOHNSON, RON HAROLD MR.",C00488874,FOUNDERS JOINT CANDIDATE COMMITTEE,J,Joint fundraising committee,N,PAC - Nonqualified,False
S0WI00197,"JOHNSON, RON HAROLD MR.",C00488981,JOHNSON VICTORY COMMITTEE,J,Joint fundraising committee,N,PAC - Nonqualified,False
S0WI00197,"JOHNSON, RON HAROLD MR.",C00577841,JOHNSON VICTORY COMMITTEE,J,Joint fundraising committee,N,PAC - Nonqualified,False
S0WI00197,"JOHNSON, RON HAROLD MR.",C00482984,"RON JOHNSON FOR SENATE, INC.",P,Principal campaign committee,S,Senate,True
S0WI00197,"JOHNSON, RON HAROLD MR.",C00625764,SAVE OUR SENATE COMMITTEE,J,Joint fundraising committee,S,Senate,False
S6NC00480,"JOHNSON, THOMAS LEE",C00930677,JOHNSON FOR SENATE CAMPAIGN COMMITTEE,P,Principal campaign committee,S,Senate,True
S0CO00468,"JOHNSTON, MICHAEL C",C00695411,MIKE JOHNSTON FOR US SENATE,P,Principal campaign committee,S,Senate,True
S6LA00508,"JOHN, XAN MR.",C00752139,"SENATOR XAN JOHN, INC.",P,Principal campaign committee,S,Senate,True
S6CO00481,"JONES, DATHAN CHARLES",C00923219,DATHAN C JONES FOR US SENATE,P,Principal campaign committee,S,Senate,True
S0AL00156,"JONES, DOUG",C00368472,DOUG JONES FOR US SENATE,P,Principal campaign committee,S,Senate,True
S0AL00156,"JONES, DOUG",C00640623,RIGHT SIDE OF HISTORY PAC,U,Unauthorized,V,Hybrid PAC (with Non-Contribution Account) - Nonqualified,False
S0AL00156,"JONES, DOUG",C00656710,VICTORY 2017,J,Joint fundraising committee,N,PAC - Nonqualified,False
S6FL00277,"JONES, LATERESA ANN",C00552711,FRIENDS TO ELECT LATERESA A JONES,A,Authorized by a candidate,H,House,False
S6IL00664,"JONES, LLOYD",C00921718,CITIZENS FOR LLOYD JONES,P,Principal campaign committee,S,Senate,True
S6TN00372,"JONES, ROBERT THOMAS",C00941971,ROBERT JONES FOR TENNESSEE,P,Principal campaign committee,S,Senate,True
S4NY00453,"JOSEPH, VLADIMY MR.",C00889816,VLADART POLITICAL NETWORK,P,Principal campaign committee,S,Senate,True
S6CO00440,"JOSHI, JANAK",C00910794,JANAK JOSHI FOR COLORADO,P,Principal campaign committee,S,Senate,True
S4WV00332,"JUSTICE, JAMES CONLEY II",C00839100,JIM JUSTICE FOR U.S. SENATE,P,Principal campaign committee,S,Senate,True
S4WV00332,"JUSTICE, JAMES CONLEY II",C00780833,JUSTICE FOR WV SENATE REPUBLICAN NOMINEE FUND 2024,A,Authorized by a candidate,S,Senate,False
S2VA00142,"KAINE, TIMOTHY MICHAEL",C00499921,2012 SENATE VICTORY,J,Joint fundraising committee,S,Senate,False
S2VA00142,"KAINE, TIMOTHY MICHAEL",C00631960,BLUE SENATE 2018,J,Joint fundraising committee,S,Senate,False
S2VA00142,"KAINE, TIMOTHY MICHAEL",C00511279,GREEN SENATE 2012,J,Joint fundraising committee,S,Senate,False
S2VA00142,"KAINE, TIMOTHY MICHAEL",C00502401,JUSTICE 2012,J,Joint fundraising committee,S,Senate,False
S2VA00142,"KAINE, TIMOTHY MICHAEL",C00572388,KAINE FOR COMMON GROUND,J,Joint fundraising committee,N,PAC - Nonqualified,False
S2VA00142,"KAINE, TIMOTHY MICHAEL",C00495358,KAINE FOR VIRGINIA,P,Principal campaign committee,S,Senate,True
S2VA00142,"KAINE, TIMOTHY MICHAEL",C00648238,MISSOURI VIRGINIA FUND,J,Joint fundraising committee,S,Senate,False
S2VA00142,"KAINE, TIMOTHY MICHAEL",C00518860,MN RI VA VICTORY 2012,J,Joint fundraising committee,S,Senate,False
S2VA00142,"KAINE, TIMOTHY MICHAEL",C00510347,MONTANA VIRGINIA VICTORY FUND,J,Joint fundraising committee,S,Senate,False
S2VA00142,"KAINE, TIMOTHY MICHAEL",C00648089,OHIO VIRGINIA VICTORY FUND 2018,J,Joint fundraising committee,S,Senate,False
S2VA00142,"KAINE, TIMOTHY MICHAEL",C00523191,SAVE OUR SENATE: JACKSON HOLE,J,Joint fundraising committee,S,Senate,False
S2VA00142,"KAINE, TIMOTHY MICHAEL",C00536318,SECURE OUR VICTORY 2012,J,Joint fundraising committee,N,PAC - Nonqualified,False
S2VA00142,"KAINE, TIMOTHY MICHAEL",C00662114,SENATE IMPACT 2018,J,Joint fundraising committee,S,Senate,False
S2VA00142,"KAINE, TIMOTHY MICHAEL",C00609925,VA SENATE VICTORY FUND,J,Joint fundraising committee,N,PAC - Nonqualified,False
S2VA00142,"KAINE, TIMOTHY MICHAEL",C00502468,VIRGINIA SENATE 2012,J,Joint fundraising committee,N,PAC - Nonqualified,False
S2VA00142,"KAINE, TIMOTHY MICHAEL",C00517326,WIN VIRGINIA 2012,J,Joint fundraising committee,N,PAC - Nonqualified,False
S2VA00142,"KAINE, TIMOTHY MICHAEL",C00648071,WISCONSIN VIRGINIA VICTORY FUND,J,Joint fundraising committee,S,Senate,False
S6MI00491,"KAMAL, ANDREW",C00915033,KAMAL FOR MICHIGAN SENATE,P,Principal campaign committee,S,Senate,True
S4AR00145,"KASPARIAN, ANA",C00876268,KASPER THE FRIENDLY GHOST,P,Principal campaign committee,S,Senate,True
S6DE00206,"KATZ, MICHAEL S DR.",C00935163,DR. MIKE KATZ FOR U.S. SENATE,P,Principal campaign committee,S,Senate,True
S6NJ00271,"KEAN, THOMAS H JR",C00429837,2006 FINISH LINE CANDIDATE FUND,J,Joint fundraising committee,N,PAC - Nonqualified,False
S6NJ00271,"KEAN, THOMAS H JR",C00428474,2006 OPEN SEAT AND CHALLENGER FUND,J,Joint fundraising committee,N,PAC - Nonqualified,False
S6NJ00271,"KEAN, THOMAS H JR",C00423665,2006 SENATORS CLASSIC COMMITTEE,J,Joint fundraising committee,S,Senate,False
S6NJ00271,"KEAN, THOMAS H JR",C00410365,ELECTION FUND OF TOM KEAN,A,Authorized by a candidate,S,Senate,False
S6NJ00271,"KEAN, THOMAS H JR",C00423749,GOOD GOVERNMENT FUND,J,Joint fundraising committee,N,PAC - Nonqualified,False
S6NJ00271,"KEAN, THOMAS H JR",C00429142,GOP MAJORITY FUND 2006,J,Joint fundraising committee,N,PAC - Nonqualified,False
S6NJ00271,"KEAN, THOMAS H JR",C00426916,KEAN MAJORITY COMMITTEE,J,Joint fundraising committee,Y,Party - Qualified,False
S6NJ00271,"KEAN, THOMAS H JR",C00425702,KEAN-NJ VICTORY 06,J,Joint fundraising committee,Q,PAC - Qualified,False
S6MT00303,"KEHOE, CHRISTOPHER",C00943530,CHRISTOPHER KEHOE FOR SENATE LLC,P,Principal campaign committee,S,Senate,True
S2CA00922,"KEIVAULQE AUTIAMEINEIRE, FEPBRINA ESTR",C00762179,SUPPORT CALIFORNIA'S FUTURE BY ELECTING KEIVAULQE AUTIAMEINEIRE TO EMDOW GOOD CHANGES,P,Principal campaign committee,S,Senate,True
S0AZ00350,"KELLY, MARK",C00696526,MARK KELLY FOR SENATE,P,Principal campaign committee,S,Senate,True
S6IL00474,"KELLY, ROBIN",C00904300,ROBIN KELLY FOR SENATE,P,Principal campaign committee,S,Senate,True
S4LA00065,"KENNEDY, JOHN NEELY",C00450460,2008 JOINT CANDIDATE COMMITTE,J,Joint fundraising committee,N,PAC - Nonqualified,False
S4LA00065,"KENNEDY, JOHN NEELY",C00450221,"GOOD GOVERNMENT FUND 2008, THE",J,Joint fundraising committee,N,PAC - Nonqualified,False
S4LA00065,"KENNEDY, JOHN NEELY",C00449967,GOP JOINT SENATE COMMITTEE,J,Joint fundraising committee,S,Senate,False
S4LA00065,"KENNEDY, JOHN NEELY",C00608398,JOHN KENNEDY FOR US,P,Principal campaign committee,S,Senate,True
S4LA00065,"KENNEDY, JOHN NEELY",C00396044,JOHN KENNEDY FOR US SENATE INC,P,Principal campaign committee,S,Senate,True
S4LA00065,"KENNEDY, JOHN NEELY",C00447466,KENNEDY MAJORITY COMMITTEE,J,Joint fundraising committee,Q,PAC - Qualified,False
S4LA00065,"KENNEDY, JOHN NEELY",C00448910,REPUBLICAN MAJORITY COMMITTEE,J,Joint fundraising committee,N,PAC - Nonqualified,False
S4LA00065,"KENNEDY, JOHN NEELY",C00447441,SENATE BATTLEGROUND FUND,J,Joint fundraising committee,Q,PAC - Qualified,False
S4LA00065,"KENNEDY, JOHN NEELY",C00449306,SENATE MAJORITY COMMITTEE 2008,J,Joint fundraising committee,N,PAC - Nonqualified,False
S8UT00242,"KENNEDY, MIKE",C00674358,KENNEDY FOR US SENATE,P,Principal campaign committee,S,Senate,True
S4NV00247,"KENNEDY, RONDA",C00828988,RONDA KENNEDY FOR SENATE,P,Principal campaign committee,S,Senate,True
S6KY00229,"KENNEDY, WENDE CAROL MS",C00897827,WENDE KENNEDY FOR US SENATOR KY,P,Principal campaign committee,S,Senate,True
S4IN00246,"KENT, RICHARD ALLEN REV",C00842518,COMMITTEE FOR THE ELECTION OF REV. RICHARD KENT,P,Principal campaign committee,S,Senate,True
S4TX00748,"KEOUGH, STEVE",C00844050,KEOUGH FOR SENATE,P,Principal campaign committee,S,Senate,True
S4MA00069,"KERRY, JOHN F",C00177147,KERRY COMMITTEE,A,Authorized by a candidate,S,Senate,False
S4MA00069,"KERRY, JOHN F",C00322925,KERRY/DNC VICTORY FUND,J,Joint fundraising committee,Y,Party - Qualified,False
S4MA00069,"KERRY, JOHN F",C00304840,KERRY/DSCC VICTORY FUND,J,Joint fundraising committee,Y,Party - Qualified,False
S4MA00069,"KERRY, JOHN F",C00320135,KERRY/DSCC VICTORY FUND,J,Joint fundraising committee,Y,Party - Qualified,False
S4MA00069,"KERRY, JOHN F",C00324079,KERRY/MDP VICTORY FUND,J,Joint fundraising committee,X,Party - Nonqualified,False
S4MA00069,"KERRY, JOHN F",C00438598,MASSACHUSETTS SENATE 2008,J,Joint fundraising committee,N,PAC - Nonqualified,False
S4MA00069,"KERRY, JOHN F",C00408088,SPIRIT OF AMERICA PAC,U,Unauthorized,Q,PAC - Qualified,False
S6WV00196,"KESSLER, JEFFREY VINCENT",C00937854,KESSLER 2026,,,S,Senate,False
S4NJ00367,"KHALIL, CHRISTINA AMIRA",C00827162,CHRISTINA KHALIL FOR UNITED STATES SENATOR OF NEW JERSEY,P,Principal campaign committee,S,Senate,True
S6TX00362,"KHAN, GULREZ",C00899294,GULREZ GUS KHAN FOR U.S. SENATE,P,Principal campaign committee,S,Senate,True
S4NJ00466,"KIM, ANDY",C00648220,ANDY KIM FOR NEW JERSEY,P,Principal campaign committee,S,Senate,True
S6OH00361,"KINCAID, RONALD E JR",C00913038,RON KINCAID FOR SENATE,P,Principal campaign committee,S,Senate,True
S2ME00109,"KING, ANGUS S. JR.",C00516047,ANGUS KING FOR U.S. SENATE CAMPAIGN,P,Principal campaign committee,S,Senate,True
S2ME00109,"KING, ANGUS S. JR.",C00631960,BLUE SENATE 2018,J,Joint fundraising committee,S,Senate,False
S6GA00382,"KING, JOHN",C00904870,JOHN KING FOR SENATE,P,Principal campaign committee,S,Senate,True
S4GA11210,"KINGSTON, JOHN H SR REP",C00544676,FRIENDS OF JACK KINGSTON,P,Principal campaign committee,S,Senate,True
S6ME00381,"KLEBAN, DAN",C00918300,DAN KLEBAN FOR US SENATE,P,Principal campaign committee,S,Senate,True
S6MN00267,"KLOBUCHAR, AMY",C00427047,AMY KLOBUCHAR VICTORY COMMITTEE,J,Joint fundraising committee,Q,PAC - Qualified,False
S6MN00267,"KLOBUCHAR, AMY",C00492249,CA RI MN MD VICTORY FUND,J,Joint fundraising committee,S,Senate,False
S6MN00267,"KLOBUCHAR, AMY",C00402958,COMMITTEE FOR A BETTER FUTURE,J,Joint fundraising committee,S,Senate,False
S6MN00267,"KLOBUCHAR, AMY",C00410191,KLOBUCHAR FOR MINNESOTA,A,Authorized by a candidate,S,Senate,False
S6MN00267,"KLOBUCHAR, AMY",C00431353,KLOBUCHAR FOR MINNESOTA,P,Principal campaign committee,S,Senate,True
S6MN00267,"KLOBUCHAR, AMY",C00428938,MICHIGAN CITIZENS FOR A SAFE ISRAEL,J,Joint fundraising committee,S,Senate,False
S6MN00267,"KLOBUCHAR, AMY",C00528802,MIDWEST SENATE VICTORY 2012,J,Joint fundraising committee,N,PAC - Nonqualified,False
S6MN00267,"KLOBUCHAR, AMY",C00427518,MINNESOTA MISSOURI DEMOCRATIC VICTORY FUND,J,Joint fundraising committee,S,Senate,False
S6MN00267,"KLOBUCHAR, AMY",C00492074,MINNESOTA-MISSOURI VICTORY FUND,J,Joint fundraising committee,S,Senate,False
S6MN00267,"KLOBUCHAR, AMY",C00428672,MINNESOTA/MONTANA VICTORY 2006,J,Joint fundraising committee,S,Senate,False
S6MN00267,"KLOBUCHAR, AMY",C00498956,MINNESOTA NEVADA VICTORY FUND,J,Joint fundraising committee,S,Senate,False
S6MN00267,"KLOBUCHAR, AMY",C00499384,MINNESOTA NEW YORK WASHINGTON VICTORY FUND,J,Joint fundraising committee,S,Senate,False
S6MN00267,"KLOBUCHAR, AMY",C00499376,MINNESOTA SENATE 2012,J,Joint fundraising committee,N,PAC - Nonqualified,False
S6MN00267,"KLOBUCHAR, AMY",C00653857,MINNESOTA SENATE VICTORY 2018,J,Joint fundraising committee,N,PAC - Nonqualified,False
S6MN00267,"KLOBUCHAR, AMY",C00496539,MINNESOTA SENATE VICTORY COMMITTEE 2012,J,Joint fundraising committee,N,PAC - Nonqualified,False
S6MN00267,"KLOBUCHAR, AMY",C00425090,MN GRASSROOTS VICTORY COMMITTEE,J,Joint fundraising committee,Y,Party - Qualified,False
S6MN00267,"KLOBUCHAR, AMY",C00653485,MN OH PA VICTORY FUND,J,Joint fundraising committee,S,Senate,False
S6MN00267,"KLOBUCHAR, AMY",C00518860,MN RI VA VICTORY 2012,J,Joint fundraising committee,S,Senate,False
S6MN00267,"KLOBUCHAR, AMY",C00423582,NEW SENATE VICTORY FUND,J,Joint fundraising committee,S,Senate,False
S6MN00267,"KLOBUCHAR, AMY",C00428946,RHODE ISLAND MINNESOTA VICTORY FUND,J,Joint fundraising committee,S,Senate,False
S6MN00267,"KLOBUCHAR, AMY",C00630806,RHODE ISLAND MINNESOTA VICTORY FUND,J,Joint fundraising committee,S,Senate,False
S6MN00267,"KLOBUCHAR, AMY",C00492728,RI MN MD VICTORY FUND,J,Joint fundraising committee,S,Senate,False
S6MN00267,"KLOBUCHAR, AMY",C00426650,SAIL TO VICTORY 2006,J,Joint fundraising committee,S,Senate,False
S6MN00267,"KLOBUCHAR, AMY",C00655662,SECURE THE HEARTLAND FUND,J,Joint fundraising committee,S,Senate,False
S6MN00267,"KLOBUCHAR, AMY",C00419457,SENATE DEMOCRATIC VICTORY 2006,J,Joint fundraising committee,S,Senate,False
S6MN00267,"KLOBUCHAR, AMY",C00631705,SENATE VICTORY 2018,J,Joint fundraising committee,S,Senate,False
S6MN00267,"KLOBUCHAR, AMY",C00422550,SENATE VICTORY FUND,J,Joint fundraising committee,Y,Party - Qualified,False
S6MN00267,"KLOBUCHAR, AMY",C00492736,TEXANS FOR A PROGRESSIVE SENATE,J,Joint fundraising committee,S,Senate,False
S6MN00267,"KLOBUCHAR, AMY",C00630467,TEXANS FOR A PROGRESSIVE SENATE,J,Joint fundraising committee,S,Senate,False
S6MN00267,"KLOBUCHAR, AMY",C00634352,UPPER MIDWEST WOMEN VICTORY FUND,J,Joint fundraising committee,S,Senate,False
S6MN00267,"KLOBUCHAR, AMY",C00501791,WARNER KLOBUCHAR SHAHEEN VICTORY,J,Joint fundraising committee,S,Senate,False
S6MN00267,"KLOBUCHAR, AMY",C00672527,WISCONSIN MINNESOTA VICTORY FUND,J,Joint fundraising committee,S,Senate,False
S6MN00267,"KLOBUCHAR, AMY",C00685057,WOMEN ON THE ROAD 2018,J,Joint fundraising committee,N,PAC - Nonqualified,False
S6MN00267,"KLOBUCHAR, AMY",C00511642,WOMEN ON THE ROAD TO THE SENATE: 12 AND COUNTING - BAY AREA,J,Joint fundraising committee,N,PAC - Nonqualified,False
S6MN00267,"KLOBUCHAR, AMY",C00519405,WOMEN ON THE ROAD TO THE SENATE 12 AND COUNTING - BOSTON,J,Joint fundraising committee,N,PAC - Nonqualified,False
S6MN00267,"KLOBUCHAR, AMY",C00511626,WOMEN ON THE ROAD TO THE SENATE: 12 AND COUNTING -DENVER,J,Joint fundraising committee,N,PAC - Nonqualified,False
S6MN00267,"KLOBUCHAR, AMY",C00511659,WOMEN ON THE ROAD TO THE SENATE: 12 AND COUNTING-LOS ANGELES,J,Joint fundraising committee,N,PAC - Nonqualified,False
S6MN00267,"KLOBUCHAR, AMY",C00519462,WOMEN ON THE ROAD TO THE SENATE 12 AND COUNTING-NEW YORK CITY,J,Joint fundraising committee,N,PAC - Nonqualified,False
S6MN00267,"KLOBUCHAR, AMY",C00511634,WOMEN ON THE ROAD TO THE SENATE: 12 AND COUNTING-SEATTLE,J,Joint fundraising committee,N,PAC - Nonqualified,False
S6MN00267,"KLOBUCHAR, AMY",C00519470,WOMEN ON THE ROAD TO THE SENATE 12 AND COUNTING-WASHINGTON DC,J,Joint fundraising committee,N,PAC - Nonqualified,False
S6MN00267,"KLOBUCHAR, AMY",C00501767,WOMEN'S SENATE VICTORY FUND,J,Joint fundraising committee,S,Senate,False
S0IA00101,"KRAUSE, ROBERT ALLEN",C00930107,BOB KRAUSE FOR SENATE,P,Principal campaign committee,S,Senate,True
S0IA00101,"KRAUSE, ROBERT ALLEN",C00579318,KRAUSE FOR IOWA INC,P,Principal campaign committee,S,Senate,True
S0IA00101,"KRAUSE, ROBERT ALLEN",C00461178,KRAUSE FOR IOWA'S FUTURE INC,P,Principal campaign committee,S,Senate,True
S4CT00187,"KRAWIECKI, ROBERT J",C00876441,KRAWIECKI4SENATE,P,Principal campaign committee,S,Senate,True
S6IL00482,"KRISHNAMOORTHI, S",C00904466,RAJA FOR ILLINOIS,P,Principal campaign committee,S,Senate,True
S6CO00390,"KUEBLER, JOSHUA WILLIAM",C00880112,JOSHUA KUEBLER SENATE RACE CANDIDATE,P,Principal campaign committee,S,Senate,True
S4CA00993,"KUMAR, HARMESH",C00833277,DR. KUMAR 4 US SENATE,P,Principal campaign committee,S,Senate,True
S2MO00528,"KUNCE, LUCAS",C00771972,HEARTLAND PATRIOTS,U,Unauthorized,Q,PAC - Qualified,False
S6LA00557,"LABRANCHE, JAMIE",C00912402,KIM LABRANCHE,P,Principal campaign committee,S,Senate,True
S4MN00569,"LACEY, JOYCE L",C00881581,JOYCE LACEY FOR US SENATE,P,Principal campaign committee,S,Senate,True
S6IA00181,"LAEHN, THOMAS RAYMOND DR.",C00872903,"THOMAS LAEHN EXPLORATORY COMMITTEE, INCORPORATED",P,Principal campaign committee,S,Senate,True
S6ME00340,"LAFLAMME, ANDREA",C00907261,LAFLAMME FOR ME,P,Principal campaign committee,S,Senate,True
S4AZ00220,"LAKE, KARI",C00852343,KARI LAKE FOR SENATE,P,Principal campaign committee,S,Senate,True
S4AZ00220,"LAKE, KARI",C00829390,LAKE FOR AZ SENATE REPUBLICAN NOMINEE FUND 2024,A,Authorized by a candidate,S,Senate,False
S4HI00177,"LAM, ADRIEL",C00859785,LAM4ALOHA,P,Principal campaign committee,S,Senate,True
S6NH00216,"LAMARE, DENNIS",C00947754,DENNIS FOR SENATE,P,Principal campaign committee,S,Senate,True
S4AZ00188,"LAMB, MARK",C00837476,MARK LAMB FOR SENATE,P,Principal campaign committee,S,Senate,True
S2AZ00331,"LAMON, JIM MR",C00778407,JIM LAMON FOR SENATE,P,Principal campaign committee,S,Senate,True
S6FL00657,"LANG, JAKE",C00897330,JAKE LANG FOR SENATE INC,P,Principal campaign committee,S,Senate,True
S4OK00232,"LANKFORD, JAMES PAUL",C00576280,2015 SENATORS CLASSIC COMMITTEE,J,Joint fundraising committee,S,Senate,False
S4OK00232,"LANKFORD, JAMES PAUL",C00621573,BARRASSO LANKFORD VICTORY FUND,J,Joint fundraising committee,S,Senate,False
S4OK00232,"LANKFORD, JAMES PAUL",C00466482,FAMILIES FOR JAMES LANKFORD,P,Principal campaign committee,S,Senate,True
S4OH00200,"LAROSE, FRANK",C00845735,LAROSE FOR SENATE,P,Principal campaign committee,S,Senate,True
S6FL00624,"LAROSE, JOSUE ECONOMIST",C00894972,JOSUE LAROSE FOR UNITED STATES SENATE 2026,P,Principal campaign committee,S,Senate,True
S6AL00427,"LARRIETT, DAKARAI",C00901017,ELECT DAKARAI LARRIETT,P,Principal campaign committee,S,Senate,True
S2WI00342,"LASRY, ALEX",C00769604,LASRY FOR WISCONSIN,P,Principal campaign committee,S,Senate,True
S6OH00338,"LAU, LYNNEA MS.",C00906255,LYNNEA LAU FOR SENATE,P,Principal campaign committee,S,Senate,True
S2NJ00080,"LAUTENBERG, FRANK R",C00302273,LAUTENBERG 2000 COMMITTEE,A,Authorized by a candidate,S,Senate,False
S2NJ00080,"LAUTENBERG, FRANK R",C00176651,LAUTENBERG COMMITTEE,A,Authorized by a candidate,S,Senate,False
S2NJ00080,"LAUTENBERG, FRANK R",C00235994,LAUTENBERG COMMITTEE (1994),A,Authorized by a candidate,S,Senate,False
S2NJ00080,"LAUTENBERG, FRANK R",C00382457,LAUTENBERG FOR SENATE,P,Principal campaign committee,S,Senate,True
S2NJ00080,"LAUTENBERG, FRANK R",C00150938,LAUTENBERG FOR U S SENATE COMMITTEE,A,Authorized by a candidate,S,Senate,False
S2NJ00080,"LAUTENBERG, FRANK R",C00409482,LAUTENBERG NJ VICTORY COMMITTEE,J,Joint fundraising committee,N,PAC - Nonqualified,False
S2NJ00080,"LAUTENBERG, FRANK R",C00382465,NEW JERSEY 2002,J,Joint fundraising committee,X,Party - Nonqualified,False
S2NJ00080,"LAUTENBERG, FRANK R",C00298927,NEW JERSEY COMMITTEE '94,J,Joint fundraising committee,Y,Party - Qualified,False
S2NJ00080,"LAUTENBERG, FRANK R",C00438119,NEW JERSEY SENATE 2008,J,Joint fundraising committee,N,PAC - Nonqualified,False
S2NJ00080,"LAUTENBERG, FRANK R",C00450486,SENATE MAJORITY VICTORY 08,J,Joint fundraising committee,S,Senate,False
S2NJ00080,"LAUTENBERG, FRANK R",C00232819,VICTORY FLIGHT '88,J,Joint fundraising committee,Q,PAC - Qualified,False
S2NJ00080,"LAUTENBERG, FRANK R",C00232645,VOICES FOR CHANGE '88,J,Joint fundraising committee,N,PAC - Nonqualified,False
S6OK04189,"LAVANN, REBEKAH JEQETTA",C00931584,REBEKAH LAVANN FOR US SENATOR 2026,P,Principal campaign committee,S,Senate,True
S6ID00161,"LAVE, DENNY",C00940833,DENNY FOR SENATE,P,Principal campaign committee,S,Senate,True
S6AL00492,"LAVENDER, LAMONT",C00935791,COMMITTE TO ELECT LAMONT LAVENDER FOR SENATE,P,Principal campaign committee,S,Senate,True
S4CA00548,"LAWLER, ROXANNE ELIZABETH MS",C00832022,ROXANNE LAWLER US REPUBLICAN SENATOR (CA),P,Principal campaign committee,S,Senate,True
S2WA00486,"LAWSON, LEON MR",C00814764,LEON LAWSON FOR US SENATE,P,Principal campaign committee,S,Senate,True
S2NV00324,"LAXALT, ADAM",C00772897,LAXALT FOR NV SENATE REPUBLICAN NOMINEE FUND 2022,A,Authorized by a candidate,S,Senate,False
S2NV00324,"LAXALT, ADAM",C00787135,LAXALT FOR SENATE,P,Principal campaign committee,S,Senate,True
S4WI00280,"LEAGER, THOMAS CHARLES MR.",C00875021,LEAGER FOR US SENATE,P,Principal campaign committee,S,Senate,True
S4VT00017,"LEAHY, PATRICK J",C00619932,BLUE SENATE 2016,J,Joint fundraising committee,S,Senate,False
S4VT00017,"LEAHY, PATRICK J",C00135715,CALIFORNIANS FOR A RESPONSIBLE SENATE - BAYH/CULVER/LEAHY/NELSON,J,Joint fundraising committee,S,Senate,False
S4VT00017,"LEAHY, PATRICK J",C00385872,DASCHLE-LEAHY VICTORY FUND,J,Joint fundraising committee,S,Senate,False
S4VT00017,"LEAHY, PATRICK J",C00391623,LEAHY-CANTWELL COMMITTEE,J,Joint fundraising committee,S,Senate,False
S4VT00017,"LEAHY, PATRICK J",C00566547,LEAHY GREEN MOUNTAIN COMMITTEE,J,Joint fundraising committee,N,PAC - Nonqualified,False
S4VT00017,"LEAHY, PATRICK J",C00423822,LEAHY GREEN MOUNTAIN VICTORY FUND,J,Joint fundraising committee,N,PAC - Nonqualified,False
S4VT00017,"LEAHY, PATRICK J",C00622282,NEW ENGLAND SENATE VICTORY FUND,J,Joint fundraising committee,S,Senate,False
S4VT00017,"LEAHY, PATRICK J",C00068353,SENATE FUTURE FUND,U,Unauthorized,N,PAC - Nonqualified,False
S4VT00017,"LEAHY, PATRICK J",C00290445,VERMONT DEMOCRATIC VICTORY FUND,J,Joint fundraising committee,X,Party - Nonqualified,False
S4VT00017,"LEAHY, PATRICK J",C00477273,VERMONT SENATE 2010,J,Joint fundraising committee,N,PAC - Nonqualified,False
S4VT00017,"LEAHY, PATRICK J",C00405357,VERMONT VICTORY 2004,J,Joint fundraising committee,X,Party - Nonqualified,False
S4VT00017,"LEAHY, PATRICK J",C00557462,VERMONT VIRGINIA VICTORY FUND,J,Joint fundraising committee,S,Senate,False
S4VT00017,"LEAHY, PATRICK J",C00210088,VOICES FOR CHANGE,J,Joint fundraising committee,N,PAC - Nonqualified,False
S6IL00433,"LEAVELL, STANLEY MR.",C00899799,STANLEY LEAVELL FOR US SENATE,P,Principal campaign committee,S,Senate,True
S6NJ00438,"LEBOVICS, ROBERT",C00941534,LEBOVICS FOR SENATE,P,Principal campaign committee,S,Senate,True
S4CA00589,"LEE, BARBARA",C00833608,BARBARA LEE FOR US SENATE,P,Principal campaign committee,S,Senate,True
S0UT00165,"LEE, MIKE",C00576280,2015 SENATORS CLASSIC COMMITTEE,J,Joint fundraising committee,S,Senate,False
S0UT00165,"LEE, MIKE",C00473827,FRIENDS OF MIKE LEE INC,P,Principal campaign committee,S,Senate,True
S0UT00165,"LEE, MIKE",C00544601,IN DEFENSE OF FREE SPEECH JFC,J,Joint fundraising committee,S,Senate,False
S0UT00165,"LEE, MIKE",C00565473,LEE CRUZ MASSIE & SCHWEIKERT VICTORY COMMITTEE,J,Joint fundraising committee,N,PAC - Nonqualified,False
S0UT00165,"LEE, MIKE",C00562033,LEE CRUZ VICTORY COMMITTEE,J,Joint fundraising committee,S,Senate,False
S6GA00424,"LEGETTE, KIA",C00931253,"KIA MARIE, A CANDIDATE FOR US SENATE",U,Unauthorized,U,Single Candidate Independent Expenditure,False
S2FL00227,"LEMIEUX, GEORGE S",C00494971,FLORIDA FREEDOM COMMITTEE,U,Unauthorized,Q,PAC - Qualified,False
S6LA00664,"LETLOW, JULIA",C00935411,JULIA LETLOW FOR LOUISIANA,P,Principal campaign committee,S,Senate,True
S6OH00395,"LEVY, GREGORY LEE",C00918839,GREG LEVY FOR SENATE,P,Principal campaign committee,S,Senate,True
S2WI00458,"LEWIS, CHANTIA",C00785063,CHANTIA LEWIS FOR WISCONSIN,P,Principal campaign committee,S,Senate,True
S2CA00872,"LIEW, SARAH SUN DR.",C00750034,DR SARAH LIEW FOR US SENATOR,A,Authorized by a candidate,S,Senate,False
S2CA00872,"LIEW, SARAH SUN DR.",C00721787,DR. SARAH SUN LIEW FOR U.S. SENATE,P,Principal campaign committee,S,Senate,True
S2NV00415,"LINDEMANN, BARRY",C00822619,BARRY LINDEMANN SENATE CANDIDATE,A,Authorized by a candidate,S,Senate,False
S2NV00415,"LINDEMANN, BARRY",C00846519,COMMITTEE TO ELECT BARRY LINDEMANN,P,Principal campaign committee,S,Senate,True
S4WV00423,"LINDSAY, DONALD",C00867507,DON LINDSAY FOR US SENATE,P,Principal campaign committee,S,Senate,True
S6MS00117,"LITTELL, ALBERT R",C00908046,ALBERT LITTELL FOR SENATE,P,Principal campaign committee,S,Senate,True
S6AR00215,"LITTLE, JEB",C00926568,JEB LITTLE FOR SENATE,P,Principal campaign committee,S,Senate,True
S4UT00183,"LOBO-BLANCO, GABRIEL STUART",C00840207,"COMMITTEE TO ELECT GABRIEL STUART LOBO-BLANCO FOR US SENATE, INC.",P,Principal campaign committee,S,Senate,True
S2MO00726,"LONG, BILLY",C00460063,BILLY LONG FOR SENATE,P,Principal campaign committee,S,Senate,True
H0MO07113,"LONG, BILLY MR.",C00460063,BILLY LONG FOR SENATE,P,Principal campaign committee,S,Senate,True
H0MO07113,"LONG, BILLY MR.",C00624841,HEALTH FIRST COMMITTEE,J,Joint fundraising committee,N,PAC - Nonqualified,False
H0MO07113,"LONG, BILLY MR.",C00610501,LONGHORN INNOVATION 2016,J,Joint fundraising committee,H,House,False
H0MO07113,"LONG, BILLY MR.",C00496562,SECURITY FOR AMERICA FUND,J,Joint fundraising committee,H,House,False
S6IL00540,"LONG, PAMELA",C00904516,LONG FOR SENATE 2026,P,Principal campaign committee,S,Senate,True
S2NY00259,"LONG, WENDY",C00610402,WENDY LONG 2016 INC,P,Principal campaign committee,S,Senate,True
S2NY00259,"LONG, WENDY",C00514265,WENDY LONG FOR NEW YORK INC,A,Authorized by a candidate,H,House,False
S6MN00465,"LOPEZ FRANZEN, MELISA",C00899310,MELISA FOR MINNESOTA,P,Principal campaign committee,S,Senate,True
S6SC04353,"LOUIS, DONAVAN ARTHUR MR",C00936278,DON LOUIS FOR US SENATE,P,Principal campaign committee,S,Senate,True
S0TX00308,"LOVE, JOHN BENARD III",C00720573,LOVE FOR TEXAS,P,Principal campaign committee,H,House,True
S0NM00058,"LUJAN, BEN RAY",C00443689,PEOPLE FOR BEN,P,Principal campaign committee,S,Senate,True
S0WY00137,"LUMMIS, CYNTHIA MARIE MRS.",C00443580,LUMMIS FOR WYOMING INC.,P,Principal campaign committee,S,Senate,True
S0WY00137,"LUMMIS, CYNTHIA MARIE MRS.",C00705467,WYOMING SENATE REPUBLICAN NOMINEE FUND - CYNTHIA LUMMIS,A,Authorized by a candidate,S,Senate,False
S6FL00673,"LYLES, TAMIKA MS",C00900522,LYLES FOR SENATE,P,Principal campaign committee,S,Senate,True
S6SC04213,"LYNCH, MARK",C00897140,LYNCH FOR SENATE,P,Principal campaign committee,S,Senate,True
S8TN00311,"MACKLER, JAMES",C00637850,JAMES MACKLER FOR US SENATE,P,Principal campaign committee,S,Senate,True
S8NY00256,"MADSON, JOSHUA",C00829234,HALCYON FUND JOSHUA O MADSON,P,Principal campaign committee,S,Senate,True
S6NV00234,"MAHENDRA, SUJEET BOBBY NARENDRA",C00608240,BOBBY MAHENDRA FOR SENATE,P,Principal campaign committee,S,Senate,True
S2VT00292,"MALLOY, GERALD",C00809699,"GERALD MALLOY FOR US SENATE, LIMITED",P,Principal campaign committee,S,Senate,True
S0WV00090,"MANCHIN, JOE III",C00631960,BLUE SENATE 2018,J,Joint fundraising committee,S,Senate,False
S0WV00090,"MANCHIN, JOE III",C00521807,MANCHIN HEINRICH VICTORY FUND,J,Joint fundraising committee,S,Senate,False
S0WV00090,"MANCHIN, JOE III",C00527374,MANCHIN VICTORY 2012,J,Joint fundraising committee,N,PAC - Nonqualified,False
S0WV00090,"MANCHIN, JOE III",C00667501,SENATE 2018 IMPACT,J,Joint fundraising committee,S,Senate,False
S0WV00090,"MANCHIN, JOE III",C00682591,SENATE IMPACT: MO & WV,J,Joint fundraising committee,S,Senate,False
S0WV00090,"MANCHIN, JOE III",C00636811,SENATE IMPACT: ND & WV,J,Joint fundraising committee,S,Senate,False
S0WV00090,"MANCHIN, JOE III",C00676817,SENATE IMPACT WV & MT,J,Joint fundraising committee,S,Senate,False
S0WV00090,"MANCHIN, JOE III",C00486563,WEST VIRGINIA PAC,U,Unauthorized,V,Hybrid PAC (with Non-Contribution Account) - Nonqualified,False
S2OH00170,"MANDEL, JOSHUA A.",C00535187,BERG LINGLE MANDEL REHBERG VICTORY FUND,J,Joint fundraising committee,S,Senate,False
S2OH00170,"MANDEL, JOSHUA A.",C00519819,BERG MANDEL REHBERG COMMITTEE 2012,J,Joint fundraising committee,S,Senate,False
S2OH00170,"MANDEL, JOSHUA A.",C00494930,"CITIZENS FOR JOSH MANDEL, INC.",P,Principal campaign committee,S,Senate,True
S2OH00170,"MANDEL, JOSHUA A.",C00495077,FOUNDERS' COMMITTEE,J,Joint fundraising committee,N,PAC - Nonqualified,False
S2OH00170,"MANDEL, JOSHUA A.",C00512574,FRIENDS FOR A REPUBLICAN MAJORITY COMMITTEE,J,Joint fundraising committee,N,PAC - Nonqualified,False
S2OH00170,"MANDEL, JOSHUA A.",C00510537,JOSH MANDEL SENATE VICTORY COMMITTEE,J,Joint fundraising committee,N,PAC - Nonqualified,False
S2OH00170,"MANDEL, JOSHUA A.",C00508176,JOSH MANDEL VICTORY COMMITTEE,J,Joint fundraising committee,N,PAC - Nonqualified,False
S2OH00170,"MANDEL, JOSHUA A.",C00527424,LEGACY VICTORY COMMITTEE,J,Joint fundraising committee,N,PAC - Nonqualified,False
S2OH00170,"MANDEL, JOSHUA A.",C00512160,LINGLE-MANDEL FOR A SENATE MAJORITY 2012,J,Joint fundraising committee,S,Senate,False
S2OH00170,"MANDEL, JOSHUA A.",C00516674,NMB DENVER 2012 COMMITTEE,J,Joint fundraising committee,S,Senate,False
S2OH00170,"MANDEL, JOSHUA A.",C00495044,OHIO SENATE FUND,J,Joint fundraising committee,N,PAC - Nonqualified,False
S2OH00170,"MANDEL, JOSHUA A.",C00608935,TEAM JOSH,J,Joint fundraising committee,N,PAC - Nonqualified,False
S6TX00297,"MANN, RENNIE HILL",C00833921,RENNIE HILL MANN FOR US SENATE,A,Authorized by a candidate,S,Senate,False
S2NH00272,"MANSHARAMANI, VIKRAM",C00813295,VIKRAM FOR NH,P,Principal campaign committee,H,House,True
S6NH00182,"MANZUR, KARISHMA",C00916668,KARISHMA FOR SENATE,P,Principal campaign committee,S,Senate,True
S4NV00270,"MARCHANT, JIM",C00839563,JIM MARCHANT FOR US SENATE,P,Principal campaign committee,S,Senate,True
S4MA00283,"MARINO, LOUIS GREGORY",C00835074,MARINO FOR SENATE,P,Principal campaign committee,S,Senate,True
S6NM01186,"MARKER, LARRY E",C00943738,FRIENDS OF LARRY MARKER,P,Principal campaign committee,S,Senate,True
S6CO00424,"MARKERT, GEORGE WASHINGTON MR V",C00903443,MARKERT FOR SENATE,P,Principal campaign committee,S,Senate,True
S4MA00028,"MARKEY, EDWARD SEN.",C00175059,MARKEY FOR SENATE COMMITTEE,P,Principal campaign committee,S,Senate,True
S4MA00028,"MARKEY, EDWARD SEN.",C00545210,MARKEY GRASSROOTS VICTORY FUND,J,Joint fundraising committee,N,PAC - Nonqualified,False
S4MA00028,"MARKEY, EDWARD SEN.",C00543801,MARKEY SENATE VICTORY,J,Joint fundraising committee,N,PAC - Nonqualified,False
S4MA00028,"MARKEY, EDWARD SEN.",C00196774,THE MARKEY COMMITTEE,P,Principal campaign committee,S,Senate,True
S4TX00730,"MARKLAND, MONTGOMERY LEE",C00767509,MARKLAND 2024,A,Authorized by a candidate,S,Senate,False
S4TX00730,"MARKLAND, MONTGOMERY LEE",C00843524,SENATE COMMITTEE FOR MARKLAND,P,Principal campaign committee,S,Senate,True
S6IL00185,"MARSHALL, ROBERT",C00469833,CITIZENS TO ELECT ROBERT MARSHALL,P,Principal campaign committee,S,Senate,True
S6IL00185,"MARSHALL, ROBERT",C00304998,COMMITTEE TO ELECT ROBERT MARSHALL,A,Authorized by a candidate,S,Senate,False
H6KS01179,"MARSHALL, ROGER W",C00576173,KANSANS FOR MARSHALL,P,Principal campaign committee,S,Senate,True
S0KS00315,"MARSHALL, ROGER W",C00632323,DEFEND OUR CONSERVATIVE SENATE PAC (DOC'S PAC),D,Leadership PAC,Q,PAC - Qualified,False
S0KS00315,"MARSHALL, ROGER W",C00576173,KANSANS FOR MARSHALL,P,Principal campaign committee,S,Senate,True
S0KS00315,"MARSHALL, ROGER W",C00705814,KANSAS SENATE REPUBLICAN NOMINEE FUND - ROGER MARSHALL,A,Authorized by a candidate,S,Senate,False
S6AL00450,"MARSHALL, STEVEN T",C00906545,STEVE MARSHALL FOR SENATE,P,Principal campaign committee,S,Senate,True
S4MI00512,"MARSH, DOUGLAS PHILIP",C00875971,COMMITTEE TO ELECT DOUGLAS P. MARSH,P,Principal campaign committee,S,Senate,True
S4NH00096,"MARTIN, ANDY",C00546432,ANDYMARTIN2014.COM,P,Principal campaign committee,S,Senate,True
S4NH00096,"MARTIN, ANDY",C00747790,ANDY MARTIN CAMPAIGN 2022,P,Principal campaign committee,S,Senate,True
S4NH00096,"MARTIN, ANDY",C00920579,ANDY MARTIN FOR US SENATOR 2026,P,Principal campaign committee,S,Senate,True
S6NE00152,"MARVIN, MIKE",C00944199,MARVIN FOR CONGRESS,P,Principal campaign committee,S,Senate,True
S2AZ00372,"MASTERS, BLAKE",C00784165,BLAKE MASTERS FOR SENATE,P,Principal campaign committee,S,Senate,True
S2AZ00372,"MASTERS, BLAKE",C00772939,MASTERS FOR AZ SENATE REPUBLICAN NOMINEE FUND 2022,A,Authorized by a candidate,S,Senate,False
S2SC00103,"MATTHEWS, KRYSTLE",C00776500,KRYSTLE MATTHEWS FOR SENATE,P,Principal campaign committee,S,Senate,True
S6TN00364,"MATTHEWS, YOSHI D.",C00936500,YOSHI MATTHEWS FOR US SENATE,P,Principal campaign committee,S,Senate,True
S6IL00649,"MAXWELL, BRYAN",C00918466,BRYAN MAXWELL FOR US SENATE,P,Principal campaign committee,S,Senate,True
S4MO00276,"MAY, KARLA",C00846915,KARLA MAY FOR U.S. SENATE,P,Principal campaign committee,S,Senate,True
S4NV00403,"MAZLO, CHRISTOPHER CRAIG",C00872861,CHRIS MAZLO FOR NEVADA,P,Principal campaign committee,S,Senate,True
S6OR05200,"MCALMOND, RUSSELL",C00930354,MCALMOND FOR US SENATE,P,Principal campaign committee,S,Senate,True
S6FL00665,"MCBRIDE, EVELYN JANE'-MARIE DR",C00898056,DR. EVELYN J MCBRIDE,A,Authorized by a candidate,S,Senate,False
S6FL00236,"MCBRIDE, WILLIAM",C00425546,WILL MCBRIDE FOR US SENATE,P,Principal campaign committee,S,Senate,True
S6TN00406,"MCCANTS, KEVIN LEE MR.",C00947192,MCCANTS FOR US SENATE,P,Principal campaign committee,S,Senate,True
S0AZ00376,"MCCARTHY, DANIEL",C00717991,DEMAND DANIEL FOR US SENATE,P,Principal campaign committee,S,Senate,True
S6MO00305,"MCCASKILL, CLAIRE",C00427963,CALIFORNIA VICTORY 2006,J,Joint fundraising committee,S,Senate,False
S6MO00305,"MCCASKILL, CLAIRE",C00402958,COMMITTEE FOR A BETTER FUTURE,J,Joint fundraising committee,S,Senate,False
S6MO00305,"MCCASKILL, CLAIRE",C00655670,COMMON SENSE 2018,J,Joint fundraising committee,S,Senate,False
S6MO00305,"MCCASKILL, CLAIRE",C00663153,FLORIDA MISSOURI VICTORY FUND,J,Joint fundraising committee,S,Senate,False
S6MO00305,"MCCASKILL, CLAIRE",C00492256,FLORIDA-MISSOURI VICTORY FUND,J,Joint fundraising committee,S,Senate,False
S6MO00305,"MCCASKILL, CLAIRE",C00431304,GET STUFF DONE,U,Unauthorized,N,PAC - Nonqualified,False
S6MO00305,"MCCASKILL, CLAIRE",C00520940,HEARTLAND VICTORY FUND 2012,J,Joint fundraising committee,N,PAC - Nonqualified,False
S6MO00305,"MCCASKILL, CLAIRE",C00502401,JUSTICE 2012,J,Joint fundraising committee,S,Senate,False
S6MO00305,"MCCASKILL, CLAIRE",C00527838,JUSTICE 2012 TEXAS,J,Joint fundraising committee,S,Senate,False
S6MO00305,"MCCASKILL, CLAIRE",C00633925,JUSTICE 2018,J,Joint fundraising committee,N,PAC - Nonqualified,False
S6MO00305,"MCCASKILL, CLAIRE",C00667337,MCCASKILL 2018 VICTORY,J,Joint fundraising committee,N,PAC - Nonqualified,False
S6MO00305,"MCCASKILL, CLAIRE",C00414961,MCCASKILL FOR MISSOURI,A,Authorized by a candidate,S,Senate,False
S6MO00305,"MCCASKILL, CLAIRE",C00544056,MCCASKILL SENATE FUND,J,Joint fundraising committee,N,PAC - Nonqualified,False
S6MO00305,"MCCASKILL, CLAIRE",C00577148,MCCASKILL SENATE FUND,J,Joint fundraising committee,N,PAC - Nonqualified,False
S6MO00305,"MCCASKILL, CLAIRE",C00522300,MCCASKILL SENATE VICTORY 2012,J,Joint fundraising committee,N,PAC - Nonqualified,False
S6MO00305,"MCCASKILL, CLAIRE",C00641084,MCCASKILL SENATE VICTORY 2018,J,Joint fundraising committee,N,PAC - Nonqualified,False
S6MO00305,"MCCASKILL, CLAIRE",C00504969,MCCASKILL VICTORY FUND,J,Joint fundraising committee,N,PAC - Nonqualified,False
S6MO00305,"MCCASKILL, CLAIRE",C00639203,MICHIGAN MISSOURI VICTORY FUND,J,Joint fundraising committee,S,Senate,False
S6MO00305,"MCCASKILL, CLAIRE",C00521815,MIDWEST PRIORITIES FUND,J,Joint fundraising committee,S,Senate,False
S6MO00305,"MCCASKILL, CLAIRE",C00680066,MIDWEST WOMEN VICTORY FUND,J,Joint fundraising committee,S,Senate,False
S6MO00305,"MCCASKILL, CLAIRE",C00427518,MINNESOTA MISSOURI DEMOCRATIC VICTORY FUND,J,Joint fundraising committee,S,Senate,False
S6MO00305,"MCCASKILL, CLAIRE",C00492074,MINNESOTA-MISSOURI VICTORY FUND,J,Joint fundraising committee,S,Senate,False
S6MO00305,"MCCASKILL, CLAIRE",C00509125,MISSOURI-MONTANA FUND,J,Joint fundraising committee,S,Senate,False
S6MO00305,"MCCASKILL, CLAIRE",C00630616,MISSOURI-MONTANA FUND,J,Joint fundraising committee,S,Senate,False
S6MO00305,"MCCASKILL, CLAIRE",C00549394,MISSOURI SENATE,J,Joint fundraising committee,N,PAC - Nonqualified,False
S6MO00305,"MCCASKILL, CLAIRE",C00424168,MISSOURI SENATE 2006,J,Joint fundraising committee,Y,Party - Qualified,False
S6MO00305,"MCCASKILL, CLAIRE",C00419739,MISSOURI VICTORY 2006,J,Joint fundraising committee,N,PAC - Nonqualified,False
S6MO00305,"MCCASKILL, CLAIRE",C00648238,MISSOURI VIRGINIA FUND,J,Joint fundraising committee,S,Senate,False
S6MO00305,"MCCASKILL, CLAIRE",C00531426,MO-NV-ND VICTORY FUND,J,Joint fundraising committee,S,Senate,False
S6MO00305,"MCCASKILL, CLAIRE",C00423582,NEW SENATE VICTORY FUND,J,Joint fundraising committee,S,Senate,False
S6MO00305,"MCCASKILL, CLAIRE",C00426650,SAIL TO VICTORY 2006,J,Joint fundraising committee,S,Senate,False
S6MO00305,"MCCASKILL, CLAIRE",C00421800,SENATE 2006,J,Joint fundraising committee,Q,PAC - Qualified,False
S6MO00305,"MCCASKILL, CLAIRE",C00667501,SENATE 2018 IMPACT,J,Joint fundraising committee,S,Senate,False
S6MO00305,"MCCASKILL, CLAIRE",C00419457,SENATE DEMOCRATIC VICTORY 2006,J,Joint fundraising committee,S,Senate,False
S6MO00305,"MCCASKILL, CLAIRE",C00662114,SENATE IMPACT 2018,J,Joint fundraising committee,S,Senate,False
S6MO00305,"MCCASKILL, CLAIRE",C00635300,SENATE IMPACT: MO & IN,J,Joint fundraising committee,S,Senate,False
S6MO00305,"MCCASKILL, CLAIRE",C00674192,SENATE IMPACT: MO & WI,J,Joint fundraising committee,S,Senate,False
S6MO00305,"MCCASKILL, CLAIRE",C00682591,SENATE IMPACT: MO & WV,J,Joint fundraising committee,S,Senate,False
S6MO00305,"MCCASKILL, CLAIRE",C00475749,SHOW ME STATE VICTORY FUND,J,Joint fundraising committee,N,PAC - Nonqualified,False
S6MO00305,"MCCASKILL, CLAIRE",C00514638,STABENOW/MCCASKILL VICTORY FUND,J,Joint fundraising committee,S,Senate,False
S6MO00305,"MCCASKILL, CLAIRE",C00423574,TAKE BACK THE MIDWEST,J,Joint fundraising committee,S,Senate,False
S6MO00305,"MCCASKILL, CLAIRE",C00492736,TEXANS FOR A PROGRESSIVE SENATE,J,Joint fundraising committee,S,Senate,False
S6MO00305,"MCCASKILL, CLAIRE",C00630467,TEXANS FOR A PROGRESSIVE SENATE,J,Joint fundraising committee,S,Senate,False
S6MO00305,"MCCASKILL, CLAIRE",C00527713,WOMEN 2 WIN,J,Joint fundraising committee,N,PAC - Nonqualified,False
S6MO00305,"MCCASKILL, CLAIRE",C00685057,WOMEN ON THE ROAD 2018,J,Joint fundraising committee,N,PAC - Nonqualified,False
S6MO00305,"MCCASKILL, CLAIRE",C00511642,WOMEN ON THE ROAD TO THE SENATE: 12 AND COUNTING - BAY AREA,J,Joint fundraising committee,N,PAC - Nonqualified,False
S6MO00305,"MCCASKILL, CLAIRE",C00511626,WOMEN ON THE ROAD TO THE SENATE: 12 AND COUNTING -DENVER,J,Joint fundraising committee,N,PAC - Nonqualified,False
S6MO00305,"MCCASKILL, CLAIRE",C00511659,WOMEN ON THE ROAD TO THE SENATE: 12 AND COUNTING-LOS ANGELES,J,Joint fundraising committee,N,PAC - Nonqualified,False
S6MO00305,"MCCASKILL, CLAIRE",C00519462,WOMEN ON THE ROAD TO THE SENATE 12 AND COUNTING-NEW YORK CITY,J,Joint fundraising committee,N,PAC - Nonqualified,False
S6MO00305,"MCCASKILL, CLAIRE",C00511634,WOMEN ON THE ROAD TO THE SENATE: 12 AND COUNTING-SEATTLE,J,Joint fundraising committee,N,PAC - Nonqualified,False
S6MO00305,"MCCASKILL, CLAIRE",C00501767,WOMEN'S SENATE VICTORY FUND,J,Joint fundraising committee,S,Senate,False
S8IL00223,"MCCLANAHAN, ZACHARY",C00930685,ZACH MCCLANAHAN FOR U.S. SENATE,P,Principal campaign committee,S,Senate,True
S2GA00282,"MCCOLUMN, JONATHAN MR",C00805721,MCCOLUMN FOR SENATE,P,Principal campaign committee,S,Senate,True
S2KY00012,"MCCONNELL, MITCH",C00434274,2007 SENATORS' CLASSIC COMMITTEE,J,Joint fundraising committee,Q,PAC - Qualified,False
S2KY00012,"MCCONNELL, MITCH",C00449850,2008 SENATORS CLASSIC COMMITTEE,J,Joint fundraising committee,S,Senate,False
S2KY00012,"MCCONNELL, MITCH",C00543637,2013 SENATORS CLASSIC COMMITTEE,J,Joint fundraising committee,S,Senate,False
S2KY00012,"MCCONNELL, MITCH",C00561845,2014 SENATORS CLASSIC COMMITTEE,J,Joint fundraising committee,S,Senate,False
S2KY00012,"MCCONNELL, MITCH",C00701243,2019 SENATORS CLASSIC COMMITTEE,J,Joint fundraising committee,S,Senate,False
S2KY00012,"MCCONNELL, MITCH",C00544601,IN DEFENSE OF FREE SPEECH JFC,J,Joint fundraising committee,S,Senate,False
S2KY00012,"MCCONNELL, MITCH",C00705806,KENTUCKY SENATE REPUBLICAN NOMINEE FUND - MITCH MCCONNELL,A,Authorized by a candidate,S,Senate,False
S2KY00012,"MCCONNELL, MITCH",C00453233,MCCONNELL/BOEHNER COMMITTEE,J,Joint fundraising committee,S,Senate,False
S2KY00012,"MCCONNELL, MITCH",C00540880,MCCONNELL CORNYN LEADERSHIP VICTORY COMMITTEE,J,Joint fundraising committee,N,PAC - Nonqualified,False
S2KY00012,"MCCONNELL, MITCH",C00548651,MCCONNELL FOR THE MAJORITY,J,Joint fundraising committee,N,PAC - Nonqualified,False
S2KY00012,"MCCONNELL, MITCH",C00651364,MCCONNELL GARDNER VICTORY COMMITTEE,J,Joint fundraising committee,N,PAC - Nonqualified,False
S2KY00012,"MCCONNELL, MITCH",C00430702,MCCONNELL MAJORITY COMMITTEE; THE,J,Joint fundraising committee,N,PAC - Nonqualified,False
S2KY00012,"MCCONNELL, MITCH",C00155051,MCCONNELL SENATE COMMITTEE,A,Authorized by a candidate,S,Senate,False
S2KY00012,"MCCONNELL, MITCH",C00193342,MCCONNELL SENATE COMMITTEE,P,Principal campaign committee,S,Senate,True
S2KY00012,"MCCONNELL, MITCH",C00365759,MCCONNELL VICTORY COMMITTEE,J,Joint fundraising committee,X,Party - Nonqualified,False
S2KY00012,"MCCONNELL, MITCH",C00535161,MCCONNELL VICTORY COMMITTEE,J,Joint fundraising committee,N,PAC - Nonqualified,False
S2KY00012,"MCCONNELL, MITCH",C00536409,MCCONNELL VICTORY KENTUCKY,J,Joint fundraising committee,N,PAC - Nonqualified,False
S2KY00012,"MCCONNELL, MITCH",C00652081,PROTECTING THE MAJORITY COMMITTEE,J,Joint fundraising committee,N,PAC - Nonqualified,False
S2KY00012,"MCCONNELL, MITCH",C00242941,REPUBLICAN SENATORIAL INNER CIRCLE 1990,J,Joint fundraising committee,Y,Party - Qualified,False
S2KY00012,"MCCONNELL, MITCH",C00247767,REPUBLICAN SENATORIAL INNER CIRCLE 1990-91,J,Joint fundraising committee,Y,Party - Qualified,False
S2KY00012,"MCCONNELL, MITCH",C00236620,WARNER/NICKLES COMMITTEE,J,Joint fundraising committee,S,Senate,False
S2KY00012,"MCCONNELL, MITCH",C00244707,WN 1990 COMMITTEE,J,Joint fundraising committee,S,Senate,False
S2KY00012,"MCCONNELL, MITCH",C00302281,W/N 1995 COMMITTEE,J,Joint fundraising committee,S,Senate,False
S2KY00012,"MCCONNELL, MITCH",C00317602,W/N 1996 COMMITTEE,J,Joint fundraising committee,S,Senate,False
S2KY00012,"MCCONNELL, MITCH",C00365585,W/N 2001 COMMITTEE,J,Joint fundraising committee,S,Senate,False
S2KY00012,"MCCONNELL, MITCH",C00376608,W/N 2002 C0MMITTEE,J,Joint fundraising committee,S,Senate,False
S2PA00661,"MCCORMICK, DAVE",C00800623,DAVE MCCORMICK FOR US SENATE,A,Authorized by a candidate,S,Senate,False
S2PA00661,"MCCORMICK, DAVE",C00851980,FRIENDS OF DAVE MCCORMICK,P,Principal campaign committee,S,Senate,True
S2PA00661,"MCCORMICK, DAVE",C00829515,MCCORMICK FOR PA SENATE REPUBLICAN NOMINEE FUND 2024,A,Authorized by a candidate,S,Senate,False
S0NJ00175,"MCCORMICK, LISA",C00611475,ELECTION FUND OF LISA MCCORMICK,P,Principal campaign committee,H,House,True
S2IN00166,"MCCRAY, VALERIE L DR",C00697615,FRIENDS OF VALERIE MCCRAY,P,Principal campaign committee,S,Senate,True
S4MS00120,"MCDANIEL, CHRISTOPHER BRIAN",C00550657,FRIENDS OF CHRIS MCDANIEL,P,Principal campaign committee,S,Senate,True
S4MS00120,"MCDANIEL, CHRISTOPHER BRIAN",C00673285,FRIENDS OF CHRIS MCDANIEL,P,Principal campaign committee,S,Senate,True
S2HI00155,"MCDERMOTT, ROBERT",C00800656,BOB MCDERMOTT FOR SENATE,P,Principal campaign committee,S,Senate,True
S6NC00464,"MCGINNIS, BRIAN",C00925792,MCGINNIS FOR SENATE,P,Principal campaign committee,S,Senate,True
S6PA00266,"MCGINTY, KATHLEEN ALANA",C00620823,BLUE GREEN SENATE VICTORY,J,Joint fundraising committee,N,PAC - Nonqualified,False
S6PA00266,"MCGINTY, KATHLEEN ALANA",C00619932,BLUE SENATE 2016,J,Joint fundraising committee,S,Senate,False
S6PA00266,"MCGINTY, KATHLEEN ALANA",C00624270,COMMITTEE FOR A PROGRESSIVE SENATE MAJORITY,J,Joint fundraising committee,S,Senate,False
S6PA00266,"MCGINTY, KATHLEEN ALANA",C00618512,DEMOCRATIC SENATE VICTORY 2016,J,Joint fundraising committee,N,PAC - Nonqualified,False
S6PA00266,"MCGINTY, KATHLEEN ALANA",C00617357,IMPACT SENATE 2016,J,Joint fundraising committee,S,Senate,False
S6PA00266,"MCGINTY, KATHLEEN ALANA",C00582809,KATIE MCGINTY FOR SENATE,P,Principal campaign committee,S,Senate,True
S6PA00266,"MCGINTY, KATHLEEN ALANA",C00603266,MCGINTY MATTHEWS VICTORY FUND,J,Joint fundraising committee,S,Senate,False
S6PA00266,"MCGINTY, KATHLEEN ALANA",C00618520,PENNSYLVANIA SENATE 2016,J,Joint fundraising committee,N,PAC - Nonqualified,False
S6PA00266,"MCGINTY, KATHLEEN ALANA",C00611384,SECURE OUR SENATE 2016,J,Joint fundraising committee,S,Senate,False
S6PA00266,"MCGINTY, KATHLEEN ALANA",C00622456,SENATE IMPACT DEMOCRATIC MAJORITY COMMITTEE,J,Joint fundraising committee,S,Senate,False
S6PA00266,"MCGINTY, KATHLEEN ALANA",C00622720,SENATE IMPACT MD & PA,J,Joint fundraising committee,S,Senate,False
S6PA00266,"MCGINTY, KATHLEEN ALANA",C00625434,WOMEN MAKE THE MAJORITY 2016,J,Joint fundraising committee,S,Senate,False
S6PA00266,"MCGINTY, KATHLEEN ALANA",C00614768,WOMEN ON THE ROAD 2016,J,Joint fundraising committee,N,PAC - Nonqualified,False
S6PA00266,"MCGINTY, KATHLEEN ALANA",C00626614,WOMEN SENATE VICTORY 2016,J,Joint fundraising committee,S,Senate,False
S0KY00339,"MCGRATH, AMY",C00922302,AMY MCGRATH FOR SENATE,P,Principal campaign committee,S,Senate,True
S0KY00339,"MCGRATH, AMY",C00711549,HONOR BOUND PAC,U,Unauthorized,W,Hybrid PAC (with Non-Contribution Account) - Qualified,False
S6KY00344,"MCGRATH, AMY",C00922302,AMY MCGRATH FOR SENATE,P,Principal campaign committee,S,Senate,True
S2AZ00349,"MCGUIRE, MICHAEL MICK",C00780791,MCGUIRE FOR ARIZONA,P,Principal campaign committee,S,Senate,True
S6CA01038,"MCGURR, MATTHEW E.",C00821595,MATT FOR THE FUTURE,P,Principal campaign committee,S,Senate,True
S6CA01038,"MCGURR, MATTHEW E.",C00725788,STEVEN GREEN FOR U.S. SENATE,P,Principal campaign committee,S,Senate,True
S4RI00051,"MCKAY, RAYMOND TYLER MR",C00827964,MCKAY FOR SENATE INC,P,Principal campaign committee,S,Senate,True
S4WV00365,"MCKINNEY, BRYAN",C00855734,THE COMMITTEE TO ELECT BRYAN MCKINNEY TO THE US SENATE,P,Principal campaign committee,S,Senate,True
S6MT00279,"MCLAUGHLIN, KATE",C00923698,MCLAUGHLIN FOR MONTANA,P,Principal campaign committee,S,Senate,True
S6MI00392,"MCMORROW, MALLORY",C00901173,MCMORROW FOR MICHIGAN,P,Principal campaign committee,S,Senate,True
S8VT00059,"MCMULLEN, JOHN A",C00334029,MCMULLEN FOR SENATE COMMITTEE INC,P,Principal campaign committee,S,Senate,True
S2UT00369,"MCMULLIN, DAVID EVAN",C00790733,MCMULLIN FOR UTAH,P,Principal campaign committee,S,Senate,True
S6TX00347,"MCNABB, BARRETT ANTHONY",C00897819,PATHFINDER PAC,D,Leadership PAC,N,PAC - Nonqualified,False
S6SD01133,"MCNEAL, JUSTIN S",C00924514,FRIENDS OF JUSTIN MCNEAL FOR US SENATE,P,Principal campaign committee,S,Senate,True
S4WV00407,"MCNULTY, JANET",C00866962,THE CAMPAIGN OF JANET MCNULTY,P,Principal campaign committee,S,Senate,True
S2MO00577,"MCQUEEN, ELDON DAN",C00715896,MCQUEEN FOR CONGRESS,U,Unauthorized,S,Senate,False
S4TX00698,"MCQUEEN, ELDON DANIEL",C00715896,MCQUEEN FOR CONGRESS,U,Unauthorized,S,Senate,False
S4TX00698,"MCQUEEN, ELDON DANIEL",C00830604,MCQUEEN FOR TEXAS,A,Authorized by a candidate,S,Senate,False
S8AZ00221,"MCSALLY, MARTHA",C00701243,2019 SENATORS CLASSIC COMMITTEE,J,Joint fundraising committee,S,Senate,False
S8AZ00221,"MCSALLY, MARTHA",C00705947,ARIZONA SENATE REPUBLICAN NOMINEE FUND - MARTHA MCSALLY,A,Authorized by a candidate,S,Senate,False
S8AZ00221,"MCSALLY, MARTHA",C00689471,FOUNDERS COMMITTEE; THE,J,Joint fundraising committee,S,Senate,False
S8AZ00221,"MCSALLY, MARTHA",C00685230,GROW THE MAJORITY,J,Joint fundraising committee,S,Senate,False
S8AZ00221,"MCSALLY, MARTHA",C00666040,MCSALLY PAC,U,Unauthorized,N,PAC - Nonqualified,False
S8AZ00221,"MCSALLY, MARTHA",C00697953,MCSALLY VICTORY COMMITTE,J,Joint fundraising committee,N,PAC - Nonqualified,False
S8AZ00221,"MCSALLY, MARTHA",C00681163,STRENGTHEN THE SENATE MAJORITY 2018,J,Joint fundraising committee,N,PAC - Nonqualified,False
S8AZ00221,"MCSALLY, MARTHA",C00678235,WOMEN KEEP THE MAJORITY,J,Joint fundraising committee,S,Senate,False
S6WY00225,"MEAD, SAMUEL",C00947424,MEAD FOR WYOMING,P,Principal campaign committee,S,Senate,True
S0NJ00217,"MEHTA, RIKIN",C00722470,RIK FOR NEW JERSEY INC,P,Principal campaign committee,H,House,True
S4MI00637,"MEIJER, PETER MR.",C00855668,"MEIJER FOR SENATE, INC.",P,Principal campaign committee,S,Senate,True
S6OK04205,"MEINHARDT, RON",C00939058,MEINHARDT FOR US SENATE,P,Principal campaign committee,S,Senate,True
S6AZ00217,"MELUSKEY, ALEXANDER",C00574350,MELUSKEY FOR US SENATE INC,P,Principal campaign committee,S,Senate,True
S6NJ00289,"MENENDEZ, ROBERT",C00631960,BLUE SENATE 2018,J,Joint fundraising committee,S,Senate,False
S6NJ00289,"MENENDEZ, ROBERT",C00402958,COMMITTEE FOR A BETTER FUTURE,J,Joint fundraising committee,S,Senate,False
S6NJ00289,"MENENDEZ, ROBERT",C00264564,MENENDEZ FOR SENATE,P,Principal campaign committee,S,Senate,True
S6NJ00289,"MENENDEZ, ROBERT",C00514570,MENENDEZ SENATE VICTORY 2012,J,Joint fundraising committee,N,PAC - Nonqualified,False
S6NJ00289,"MENENDEZ, ROBERT",C00479501,MENENDEZ VICTORY FUND,J,Joint fundraising committee,N,PAC - Nonqualified,False
S6NJ00289,"MENENDEZ, ROBERT",C00518878,NELSON-MENENDEZ VICTORY FUND,J,Joint fundraising committee,S,Senate,False
S6NJ00289,"MENENDEZ, ROBERT",C00427724,NEW JERSEY DEMOCRATIC VICTORY,J,Joint fundraising committee,Q,PAC - Qualified,False
S6NJ00289,"MENENDEZ, ROBERT",C00420539,NEW JERSEY SENATE 2006,J,Joint fundraising committee,Y,Party - Qualified,False
S6NJ00289,"MENENDEZ, ROBERT",C00495382,SENATE VICTORY 2012,J,Joint fundraising committee,S,Senate,False
S8OR00207,"MERKLEY, JEFFREY ALAN",C00683094,ARIZONA OREGON VICTORY FUND,J,Joint fundraising committee,S,Senate,False
S8OR00207,"MERKLEY, JEFFREY ALAN",C00455519,COAST TO COAST SENATE 2008,J,Joint fundraising committee,S,Senate,False
S8OR00207,"MERKLEY, JEFFREY ALAN",C00555391,COAST TO COAST VICTORY FUND,J,Joint fundraising committee,S,Senate,False
S8OR00207,"MERKLEY, JEFFREY ALAN",C00567529,GRASSROOTS VICTORY PROJECT 2014,J,Joint fundraising committee,N,PAC - Nonqualified,False
S8OR00207,"MERKLEY, JEFFREY ALAN",C00557264,HAGAN MERKLEY VICTORY FUND,J,Joint fundraising committee,S,Senate,False
S8OR00207,"MERKLEY, JEFFREY ALAN",C00437277,JEFF MERKLEY FOR OREGON,P,Principal campaign committee,S,Senate,True
S8OR00207,"MERKLEY, JEFFREY ALAN",C00553487,MERKLEY VICTORY FUND 2014,J,Joint fundraising committee,N,PAC - Nonqualified,False
S8OR00207,"MERKLEY, JEFFREY ALAN",C00453258,OREGON VICTORY 2008,J,Joint fundraising committee,N,PAC - Nonqualified,False
S8OR00207,"MERKLEY, JEFFREY ALAN",C00501387,OREGON-VIRGINIA FUND,J,Joint fundraising committee,S,Senate,False
S8OR00207,"MERKLEY, JEFFREY ALAN",C00470765,PROGRESS FOR OREGON,J,Joint fundraising committee,N,PAC - Nonqualified,False
S8OR00207,"MERKLEY, JEFFREY ALAN",C00454504,RED TO BLUE 2008,J,Joint fundraising committee,S,Senate,False
S8OR00207,"MERKLEY, JEFFREY ALAN",C00447060,SENATE 2008,J,Joint fundraising committee,Q,PAC - Qualified,False
S8OR00207,"MERKLEY, JEFFREY ALAN",C00454116,SENATE CHALLENGERS FUND,J,Joint fundraising committee,S,Senate,False
S8OR00207,"MERKLEY, JEFFREY ALAN",C00540971,SENATE VICTORY 2014,J,Joint fundraising committee,S,Senate,False
S8OR00207,"MERKLEY, JEFFREY ALAN",C00545145,STAY BLUE 2014,J,Joint fundraising committee,S,Senate,False
S8OR00207,"MERKLEY, JEFFREY ALAN",C00541839,TEXANS FOR SENATE VICTORY,J,Joint fundraising committee,S,Senate,False
S8OR00207,"MERKLEY, JEFFREY ALAN",C00546622,WESTERN VICTORY 2014,J,Joint fundraising committee,S,Senate,False
S2VT00300,"MERMEL, MYERS",C00816207,MYERS MERMEL FOR VERMONT,P,Principal campaign committee,S,Senate,True
S0AL00289,"MERRILL, JOHN H",C00709477,FRIENDS OF JOHN H MERRILL FOR U S SENATE,P,Principal campaign committee,S,Senate,True
S4NJ00516,"MERRILL, PATRICK JAMES",C00864462,PATRICK MERRILL FOR SENATE,P,Principal campaign committee,S,Senate,True
S8AK00082,"METCALFE, RAY HOMER",C00441717,RAY METCALFE FOR ETHICS IN GOVERNMENT,P,Principal campaign committee,S,Senate,True
S8AK00082,"METCALFE, RAY HOMER",C00620898,THE BRIBERY STOPS HERE PAC,U,Unauthorized,N,PAC - Nonqualified,False
S4NY00446,"MILLER, (EMILY) YUEXIN",C00830794,EMILY YUEXIN MILLER FOR NY,P,Principal campaign committee,S,Senate,True
S4NY00446,"MILLER, (EMILY) YUEXIN",C00864603,EMILY YUEXIN MILLER FOR NY,P,Principal campaign committee,S,Senate,True
S8NY00272,"MILLER, TERRELL",C00893701,FRIENDS OF TERRELL MILLER,P,Principal campaign committee,S,Senate,True
S4TN00534,"MILLER-WATKINS, CIVIL MARSHA",C00852517,FRIENDS OF CIVIL,A,Authorized by a candidate,S,Senate,False
S4TN00534,"MILLER-WATKINS, CIVIL MARSHA",C00942383,FRIENDS OF CIVIL MILLER-WATKINS,P,Principal campaign committee,S,Senate,True
S4NY00297,"MILLER, YUEXIN",C00830794,EMILY YUEXIN MILLER FOR NY,P,Principal campaign committee,S,Senate,True
S4NY00297,"MILLER, YUEXIN",C00864603,EMILY YUEXIN MILLER FOR NY,P,Principal campaign committee,S,Senate,True
S4NY00297,"MILLER, YUEXIN",C00832378,TV ERA SOCIAL DISTANCING HEALTH TASKFORCE COMMITTEE,A,Authorized by a candidate,S,Senate,False
S6ME00407,"MILLS, JANET TRAFTON",C00923144,MILLS FOR MAINE,P,Principal campaign committee,S,Senate,True
S0VA00112,"MINA, ALDOUS D",C00712836,ALDOUS MINA FOR SENATE 2020,P,Principal campaign committee,S,Senate,True
S0VA00112,"MINA, ALDOUS D",C00927285,ALDOUS MINA FOR US SENATE,P,Principal campaign committee,S,Senate,True
S6CO00416,"MINER, NICHOLE",C00899609,NICHOLE MINER FOR SENATE,P,Principal campaign committee,S,Senate,True
S8IL00215,"MINK, AUSTIN JAMES",C00859579,MINK FOR SENATE,P,Principal campaign committee,S,Senate,True
S6TN00331,"MIXON, ANDREW WOODRUFF MR",C00912857,MIXON FOR SENATE,J,Joint fundraising committee,N,PAC - Nonqualified,False
S8VA00321,"MIZUSAWA, BERT K",C00934265,BERT FOR SENATE 2026,P,Principal campaign committee,S,Senate,True
S6FL00640,"MOODY, ASHLEY",C00895763,MOODY FOR FLORIDA,P,Principal campaign committee,S,Senate,True
S4WV00324,"MOONEY, ALEXANDER X",C00828475,"MOONEY FOR SENATE, INC.",P,Principal campaign committee,S,Senate,True
S4NJ00565,"MOONEYHAM, PATRICIA G MISS",C00873851,VOTE BETTER PATRICIA MOONEYHAM FOR US SENATE,P,Principal campaign committee,S,Senate,True
S6AL00476,"MOORE, FELIX BARRY",C00720375,BARRY MOORE FOR U.S. SENATE,P,Principal campaign committee,S,Senate,True
S0KS00091,"MORAN, JERRY",C00576280,2015 SENATORS CLASSIC COMMITTEE,J,Joint fundraising committee,S,Senate,False
S0KS00091,"MORAN, JERRY",C00588780,AYOTTE BLUNT MORAN WOLF VICTORY FUND,J,Joint fundraising committee,S,Senate,False
S0KS00091,"MORAN, JERRY",C00458315,MORAN FOR KANSAS,P,Principal campaign committee,S,Senate,True
S0KS00091,"MORAN, JERRY",C00541193,MORAN NRSC VICTORY FUND,J,Joint fundraising committee,N,PAC - Nonqualified,False
S6VA00218,"MORAN, MARK",C00935619,FRIENDS OF MARK MORAN,P,Principal campaign committee,S,Senate,True
S4OH00192,"MORENO, BERNIE",C00775585,BERNIE MORENO FOR OHIO,P,Principal campaign committee,S,Senate,True
S4OH00192,"MORENO, BERNIE",C00837484,BERNIE MORENO FOR SENATE,P,Principal campaign committee,S,Senate,True
S4OH00192,"MORENO, BERNIE",C00829499,MORENO FOR OH SENATE REPUBLICAN NOMINEE FUND 2024,A,Authorized by a candidate,S,Senate,False
S4RI00085,"MORGAN, PATRICIA L",C00845990,PATRICIA FIR RI,A,Authorized by a candidate,S,Senate,False
S4RI00085,"MORGAN, PATRICIA L",C00846014,PATRICIA FOR RI,P,Principal campaign committee,S,Senate,True
S6TX00453,"MORGUL, EMILY",C00911917,EMILY MORGUL'S COMMITTEE FOR HOPE,P,Principal campaign committee,S,Senate,True
S8WV00143,"MORRISEY, PATRICK MR",C00710889,BLUE AND GOLD FUND,U,Unauthorized,Q,PAC - Qualified,False
S8WV00143,"MORRISEY, PATRICK MR",C00689471,FOUNDERS COMMITTEE; THE,J,Joint fundraising committee,S,Senate,False
S8WV00143,"MORRISEY, PATRICK MR",C00685230,GROW THE MAJORITY,J,Joint fundraising committee,S,Senate,False
S8WV00143,"MORRISEY, PATRICK MR",C00651075,MORRISEY FOR SENATE INC,P,Principal campaign committee,S,Senate,True
S8WV00143,"MORRISEY, PATRICK MR",C00689398,MORRISEY-MILLER VICTORY FUND,J,Joint fundraising committee,N,PAC - Nonqualified,False
S8WV00143,"MORRISEY, PATRICK MR",C00681163,STRENGTHEN THE SENATE MAJORITY 2018,J,Joint fundraising committee,N,PAC - Nonqualified,False
S8WV00143,"MORRISEY, PATRICK MR",C00417063,"WEST VIRGINIA REPUBLICAN PARTY, INC.",U,Unauthorized,Y,Party - Qualified,False
S8WV00143,"MORRISEY, PATRICK MR",C00674770,WINSOME LEADERS I,J,Joint fundraising committee,S,Senate,False
S8WV00143,"MORRISEY, PATRICK MR",C00686741,WINSOME LEADERS II,J,Joint fundraising committee,S,Senate,False
S6KY00302,"MORRIS, NATE",C00909705,MORRIS FOR SENATE,P,Principal campaign committee,S,Senate,True
S6NC00522,"MORROW, MICHELE",C00931956,THE ELECT MICHELE MORROW COMMITTEE,P,Principal campaign committee,S,Senate,True
S4WY00188,"MORROW, SCOTT D MR",C00881300,MORROW FOR US SENATE,P,Principal campaign committee,S,Senate,True
S2NH00249,"MORSE, CHUCK",C00800847,FRIENDS OF CHUCK MORSE,P,Principal campaign committee,S,Senate,True
S4TN00575,"MOSES, PAMELA",C00848622,COMMITTEE TO ELECT PAMELA MOSES,P,Principal campaign committee,S,Senate,True
S6MA00296,"MOULTON, SETH",C00547240,"SETH FOR MASSACHUSETTS, INC",P,Principal campaign committee,S,Senate,True
S4FL00611,"MUCARSEL-POWELL, DEBBIE",C00848648,DEMOCRACY MOBILIZATION PROJECT PAC (DMP),U,Unauthorized,N,PAC - Nonqualified,False
S6IL00557,"MUHAMMAD, TYRONE",C00908665,CITIZEN FOR TYRONE MUHAMMAD,P,Principal campaign committee,S,Senate,True
S6FL00806,"MUJICA, HECTOR DANIEL",C00923342,HECTOR MUJICA FOR FLORIDA,P,Principal campaign committee,S,Senate,True
S2OK00186,"MULLIN, MARKWAYNE",C00498345,MULLIN FOR AMERICA,P,Principal campaign committee,S,Senate,True
S6CA01061,"MUNOZ, EDGAR F",C00923672,EDGAR MUNOZ,P,Principal campaign committee,S,Senate,True
S6CA01061,"MUNOZ, EDGAR F",C00923680,MUNOZ,A,Authorized by a candidate,S,Senate,False
S4MN00494,"MUNRO, PATRICK D",C00847046,PATRICK D MUNRO,P,Principal campaign committee,S,Senate,True
S4AK00099,"MURKOWSKI, LISA",C00461152,2009 SENATORS CLASSIC COMMITTEE,J,Joint fundraising committee,N,PAC - Nonqualified,False
S4AK00099,"MURKOWSKI, LISA",C00576280,2015 SENATORS CLASSIC COMMITTEE,J,Joint fundraising committee,S,Senate,False
S4AK00099,"MURKOWSKI, LISA",C00626283,BIPARTISAN ALASKANS AGAINST MURKOWSKI,U,Unauthorized,O,Super PAC (Independent Expenditure-Only),False
S4AK00099,"MURKOWSKI, LISA",C00384529,LISA MURKOWSKI FOR US SENATE,P,Principal campaign committee,S,Senate,True
S4AK00099,"MURKOWSKI, LISA",C00390187,LISA MURKOWSKI VICTORY COMMITTEE,J,Joint fundraising committee,X,Party - Nonqualified,False
S4AK00099,"MURKOWSKI, LISA",C00405456,MAJORITY FUND FOR AMERICA'S FUTURE COMMITTEE THE,J,Joint fundraising committee,N,PAC - Nonqualified,False
S4AK00099,"MURKOWSKI, LISA",C00609248,MURKOWSKI VICTORY 2016,J,Joint fundraising committee,N,PAC - Nonqualified,False
S4AK00099,"MURKOWSKI, LISA",C00467159,MURKOWSKI VICTORY COMMITTEE,J,Joint fundraising committee,N,PAC - Nonqualified,False
S4AK00099,"MURKOWSKI, LISA",C00401158,N/W 2004 COMMITTEE,J,Joint fundraising committee,S,Senate,False
S4AK00099,"MURKOWSKI, LISA",C00401372,SENATE FREEDOM FUND COMMITTEE,J,Joint fundraising committee,N,PAC - Nonqualified,False
S4AK00099,"MURKOWSKI, LISA",C00396226,SENATE MAJORITY COMMITTEE,J,Joint fundraising committee,N,PAC - Nonqualified,False
S4AK00099,"MURKOWSKI, LISA",C00386706,W/N 2003 COMMITTEE,J,Joint fundraising committee,S,Senate,False
S2CT00132,"MURPHY, CHRISTOPHER S",C00631960,BLUE SENATE 2018,J,Joint fundraising committee,S,Senate,False
S2CT00132,"MURPHY, CHRISTOPHER S",C00523977,CT/IN/NM VICTORY FUND,J,Joint fundraising committee,S,Senate,False
S2CT00132,"MURPHY, CHRISTOPHER S",C00492645,FRIENDS OF CHRIS MURPHY,P,Principal campaign committee,S,Senate,True
S2CT00132,"MURPHY, CHRISTOPHER S",C00511279,GREEN SENATE 2012,J,Joint fundraising committee,S,Senate,False
S2CT00132,"MURPHY, CHRISTOPHER S",C00667493,MONTANA CONNECTICUT VICTORY,J,Joint fundraising committee,S,Senate,False
S2CT00132,"MURPHY, CHRISTOPHER S",C00527770,MURPHY HEITKAMP VICTORY COMMITTEE,U,Unauthorized,N,PAC - Nonqualified,False
S2CT00132,"MURPHY, CHRISTOPHER S",C00634360,SENATE IMPACT 2018,J,Joint fundraising committee,S,Senate,False
S4NJ00532,"MURPHY, JUSTIN MICHAEL LL.M.",C00865808,THE COMMITTEE TO ELECT JUSTIN MURPHY 2024,P,Principal campaign committee,S,Senate,True
S6KS00270,"MURRAY, ERIK",C00929240,ERIK MURRAY FOR KANSAS,P,Principal campaign committee,S,Senate,True
S2WA00189,"MURRAY, PATTY",C00487538,2010 WOMEN'S SENATE FUND,J,Joint fundraising committee,S,Senate,False
S2WA00189,"MURRAY, PATTY",C00589598,CO CT WA VICTORY 2016,J,Joint fundraising committee,S,Senate,False
S2WA00189,"MURRAY, PATTY",C00468744,MURRAY VICTORY 2010,J,Joint fundraising committee,N,PAC - Nonqualified,False
S2WA00189,"MURRAY, PATTY",C00565127,MURRAY VICTORY FUND,J,Joint fundraising committee,N,PAC - Nonqualified,False
S2WA00189,"MURRAY, PATTY",C00260760,PATTY MURRAY CAMPAIGN,A,Authorized by a candidate,S,Senate,False
S2WA00189,"MURRAY, PATTY",C00257642,PEOPLE FOR PATTY MURRAY,P,Principal campaign committee,S,Senate,True
S2WA00189,"MURRAY, PATTY",C00338582,POWER AND LEADERSHIP IN THE US SENATE (PLUS),J,Joint fundraising committee,N,PAC - Nonqualified,False
S2WA00189,"MURRAY, PATTY",C00327734,VICTORY IN WASHINGTON,J,Joint fundraising committee,X,Party - Nonqualified,False
S2WA00189,"MURRAY, PATTY",C00336974,VICTORY IN WASHINGTON-1998,J,Joint fundraising committee,X,Party - Nonqualified,False
S2WA00189,"MURRAY, PATTY",C00385716,WASHINGTON SENATE 2004,J,Joint fundraising committee,X,Party - Nonqualified,False
S2WA00189,"MURRAY, PATTY",C00269332,WOMEN . . . FOR A CHANGE,J,Joint fundraising committee,N,PAC - Nonqualified,False
S2WA00189,"MURRAY, PATTY",C00614768,WOMEN ON THE ROAD 2016,J,Joint fundraising committee,N,PAC - Nonqualified,False
S2WA00189,"MURRAY, PATTY",C00390377,WOMEN SENATE 2004,J,Joint fundraising committee,X,Party - Nonqualified,False
S2WA00189,"MURRAY, PATTY",C00479949,WOMEN SENATE 2010,J,Joint fundraising committee,S,Senate,False
S2WA00189,"MURRAY, PATTY",C00340448,WOMEN'S SENATE LEADERSHIP FUND '98,J,Joint fundraising committee,X,Party - Nonqualified,False
S2WA00189,"MURRAY, PATTY",C00338319,WOMEN'S VICTORY FUND,J,Joint fundraising committee,S,Senate,False
S0CO00344,"NAPOLITANO, JASON ANDREW",C00490276,NAPOLITANO FOR COLORADO,P,Principal campaign committee,S,Senate,True
S6MT00238,"NEILL, REILLY",C00892505,REILLY FOR MONTANA,P,Principal campaign committee,S,Senate,True
S6NE00095,"NELSON, E BENJAMIN",C00432401,BEN NELSON 2012,P,Principal campaign committee,S,Senate,True
S6NE00095,"NELSON, E BENJAMIN",C00411728,CENTRIST SENATE VICTORY FUND,J,Joint fundraising committee,S,Senate,False
S6NE00095,"NELSON, E BENJAMIN",C00499913,MONTANA NEBRASKA VICTORY FUND,J,Joint fundraising committee,S,Senate,False
S6NE00095,"NELSON, E BENJAMIN",C00306712,NELSON 2000,A,Authorized by a candidate,S,Senate,False
S6NE00095,"NELSON, E BENJAMIN",C00368209,NELSON 2006,A,Authorized by a candidate,S,Senate,False
S6NE00095,"NELSON, E BENJAMIN",C00505511,WILLIAM BORD GROUP; THE,U,Unauthorized,U,Single Candidate Independent Expenditure,False
S4UT00274,"NEWCOMB, ROBERT",C00863894,CAMPAIGN COMMITTE FOR ROBERT NEWCOMB,P,Principal campaign committee,S,Senate,True
S2NC00471,"NEWTON, EVERETTE (RETT) S.",C00774851,RETT FOR SENATE,A,Authorized by a candidate,S,Senate,False
S2FL00656,"NGUYEN, QUOC TUAN MR.",C00782961,TUAN Q NGUYEN FOR SENATE,P,Principal campaign committee,S,Senate,True
S2FL00656,"NGUYEN, QUOC TUAN MR.",C00875757,TUAN Q NGUYEN FOR SENATE,P,Principal campaign committee,S,Senate,True
S6NC00340,"NICKEL, WILEY",C00763045,WILEY NICKEL FOR NORTH CAROLINA,P,Principal campaign committee,S,Senate,True
S6NC00357,"NILSSON, ROBERT ANDERS MR",C00895615,ANDY NILSSON COMMITTEE,P,Principal campaign committee,S,Senate,True
S6FL00830,"NIXON, ANGELA",C00915041,ANGIE FOR FLORIDA,P,Principal campaign committee,S,Senate,True
S6MN00473,"NORD, BILLY",C00901058,BILLY NORD FOR MINNESOTA,P,Principal campaign committee,S,Senate,True
S6IA00280,"NORRIS, JACKIE",C00914747,JACKIE NORRIS FOR US SENATE,P,Principal campaign committee,S,Senate,True
S6NM01160,"OCONNELL, MELISSA MIRA",C00944967,CONSERVATIVES FOR MIRA,P,Principal campaign committee,S,Senate,True
S2CO00241,"O'DEA, JOSEPH MATTHEW",C00791186,JOE O'DEA FOR SENATE,P,Principal campaign committee,S,Senate,True
S2CO00241,"O'DEA, JOSEPH MATTHEW",C00772905,O'DEA FOR CO SENATE REPUBLICAN NOMINEE FUND 2022,A,Authorized by a candidate,S,Senate,False
S6OH00387,"ODE, FREDERICK J",C00917146,FRIENDS OF FRED ODE,P,Principal campaign committee,S,Senate,True
S4FL00678,"O''DELL, SHANNON MAY",C00855726,SHANNON O''DELL US SENATE,P,Principal campaign committee,S,Senate,True
S6DE00131,"O'DONNELL, CHRISTINE",C00427377,FRIENDS OF CHRISTINE O'DONNELL,A,Authorized by a candidate,S,Senate,False
S6DE00131,"O'DONNELL, CHRISTINE",C00449595,FRIENDS OF CHRISTINE O'DONNELL,P,Principal campaign committee,S,Senate,True
S4MI00561,"O'DONNELL, SHERRELL ANNE",C00847657,DR. SHERRY FOR SENATE,P,Principal campaign committee,S,Senate,True
S2WI00383,"OLIKARA, STEVEN",C00780437,COURAGE TO ACT,U,Unauthorized,N,PAC - Nonqualified,False
S4CA00969,"O'NEIL, RUSTEN",C00868760,RUSTEN O'NEIL'S COMMITTEE,P,Principal campaign committee,S,Senate,True
S0TN00193,"ONYEJIAKA, DIANA",C00928598,DIANA FOR SENATE,P,Principal campaign committee,S,Senate,True
S0TN00193,"ONYEJIAKA, DIANA",C00723882,DIANA FOR SENATE 2020,P,Principal campaign committee,S,Senate,True
S6IL00573,"ORTEGA, JANUARIO MR.",C00908129,JANUARIO ORTEGA FOR US SENATE,J,Joint fundraising committee,N,PAC - Nonqualified,False
S4MN00361,"ORTMAN, JULIANNE",C00548446,JULIANNE MN INC,P,Principal campaign committee,S,Senate,True
S4NE00207,"OSBORN, DAN",C00891465,CONSERVATIVES FOR OSBORN,A,Authorized by a candidate,S,Senate,False
S4NE00207,"OSBORN, DAN",C00901355,OSBORN FOR SENATE,P,Principal campaign committee,S,Senate,True
S4NE00207,"OSBORN, DAN",C00850677,OSBORN FOR SENATE 2024,A,Authorized by a candidate,S,Senate,False
S8GA00180,"OSSOFF, T. JONATHAN",C00718866,JON OSSOFF FOR SENATE,P,Principal campaign committee,S,Senate,True
S4MD00376,"OSUCHUKWU, ONYEKACHI",C00850131,CANDIDATE COMMITTEE,P,Principal campaign committee,S,Senate,True
S2PA00638,"OZ, MEHMET DR",C00795930,DOCTOR OZ FOR SENATE,P,Principal campaign committee,S,Senate,True
S2PA00638,"OZ, MEHMET DR",C00772871,OZ FOR PA SENATE REPUBLICAN NOMINEE FUND 2022,A,Authorized by a candidate,S,Senate,False
S4MA00341,"PACKARD, AARON L",C00863753,COMMITTEE TO ELECT AARON PACKARD,P,Principal campaign committee,S,Senate,True
S2CA00955,"PADILLA, ALEX",C00765164,ALEX PADILLA FOR SENATE,P,Principal campaign committee,S,Senate,True
S4CT00195,"PAGLINO, JUSTIN COBB DR",C00880104,COMMITTEE TO ELECT JUSTIN PAGLINO TO US SENATE,P,Principal campaign committee,S,Senate,True
S6NH00141,"PAPPAS, CHRIS",C00660464,CHRIS PAPPAS FOR SENATE,P,Principal campaign committee,S,Senate,True
S6KS00239,"PARELKAR, LOIS ANNE ELIZABETH LEA",C00913293,ANNE FOR KANSAS,P,Principal campaign committee,S,Senate,True
S2LA00127,"PARHAM, NICHOLAS",C00766683,NICHOLAS PARHAM,P,Principal campaign committee,S,Senate,True
S4VA00312,"PARKINSON, SCOTT THOMAS",C00836569,PARKINSON FOR SENATE,P,Principal campaign committee,S,Senate,True
S2WI00532,"PAUL, ADAM NICHOLAS",C00704874,CITIZENS FOR ADAM NICHOLAS PAUL,P,Principal campaign committee,S,Senate,True
S0KY00156,"PAUL, RAND",C00490227,LEADER'S PROJECT; THE,J,Joint fundraising committee,N,PAC - Nonqualified,False
S0KY00156,"PAUL, RAND",C00486100,PAUL VICTORY COMMITTEE,J,Joint fundraising committee,N,PAC - Nonqualified,False
S0KY00156,"PAUL, RAND",C00615989,PROTECTING THE MAJORITY FUND,J,Joint fundraising committee,X,Party - Nonqualified,False
S0KY00156,"PAUL, RAND",C00496075,RAND PAUL FOR US SENATE,P,Principal campaign committee,S,Senate,True
S0KY00156,"PAUL, RAND",C00462069,RAND PAUL FOR US SENATE 2010,A,Authorized by a candidate,S,Senate,False
S0KY00156,"PAUL, RAND",C00545848,RAND PAUL VICTORY COMMITTEE,J,Joint fundraising committee,N,PAC - Nonqualified,False
S0KY00156,"PAUL, RAND",C00490607,RAND PAUL VICTORY JEFFERSON COUNTY KENTUCKY,J,Joint fundraising committee,N,PAC - Nonqualified,False
S0KY00156,"PAUL, RAND",C00486761,RAND PAUL VICTORY KENTUCKY,J,Joint fundraising committee,N,PAC - Nonqualified,False
S6TX00388,"PAXTON, WARREN KENNETH JR.",C00901918,KEN PAXTON FOR SENATE,P,Principal campaign committee,S,Senate,True
S6TX00388,"PAXTON, WARREN KENNETH JR.",C00941906,TEXAS FIRST LEADERSHIP PAC,A,Authorized by a candidate,S,Senate,False
S0NM00041,"PEARCE, STEVE",C00450460,2008 JOINT CANDIDATE COMMITTE,J,Joint fundraising committee,N,PAC - Nonqualified,False
S0NM00041,"PEARCE, STEVE",C00449850,2008 SENATORS CLASSIC COMMITTEE,J,Joint fundraising committee,S,Senate,False
S0NM00041,"PEARCE, STEVE",C00444562,FRIENDS OF STEVE PEARCE,A,Authorized by a candidate,S,Senate,False
S0NM00041,"PEARCE, STEVE",C00450221,"GOOD GOVERNMENT FUND 2008, THE",J,Joint fundraising committee,N,PAC - Nonqualified,False
S0NM00041,"PEARCE, STEVE",C00444554,NEW MEXICO MAJORITY COMMITTEE; THE,J,Joint fundraising committee,Q,PAC - Qualified,False
S0NM00041,"PEARCE, STEVE",C00351254,PEARCE FOR SENATE,A,Authorized by a candidate,S,Senate,False
S0NM00041,"PEARCE, STEVE",C00440420,PEOPLE FOR PEARCE,P,Principal campaign committee,S,Senate,True
S0NM00041,"PEARCE, STEVE",C00453084,ROAD TO SENATE VICTORY COMMITTEE,J,Joint fundraising committee,S,Senate,False
S0NM00041,"PEARCE, STEVE",C00449306,SENATE MAJORITY COMMITTEE 2008,J,Joint fundraising committee,N,PAC - Nonqualified,False
S2WI00417,"PECKARSKY, PETER",C00783365,"PECKARSKY FOR WISCONSIN, INC.",P,Principal campaign committee,S,Senate,True
S6AK00276,"PELTOLA, MARY",C00933978,ALASKANS FOR MARY,P,Principal campaign committee,S,Senate,True
S4TX00813,"PENDRAGON, SOREN",C00854547,PENDRAGON FOR SENATE,P,Principal campaign committee,S,Senate,True
S4OR00156,"PERKINS, JO RAE",C00582635,JO RAE PERKINS FOR US SENATE,A,Authorized by a candidate,S,Senate,False
S4OR00156,"PERKINS, JO RAE",C00932558,JO RAE PERKINS FOR US SENATOR,P,Principal campaign committee,S,Senate,True
S4OR00156,"PERKINS, JO RAE",C00547646,PERKINS FOR OREGON,P,Principal campaign committee,S,Senate,True
S4MN00551,"PETERSEN, RAYMOND DAVID",C00880005,RAYMOND PETERSEN FOR US SENATE CAMPAIGN COMMITTEE,P,Principal campaign committee,S,Senate,True
S4MI00355,"PETERS, GARY",C00567529,GRASSROOTS VICTORY PROJECT 2014,J,Joint fundraising committee,N,PAC - Nonqualified,False
S4MI00355,"PETERS, GARY",C00626317,GREAT LAKES VICTORY FUND,J,Joint fundraising committee,N,PAC - Nonqualified,False
S4MI00355,"PETERS, GARY",C00553172,GREEN SENATE 2014,J,Joint fundraising committee,S,Senate,False
S4MI00355,"PETERS, GARY",C00563569,HAWAII MICHIGAN VICTORY FUND,J,Joint fundraising committee,S,Senate,False
S4MI00355,"PETERS, GARY",C00568121,IMPACT:SENATE 2014,J,Joint fundraising committee,S,Senate,False
S4MI00355,"PETERS, GARY",C00548875,MVP FUND 2014,J,Joint fundraising committee,N,PAC - Nonqualified,False
S4MI00355,"PETERS, GARY",C00437889,PETERS FOR MICHIGAN,P,Principal campaign committee,S,Senate,True
S4MI00355,"PETERS, GARY",C00550350,PETERS SENATE VICTORY,J,Joint fundraising committee,N,PAC - Nonqualified,False
S4CA00910,"PETERSON, DAVID",C00803080,DAVID PETERSON FOR SENATE,P,Principal campaign committee,S,Senate,True
S0KY00412,"PETTEYS, DEREK L.",C00730473,DEREK PETTEYS FOR CONGRESS,P,Principal campaign committee,H,House,True
S6WV00170,"PHILLIPS, RIO",C00906396,RIO PHILLIPS FOR WEST VIRGINIA,P,Principal campaign committee,S,Senate,True
S6CA00790,"PIERCE, DOUGLAS HOWARD",C00610022,DOUGLAS HOWARD PIERCE FOR US SENATE 2024,P,Principal campaign committee,H,House,True
S2NY00499,"PINION, JOSEPH III",C00800268,JOE PINION FOR US SENATE INC,P,Principal campaign committee,S,Senate,True
S4MS00187,"PINKINS, TY",C00830554,TY PINKINS FOR CONGRESS,P,Principal campaign committee,S,Senate,True
S6ME00373,"PLATNER, GRAHAM",C00916437,GRAHAM FOR MAINE,P,Principal campaign committee,S,Senate,True
S6CO00515,"POND, SEAN M.",C00933259,SEAN M. POND FOR US SENATE,P,Principal campaign committee,S,Senate,True
S4CA00522,"PORTER, KATHERINE",C00831107,KATIE PORTER FOR SENATE,P,Principal campaign committee,S,Senate,True
S0OH00133,"PORTMAN, ROB THE HONORA",C00576280,2015 SENATORS CLASSIC COMMITTEE,J,Joint fundraising committee,S,Senate,False
S0OH00133,"PORTMAN, ROB THE HONORA",C00573717,AMERICANS UNITED FOR FREEDOM,J,Joint fundraising committee,S,Senate,False
S0OH00133,"PORTMAN, ROB THE HONORA",C00489559,AYOTTE BLUNT PORTMAN VICTORY COMMITTEE,J,Joint fundraising committee,S,Senate,False
S0OH00133,"PORTMAN, ROB THE HONORA",C00585224,AYOTTE-PORTMAN-THUNE COMMITTEE,J,Joint fundraising committee,S,Senate,False
S0OH00133,"PORTMAN, ROB THE HONORA",C00625293,AYOTTE PORTMAN VICTORY COMMITTEE,J,Joint fundraising committee,N,PAC - Nonqualified,False
S0OH00133,"PORTMAN, ROB THE HONORA",C00544049,BOEHNER-PORTMAN HOUSE AND SENATE FUND,J,Joint fundraising committee,N,PAC - Nonqualified,False
S0OH00133,"PORTMAN, ROB THE HONORA",C00576272,BURR PORTMAN VICTORY COMMITTEE,J,Joint fundraising committee,S,Senate,False
S0OH00133,"PORTMAN, ROB THE HONORA",C00570176,DRAFT ROB PORTMAN,U,Unauthorized,U,Single Candidate Independent Expenditure,False
S0OH00133,"PORTMAN, ROB THE HONORA",C00626713,FOUNDERS COMMITTEE; THE,J,Joint fundraising committee,S,Senate,False
S0OH00133,"PORTMAN, ROB THE HONORA",C00488874,FOUNDERS JOINT CANDIDATE COMMITTEE,J,Joint fundraising committee,N,PAC - Nonqualified,False
S0OH00133,"PORTMAN, ROB THE HONORA",C00624221,HOLD THE SENATE 2016,J,Joint fundraising committee,S,Senate,False
S0OH00133,"PORTMAN, ROB THE HONORA",C00478313,PORTMAN OHIO VICTORY COMMITTEE,J,Joint fundraising committee,N,PAC - Nonqualified,False
S0OH00133,"PORTMAN, ROB THE HONORA",C00577502,PORTMAN-OHIO VICTORY COMMITTEE,J,Joint fundraising committee,N,PAC - Nonqualified,False
S0OH00133,"PORTMAN, ROB THE HONORA",C00497602,PORTMAN SENATORIAL TRUST,J,Joint fundraising committee,N,PAC - Nonqualified,False
S0OH00133,"PORTMAN, ROB THE HONORA",C00464263,PORTMAN VICTORY COMMITTEE,J,Joint fundraising committee,N,PAC - Nonqualified,False
S0OH00133,"PORTMAN, ROB THE HONORA",C00548677,PORTMAN VICTORY COMMITTEE,J,Joint fundraising committee,N,PAC - Nonqualified,False
S0OH00133,"PORTMAN, ROB THE HONORA",C00483982,PORTMAN VICTORY COMMITTEE 2010,J,Joint fundraising committee,N,PAC - Nonqualified,False
S0OH00133,"PORTMAN, ROB THE HONORA",C00458463,PORTPAC,U,Unauthorized,N,PAC - Nonqualified,False
S0OH00133,"PORTMAN, ROB THE HONORA",C00615989,PROTECTING THE MAJORITY FUND,J,Joint fundraising committee,X,Party - Nonqualified,False
S0OH00133,"PORTMAN, ROB THE HONORA",C00477620,ROAD TO SENATE VICTORY COMMITTEE 2010,J,Joint fundraising committee,S,Senate,False
S0OH00133,"PORTMAN, ROB THE HONORA",C00625764,SAVE OUR SENATE COMMITTEE,J,Joint fundraising committee,S,Senate,False
S0OH00133,"PORTMAN, ROB THE HONORA",C00625913,UNITED FOR A SENATE MAJORITY,J,Joint fundraising committee,S,Senate,False
S0OH00133,"PORTMAN, ROB THE HONORA",C00473389,US SENATE VICTORY COMMITTEE,J,Joint fundraising committee,S,Senate,False
S0OH00133,"PORTMAN, ROB THE HONORA",C00484832,US SENATE VICTORY COMMITTEE 2010,J,Joint fundraising committee,S,Senate,False
S4IN00261,"POTTS, KEITH",C00844753,KEITH POTTS FOR SENATE,P,Principal campaign committee,S,Senate,True
S4CA00746,"POUND, PERRY",C00849620,POUND FOR SENATE,P,Principal campaign committee,S,Senate,True
S0TN00219,"PRESLEY, JOHNNY W",C00730689,JOHNNY PRESLEY FOR US SENATE,P,Principal campaign committee,S,Senate,True
S6OK04197,"PRIEST, JIM",C00933051,JIM PRIEST FOR US SENATE,P,Principal campaign committee,S,Senate,True
S4MI00538,"PUGH, PAMELA L",C00840587,BOSS UP PAC,U,Unauthorized,N,PAC - Nonqualified,False
S2OH00287,"PUKITA, MARK MR.",C00722207,MARK PUKITA FOR US SENATE 2022,P,Principal campaign committee,S,Senate,True
S6CA01053,"PULLIAM, ALANDER",C00920421,PULLIAM FOR SENATE,U,Unauthorized,U,Single Candidate Independent Expenditure,False
S2ID00194,"PURSLEY, BENJAMIN",C00811125,PURSLEY FOR SENATE,P,Principal campaign committee,S,Senate,True
S6NC00423,"QUICK, ORRICK ROMAINE",C00914903,FRIENDS OF ORRICK QUICK FOR US SENATE,P,Principal campaign committee,S,Senate,True
S4AZ00311,"QUINTANA, EDUARDO",C00891085,EDUARDO QUINTANA FOR US SENATE,P,Principal campaign committee,S,Senate,True
S4CA00613,"RAB, AEJAZ ( RAJI )",C00835678,RAJI RAB FOR U.S. SENATE,P,Principal campaign committee,S,Senate,True
S6OK04262,"RAGAIN, BRIAN MATTHEW",C00945121,BRIAN RAGAIN FOR US SENATE,P,Principal campaign committee,S,Senate,True
S8VA00305,"RAIKLIN, IVAN ERIC",C00653790,IVAN RAIKLIN FOR US SENATE,P,Principal campaign committee,S,Senate,True
S4FL00793,"RAMSAROOP, JOEL",C00877308,JOEL RAMSAROOP FOR US SENATE,P,Principal campaign committee,S,Senate,True
S6KY00252,"RANDALL, JARED",C00903187,JARED RANDALL SOCIALIST DEMOCRAT FOR KENTUCKY U.S. SENATE,P,Principal campaign committee,S,Senate,True
S4UT00233,"RANDALL, JOSHUA R",C00852624,ELECT JOSH RANDALL,P,Principal campaign committee,S,Senate,True
S2TX00593,"RASHID, MUHAMMAD MUSTAFA",C00947267,"SENATE BID, MUHAMMAD MUSTAFA RASHID",P,Principal campaign committee,S,Senate,True
S4WY00162,"RASNER, REID",C00890921,REID RASNER FOR WY,P,Principal campaign committee,H,House,True
S4WY00162,"RASNER, REID",C00848796,REID RASNER FOR WYOMING,A,Authorized by a candidate,S,Senate,False
S4WI00231,"RAVEENDRAN, REJANI",C00853747,REJANI FOR SENATE COMMITTEE,P,Principal campaign committee,S,Senate,True
S0KS00307,"REDDI, USHA",C00717280,REDDI FOR SENATE,P,Principal campaign committee,S,Senate,True
S6OH00429,"REDPATH, WILLIAM",C00937300,REDPATH FOR US SENATE COMMITTEE,P,Principal campaign committee,S,Senate,True
S6RI00163,"REED, JOHN F.",C00365791,GOOD GOVERNMENT 2002,J,Joint fundraising committee,N,PAC - Nonqualified,False
S6RI00163,"REED, JOHN F.",C00546143,LOUISIANA NORTH CAROLINA & RHODE ISLAND VICTORY 2014,J,Joint fundraising committee,S,Senate,False
S6RI00163,"REED, JOHN F.",C00562959,REED BEGICH VICTORY FUND,J,Joint fundraising committee,S,Senate,False
S6RI00163,"REED, JOHN F.",C00554626,RHODE ISLAND ILLINOIS VICTORY FUND,J,Joint fundraising committee,S,Senate,False
S6RI00163,"REED, JOHN F.",C00441139,RHODE ISLAND SENATE 2008,J,Joint fundraising committee,N,PAC - Nonqualified,False
S6RI00163,"REED, JOHN F.",C00323022,RI WIN '96,J,Joint fundraising committee,X,Party - Nonqualified,False
S6RI00163,"REED, JOHN F.",C00238907,THE REED COMMITTEE,P,Principal campaign committee,S,Senate,True
S6VA00176,"REEVES, BRYCE",C00921593,REEVES FOR SENATE,P,Principal campaign committee,S,Senate,True
S4NV00411,"REGO, VINCENT GERONIMO",C00876532,VINCENT REGO FOR US SENATE,P,Principal campaign committee,S,Senate,True
S6MT00097,"REHBERG, DENNIS RAY",C00516997,AYOTTE FLAKE & REHBERG VICTORY COMMITTEE,J,Joint fundraising committee,S,Senate,False
S6MT00097,"REHBERG, DENNIS RAY",C00520510,BARRASSO & REHBERG JOINT COMMITTEE,J,Joint fundraising committee,S,Senate,False
S6MT00097,"REHBERG, DENNIS RAY",C00520528,BERG HELLER & REHBERG VICTORY COMMITTEE,J,Joint fundraising committee,S,Senate,False
S6MT00097,"REHBERG, DENNIS RAY",C00535187,BERG LINGLE MANDEL REHBERG VICTORY FUND,J,Joint fundraising committee,S,Senate,False
S6MT00097,"REHBERG, DENNIS RAY",C00519819,BERG MANDEL REHBERG COMMITTEE 2012,J,Joint fundraising committee,S,Senate,False
S6MT00097,"REHBERG, DENNIS RAY",C00495077,FOUNDERS' COMMITTEE,J,Joint fundraising committee,N,PAC - Nonqualified,False
S6MT00097,"REHBERG, DENNIS RAY",C00322255,KAY'S VICTORY COMMITTEE,J,Joint fundraising committee,S,Senate,False
S6MT00097,"REHBERG, DENNIS RAY",C00527424,LEGACY VICTORY COMMITTEE,J,Joint fundraising committee,N,PAC - Nonqualified,False
S6MT00097,"REHBERG, DENNIS RAY",C00303982,MONTANANS FOR REHBERG,P,Principal campaign committee,S,Senate,True
S6MT00097,"REHBERG, DENNIS RAY",C00493015,MONTANANS FOR REHBERG,P,Principal campaign committee,S,Senate,True
S6MT00097,"REHBERG, DENNIS RAY",C00505933,REHBERG MONTANA VICTORY COMMITTEE,J,Joint fundraising committee,N,PAC - Nonqualified,False
S6MT00097,"REHBERG, DENNIS RAY",C00498808,REHBERG VICTORY COMMITTEE,J,Joint fundraising committee,N,PAC - Nonqualified,False
S6MT00097,"REHBERG, DENNIS RAY",C00323691,TEAM VICTORY '96,J,Joint fundraising committee,S,Senate,False
S4CA00670,"REISS, JONATHAN",C00789776,"REISS FOR US SENATE, INC.",P,Principal campaign committee,S,Senate,True
S6ME00282,"RENCH, PHILLIP",C00897660,PHILLIP RENCH FOR US SENATE CAMPAIGN,P,Principal campaign committee,S,Senate,True
S4CA00381,"RESENDEZ, JESSICA SERENE",C00769174,JESSICA S RESENDEZ FOR AMERICA,P,Principal campaign committee,S,Senate,True
S4AZ00246,"REYE, ELIZABETH MOORE",C00864678,ELIZABETH REYE FOR ARIZONA,P,Principal campaign committee,S,Senate,True
S6VA00150,"REYNOLDS, JASON STEPHEN",C00906297,FRIENDS OF JASON REYNOLDS,P,Principal campaign committee,S,Senate,True
S6ME00415,"RICH, TIMOTHY",C00935718,MAINE FOR TIM,P,Principal campaign committee,S,Senate,True
S6NE00129,"RICKETTS, PETE",C00414375,NEBRASKA FAMILIES FOR PETE RICKETTS INC,P,Principal campaign committee,S,Senate,True
S6NE00129,"RICKETTS, PETE",C00832436,PETE RICKETTS FOR SENATE,P,Principal campaign committee,S,Senate,True
S6MA00254,"RIKLEEN, ALEXANDER",C00903781,RIKLEEN COMMITTEE,P,Principal campaign committee,S,Senate,True
S8ID00092,"RISCH, JAMES E MR.",C00449850,2008 SENATORS CLASSIC COMMITTEE,J,Joint fundraising committee,S,Senate,False
S8ID00092,"RISCH, JAMES E MR.",C00543637,2013 SENATORS CLASSIC COMMITTEE,J,Joint fundraising committee,S,Senate,False
S8ID00092,"RISCH, JAMES E MR.",C00561845,2014 SENATORS CLASSIC COMMITTEE,J,Joint fundraising committee,S,Senate,False
S8ID00092,"RISCH, JAMES E MR.",C00701243,2019 SENATORS CLASSIC COMMITTEE,J,Joint fundraising committee,S,Senate,False
S8ID00092,"RISCH, JAMES E MR.",C00485482,GEM STATE VICTORY FUND,J,Joint fundraising committee,N,PAC - Nonqualified,False
S8ID00092,"RISCH, JAMES E MR.",C00440362,JIM RISCH FOR U.S. SENATE COMMITTEE,P,Principal campaign committee,S,Senate,True
S8ID00092,"RISCH, JAMES E MR.",C00772442,PAC FOR AMERICA 2,D,Leadership PAC,N,PAC - Nonqualified,False
S8ID00092,"RISCH, JAMES E MR.",C00546655,RISCH VICTORY COMMITTEE,J,Joint fundraising committee,N,PAC - Nonqualified,False
S8ID00092,"RISCH, JAMES E MR.",C00656637,SAVE AMERICA PAC II,D,Leadership PAC,N,PAC - Nonqualified,False
S8ID00092,"RISCH, JAMES E MR.",C00705855,SUPPORTERS OF JIM RISCH,A,Authorized by a candidate,S,Senate,False
S8NY00322,"RIVEN, JONATHAN BRUCE",C00933937,RIVEN FOR SENATE,P,Principal campaign committee,S,Senate,True
S6FL00897,"RIVERA, ERNEST ERNIE JOHN REV. DR.",C00946269,ERNIE 4 SENATE,P,Principal campaign committee,S,Senate,True
S6FL00418,"RIVERA, ERNESTO J",C00946269,ERNIE 4 SENATE,P,Principal campaign committee,S,Senate,True
S6FL00418,"RIVERA, ERNESTO J",C00607564,ERNIE RIVERA FOR FLORIDA,P,Principal campaign committee,S,Senate,True
S6NJ00396,"RIVERA, NATALIE",C00937409,NATALIE RIVERA FOR US SENATE 2026,P,Principal campaign committee,S,Senate,True
S6ME00365,"RODRIGUEZ, DAIRA",C00916189,DAIRA FOR MAINE,P,Principal campaign committee,S,Senate,True
S0CO00617,"RODRIGUEZ, JOSHUA",C00720250,JOSHUA FOR COLORADO,A,Authorized by a candidate,S,Senate,False
S0CO00617,"RODRIGUEZ, JOSHUA",C00757534,JOSHUA RODRIGUEZ FOR UNITY,P,Principal campaign committee,P,Presidential,True
S0AZ00509,"RODRIGUEZ, JOSHUA",C00757534,JOSHUA RODRIGUEZ FOR UNITY,P,Principal campaign committee,P,Presidential,True
S4TX00607,"RODRIGUEZ-PRILLIMAN, HELI",C00817692,HELI FOR TEXAS,P,Principal campaign committee,H,House,True
S6IL00631,"RODRIQUEZ, ADAIR",C00917260,ADAIR FOR ILLINOIS,P,Principal campaign committee,S,Senate,True
S4MI00595,"ROGERS, MICHAEL J",C00829457,ROGERS FOR MI SENATE REPUBLICAN NOMINEE FUND 2024,A,Authorized by a candidate,S,Senate,False
S4MI00595,"ROGERS, MICHAEL J",C00849810,ROGERS FOR SENATE,P,Principal campaign committee,S,Senate,True
S8IN00189,"ROKITA, THEODORE EDWARD",C00476192,"HOOSIERS FOR ROKITA, INC.",P,Principal campaign committee,S,Senate,True
S4FL00561,"ROMAGNANO, CHASE ANDERSON MR.",C00837799,CITIZENS FOR ANDY ROMAGNANO,P,Principal campaign committee,S,Senate,True
S6KY00369,"ROMANS, DALE",C00925578,DALE ROMANS FOR KENTUCKY,P,Principal campaign committee,S,Senate,True
S8UT00176,"ROMNEY, WILLARD MITT MR",C00670695,ROMNEY FOR UTAH INC,P,Principal campaign committee,S,Senate,True
S6OH00403,"ROSE, DAKOTA",C00923359,FRIENDS OF DAKOTA ROSE,P,Principal campaign committee,S,Senate,True
S4NM00118,"ROSE, JERRY",C00765362,COMMITTEE TO ELECT JERRY ROSE FOR US SENATE,P,Principal campaign committee,S,Senate,True
S4CA00704,"ROSE, JOHN",C00844654,ROSE FOR US,P,Principal campaign committee,S,Senate,True
S4CA00712,"ROSE, JOHN DAVID",C00844654,ROSE FOR US,P,Principal campaign committee,S,Senate,True
S8MT00234,"ROSENDALE, MATT MR.",C00689471,FOUNDERS COMMITTEE; THE,J,Joint fundraising committee,S,Senate,False
S8MT00234,"ROSENDALE, MATT MR.",C00548289,MATT ROSENDALE FOR MONTANA,P,Principal campaign committee,H,House,True
S8NV00156,"ROSEN, JACKY",C00660639,2018 SENATE IMPACT,J,Joint fundraising committee,S,Senate,False
S8NV00156,"ROSEN, JACKY",C00661314,ARIZONA NEVADA VICTORY FUND,J,Joint fundraising committee,S,Senate,False
S8NV00156,"ROSEN, JACKY",C00631960,BLUE SENATE 2018,J,Joint fundraising committee,S,Senate,False
S8NV00156,"ROSEN, JACKY",C00677468,GREEN SENATE IMPACT 2018,J,Joint fundraising committee,S,Senate,False
S8NV00156,"ROSEN, JACKY",C00633925,JUSTICE 2018,J,Joint fundraising committee,N,PAC - Nonqualified,False
S8NV00156,"ROSEN, JACKY",C00606939,ROSEN FOR NEVADA,P,Principal campaign committee,S,Senate,True
S8NV00156,"ROSEN, JACKY",C00662114,SENATE IMPACT 2018,J,Joint fundraising committee,S,Senate,False
S8NV00156,"ROSEN, JACKY",C00665265,SENATE IMPACT: FL & NV,J,Joint fundraising committee,S,Senate,False
S8NV00156,"ROSEN, JACKY",C00681460,SENATE IMPACT: MN & NV,J,Joint fundraising committee,S,Senate,False
S8NV00156,"ROSEN, JACKY",C00672519,SENATE IMPACT: TN & NV,J,Joint fundraising committee,S,Senate,False
S8NV00156,"ROSEN, JACKY",C00685057,WOMEN ON THE ROAD 2018,J,Joint fundraising committee,N,PAC - Nonqualified,False
S8NV00156,"ROSEN, JACKY",C00672840,WOMEN ON THE ROAD SEATTLE 2018,J,Joint fundraising committee,N,PAC - Nonqualified,False
S6ID00138,"ROTH, DAVID JORDAN",C00839720,DAVID ROTH FOR IDAHO,P,Principal campaign committee,S,Senate,True
S4SD00049,"ROUNDS, MIKE",C00561845,2014 SENATORS CLASSIC COMMITTEE,J,Joint fundraising committee,S,Senate,False
S4SD00049,"ROUNDS, MIKE",C00701243,2019 SENATORS CLASSIC COMMITTEE,J,Joint fundraising committee,S,Senate,False
S4SD00049,"ROUNDS, MIKE",C00548123,BARRASSO ROUNDS VICTORY FUND,J,Joint fundraising committee,S,Senate,False
S4SD00049,"ROUNDS, MIKE",C00563783,CASSIDY ROUNDS VICTORY COMMITTEE,J,Joint fundraising committee,S,Senate,False
S4SD00049,"ROUNDS, MIKE",C00563858,FOUNDERS SENATE CANDIDATE COMMITTEE,J,Joint fundraising committee,N,PAC - Nonqualified,False
S4SD00049,"ROUNDS, MIKE",C00705566,FRIENDS OF MIKE ROUNDS,A,Authorized by a candidate,S,Senate,False
S4SD00049,"ROUNDS, MIKE",C00532465,ROUNDS FOR SENATE,P,Principal campaign committee,S,Senate,True
S4SD00049,"ROUNDS, MIKE",C00562751,SCOTT CAPITO ROUNDS VICTORY FUND,J,Joint fundraising committee,S,Senate,False
S4SD00049,"ROUNDS, MIKE",C00566661,SIX IN '14 FUND,J,Joint fundraising committee,S,Senate,False
S4SD00049,"ROUNDS, MIKE",C00568808,WESTERN STATES VICTORY COMMITTEE,J,Joint fundraising committee,S,Senate,False
S6ID00153,"ROY, JOSHUA S",C00928424,JOSH ROY FOR IDAHO,P,Principal campaign committee,S,Senate,True
S4NY00370,"ROZLER, JEFFREY P.",C00854505,JEFFREY ROZLER COMMITTEE,P,Principal campaign committee,S,Senate,True
S0FL00338,"RUBIO, MARCO",C00488890,2010 SENATE VICTORY COMMITTEE,J,Joint fundraising committee,S,Senate,False
S0FL00338,"RUBIO, MARCO",C00482729,CONSERVATIVE JOINT VICTORY FUND 2010,J,Joint fundraising committee,S,Senate,False
S0FL00338,"RUBIO, MARCO",C00487975,FLORIDA VICTORY COMMITTEE,J,Joint fundraising committee,N,PAC - Nonqualified,False
S0FL00338,"RUBIO, MARCO",C00626713,FOUNDERS COMMITTEE; THE,J,Joint fundraising committee,S,Senate,False
S0FL00338,"RUBIO, MARCO",C00488874,FOUNDERS JOINT CANDIDATE COMMITTEE,J,Joint fundraising committee,N,PAC - Nonqualified,False
S0FL00338,"RUBIO, MARCO",C00476648,FRIENDS OF DEMINT & RUBIO,J,Joint fundraising committee,S,Senate,False
S0FL00338,"RUBIO, MARCO",C00490227,LEADER'S PROJECT; THE,J,Joint fundraising committee,N,PAC - Nonqualified,False
S0FL00338,"RUBIO, MARCO",C00485763,LEGACY VICTORY FUND,J,Joint fundraising committee,N,PAC - Nonqualified,False
S0FL00338,"RUBIO, MARCO",C00487868,MAJORITY PARTNERSHIP FUND,J,Joint fundraising committee,N,PAC - Nonqualified,False
S0FL00338,"RUBIO, MARCO",C00458844,MARCO RUBIO FOR PRESIDENT,P,Principal campaign committee,P,Presidential,True
S0FL00338,"RUBIO, MARCO",C00620518,MARCO RUBIO FOR SENATE,P,Principal campaign committee,S,Senate,True
S0FL00338,"RUBIO, MARCO",C00671925,PROTECT THE SENATE 2018,J,Joint fundraising committee,S,Senate,False
S0FL00338,"RUBIO, MARCO",C00519736,RUBIO/RECLAIM AMERICA JOINT COMMITTEE,J,Joint fundraising committee,N,PAC - Nonqualified,False
S0FL00338,"RUBIO, MARCO",C00484428,RUBIO RIVERA 2010,J,Joint fundraising committee,N,PAC - Nonqualified,False
S0FL00338,"RUBIO, MARCO",C00485193,RUBIO VICTORY COMMITTEE,J,Joint fundraising committee,N,PAC - Nonqualified,False
S0FL00338,"RUBIO, MARCO",C00494617,RUBIO VICTORY COMMITTEE,J,Joint fundraising committee,N,PAC - Nonqualified,False
S0FL00338,"RUBIO, MARCO",C00625764,SAVE OUR SENATE COMMITTEE,J,Joint fundraising committee,S,Senate,False
S0FL00338,"RUBIO, MARCO",C00484832,US SENATE VICTORY COMMITTEE 2010,J,Joint fundraising committee,S,Senate,False
S4MN00486,"RUOHO, MIKE",C00819672,MIKE RUOHO FOR SENATE,P,Principal campaign committee,S,Senate,True
S6AR00181,"RUSSELL, JAMES RICHARD MR III",C00918136,COMMITTEE TO ELECT JAMES RUSSELL,P,Principal campaign committee,S,Senate,True
S6OR05192,"RYAN, JACOB",C00907071,JAKE RYAN FOR US SENATE,P,Principal campaign committee,S,Senate,True
S6IL00581,"RYAN, KEVIN",C00907774,PEOPLE OF ILLINOIS & KEVIN RYAN,P,Principal campaign committee,S,Senate,True
S2OH00402,"RYAN, TIMOTHY",C00777771,WORKERS FIRST PAC,U,Unauthorized,N,PAC - Nonqualified,False
S6IA00256,"SAGE, NATHAN",C00902494,SAGE FOR SENATE,P,Principal campaign committee,S,Senate,True
S4NY00271,"SALEM, KHALED",C00749226,KHALED SALEM,P,Principal campaign committee,S,Senate,True
S0NY00667,"SALEM, KHALED MR",C00749226,KHALED SALEM,P,Principal campaign committee,S,Senate,True
S4MI00611,"SAMUEL, BENSSON",C00854968,SAMUELSON SENATE  COMMITTEE,P,Principal campaign committee,S,Senate,True
S6CA00691,"SANCHEZ, LORETTA",C00590034,CALIFORNIANS ALLIED FOR LEADERSHIP (CAL) PAC,U,Unauthorized,O,Super PAC (Independent Expenditure-Only),False
S6CA00691,"SANCHEZ, LORETTA",C00578344,LORETTA SANCHEZ FOR SENATE,P,Principal campaign committee,S,Senate,True
S0NM00116,"SANCHEZ, LOUIE J",C00732693,SANCHEZ FOR NEW MEXICO,P,Principal campaign committee,S,Senate,True
S2FL00623,"SANCHEZ, WILLIAM",C00765750,WILLIAM SANCHEZ FOR US SENATE,P,Principal campaign committee,S,Senate,True
S4VT00033,"SANDERS, BERNARD",C00555615,COLLECTIVE ACTIONS PAC,U,Unauthorized,O,Super PAC (Independent Expenditure-Only),False
S4VT00033,"SANDERS, BERNARD",C00411330,FRIENDS OF BERNIE SANDERS,P,Principal campaign committee,S,Senate,True
S4VT00033,"SANDERS, BERNARD",C00426650,SAIL TO VICTORY 2006,J,Joint fundraising committee,S,Senate,False
S4FL00488,"SANSCRAINTE, MATTHEW ALEXANDER MR",C00841692,SANSCRAINTE FOR FLORIDA,P,Principal campaign committee,S,Senate,True
S4NY00404,"SAPRAICONE, MICHAEL",C00846451,SAPRAICONE FOR SENATE,P,Principal campaign committee,S,Senate,True
S2NY00325,"SARE, DIANE WILSON MS",C00751826,SARE FOR SENATE,P,Principal campaign committee,S,Senate,True
S4NE00090,"SASSE, BENJAMIN E.",C00701243,2019 SENATORS CLASSIC COMMITTEE,J,Joint fundraising committee,S,Senate,False
S4NE00090,"SASSE, BENJAMIN E.",C00547976,"BEN SASSE FOR U.S. SENATE, INC.",P,Principal campaign committee,S,Senate,True
S4NE00090,"SASSE, BENJAMIN E.",C00705707,FRIENDS OF BEN SASSE,A,Authorized by a candidate,S,Senate,False
S4NE00090,"SASSE, BENJAMIN E.",C00558247,LEGACY VICTORY COMMITTEE 2014,J,Joint fundraising committee,N,PAC - Nonqualified,False
S4NE00090,"SASSE, BENJAMIN E.",C00568402,NEW SENATE MAJORITY 2014,J,Joint fundraising committee,N,PAC - Nonqualified,False
S4MI00579,"SAVAGE, SHARON MAUREEN",C00848879,SHARON SAVAGE FOR SENATE,P,Principal campaign committee,S,Senate,True
S6CO00457,"SCANLON, MICHAEL",C00913442,SCANLON FOR COLORADO,P,Principal campaign committee,S,Senate,True
S0DE00175,"SCARANE, JESSICA",C00727263,JESS SCARANE FOR DELAWARE,P,Principal campaign committee,S,Senate,True
S4NJ00474,"SCAZZOLA, VICTOR JOSEPH",C00859124,PEOPLE POWER PARTNERS FOR VICTOR JOSEPH SCAZZOLA,P,Principal campaign committee,S,Senate,True
S4HI00136,"SCHATZ, BRIAN",C00547950,ALASKA-HAWAII VICTORY FUND,J,Joint fundraising committee,S,Senate,False
S4HI00136,"SCHATZ, BRIAN",C00558015,DELAWARE HAWAII VICTORY FUND,J,Joint fundraising committee,S,Senate,False
S4HI00136,"SCHATZ, BRIAN",C00563569,HAWAII MICHIGAN VICTORY FUND,J,Joint fundraising committee,S,Senate,False
S4HI00136,"SCHATZ, BRIAN",C00568873,HAWAII SENATE VICTORY FUND,J,Joint fundraising committee,N,PAC - Nonqualified,False
S4HI00136,"SCHATZ, BRIAN",C00540732,SCHATZ FOR SENATE,P,Principal campaign committee,S,Senate,True
S4HI00136,"SCHATZ, BRIAN",C00569210,SCHATZ TAKAI VICTORY FUND,J,Joint fundraising committee,N,PAC - Nonqualified,False
S4HI00136,"SCHATZ, BRIAN",C00558148,SENATE VICTORY FUND 2014,J,Joint fundraising committee,S,Senate,False
S4HI00136,"SCHATZ, BRIAN",C00545145,STAY BLUE 2014,J,Joint fundraising committee,S,Senate,False
S4CA00555,"SCHIFF, ADAM",C00343871,SCHIFF FOR SENATE,P,Principal campaign committee,S,Senate,True
S6KS00288,"SCHMIDT, PATRICK",C00937599,PATRICK SCHMIDT FOR SENATE,P,Principal campaign committee,S,Senate,True
S2MO00544,"SCHMITT, ERIC",C00773184,SCHMITT FOR MO SENATE REPUBLICAN NOMINEE FUND 2022,A,Authorized by a candidate,S,Senate,False
S2MO00544,"SCHMITT, ERIC",C00775015,SCHMITT FOR SENATE,P,Principal campaign committee,S,Senate,True
S6TX00321,"SCHMOKER, TONY",C00894907,TONY SCHMOKER FOR SENATE,P,Principal campaign committee,S,Senate,True
S6IA00264,"SCHOLTEN, JAMES",C00907170,SCHOLTEN FOR IOWA,P,Principal campaign committee,S,Senate,True
S2SD00134,"SCHUBERT, PATRICK WILLIAM MR. SR",C00794073,PATRICK W SCHUBERT SR COMMITTEE TO ELECT,P,Principal campaign committee,S,Senate,True
S8NY00082,"SCHUMER, CHARLES E.",C00346312,FRIENDS OF SCHUMER,P,Principal campaign committee,S,Senate,True
S8NY00082,"SCHUMER, CHARLES E.",C00485946,NEW YORK SENATE VICTORY 2010,J,Joint fundraising committee,S,Senate,False
S8NY00082,"SCHUMER, CHARLES E.",C00327270,SCHUMER '98,A,Authorized by a candidate,S,Senate,False
S8NY00082,"SCHUMER, CHARLES E.",C00340323,VICTORY IN NEW YORK,J,Joint fundraising committee,X,Party - Nonqualified,False
S8NY00082,"SCHUMER, CHARLES E.",C00340778,WIN NEW YORK,J,Joint fundraising committee,X,Party - Nonqualified,False
S6IL00698,"SCHWARTZBERG, STEVEN J",C00942805,"STEVE SCHWARTZBERG FOR US SENATE CAMPAIGN COMMITTEE, INC.",P,Principal campaign committee,S,Senate,True
S6MN00457,"SCHWARZE, ADAM",C00898817,SCHWARZE FOR SENATE,P,Principal campaign committee,S,Senate,True
S6MI00434,"SCOTT, GENEVIEVE",C00903427,SCOTT FOR US SENATE,P,Principal campaign committee,S,Senate,True
S4MD00590,"SCOTT, MIKE",C00865204,MIKE SCOTT FOR SENATE,P,Principal campaign committee,S,Senate,True
S8FL00273,"SCOTT, RICK SEN",C00689471,FOUNDERS COMMITTEE; THE,J,Joint fundraising committee,S,Senate,False
S8FL00273,"SCOTT, RICK SEN",C00676965,RICK SCOTT FOR FLORIDA,P,Principal campaign committee,S,Senate,True
S8FL00273,"SCOTT, RICK SEN",C00676957,RICK SCOTT VICTORY FUND,J,Joint fundraising committee,N,PAC - Nonqualified,False
S4SC00240,"SCOTT, TIMOTHY E.",C00543637,2013 SENATORS CLASSIC COMMITTEE,J,Joint fundraising committee,S,Senate,False
S4SC00240,"SCOTT, TIMOTHY E.",C00561845,2014 SENATORS CLASSIC COMMITTEE,J,Joint fundraising committee,S,Senate,False
S4SC00240,"SCOTT, TIMOTHY E.",C00576280,2015 SENATORS CLASSIC COMMITTEE,J,Joint fundraising committee,S,Senate,False
S4SC00240,"SCOTT, TIMOTHY E.",C00546168,BARRASSO SCOTT VICTORY FUND,J,Joint fundraising committee,S,Senate,False
S4SC00240,"SCOTT, TIMOTHY E.",C00548396,MISSISSIPPI MAJORITY COMMITTEE,J,Joint fundraising committee,N,PAC - Nonqualified,False
S4SC00240,"SCOTT, TIMOTHY E.",C00546259,RESTORE OUR MAJORITY 2013,J,Joint fundraising committee,S,Senate,False
S4SC00240,"SCOTT, TIMOTHY E.",C00562751,SCOTT CAPITO ROUNDS VICTORY FUND,J,Joint fundraising committee,S,Senate,False
S4SC00240,"SCOTT, TIMOTHY E.",C00549360,SCOTT COTTON DAINES VICTORY FUND (SCDVF),J,Joint fundraising committee,N,PAC - Nonqualified,False
S4SC00240,"SCOTT, TIMOTHY E.",C00565051,SCOTT ROBERTS GARDNER ERNST VICTORY FUND (SRGE VICTORY FUND),J,Joint fundraising committee,S,Senate,False
S4SC00240,"SCOTT, TIMOTHY E.",C00540302,TIM SCOTT FOR AMERICA,P,Principal campaign committee,S,Senate,True
S6LA00573,"SEIDEN, KATHY W",C00921536,SEIDEN FOR SENATE,P,Principal campaign committee,S,Senate,True
S4NJ00441,"SERRANO GLASSNER, CHRISTINE",C00852186,CHRISTINE SERRANO GLASSNER FOR U.S. SENATE,P,Principal campaign committee,S,Senate,True
S4NJ00441,"SERRANO GLASSNER, CHRISTINE",C00850891,GOLD BAR PAC,D,Leadership PAC,N,PAC - Nonqualified,False
S0TN00144,"SETHI, DR. MANNY",C00708628,DR MANNY FOR US SENATE,P,Principal campaign committee,S,Senate,True
S4MD00277,"SEUFERER, STEVEN HENRY",C00827733,STEVEN HENRY SEUFERER FOR CONGRESS,P,Principal campaign committee,S,Senate,True
S4OH00218,"SHABAZZ, TARIQ",C00843490,TARIQ SHABAZZ FOR US SENATE 2024,P,Principal campaign committee,S,Senate,True
S0NH00219,"SHAHEEN, JEANNE",C00451716,2008 WOMEN SENATE FUND,J,Joint fundraising committee,S,Senate,False
S0NH00219,"SHAHEEN, JEANNE",C00567040,BLUE SENATE 2014,J,Joint fundraising committee,S,Senate,False
S0NH00219,"SHAHEEN, JEANNE",C00452227,BRINGING GOVERNORS TO THE SENATE,J,Joint fundraising committee,S,Senate,False
S0NH00219,"SHAHEEN, JEANNE",C00450296,BUILDING OUR SENATE 2008,J,Joint fundraising committee,N,PAC - Nonqualified,False
S0NH00219,"SHAHEEN, JEANNE",C00568592,CANTWELL FOR WOMEN IN THE SENATE 2014,J,Joint fundraising committee,S,Senate,False
S0NH00219,"SHAHEEN, JEANNE",C00378042,CARNAHAN LANDRIEU AND SHAHEEN 2002,J,Joint fundraising committee,S,Senate,False
S0NH00219,"SHAHEEN, JEANNE",C00447722,CITIZENS FOR A STRONGER SENATE,J,Joint fundraising committee,S,Senate,False
S0NH00219,"SHAHEEN, JEANNE",C00455519,COAST TO COAST SENATE 2008,J,Joint fundraising committee,S,Senate,False
S0NH00219,"SHAHEEN, JEANNE",C00555391,COAST TO COAST VICTORY FUND,J,Joint fundraising committee,S,Senate,False
S0NH00219,"SHAHEEN, JEANNE",C00541102,COLORADO NEW HAMPSHIRE VICTORY,J,Joint fundraising committee,S,Senate,False
S0NH00219,"SHAHEEN, JEANNE",C00446724,COMMITTEE FOR A BETTER FUTURE,J,Joint fundraising committee,N,PAC - Nonqualified,False
S0NH00219,"SHAHEEN, JEANNE",C00375402,DASCHLE VICTORY FUND,J,Joint fundraising committee,S,Senate,False
S0NH00219,"SHAHEEN, JEANNE",C00447847,DEMOCRATIC SENATE 2008,J,Joint fundraising committee,N,PAC - Nonqualified,False
S0NH00219,"SHAHEEN, JEANNE",C00436212,DRAFT SHAHEEN COMMITTEE,U,Unauthorized,U,Single Candidate Independent Expenditure,False
S0NH00219,"SHAHEEN, JEANNE",C00560870,GEORGIA NEW HAMPSHIRE VICTORY FUND,J,Joint fundraising committee,S,Senate,False
S0NH00219,"SHAHEEN, JEANNE",C00567529,GRASSROOTS VICTORY PROJECT 2014,J,Joint fundraising committee,N,PAC - Nonqualified,False
S0NH00219,"SHAHEEN, JEANNE",C00439075,JEANNE SHAHEEN FOR SENATE,A,Authorized by a candidate,S,Senate,False
S0NH00219,"SHAHEEN, JEANNE",C00451021,LOUISIANA AND NEW HAMPSHIRE VICTORY FUND,J,Joint fundraising committee,S,Senate,False
S0NH00219,"SHAHEEN, JEANNE",C00454090,MICHIGAN CITIZENS FOR A SAFE ISRAEL,J,Joint fundraising committee,S,Senate,False
S0NH00219,"SHAHEEN, JEANNE",C00448647,NEW HAMPSHIRE / NEW MEXICO VICTORY 2008,J,Joint fundraising committee,S,Senate,False
S0NH00219,"SHAHEEN, JEANNE",C00368787,NEW HAMPSHIRE SENATE 2002,J,Joint fundraising committee,X,Party - Nonqualified,False
S0NH00219,"SHAHEEN, JEANNE",C00547133,NORTH CAROLINA/NEW HAMPSHIRE VICTORY FUND,J,Joint fundraising committee,S,Senate,False
S0NH00219,"SHAHEEN, JEANNE",C00542019,OFF THE SIDELINES LA NC NH,J,Joint fundraising committee,S,Senate,False
S0NH00219,"SHAHEEN, JEANNE",C00566323,OFF THE SIDELINES SENATE 2014,J,Joint fundraising committee,S,Senate,False
S0NH00219,"SHAHEEN, JEANNE",C00454504,RED TO BLUE 2008,J,Joint fundraising committee,S,Senate,False
S0NH00219,"SHAHEEN, JEANNE",C00450775,SECURE OUR SENATE,J,Joint fundraising committee,S,Senate,False
S0NH00219,"SHAHEEN, JEANNE",C00447060,SENATE 2008,J,Joint fundraising committee,Q,PAC - Qualified,False
S0NH00219,"SHAHEEN, JEANNE",C00382820,SENATE MAJORITY 2002,J,Joint fundraising committee,X,Party - Nonqualified,False
S0NH00219,"SHAHEEN, JEANNE",C00447094,SENATE VICTORY 2008,J,Joint fundraising committee,Q,PAC - Qualified,False
S0NH00219,"SHAHEEN, JEANNE",C00540971,SENATE VICTORY 2014,J,Joint fundraising committee,S,Senate,False
S0NH00219,"SHAHEEN, JEANNE",C00457325,SHAHEEN FOR SENATE,P,Principal campaign committee,S,Senate,True
S0NH00219,"SHAHEEN, JEANNE",C00368506,SHAHEEN FOR SENATE  COMMITTEE,P,Principal campaign committee,S,Senate,True
S0NH00219,"SHAHEEN, JEANNE",C00653469,SHAHEEN HEITKAMP VICTORY FUND,J,Joint fundraising committee,S,Senate,False
S0NH00219,"SHAHEEN, JEANNE",C00551333,SHAHEEN VICTORY FUND 2014,J,Joint fundraising committee,N,PAC - Nonqualified,False
S0NH00219,"SHAHEEN, JEANNE",C00542043,TEXANS FOR A PROGRESSIVE SENATE,J,Joint fundraising committee,S,Senate,False
S0NH00219,"SHAHEEN, JEANNE",C00452219,VOICES FOR A SENATE MAJORITY,J,Joint fundraising committee,N,PAC - Nonqualified,False
S0NH00219,"SHAHEEN, JEANNE",C00501791,WARNER KLOBUCHAR SHAHEEN VICTORY,J,Joint fundraising committee,S,Senate,False
S0NH00219,"SHAHEEN, JEANNE",C00447961,WOMEN FOR US SENATE,J,Joint fundraising committee,S,Senate,False
S0NH00219,"SHAHEEN, JEANNE",C00546085,WOMEN OF THE SENATE FUND,J,Joint fundraising committee,S,Senate,False
S0NH00219,"SHAHEEN, JEANNE",C00562116,WOMEN OF THE SENATE FUND 2014,J,Joint fundraising committee,S,Senate,False
S0NH00219,"SHAHEEN, JEANNE",C00556399,WOMEN ON THE ROAD TO THE SENATE: 16 AND COUNTING - LOS ANGELES,J,Joint fundraising committee,N,PAC - Nonqualified,False
S0NH00219,"SHAHEEN, JEANNE",C00556373,WOMEN ON THE ROAD TO THE SENATE: 16 AND COUNTING- SAN FRANCISCO,J,Joint fundraising committee,N,PAC - Nonqualified,False
S0NH00219,"SHAHEEN, JEANNE",C00556381,WOMEN ON THE ROAD TO THE SENATE: 16 AND COUNTING - SEATTLE,J,Joint fundraising committee,N,PAC - Nonqualified,False
S2OK00210,"SHANNON, T.W.",C00808360,T.W. FOR OKLAHOMA,P,Principal campaign committee,S,Senate,True
S4MT00183,"SHEEHY, TIM",C00829465,SHEEHY FOR MT SENATE REPUBLICAN NOMINEE FUND 2024,A,Authorized by a candidate,S,Senate,False
S4MT00183,"SHEEHY, TIM",C00844159,TIM SHEEHY FOR MONTANA,P,Principal campaign committee,S,Senate,True
S6IL00599,"SHEPHERD, JUMP WESLEY",C00907360,JUMP SHEPHERD FOR U.S. SENATE,P,Principal campaign committee,S,Senate,True
S4TX00805,"SHERMAN, CARL OSCAR SR.",C00850461,CARL SHERMAN FOR TEXAS,P,Principal campaign committee,S,Senate,True
S6AR00199,"SHOFFNER, HALLIE",C00905471,HALLIE SHOFFNER FOR ARKANSAS,P,Principal campaign committee,S,Senate,True
S4WV00357,"SHREWSBURY, ZACHARY C",C00853242,SHREWSBURY FOR SENATE,P,Principal campaign committee,S,Senate,True
S6DE00198,"SHULLI, JOHN",C00933663,SHULLI FOR SENATE,P,Principal campaign committee,S,Senate,True
S2NC00547,"SIBHATU, LICHIA WOLDEGABREAL",C00785451,LICHIA SIBHATU AND COMMITTEE,P,Principal campaign committee,S,Senate,True
S4CA00944,"SIGMON, MICHAEL R",C00865451,MICHAEL SIGMON IS HELL BELL THE CALIFORNIA SENATE,P,Principal campaign committee,S,Senate,True
S4MD00418,"SIGMON, MICHAEL R",C00872747,MICHAEL SIGMON IS HELL BELL FOR THE MARYLAND SENATE,P,Principal campaign committee,S,Senate,True
S4WV00373,"SIGMON, MICHAEL R",C00857581,HELL BELL FOR THE SENATE,A,Authorized by a candidate,S,Senate,False
S4WV00373,"SIGMON, MICHAEL R",C00874271,HELL BENT FOR THE WEST VIRGINIA SENATE,P,Principal campaign committee,S,Senate,True
S4WV00381,"SIGMON, MICHAEL R",C00858803,MICHAEL SIGMON IS HELL BELL FOR THE SENATE,P,Principal campaign committee,S,Senate,True
S4MD00608,"SIGMON, MICHAEL RAY",C00872747,MICHAEL SIGMON IS HELL BELL FOR THE MARYLAND SENATE,P,Principal campaign committee,S,Senate,True
S4MD00541,"SIGMON, MICHAEL RAY",C00874263,HELL BENT FOR THE MARYLAND SENATE,P,Principal campaign committee,S,Senate,True
S6TX00495,"SIMMONS, JADE",C00923201,JADE SIMMONS FOR SENATE,P,Principal campaign committee,S,Senate,True
S6TX00586,"SIMS, DANIEL M",C00933440,REFORM TEXAS WITH DANIEL M SIMS,P,Principal campaign committee,S,Senate,True
S8AZ00197,"SINEMA, KYRSTEN",C00661314,ARIZONA NEVADA VICTORY FUND,J,Joint fundraising committee,S,Senate,False
S8AZ00197,"SINEMA, KYRSTEN",C00683094,ARIZONA OREGON VICTORY FUND,J,Joint fundraising committee,S,Senate,False
S8AZ00197,"SINEMA, KYRSTEN",C00631960,BLUE SENATE 2018,J,Joint fundraising committee,S,Senate,False
S8AZ00197,"SINEMA, KYRSTEN",C00677468,GREEN SENATE IMPACT 2018,J,Joint fundraising committee,S,Senate,False
S8AZ00197,"SINEMA, KYRSTEN",C00633925,JUSTICE 2018,J,Joint fundraising committee,N,PAC - Nonqualified,False
S8AZ00197,"SINEMA, KYRSTEN",C00666032,SENATE IMPACT MT & AZ,J,Joint fundraising committee,S,Senate,False
S8AZ00197,"SINEMA, KYRSTEN",C00508804,SINEMA FOR ARIZONA,P,Principal campaign committee,S,Senate,True
S8AZ00197,"SINEMA, KYRSTEN",C00685057,WOMEN ON THE ROAD 2018,J,Joint fundraising committee,N,PAC - Nonqualified,False
S8NJ00483,"SINGH, HIRSH",C00669077,SINGH FOR SENATE,P,Principal campaign committee,S,Senate,True
S8NJ00483,"SINGH, HIRSH",C00670737,SINGH FOR SENATE,P,Principal campaign committee,S,Senate,True
S0NJ00191,"SINGH, HIRSH V",C00670737,SINGH FOR SENATE,P,Principal campaign committee,S,Senate,True
S4CA00761,"SINGH, MAJOR",C00808436,MAJOR SINGH FOR CALIFORNIA,P,Principal campaign committee,S,Senate,True
S6NH00133,"SIVALINGAM, TEJASINHA",C00786921,SIVALINGAM FOR SENATE,P,Principal campaign committee,S,Senate,True
S6OR05184,"SKELTON, TIMOTHY WILLIAM",C00903138,TIM SKELTON FOR SENATE,P,Principal campaign committee,S,Senate,True
S6WY00191,"SKOVGARD, JIMMY MR",C00903369,SKOVGARD FOR SENATE,P,Principal campaign committee,S,Senate,True
S6LA00672,"SKRMETTA, ERIC",C00937045,ERIC SKRMETTA FOR U.S. SENATE CAMPAIGN INC.,P,Principal campaign committee,S,Senate,True
S4MI00470,"SLOTKIN, ELISSA",C00834218,ELISSA SLOTKIN FOR MICHIGAN,P,Principal campaign committee,S,Senate,True
S6ME00290,"SMERIGLIO, DANIEL C",C00903872,DANIEL SMERIGLIO FOR SENATE,P,Principal campaign committee,S,Senate,True
S2WA00387,"SMILEY, TIFFANY",C00772988,SMILEY FOR WA SENATE REPUBLICAN NOMINEE FUND 2022,A,Authorized by a candidate,S,Senate,False
S2WA00387,"SMILEY, TIFFANY",C00776765,SMILEY FOR WASHINGTON INC.,U,Unauthorized,N,PAC - Nonqualified,False
S6MS00125,"SMITH, ANDREW SCOTT",C00865618,ANDREW SCOTT SMITH FOR CONGRESS,P,Principal campaign committee,S,Senate,True
S6MI00517,"SMITH, BERNADETTE",C00926279,BERNADETTE SMITH FOR US SENATE,P,Principal campaign committee,S,Senate,True
S4VA00197,"SMITH, C.L. CHUCK JR",C00794032,CHUCK SMITH FOR US SENATE,P,Principal campaign committee,S,Senate,True
S4VA00197,"SMITH, C.L. CHUCK JR",C00932962,CHUCK SMITH FOR US SENATE,P,Principal campaign committee,S,Senate,True
S6OR05218,"SMITH, DAVID BROCK",C00941559,DAVID BROCK SMITH FOR OREGON,P,Principal campaign committee,S,Senate,True
S0NC00343,"SMITH, ERICA DANETTE",C00696104,ERICA FOR US,P,Principal campaign committee,H,House,True
S0NC00343,"SMITH, ERICA DANETTE",C00717918,FLIP THE SENATE PAC,U,Unauthorized,O,Super PAC (Independent Expenditure-Only),False
S2TN00371,"SMITH, JASON J",C00773929,SMITH FOR US SENATE,P,Principal campaign committee,S,Senate,True
S4FL00629,"SMITH, JOE",C00867580,AMERICANS AGAINST CRIME AND CORRUPTION,P,Principal campaign committee,S,Senate,True
S2NH00231,"SMITH, KEVIN H.",C00800326,KEVIN SMITH FOR SENATE,P,Principal campaign committee,S,Senate,True
S2MD00529,"SMITH, MICHELLE LAURENCE MS",C00724328,MICHELLE L SMITH FOR SENATE,P,Principal campaign committee,S,Senate,True
S8MN00578,"SMITH, TINA",C00677468,GREEN SENATE IMPACT 2018,J,Joint fundraising committee,S,Senate,False
S8MN00578,"SMITH, TINA",C00677450,HEIDI TINA VICTORY FUND,J,Joint fundraising committee,S,Senate,False
S8MN00578,"SMITH, TINA",C00633925,JUSTICE 2018,J,Joint fundraising committee,N,PAC - Nonqualified,False
S8MN00578,"SMITH, TINA",C00681460,SENATE IMPACT: MN & NV,J,Joint fundraising committee,S,Senate,False
S8MN00578,"SMITH, TINA",C00663781,TINA SMITH FOR MINNESOTA,P,Principal campaign committee,S,Senate,True
S8MN00578,"SMITH, TINA",C00685057,WOMEN ON THE ROAD 2018,J,Joint fundraising committee,N,PAC - Nonqualified,False
S8MN00578,"SMITH, TINA",C00672840,WOMEN ON THE ROAD SEATTLE 2018,J,Joint fundraising committee,N,PAC - Nonqualified,False
S6NM01137,"SMITH, TOBY MR.",C00924522,TOBY SMITH FOR CONGRESS,P,Principal campaign committee,S,Senate,True
S4MI00710,"SOLIS-MULLEN, JOSEPH",C00884742,THE COMMITTEE TO ELECT JOSEPH SOLIS-MULLEN,P,Principal campaign committee,S,Senate,True
S0VA00088,"SPECIALE, THOMAS A II",C00710608,FOR VIRGINIA,U,Unauthorized,N,PAC - Nonqualified,False
S6NY00243,"SPENCER, JOHN D",C00412817,SPENCER FOR SENATE COMMITTEE,P,Principal campaign committee,S,Senate,True
S6LA00698,"SPENCER, MARK",C00941880,MARK SPENCER FOR LOUISIANA,P,Principal campaign committee,S,Senate,True
S6KS00262,"SPIDEL NEUMANN, SANDY",C00923474,SANDY FOR KANSAS,P,Principal campaign committee,S,Senate,True
S8MI00281,"STABENOW, DEBBIE",C00631960,BLUE SENATE 2018,J,Joint fundraising committee,S,Senate,False
S8MI00281,"STABENOW, DEBBIE",C00402958,COMMITTEE FOR A BETTER FUTURE,J,Joint fundraising committee,S,Senate,False
S8MI00281,"STABENOW, DEBBIE",C00504654,CSB VICTORY,J,Joint fundraising committee,S,Senate,False
S8MI00281,"STABENOW, DEBBIE",C00528505,FEINSTEIN/STABENOW VICTORY,J,Joint fundraising committee,S,Senate,False
S8MI00281,"STABENOW, DEBBIE",C00420802,GARDEN STATE TAKE BACK AMERICA,J,Joint fundraising committee,Y,Party - Qualified,False
S8MI00281,"STABENOW, DEBBIE",C00677468,GREEN SENATE IMPACT 2018,J,Joint fundraising committee,S,Senate,False
S8MI00281,"STABENOW, DEBBIE",C00639203,MICHIGAN MISSOURI VICTORY FUND,J,Joint fundraising committee,S,Senate,False
S8MI00281,"STABENOW, DEBBIE",C00678094,MICHIGAN OHIO VICTORY FUND,J,Joint fundraising committee,S,Senate,False
S8MI00281,"STABENOW, DEBBIE",C00349126,MICHIGAN SENATE 2000,J,Joint fundraising committee,X,Party - Nonqualified,False
S8MI00281,"STABENOW, DEBBIE",C00410480,MICHIGAN SENATE 2006,J,Joint fundraising committee,X,Party - Nonqualified,False
S8MI00281,"STABENOW, DEBBIE",C00495754,MICHIGAN SENATE 2012,J,Joint fundraising committee,N,PAC - Nonqualified,False
S8MI00281,"STABENOW, DEBBIE",C00636191,MICHIGAN SENATE VICTORY 2018,J,Joint fundraising committee,N,PAC - Nonqualified,False
S8MI00281,"STABENOW, DEBBIE",C00495580,MICHIGAN VICTORY FUND,J,Joint fundraising committee,N,PAC - Nonqualified,False
S8MI00281,"STABENOW, DEBBIE",C00410159,MICHIGAN/WASHINGTON SENATE VICTORY,J,Joint fundraising committee,S,Senate,False
S8MI00281,"STABENOW, DEBBIE",C00636803,MICHIGAN WISCONSIN VICTORY FUND,J,Joint fundraising committee,S,Senate,False
S8MI00281,"STABENOW, DEBBIE",C00510057,"MI, RI, MT VICTORY FUND",J,Joint fundraising committee,S,Senate,False
S8MI00281,"STABENOW, DEBBIE",C00355370,SEARCHLIGHT VICTORY FUND,J,Joint fundraising committee,N,PAC - Nonqualified,False
S8MI00281,"STABENOW, DEBBIE",C00416206,SENATE VICTORY 2006,J,Joint fundraising committee,X,Party - Nonqualified,False
S8MI00281,"STABENOW, DEBBIE",C00344473,STABENOW FOR US SENATE,P,Principal campaign committee,S,Senate,True
S8MI00281,"STABENOW, DEBBIE",C00514638,STABENOW/MCCASKILL VICTORY FUND,J,Joint fundraising committee,S,Senate,False
S8MI00281,"STABENOW, DEBBIE",C00637173,STABENOW WARREN VICTORY FUND,J,Joint fundraising committee,S,Senate,False
S8MI00281,"STABENOW, DEBBIE",C00545871,STABENOW WYDEN VICTORY FUND,J,Joint fundraising committee,S,Senate,False
S8MI00281,"STABENOW, DEBBIE",C00492736,TEXANS FOR A PROGRESSIVE SENATE,J,Joint fundraising committee,S,Senate,False
S8MI00281,"STABENOW, DEBBIE",C00630467,TEXANS FOR A PROGRESSIVE SENATE,J,Joint fundraising committee,S,Senate,False
S8MI00281,"STABENOW, DEBBIE",C00634352,UPPER MIDWEST WOMEN VICTORY FUND,J,Joint fundraising committee,S,Senate,False
S8MI00281,"STABENOW, DEBBIE",C00685057,WOMEN ON THE ROAD 2018,J,Joint fundraising committee,N,PAC - Nonqualified,False
S8MI00281,"STABENOW, DEBBIE",C00511642,WOMEN ON THE ROAD TO THE SENATE: 12 AND COUNTING - BAY AREA,J,Joint fundraising committee,N,PAC - Nonqualified,False
S8MI00281,"STABENOW, DEBBIE",C00511626,WOMEN ON THE ROAD TO THE SENATE: 12 AND COUNTING -DENVER,J,Joint fundraising committee,N,PAC - Nonqualified,False
S8MI00281,"STABENOW, DEBBIE",C00511659,WOMEN ON THE ROAD TO THE SENATE: 12 AND COUNTING-LOS ANGELES,J,Joint fundraising committee,N,PAC - Nonqualified,False
S8MI00281,"STABENOW, DEBBIE",C00511634,WOMEN ON THE ROAD TO THE SENATE: 12 AND COUNTING-SEATTLE,J,Joint fundraising committee,N,PAC - Nonqualified,False
S8MI00281,"STABENOW, DEBBIE",C00413518,WOMEN SENATE 2006,J,Joint fundraising committee,N,PAC - Nonqualified,False
S8MI00281,"STABENOW, DEBBIE",C00501767,WOMEN'S SENATE VICTORY FUND,J,Joint fundraising committee,S,Senate,False
S2ND00107,"STEELE, MICHAEL JAMES",C00690586,MICHAEL J. STEELE FOR UNITED STATES SENATE 2028,P,Principal campaign committee,S,Senate,True
S2LA00168,"STEIB, SYRITA",C00802710,SUPPORT SYRITA STEIB,P,Principal campaign committee,S,Senate,True
S8SC00142,"STEPHENSON, CHRIS",C00943829,STEPHENSON 4 OFFICE,P,Principal campaign committee,S,Senate,True
S6MI00509,"STEPHENS, THOMAS WAYNE",C00915314,TJ STEPHENS FOR SENATE,P,Principal campaign committee,S,Senate,True
S6MI00426,"STEVENS, HALEY",C00903039,HALEY STEVENS FOR SENATE,P,Principal campaign committee,S,Senate,True
S6KY00211,"STEVENSON, PAMELA",C00897058,PAMELA STEVENSON FOR KENTUCKY,P,Principal campaign committee,S,Senate,True
S4IA00194,"STEWART, RICK",C00753657,RICK STEWART,P,Principal campaign committee,S,Senate,True
S8AL00308,"STRANGE, LUTHER J III",C00629451,STRANGE FOR SENATE,P,Principal campaign committee,S,Senate,True
S6IL00458,"STRATTON, JULIANA",C00903252,JULIANA FOR ILLINOIS,P,Principal campaign committee,S,Senate,True
S2PA00448,"STREET, SHARIF",C00774844,SHARIF STREET FOR US,P,Principal campaign committee,H,House,True
S6SC04320,"STRUNGE, EDWARD IV",C00926378,ICD,P,Principal campaign committee,S,Senate,True
S4AK00214,"SULLIVAN, DAN",C00701243,2019 SENATORS CLASSIC COMMITTEE,J,Joint fundraising committee,S,Senate,False
S4AK00214,"SULLIVAN, DAN",C00570994,ALASKANS FOR DAN SULLIVAN,P,Principal campaign committee,S,Senate,True
S4AK00214,"SULLIVAN, DAN",C00705954,ALASKA SENATE REPUBLICAN NOMINEE FUND - DAN SULLIVAN,A,Authorized by a candidate,S,Senate,False
S4AK00214,"SULLIVAN, DAN",C00568055,CASSIDY PERDUE SULLIVAN TILLIS VICTORY FUND (CPST VICTORY FUND),J,Joint fundraising committee,S,Senate,False
S4AK00214,"SULLIVAN, DAN",C00563858,FOUNDERS SENATE CANDIDATE COMMITTEE,J,Joint fundraising committee,N,PAC - Nonqualified,False
S4AK00214,"SULLIVAN, DAN",C00553016,FRIENDS FOR AN AMERICAN MAJORITY,J,Joint fundraising committee,S,Senate,False
S4AK00214,"SULLIVAN, DAN",C00563403,GARDNER DAINES SULLIVAN VICTORY FUND,J,Joint fundraising committee,S,Senate,False
S4AK00214,"SULLIVAN, DAN",C00568477,GARDNER SULLIVAN VICTORY,J,Joint fundraising committee,S,Senate,False
S4AK00214,"SULLIVAN, DAN",C00558247,LEGACY VICTORY COMMITTEE 2014,J,Joint fundraising committee,N,PAC - Nonqualified,False
S4AK00214,"SULLIVAN, DAN",C00567941,MCFADDEN ERNST COTTON SULLIVAN VICTORY FUND (MECS VICTORY FUND),J,Joint fundraising committee,N,PAC - Nonqualified,False
S4AK00214,"SULLIVAN, DAN",C00568402,NEW SENATE MAJORITY 2014,J,Joint fundraising committee,N,PAC - Nonqualified,False
S4AK00214,"SULLIVAN, DAN",C00027466,NRSC,U,Unauthorized,Y,Party - Qualified,False
S4AK00214,"SULLIVAN, DAN",C00551093,SULLIVAN FOR US SENATE,A,Authorized by a candidate,S,Senate,False
S4AK00214,"SULLIVAN, DAN",C00609255,SULLIVAN VICTORY,J,Joint fundraising committee,N,PAC - Nonqualified,False
S4AK00214,"SULLIVAN, DAN",C00568485,SULLIVAN VICTORY COMMITTEE,J,Joint fundraising committee,N,PAC - Nonqualified,False
S4AK00214,"SULLIVAN, DAN",C00568014,TILLIS COTTON SULLIVAN DAINES VICTORY FUND,J,Joint fundraising committee,S,Senate,False
S6NH00190,"SULLIVAN, JARED",C00920223,FRIENDS OF JARED SULLIVAN FOR US SENATE,P,Principal campaign committee,S,Senate,True
S4FL00686,"SUN, KATY",C00860197,KATY SUN FOR SUNSHINE SENATOR,P,Principal campaign committee,S,Senate,True
S6NH00208,"SUNUNU, JOHN E",C00924092,SUNUNU SENATOR,P,Principal campaign committee,S,Senate,True
S6TN00398,"SUTMAN, DAVID JR",C00943720,DAVID SUTMAN JR FOR SENATE,P,Principal campaign committee,S,Senate,True
S6IL00409,"SWANN, CHRISTOPHER ALEXANDER",C00867523,NEIGHBORS FOR CHRISTOPHER SWANN,P,Principal campaign committee,S,Senate,True
S6TX00396,"SWANSON, MICHAEL",C00902551,FRIENDS OF MICHAEL SWANSON,P,Principal campaign committee,S,Senate,True
S0WV00215,"SWEARENGIN, PAULA JEAN",C00708891,PAULA JEAN FOR WEST VIRGINIA,P,Principal campaign committee,S,Senate,True
S8WV00119,"SWEARENGIN, PAULA JEAN",C00708891,PAULA JEAN FOR WEST VIRGINIA,P,Principal campaign committee,S,Senate,True
S8WV00119,"SWEARENGIN, PAULA JEAN",C00640219,PAULA SWEARENGIN 2018,A,Authorized by a candidate,S,Senate,False
S6OK04148,"SWEARENGIN, TAMMY",C00722272,TAMMY SWEARENGIN FOR US SENATE,P,Principal campaign committee,S,Senate,True
S6AL00435,"SWEETSER, KYLE",C00901777,KYLE FOR ALABAMA,P,Principal campaign committee,S,Senate,True
S8MO00178,"SYKES, B COURTLAND",C00656694,COURTLAND SYKES FOR SENATE,P,Principal campaign committee,S,Senate,True
S6NJ00420,"TABOR, RICHARD JEROME SR",C00940783,TABOR FOR SENATE,P,Principal campaign committee,S,Senate,True
S6MA00288,"TACHE, JOSEPH",C00920793,JOE TACHE FOR SENATE,P,Principal campaign committee,S,Senate,True
S6MN00556,"TAFOYA, MICHELE",C00935528,TAFOYA FOR SENATE,P,Principal campaign committee,S,Senate,True
S4MS00211,"TAGGART, JON M MR.",C00880278,JMT4MS,P,Principal campaign committee,S,Senate,True
S6TX00479,"TALARICO, JAMES",C00919084,TALARICO FOR TEXAS,P,Principal campaign committee,S,Senate,True
S6MN00564,"TAMBORNINO, EDWARD HAROLD",C00946566,COMMITTEE TO ELECT EDWARD TAMBORNINO,P,Principal campaign committee,S,Senate,True
S6FL00871,"TANEJA PERRY, NEELAM DR",C00849588,NEELAM TANEJA PERRY PAC,P,Principal campaign committee,S,Senate,True
S0NV00203,"TARKANIAN, DANNY",C00465963,TARKANIAN FOR CONGRESS,P,Principal campaign committee,H,House,True
S6MI00459,"TATE, JOSEPH ALLEN",C00904862,TATE FOR MICHIGAN,P,Principal campaign committee,S,Senate,True
S2AL00152,"TAYLOR, JESSICA",C00784066,JESSICA TAYLOR FOR SENATE INC.,P,Principal campaign committee,S,Senate,True
S6KS00296,"TAYLOR, NOAH",C00943803,NOAH TAYLOR FOR KANSAS,P,Principal campaign committee,S,Senate,True
S4TX00623,"TAYLOR, SHERRI LYNN",C00827758,SHERRI LYNN TAYLOR FOR US SENATE TEXAS,A,Authorized by a candidate,S,Senate,False
S4DE00086,"TAYLOR, WILLIAM JOSEPH",C00847517,TAYLOR MADE FOR SENATE,P,Principal campaign committee,S,Senate,True
S6NC00548,"TEMPLE, ELIZABETH A.",C00913905,ELIZABETH ANNE TEMPLE,P,Principal campaign committee,S,Senate,True
S6GA00309,"TEMPLE, RICK",C00892349,RICK TEMPLE FOR US SENATE,P,Principal campaign committee,S,Senate,True
S8NY00306,"TEMURI, PRINCE MUHAMMAD ALI",C00750935,UNITED PEOPLE'S PARTY,U,Unauthorized,S,Senate,False
S2LA00077,"TERRELL, SUZANNE HAIK",C00383331,LOUISIANA VICTORY 2002 FUND,J,Joint fundraising committee,Y,Party - Qualified,False
S2LA00077,"TERRELL, SUZANNE HAIK",C00380212,TERRELL FOR SENATE,P,Principal campaign committee,S,Senate,True
S2LA00077,"TERRELL, SUZANNE HAIK",C00383133,TERRELL VICTORY COMMITTEE,J,Joint fundraising committee,Y,Party - Qualified,False
S6MT00162,"TESTER, R. JON",C00499921,2012 SENATE VICTORY,J,Joint fundraising committee,S,Senate,False
S6MT00162,"TESTER, R. JON",C00429266,BIG SKY SENATE VICTORY,J,Joint fundraising committee,Q,PAC - Qualified,False
S6MT00162,"TESTER, R. JON",C00513622,FLORIDA MONTANA VICTORY FUND,J,Joint fundraising committee,S,Senate,False
S6MT00162,"TESTER, R. JON",C00427526,FORD-TESTER 2006,J,Joint fundraising committee,S,Senate,False
S6MT00162,"TESTER, R. JON",C00637165,GREEN SENATE IMPACT 2018,J,Joint fundraising committee,S,Senate,False
S6MT00162,"TESTER, R. JON",C00520940,HEARTLAND VICTORY FUND 2012,J,Joint fundraising committee,N,PAC - Nonqualified,False
S6MT00162,"TESTER, R. JON",C00660357,HEINRICH TESTER VICTORY FUND,J,Joint fundraising committee,S,Senate,False
S6MT00162,"TESTER, R. JON",C00502401,JUSTICE 2012,J,Joint fundraising committee,S,Senate,False
S6MT00162,"TESTER, R. JON",C00527838,JUSTICE 2012 TEXAS,J,Joint fundraising committee,S,Senate,False
S6MT00162,"TESTER, R. JON",C00633925,JUSTICE 2018,J,Joint fundraising committee,N,PAC - Nonqualified,False
S6MT00162,"TESTER, R. JON",C00428672,MINNESOTA/MONTANA VICTORY 2006,J,Joint fundraising committee,S,Senate,False
S6MT00162,"TESTER, R. JON",C00510057,"MI, RI, MT VICTORY FUND",J,Joint fundraising committee,S,Senate,False
S6MT00162,"TESTER, R. JON",C00509125,MISSOURI-MONTANA FUND,J,Joint fundraising committee,S,Senate,False
S6MT00162,"TESTER, R. JON",C00667493,MONTANA CONNECTICUT VICTORY,J,Joint fundraising committee,S,Senate,False
S6MT00162,"TESTER, R. JON",C00499913,MONTANA NEBRASKA VICTORY FUND,J,Joint fundraising committee,S,Senate,False
S6MT00162,"TESTER, R. JON",C00523183,MONTANA NEVADA VICTORY FUND,J,Joint fundraising committee,S,Senate,False
S6MT00162,"TESTER, R. JON",C00525501,MONTANA NEW MEXICO VICTORY FUND,J,Joint fundraising committee,S,Senate,False
S6MT00162,"TESTER, R. JON",C00638296,MONTANA NORTH DAKOTA VICTORY FUND,J,Joint fundraising committee,S,Senate,False
S6MT00162,"TESTER, R. JON",C00412304,MONTANANS FOR TESTER,P,Principal campaign committee,S,Senate,True
S6MT00162,"TESTER, R. JON",C00494146,MONTANA SENATE 2012,J,Joint fundraising committee,N,PAC - Nonqualified,False
S6MT00162,"TESTER, R. JON",C00427989,MONTANA SENATE VICTORY 2006,J,Joint fundraising committee,Q,PAC - Qualified,False
S6MT00162,"TESTER, R. JON",C00496448,MONTANA SENATE VICTORY 2012,J,Joint fundraising committee,N,PAC - Nonqualified,False
S6MT00162,"TESTER, R. JON",C00459057,MONTANA VIRGINIA VICTORY FUND,J,Joint fundraising committee,S,Senate,False
S6MT00162,"TESTER, R. JON",C00510347,MONTANA VIRGINIA VICTORY FUND,J,Joint fundraising committee,S,Senate,False
S6MT00162,"TESTER, R. JON",C00460774,OHIO/MONTANA VICTORY FUND,J,Joint fundraising committee,S,Senate,False
S6MT00162,"TESTER, R. JON",C00887521,REPUBLICANS FOR TESTER,A,Authorized by a candidate,S,Senate,False
S6MT00162,"TESTER, R. JON",C00523191,SAVE OUR SENATE: JACKSON HOLE,J,Joint fundraising committee,S,Senate,False
S6MT00162,"TESTER, R. JON",C00667501,SENATE 2018 IMPACT,J,Joint fundraising committee,S,Senate,False
S6MT00162,"TESTER, R. JON",C00634360,SENATE IMPACT 2018,J,Joint fundraising committee,S,Senate,False
S6MT00162,"TESTER, R. JON",C00679340,SENATE IMPACT: IN & MT 2018,J,Joint fundraising committee,S,Senate,False
S6MT00162,"TESTER, R. JON",C00666032,SENATE IMPACT MT & AZ,J,Joint fundraising committee,S,Senate,False
S6MT00162,"TESTER, R. JON",C00676817,SENATE IMPACT WV & MT,J,Joint fundraising committee,S,Senate,False
S6MT00162,"TESTER, R. JON",C00547679,TESTER VICTORY FUND,J,Joint fundraising committee,N,PAC - Nonqualified,False
S4CA00886,"THELEN, DAVID",C00855429,VISION 2020 LIGHT,P,Principal campaign committee,S,Senate,True
S2CA01193,"THEODORE, CHRIS",C00776633,FRIENDS OF CHRIS THEODORE,P,Principal campaign committee,S,Senate,True
S4PA00360,"THOMAS, JOHN C.",C00875799,FRIENDS OF JOHN THOMAS,P,Principal campaign committee,S,Senate,True
S6OK04163,"THOMAS, N'KIYLA JASMINE - ANN",C00899559,NKIYLA FOR OK,P,Principal campaign committee,S,Senate,True
S6KY00310,"THOMPSON, VINCENT ANTHONY",C00916122,VINCENT THOMPSON CAMPAIGN FUND,P,Principal campaign committee,S,Senate,True
S0KY00198,"THONEY, ROGER",C00354365,ROGER THONEY FOR CONGRESS,P,Principal campaign committee,S,Senate,True
S2SD00068,"THUNE, JOHN R.",C00400861,2004 JOINT CANDIDATE COMMITTEE,J,Joint fundraising committee,N,PAC - Nonqualified,False
S2SD00068,"THUNE, JOHN R.",C00405977,2004 JOINT CANDIDATE COMMITTEE II,J,Joint fundraising committee,N,PAC - Nonqualified,False
S2SD00068,"THUNE, JOHN R.",C00461152,2009 SENATORS CLASSIC COMMITTEE,J,Joint fundraising committee,N,PAC - Nonqualified,False
S2SD00068,"THUNE, JOHN R.",C00481713,2010 SENATORS' CLASSIC COMMITTEE,J,Joint fundraising committee,S,Senate,False
S2SD00068,"THUNE, JOHN R.",C00576280,2015 SENATORS CLASSIC COMMITTEE,J,Joint fundraising committee,S,Senate,False
S2SD00068,"THUNE, JOHN R.",C00585224,AYOTTE-PORTMAN-THUNE COMMITTEE,J,Joint fundraising committee,S,Senate,False
S2SD00068,"THUNE, JOHN R.",C00370296,BATTLE BORN CLASSIC COMMITTEE,J,Joint fundraising committee,N,PAC - Nonqualified,False
S2SD00068,"THUNE, JOHN R.",C00399576,BIG SKY VICTORY COMMITTEE,J,Joint fundraising committee,X,Party - Nonqualified,False
S2SD00068,"THUNE, JOHN R.",C00409581,FRIENDS OF JOHN THUNE,P,Principal campaign committee,S,Senate,True
S2SD00068,"THUNE, JOHN R.",C00380261,GOOD GOVERNMENT FUND,J,Joint fundraising committee,S,Senate,False
S2SD00068,"THUNE, JOHN R.",C00307165,JOHN THUNE FOR SOUTH DAKOTA,A,Authorized by a candidate,S,Senate,False
S2SD00068,"THUNE, JOHN R.",C00395228,JOHN THUNE FOR US SENATE,A,Authorized by a candidate,S,Senate,False
S2SD00068,"THUNE, JOHN R.",C00405456,MAJORITY FUND FOR AMERICA'S FUTURE COMMITTEE THE,J,Joint fundraising committee,N,PAC - Nonqualified,False
S2SD00068,"THUNE, JOHN R.",C00401158,N/W 2004 COMMITTEE,J,Joint fundraising committee,S,Senate,False
S2SD00068,"THUNE, JOHN R.",C00378000,ROAD TO 51 COMMITTEE,J,Joint fundraising committee,S,Senate,False
S2SD00068,"THUNE, JOHN R.",C00577924,SAFEGUARD THE MAJORITY FUND,J,Joint fundraising committee,N,PAC - Nonqualified,False
S2SD00068,"THUNE, JOHN R.",C00401372,SENATE FREEDOM FUND COMMITTEE,J,Joint fundraising committee,N,PAC - Nonqualified,False
S2SD00068,"THUNE, JOHN R.",C00396226,SENATE MAJORITY COMMITTEE,J,Joint fundraising committee,N,PAC - Nonqualified,False
S2SD00068,"THUNE, JOHN R.",C00382622,SOUTH DAKOTA SPORTMANS ALLIANCE,U,Unauthorized,U,Single Candidate Independent Expenditure,False
S2SD00068,"THUNE, JOHN R.",C00397299,THUNE FOR AMERICA'S FUTURE COMMITTEE,J,Joint fundraising committee,N,PAC - Nonqualified,False
S2SD00068,"THUNE, JOHN R.",C00376608,W/N 2002 C0MMITTEE,J,Joint fundraising committee,S,Senate,False
S4NC00162,"TILLIS, THOM R SEN",C00701243,2019 SENATORS CLASSIC COMMITTEE,J,Joint fundraising committee,S,Senate,False
S4NC00162,"TILLIS, THOM R SEN",C00567131,ALLIANCE FOR ADVANCING AMERICA,J,Joint fundraising committee,S,Senate,False
S4NC00162,"TILLIS, THOM R SEN",C00568055,CASSIDY PERDUE SULLIVAN TILLIS VICTORY FUND (CPST VICTORY FUND),J,Joint fundraising committee,S,Senate,False
S4NC00162,"TILLIS, THOM R SEN",C00669085,CHAIRMAN'S VICTORY FUND,J,Joint fundraising committee,N,PAC - Nonqualified,False
S4NC00162,"TILLIS, THOM R SEN",C00563858,FOUNDERS SENATE CANDIDATE COMMITTEE,J,Joint fundraising committee,N,PAC - Nonqualified,False
S4NC00162,"TILLIS, THOM R SEN",C00553016,FRIENDS FOR AN AMERICAN MAJORITY,J,Joint fundraising committee,S,Senate,False
S4NC00162,"TILLIS, THOM R SEN",C00705640,FRIENDS OF THOM TILLIS,A,Authorized by a candidate,S,Senate,False
S4NC00162,"TILLIS, THOM R SEN",C00567438,MCCONNELL-TILLIS MAJORITY COMMITTEE,J,Joint fundraising committee,S,Senate,False
S4NC00162,"TILLIS, THOM R SEN",C00545772,THOM TILLIS COMMITTEE,P,Principal campaign committee,S,Senate,True
S4NC00162,"TILLIS, THOM R SEN",C00564633,THOM TILLIS VICTORY COMMITTEE,J,Joint fundraising committee,N,PAC - Nonqualified,False
S4NC00162,"TILLIS, THOM R SEN",C00568014,TILLIS COTTON SULLIVAN DAINES VICTORY FUND,J,Joint fundraising committee,S,Senate,False
S4NC00162,"TILLIS, THOM R SEN",C00572495,TILLIS MAJORITY COMMITTEE,J,Joint fundraising committee,N,PAC - Nonqualified,False
S4NC00162,"TILLIS, THOM R SEN",C00546648,TILLIS VICTORY COMMITTEE,J,Joint fundraising committee,N,PAC - Nonqualified,False
S2IL00234,"TILLMAN, JIMMY LEE II",C00800441,JIMMY LEE TILLMAN II FOR US SENATE,P,Principal campaign committee,S,Senate,True
S6MS00141,"TILL, PRISCILLA WILLIAMS",C00921445,PRISCILLA WILLIAMS TILL FOR U. S. SENATE,P,Principal campaign committee,S,Senate,True
S6MS00158,"TILL, PRISCILLA WILLIAMS",C00921445,PRISCILLA WILLIAMS TILL FOR U. S. SENATE,P,Principal campaign committee,S,Senate,True
S4WA00656,"TILTON, DAVID M",C00878835,TILTON FOR WASHINGTON,P,Principal campaign committee,S,Senate,True
S2OH00360,"TIMKEN, JANE",C00769745,JANE TIMKEN FOR OHIO,P,Principal campaign committee,S,Senate,True
S4PA00303,"TOMASETTI, BRANDI",C00866442,TOMASETTI FOR SENATE,P,Principal campaign committee,S,Senate,True
S4FL00769,"TOULME, ALIX CHRISTOPHER MR. JR.",C00892695,ALIX CHRISTOPHER TOULME JR. FOR SENATE 2026,P,Principal campaign committee,S,Senate,True
S4FL00769,"TOULME, ALIX CHRISTOPHER MR. JR.",C00873786,ALIX CHRISTOPHER TOULME JR. (ZN) FOR SENATE 2024,A,Authorized by a candidate,S,Senate,False
S4FL00520,"TOULME, ALIX CHRISTOPHER MR. JR.",C00939199,A.C. TOULME JR. FOR SENATE 2026,P,Principal campaign committee,S,Senate,True
S4FL00520,"TOULME, ALIX CHRISTOPHER MR. JR.",C00834903,ALIX CHRISTOPHER TOULME JR. FOR SENATE 2024,A,Authorized by a candidate,S,Senate,False
S0NM00074,"TOULOUSE OLIVER, MAGGIE",C00703256,MAGGIE TOULOUSE OLIVER FOR SENATE,P,Principal campaign committee,S,Senate,True
S0NY00550,"TOWNSEND, JAY",C00482216,TOWNSEND FOR SENATE,P,Principal campaign committee,S,Senate,True
S6IL00615,"TRACY, DON",C00917120,"DON TRACY FOR ILLINOIS, NFP",P,Principal campaign committee,S,Senate,True
S6TX00529,"TRAKAS, ANDREW KYLE",C00922476,TRAKAS FOR US SENATE,P,Principal campaign committee,S,Senate,True
S4IN00162,"TRAVIS, MARSHALL",C00828046,TRAVIS FOR CONGRESS,P,Principal campaign committee,S,Senate,True
S4MD00319,"TRONE, DAVID",C00653196,"DAVID TRONE FOR MARYLAND, INC.",P,Principal campaign committee,H,House,True
S2ID00129,"TROTTER, JAMES SCOTT",C00791319,TROTTER ELECTION COMMITTEE,P,Principal campaign committee,H,House,True
S4IL00438,"TRUAX, DOUGLAS LEE",C00546457,AMERICANS FOR DOUG TRUAX,P,Principal campaign committee,S,Senate,True
S4CO00379,"TRUJILLO, FLOYD",C00554766,FLOYD TRUJILLO FOR US SENATE,P,Principal campaign committee,S,Senate,True
S8DE00129,"TRUONO, EUGENE (GENE) J JR",C00661801,CAMPAIGN TO ELECT GENE TRUONO,P,Principal campaign committee,S,Senate,True
S2AK00127,"TSHIBAKA, KELLY",C00774570,KELLY FOR ALASKA,P,Principal campaign committee,S,Senate,True
S0AL00230,"TUBERVILLE, THOMAS H",C00705962,ALABAMA SENATE REPUBLICAN NOMINEE FUND - TOMMY TUBERVILLE,A,Authorized by a candidate,S,Senate,False
S0AL00230,"TUBERVILLE, THOMAS H",C00701672,"TUBERVILLE FOR SENATE, INC.",P,Principal campaign committee,S,Senate,True
S6IA00298,"TUREK, JOSHUA",C00915645,JOSH TUREK FOR IOWA,P,Principal campaign committee,S,Senate,True
S2ID00186,"TURNBULL, RAMONT",C00810226,FRIENDS OF RAMONT TURNBULL,P,Principal campaign committee,S,Senate,True
S8TX00459,"TZINTZUN RAMIREZ, CRISTINA",C00715409,CRISTINA FOR TEXAS,P,Principal campaign committee,S,Senate,True
S4WA00623,"URSA, ARIA REY",C00868919,ARIA FOR SENATE 2024,P,Principal campaign committee,S,Senate,True
S2CA01276,"URSICH, TIMOTHY J DR",C00808477,THE COMMITTEE TO ELECT DR. TIMOTHY J. URSICH JR,P,Principal campaign committee,S,Senate,True
S2OH00436,"VANCE, J D",C00783142,JD VANCE FOR SENATE INC.,P,Principal campaign committee,S,Senate,True
S2OH00436,"VANCE, J D",C00772947,VANCE FOR OH SENATE REPUBLICAN NOMINEE FUND 2022,A,Authorized by a candidate,S,Senate,False
S6MD03441,"VAN HOLLEN, CHRIS",C00619932,BLUE SENATE 2016,J,Joint fundraising committee,S,Senate,False
S6MD03441,"VAN HOLLEN, CHRIS",C00575522,JUSTICE 2016,J,Joint fundraising committee,S,Senate,False
S6MD03441,"VAN HOLLEN, CHRIS",C00622720,SENATE IMPACT MD & PA,J,Joint fundraising committee,S,Senate,False
S6MD03441,"VAN HOLLEN, CHRIS",C00573758,VAN HOLLEN FOR SENATE,P,Principal campaign committee,S,Senate,True
S6MD03441,"VAN HOLLEN, CHRIS",C00487207,VAN HOLLEN VICTORY FUND,J,Joint fundraising committee,N,PAC - Nonqualified,False
S6FL00855,"VINDMAN, ALEXANDER",C00936559,ALEX VINDMAN FOR FLORIDA,P,Principal campaign committee,S,Senate,True
S4VA00338,"VITIELLO, RON",C00840140,CHIEF VITIELLO FOR SENATE,P,Principal campaign committee,S,Senate,True
S4LA00057,"VITTER, DAVID B",C00400861,2004 JOINT CANDIDATE COMMITTEE,J,Joint fundraising committee,N,PAC - Nonqualified,False
S4LA00057,"VITTER, DAVID B",C00405977,2004 JOINT CANDIDATE COMMITTEE II,J,Joint fundraising committee,N,PAC - Nonqualified,False
S4LA00057,"VITTER, DAVID B",C00461152,2009 SENATORS CLASSIC COMMITTEE,J,Joint fundraising committee,N,PAC - Nonqualified,False
S4LA00057,"VITTER, DAVID B",C00481713,2010 SENATORS' CLASSIC COMMITTEE,J,Joint fundraising committee,S,Senate,False
S4LA00057,"VITTER, DAVID B",C00471391,BURR VITTER VICTORY COMMITTEE,J,Joint fundraising committee,N,PAC - Nonqualified,False
S4LA00057,"VITTER, DAVID B",C00394593,DAVID VITTER FOR US SENATE,P,Principal campaign committee,S,Senate,True
S4LA00057,"VITTER, DAVID B",C00404004,GOOD GOVERNMENT FUND,J,Joint fundraising committee,X,Party - Nonqualified,False
S4LA00057,"VITTER, DAVID B",C00405456,MAJORITY FUND FOR AMERICA'S FUTURE COMMITTEE THE,J,Joint fundraising committee,N,PAC - Nonqualified,False
S4LA00057,"VITTER, DAVID B",C00401158,N/W 2004 COMMITTEE,J,Joint fundraising committee,S,Senate,False
S4LA00057,"VITTER, DAVID B",C00401372,SENATE FREEDOM FUND COMMITTEE,J,Joint fundraising committee,N,PAC - Nonqualified,False
S4LA00057,"VITTER, DAVID B",C00440057,VITTER MAJORITY COMMITTEE; THE,J,Joint fundraising committee,N,PAC - Nonqualified,False
S4LA00057,"VITTER, DAVID B",C00469437,VITTER VICTORY COMMITTEE,J,Joint fundraising committee,N,PAC - Nonqualified,False
S4PA00196,"VODVARKA, JOSEPH JOHN",C00394544,JOE VODVARKA SENATORIAL NOMINEE COMMITTEE,P,Principal campaign committee,S,Senate,True
S4PA00196,"VODVARKA, JOSEPH JOHN",C00467134,JOSEPH VODVARKA'S PENNSYLVANIA SENATORIAL CANDIDACY COMMITTEE,P,Principal campaign committee,S,Senate,True
S6OH00353,"VOLPE, CHRISTOPHER",C00907303,VOLPE FOR AMERICA,P,Principal campaign committee,S,Senate,True
S6OH00346,"VOLPE, CHRISTOPHER",C00907303,VOLPE FOR AMERICA,P,Principal campaign committee,S,Senate,True
S6AR00223,"WADLIN, JEFFREY FRANCIS",C00940619,WADLIN FOR SENATE 2026,P,Principal campaign committee,S,Senate,True
S6IA00272,"WAHLS, ZACH P",C00907923,WAHLS FOR IOWA,P,Principal campaign committee,S,Senate,True
S2NC00307,"WALKER, BRADLEY MARK MR.",C00543231,WALKER 4 NC,P,Principal campaign committee,H,House,True
S2GA00225,"WALKER, HERSCHEL MR.",C00787853,BO 34 PAC,U,Unauthorized,Q,PAC - Qualified,False
S2GA00225,"WALKER, HERSCHEL MR.",C00772962,WALKER FOR GA SENATE REPUBLICAN NOMINEE FUND 2022,A,Authorized by a candidate,S,Senate,False
S6AL00468,"WALKER, RODNEY",C00914218,COMMITTEE TO ELECT RODNEY WALKER,P,Principal campaign committee,S,Senate,True
S4NV00320,"WALKER, TROY ZAKARI",C00847970,COMMITTEE TO ELECT TROY ZAKARI WALKER,P,Principal campaign committee,S,Senate,True
S4MT00209,"WALKINGCHILD, CHARLES SR",C00869545,CHARLES WALKINGCHILD,P,Principal campaign committee,S,Senate,True
S4MD00467,"WALLACE, NANCY",C00868869,FRIENDS OF NANCY WALLACE,P,Principal campaign committee,S,Senate,True
S4VA00304,"WALLACE, TJ",C00836452,TJ FOR VA SENATOR,P,Principal campaign committee,S,Senate,True
S4VA00288,"WALLACE, TJ",C00835801,TJ FOR SENATE,P,Principal campaign committee,S,Senate,True
S6FL00442,"WALLS-WINDHAUSER, ANGELA MARIE",C00611756,ANGELA WALLS-WINDHAUSER FOR US PRESIDENT 2024,P,Principal campaign committee,H,House,True
S6FL00442,"WALLS-WINDHAUSER, ANGELA MARIE",C00929810,ANGIE WINDHAUSER FOR US SENATOR FOR FLORIDA 2026,A,Authorized by a candidate,S,Senate,False
S6MD03680,"WARD III, JUSTIN HARVEY RANDOLPH",C00944777,TIP OF THE SPEAR,A,Authorized by a candidate,S,Senate,False
S6VA00093,"WARNER, MARK ROBERT",C00452227,BRINGING GOVERNORS TO THE SENATE,J,Joint fundraising committee,S,Senate,False
S6VA00093,"WARNER, MARK ROBERT",C00446724,COMMITTEE FOR A BETTER FUTURE,J,Joint fundraising committee,N,PAC - Nonqualified,False
S6VA00093,"WARNER, MARK ROBERT",C00481846,FORWARD TOGETHER WARNER COMMITTEE,J,Joint fundraising committee,N,PAC - Nonqualified,False
S6VA00093,"WARNER, MARK ROBERT",C00306555,FRIENDS OF MARK WARNER,P,Principal campaign committee,S,Senate,True
S6VA00093,"WARNER, MARK ROBERT",C00438713,FRIENDS OF MARK WARNER,P,Principal campaign committee,S,Senate,True
S6VA00093,"WARNER, MARK ROBERT",C00567529,GRASSROOTS VICTORY PROJECT 2014,J,Joint fundraising committee,N,PAC - Nonqualified,False
S6VA00093,"WARNER, MARK ROBERT",C00501387,OREGON-VIRGINIA FUND,J,Joint fundraising committee,S,Senate,False
S6VA00093,"WARNER, MARK ROBERT",C00450486,SENATE MAJORITY VICTORY 08,J,Joint fundraising committee,S,Senate,False
S6VA00093,"WARNER, MARK ROBERT",C00609925,VA SENATE VICTORY FUND,J,Joint fundraising committee,N,PAC - Nonqualified,False
S6VA00093,"WARNER, MARK ROBERT",C00557462,VERMONT VIRGINIA VICTORY FUND,J,Joint fundraising committee,S,Senate,False
S6VA00093,"WARNER, MARK ROBERT",C00521153,VIRGINIA COLORADO FUND,J,Joint fundraising committee,S,Senate,False
S6VA00093,"WARNER, MARK ROBERT",C00623330,VIRGINIA TOGETHER,J,Joint fundraising committee,N,PAC - Nonqualified,False
S6VA00093,"WARNER, MARK ROBERT",C00439257,VIRGINIA VICTORY 2008,J,Joint fundraising committee,N,PAC - Nonqualified,False
S6VA00093,"WARNER, MARK ROBERT",C00451732,WARNER JOINT COMMITTEE,J,Joint fundraising committee,S,Senate,False
S6VA00093,"WARNER, MARK ROBERT",C00501791,WARNER KLOBUCHAR SHAHEEN VICTORY,J,Joint fundraising committee,S,Senate,False
S6VA00093,"WARNER, MARK ROBERT",C00451724,WIN VIRGINIA 2008,J,Joint fundraising committee,N,PAC - Nonqualified,False
S6VA00093,"WARNER, MARK ROBERT",C00561936,WIN VIRGINIA 2014,J,Joint fundraising committee,N,PAC - Nonqualified,False
S0GA00559,"WARNOCK, RAPHAEL",C00736876,WARNOCK FOR GEORGIA,P,Principal campaign committee,S,Senate,True
S2MA00170,"WARREN, ELIZABETH",C00655688,BROWN WARREN VICTORY FUND,J,Joint fundraising committee,S,Senate,False
S2MA00170,"WARREN, ELIZABETH",C00506980,CANTWELL-WARREN 2012,J,Joint fundraising committee,S,Senate,False
S2MA00170,"WARREN, ELIZABETH",C00679217,CANTWELL-WARREN VICTORY FUND,J,Joint fundraising committee,S,Senate,False
S2MA00170,"WARREN, ELIZABETH",C00526533,MASSACHUSETTS FUTURE FUND,J,Joint fundraising committee,N,PAC - Nonqualified,False
S2MA00170,"WARREN, ELIZABETH",C00512269,MASSACHUSETTS SENATE 2012,J,Joint fundraising committee,N,PAC - Nonqualified,False
S2MA00170,"WARREN, ELIZABETH",C00639815,MASSACHUSETTS SENATE VICTORY 2018,J,Joint fundraising committee,N,PAC - Nonqualified,False
S2MA00170,"WARREN, ELIZABETH",C00502740,MASSACHUSETTS WISCONSIN VICTORY FUND,J,Joint fundraising committee,S,Senate,False
S2MA00170,"WARREN, ELIZABETH",C00633073,MASSACHUSETTS WISCONSIN VICTORY FUND 2018,J,Joint fundraising committee,S,Senate,False
S2MA00170,"WARREN, ELIZABETH",C00519223,PROGRESSIVE VICTORY 2012,J,Joint fundraising committee,S,Senate,False
S2MA00170,"WARREN, ELIZABETH",C00637173,STABENOW WARREN VICTORY FUND,J,Joint fundraising committee,S,Senate,False
S2MA00170,"WARREN, ELIZABETH",C00512277,TEXANS FOR A PROGRESSIVE SENATE,J,Joint fundraising committee,S,Senate,False
S2MA00170,"WARREN, ELIZABETH",C00500843,"WARREN FOR SENATE, INC.",P,Principal campaign committee,S,Senate,True
S2MA00170,"WARREN, ELIZABETH",C00685057,WOMEN ON THE ROAD 2018,J,Joint fundraising committee,N,PAC - Nonqualified,False
S2MA00170,"WARREN, ELIZABETH",C00511642,WOMEN ON THE ROAD TO THE SENATE: 12 AND COUNTING - BAY AREA,J,Joint fundraising committee,N,PAC - Nonqualified,False
S2MA00170,"WARREN, ELIZABETH",C00519405,WOMEN ON THE ROAD TO THE SENATE 12 AND COUNTING - BOSTON,J,Joint fundraising committee,N,PAC - Nonqualified,False
S6OK04221,"WASHINGTON, WAYNE LONNY DR.",C00939967,DR. WAYNE LONNY WASHINGTON US SENATE,P,Principal campaign committee,S,Senate,True
S4RI00069,"WATERS, ALLEN",C00830661,FRIENDS OF ALLEN WATERS,P,Principal campaign committee,S,Senate,True
S6RI00262,"WATERS, ALLEN",C00830661,FRIENDS OF ALLEN WATERS,P,Principal campaign committee,S,Senate,True
S8GA00230,"WATKINS, DANTWAN MR",C00893156,DANTWAN FOR GA,P,Principal campaign committee,S,Senate,True
S2NC00406,"WATKINS, RICHARD LEE DR.",C00771220,DR. RICHARD WATKINS FOR SENATE,P,Principal campaign committee,S,Senate,True
S6GA00283,"WATKINS, VINSON L",C00879551,WATKINS FOR GEORGIA,P,Principal campaign committee,H,House,True
S6MN00515,"WEILER, TOM",C00792002,WEILER FOR SENATE,P,Principal campaign committee,S,Senate,True
S2FL00466,"WEIL, JOSHUA",C00764449,WEIL FOR US SENATE,P,Principal campaign committee,S,Senate,True
S6FL00756,"WEIL, JOSHUA JOSEPH",C00893321,JOSH WEIL FOR SENATE,P,Principal campaign committee,S,Senate,True
S2VT00235,"WELCH, PETER",C00795252,WELCH FOR VERMONT,P,Principal campaign committee,S,Senate,True
S2PA00232,"WELCH, STEVEN D",C00463653,FRIENDS OF STEVEN WELCH,P,Principal campaign committee,S,Senate,True
S6KY00393,"WENZEL, DONALD RAY",C00932202,FRIENDS FOR THE OTHER DONALD WENZEL,P,Principal campaign committee,S,Senate,True
S6AL00518,"WESS, EVERETT W",C00935783,EVERETT W. WESS FOR US SENATE,P,Principal campaign committee,S,Senate,True
S6NC00415,"WHATLEY, MICHAEL",C00909416,WHATLEY FOR NC SENATE REPUBLICAN NOMINEE FUND 2026,A,Authorized by a candidate,S,Senate,False
S6NC00415,"WHATLEY, MICHAEL",C00913996,WHATLEY FOR SENATE,P,Principal campaign committee,S,Senate,True
S6AL00393,"WHEELER, MARK SHANNON MR II",C00895904,MARK WHEELER FOR SENATE,P,Principal campaign committee,S,Senate,True
S4IA00095,"WHITAKER, MATTHEW GEORGE ""MATT""",C00544924,WHITAKER FOR US SENATE INC,P,Principal campaign committee,S,Senate,True
S4AZ00212,"WHITE, ALAN MR",C00849505,ALAN WHITE FORUS SEN 24,P,Principal campaign committee,S,Senate,True
S6RI00221,"WHITEHOUSE, SHELDON",C00492249,CA RI MN MD VICTORY FUND,J,Joint fundraising committee,S,Senate,False
S6RI00221,"WHITEHOUSE, SHELDON",C00402958,COMMITTEE FOR A BETTER FUTURE,J,Joint fundraising committee,S,Senate,False
S6RI00221,"WHITEHOUSE, SHELDON",C00428938,MICHIGAN CITIZENS FOR A SAFE ISRAEL,J,Joint fundraising committee,S,Senate,False
S6RI00221,"WHITEHOUSE, SHELDON",C00510057,"MI, RI, MT VICTORY FUND",J,Joint fundraising committee,S,Senate,False
S6RI00221,"WHITEHOUSE, SHELDON",C00518860,MN RI VA VICTORY 2012,J,Joint fundraising committee,S,Senate,False
S6RI00221,"WHITEHOUSE, SHELDON",C00429555,RHODE ISLAND DEMOCRATIC SENATE VICTORY FUND,J,Joint fundraising committee,Y,Party - Qualified,False
S6RI00221,"WHITEHOUSE, SHELDON",C00428946,RHODE ISLAND MINNESOTA VICTORY FUND,J,Joint fundraising committee,S,Senate,False
S6RI00221,"WHITEHOUSE, SHELDON",C00630806,RHODE ISLAND MINNESOTA VICTORY FUND,J,Joint fundraising committee,S,Senate,False
S6RI00221,"WHITEHOUSE, SHELDON",C00463091,RHODE ISLAND/OHIO VICTORY FUND,J,Joint fundraising committee,S,Senate,False
S6RI00221,"WHITEHOUSE, SHELDON",C00511063,RHODE ISLAND SENATE VICTORY 2012,J,Joint fundraising committee,N,PAC - Nonqualified,False
S6RI00221,"WHITEHOUSE, SHELDON",C00492728,RI MN MD VICTORY FUND,J,Joint fundraising committee,S,Senate,False
S6RI00221,"WHITEHOUSE, SHELDON",C00426650,SAIL TO VICTORY 2006,J,Joint fundraising committee,S,Senate,False
S6RI00221,"WHITEHOUSE, SHELDON",C00496893,SEARCHLIGHT TAHOE VICTORY FUND,J,Joint fundraising committee,N,PAC - Nonqualified,False
S6RI00221,"WHITEHOUSE, SHELDON",C00631705,SENATE VICTORY 2018,J,Joint fundraising committee,S,Senate,False
S6RI00221,"WHITEHOUSE, SHELDON",C00410803,WHITEHOUSE FOR SENATE,P,Principal campaign committee,S,Senate,True
S6SC04247,"WHITENER, KASIE DR.",C00907709,KASIE WHITENER FOR US SENATE,P,Principal campaign committee,S,Senate,True
S4MN00502,"WHITE, ROYCE",C00850743,ROYCE WHITE FOR SENATE,P,Principal campaign committee,S,Senate,True
S0AR00218,"WHITFIELD, DANIEL ALLEN",C00726422,DANWHITCONGRESS,P,Principal campaign committee,S,Senate,True
S6TN00414,"WHITSON, CATHERINE BARCEL MS BARCY",C00947994,COMMITEE FOR CATHERINE BARCEL BARCY WHITSON FOR TENNESSEE U.S. SENATOR,P,Principal campaign committee,S,Senate,True
S8MS00196,"WICKER, ROGER SEN.",C00449850,2008 SENATORS CLASSIC COMMITTEE,J,Joint fundraising committee,S,Senate,False
S8MS00196,"WICKER, ROGER SEN.",C00495390,2011 SENATORS CLASSIC COMMITTEE,J,Joint fundraising committee,S,Senate,False
S8MS00196,"WICKER, ROGER SEN.",C00500934,GOP LEADING THE WAY 2011,J,Joint fundraising committee,S,Senate,False
S8MS00196,"WICKER, ROGER SEN.",C00671925,PROTECT THE SENATE 2018,J,Joint fundraising committee,S,Senate,False
S8MS00196,"WICKER, ROGER SEN.",C00453084,ROAD TO SENATE VICTORY COMMITTEE,J,Joint fundraising committee,S,Senate,False
S8MS00196,"WICKER, ROGER SEN.",C00500850,TENNESSEE SENATE VICTORY FUND,J,Joint fundraising committee,N,PAC - Nonqualified,False
S8MS00196,"WICKER, ROGER SEN.",C00443218,WICKER FOR SENATE,P,Principal campaign committee,S,Senate,True
S8MS00196,"WICKER, ROGER SEN.",C00452003,WICKER MISSISSIPPI VICTORY COMMITTEE,J,Joint fundraising committee,N,PAC - Nonqualified,False
S8MS00196,"WICKER, ROGER SEN.",C00493882,WICKER VICTORY COMMITTEE,J,Joint fundraising committee,N,PAC - Nonqualified,False
S8MS00196,"WICKER, ROGER SEN.",C00572099,WICKER VICTORY COMMITTEE,J,Joint fundraising committee,N,PAC - Nonqualified,False
S0KS00166,"WIESNER, PATRICK",C00563577,WIESNER FOR SENATE INC,P,Principal campaign committee,S,Senate,True
S4MD00558,"WILDMAN, ANDREW J",C00876151,WILDMAN FOR SENATE COMMITTEE,P,Principal campaign committee,S,Senate,True
S4MD00459,"WILDMAN, ANDREW JAYE",C00876151,WILDMAN FOR SENATE COMMITTEE,P,Principal campaign committee,S,Senate,True
S6KY00336,"WILLETT, JOEL",C00920009,JOEL FOR KENTUCKY,P,Principal campaign committee,S,Senate,True
S2CA01094,"WILLIAMS, CORDIE LEE DR.",C00791509,DRCORDIE4SENATE,P,Principal campaign committee,S,Senate,True
S6VA00200,"WILLIAMS, DAVID EARL MR.",C00927178,WILLIAMS FOR SENATE 2026,P,Principal campaign committee,S,Senate,True
S6CO00531,"WILLIAMS, JESSICA",C00895599,JESSICA WILLIAMS FOR AMERICA,P,Principal campaign committee,S,Senate,True
S8NC00270,"WILLIAMS, MARCUS W.",C00811208,MARCUS WILLIAMS FOR U.S. SENATE,P,Principal campaign committee,S,Senate,True
S8NC00270,"WILLIAMS, MARCUS W.",C00479386,MARCUS W WILLIAMS FOR US SENATE,P,Principal campaign committee,S,Senate,True
S8NC00270,"WILLIAMS, MARCUS W.",C00931659,MARCUS W WILLIAMS FOR US SENATE,P,Principal campaign committee,S,Senate,True
S6TX00537,"WILLIAMS, PAULA STEPHEN MS",C00927756,PAULA WILLIAMS FOR SENATE,P,Principal campaign committee,S,Senate,True
S4AZ00261,"WILLIAMS, SARAH",C00871293,SARAH WILLIAMS FOR SENATE,P,Principal campaign committee,S,Senate,True
S6WV00162,"WILLIS, THOMAS EDWARD II",C00905851,TOM WILLIS VICTORY,P,Principal campaign committee,S,Senate,True
S8MI00422,"WILLIS, VALERIE LEE",C00675256,VOTE WILLIS FOR UNITED STATES SENATE MICHIGAN 2026 COMMITTEE ,P,Principal campaign committee,S,Senate,True
S8MI00422,"WILLIS, VALERIE LEE",C00674556,WILLIS FOR U.S. SENATE,P,Principal campaign committee,S,Senate,True
S8AZ00379,"WILLS, LONNIE MR.",C00904268,LONNIE WILLS FOR US SENATOR 2028,P,Principal campaign committee,S,Senate,True
S4UT00209,"WILSON, BRAD",C00837781,BRAD WILSON FOR U.S. SENATE,P,Principal campaign committee,S,Senate,True
S4MI00587,"WILSON, J.D.",C00848986,J.D. WILSON FOR US SENATE,P,Principal campaign committee,S,Senate,True
S6FL00814,"WINDHAUSER, ANGIE",C00929810,ANGIE WINDHAUSER FOR US SENATOR FOR FLORIDA 2026,A,Authorized by a candidate,S,Senate,False
S4NV00239,"WING, BRADLEY SCOTT MR.",C00765248,COMMITTEE TO ELECT BRADLEY WING TO THE UNITED STATES SENATE FOR NEVADA IN 2024,P,Principal campaign committee,S,Senate,True
S4CO00478,"WOLFE, ROBERT EVERETT MR II",C00831875,WOLFE FOR SENATE,P,Principal campaign committee,S,Senate,True
S6CO00432,"WOOD, MATTHEW",C00908962,COMMITTEE TO ELECT MATTHEW WOOD,P,Principal campaign committee,S,Senate,True
S4AZ00170,"WRIGHT, BRIAN MR",C00837344,FRIENDS OF BRIAN WRIGHT,P,Principal campaign committee,S,Senate,True
S6TX00313,"WYATT, DOC LEO DR",C00892828,MAGA REPUBLICAN PARTY PAC,P,Principal campaign committee,S,Senate,True
S6OR00110,"WYDEN, RONALD L.",C00565648,CANTWELL WYDEN VICTORY FUND,J,Joint fundraising committee,S,Senate,False
S6OR00110,"WYDEN, RONALD L.",C00543595,LANDRIEU WYDEN VICTORY FUND,J,Joint fundraising committee,S,Senate,False
S6OR00110,"WYDEN, RONALD L.",C00621409,NEVADA OREGON VICTORY FUND,J,Joint fundraising committee,S,Senate,False
S6OR00110,"WYDEN, RONALD L.",C00460584,NORTH DAKOTA-OREGON VICTORY FUND,J,Joint fundraising committee,S,Senate,False
S6OR00110,"WYDEN, RONALD L.",C00561357,O2,J,Joint fundraising committee,S,Senate,False
S6OR00110,"WYDEN, RONALD L.",C00311357,OREGON 100% POSITIVE COMMITTEE,J,Joint fundraising committee,N,PAC - Nonqualified,False
S6OR00110,"WYDEN, RONALD L.",C00384750,OREGON SENATE 2004,J,Joint fundraising committee,X,Party - Nonqualified,False
S6OR00110,"WYDEN, RONALD L.",C00307439,OREGON VICTORY FUND,J,Joint fundraising committee,Y,Party - Qualified,False
S6OR00110,"WYDEN, RONALD L.",C00567206,OREGON VICTORY FUND,J,Joint fundraising committee,N,PAC - Nonqualified,False
S6OR00110,"WYDEN, RONALD L.",C00591594,PENNSYLVANIA OREGON VICTORY FUND,J,Joint fundraising committee,S,Senate,False
S6OR00110,"WYDEN, RONALD L.",C00545871,STABENOW WYDEN VICTORY FUND,J,Joint fundraising committee,S,Senate,False
S6OR00110,"WYDEN, RONALD L.",C00307454,WYDEN '96 (FKA OREGON NOMINEE FUND),A,Authorized by a candidate,S,Senate,False
S6OR00110,"WYDEN, RONALD L.",C00436998,WYDEN FOR OREGON,J,Joint fundraising committee,N,PAC - Nonqualified,False
S6OR00110,"WYDEN, RONALD L.",C00308676,WYDEN FOR SENATE,P,Principal campaign committee,S,Senate,True
S6OR00110,"WYDEN, RONALD L.",C00573360,WYDEN SENATE VICTORY,J,Joint fundraising committee,N,PAC - Nonqualified,False
S4VA00270,"XIONG, TIGER DR.",C00835660,TIGER FOR SENATE,P,Principal campaign committee,S,Senate,True
S8UT00341,"YAHNE, RUSSELL JAY",C00946434,FRIENDS TO ELECT JAY YAHNE,P,Principal campaign committee,S,Senate,True
S6OK04270,"YEN, ERVIN STONE DR",C00946475,ERVIN STONE YEN FOR U.S. SENATE,P,Principal campaign committee,S,Senate,True
S6MN00549,"YORK, MARK",C00932863,MARK YORK FOR US SENATE,P,Principal campaign committee,S,Senate,True
S6IN00191,"YOUNG, TODD CHRISTOPHER",C00624759,2016 BROOKS AND YOUNG HOOSIER REPUBLICAN VICTORY COMMITTEE,J,Joint fundraising committee,N,PAC - Nonqualified,False
S6IN00191,"YOUNG, TODD CHRISTOPHER",C00687343,ALL HANDS POLITICAL ACTION COMMITTEE,D,Leadership PAC,Q,PAC - Qualified,False
S6IN00191,"YOUNG, TODD CHRISTOPHER",C00626713,FOUNDERS COMMITTEE; THE,J,Joint fundraising committee,S,Senate,False
S6IN00191,"YOUNG, TODD CHRISTOPHER",C00459255,"FRIENDS OF TODD YOUNG, INC.",P,Principal campaign committee,S,Senate,True
S6IN00191,"YOUNG, TODD CHRISTOPHER",C00625764,SAVE OUR SENATE COMMITTEE,J,Joint fundraising committee,S,Senate,False
S6IN00191,"YOUNG, TODD CHRISTOPHER",C00622639,VETERANS FOR DEFENDING THE MAJORITY,J,Joint fundraising committee,S,Senate,False
S6NJ00412,"ZDAN, ALEX",C00939132,ALEX ZDAN FOR US SENATE,P,Principal campaign committee,S,Senate,True
S4NJ00557,"ZDAN, ALEXANDER",C00868943,ALEX ZDAN FOR SENATE INC,P,Principal campaign committee,S,Senate,True
S6NJ00131,"ZIMMER, DICK",C00323691,TEAM VICTORY '96,J,Joint fundraising committee,S,Senate,False
S6NJ00131,"ZIMMER, DICK",C00317602,W/N 1996 COMMITTEE,J,Joint fundraising committee,S,Senate,False
S6NJ00131,"ZIMMER, DICK",C00302646,ZIMMER FOR SENATE INC,P,Principal campaign committee,S,Senate,True
S6NJ00131,"ZIMMER, DICK",C00449074,ZIMMER FOR SENATE INC,P,Principal campaign committee,S,Senate,True
S6NJ00131,"ZIMMER, DICK",C00451815,ZIMMER - NJ VICTORY '08,J,Joint fundraising committee,N,PAC - Nonqualified,False
S6CO00465,"ZIMPFER, ANTHONY JACOB",C00914416,ZIMPFER FOR COLORADO,P,Principal campaign committee,S,Senate,True
S6MI00483,"ZOLLNER, TRAVIS JOSEPH",C00902791,TRAVIS ZOLLNER FOR U.S. SENATE,P,Principal campaign committee,S,Senate,True
