fec_candidate_id,candidate_name,state,party,committee_id,committee_name,total_receipts,total_disbursements,cash_on_hand_end_period,cash_on_hand,debts_owed_by_committee,coverage_start_date,coverage_end_date,cycle,individual_contributions,individual_itemized_contributions,individual_unitemized_contributions,candidate_contribution,other_receipts,last_report_type_full,last_report_year,is_principal_committee,source_endpoint,candidate_status,load_date,office,candidate_status_priority,totals_scope
S6AK00276,"PELTOLA, MARY",AK,DEM,C00933978,ALASKANS FOR MARY,8661662.38,2934553.61,5727108.77,5727108.77,0.0,2026-01-01T00:00:00,2026-03-31T00:00:00,2026,7563867.88,4078882.5,3484985.38,0.0,0.0,APRIL QUARTERLY,2026,True,committee_totals,C,2026-04-18T21:13:41,S,0.0,latest_candidate_row_since_2025-01-01
S4AK00099,"MURKOWSKI, LISA",AK,REP,C00384529,LISA MURKOWSKI FOR US SENATE,1073320.2,311423.23,1379057.22,1379057.22,0.0,2025-01-01T00:00:00,2026-03-31T00:00:00,2026,750387.13,712491.47,37895.66,0.0,43633.07,APRIL QUARTERLY,2026,True,committee_totals,C,2025-01-10T21:01:11,S,0.0,latest_candidate_row_since_2025-01-01
S4AK00214,"SULLIVAN, DAN",AK,REP,C00570994,ALASKANS FOR DAN SULLIVAN,6500847.42,1505699.66,7086052.55,7086052.55,0.0,2025-01-01T00:00:00,2026-03-31T00:00:00,2026,2531692.06,2329258.8,202433.26,0.0,177599.11,APRIL QUARTERLY,2026,True,committee_totals,C,2026-03-30T21:13:30,S,0.0,latest_candidate_row_since_2025-01-01
S2AK00127,"TSHIBAKA, KELLY",AK,REP,C00774570,KELLY FOR ALASKA,0.0,3589.19,0.0,0.0,0.0,2025-01-01T00:00:00,2025-11-04T00:00:00,2026,0.0,0.0,0.0,0.0,0.0,TERMINATION REPORT,2025,True,committee_totals,P,2023-03-09T10:16:03,S,1.0,latest_candidate_row_since_2025-01-01
S6AL00302,"CRUMPTON, RONALD (RON) STEVEN",AL,DEM,C00575530,CRUMPTON FOR ALABAMA,0.0,0.0,5.14,5.14,0.0,2025-04-01T00:00:00,2026-03-31T00:00:00,2026,0.0,0.0,0.0,0.0,0.0,APRIL QUARTERLY,2026,True,committee_totals,P,2021-12-08T06:50:51,S,1.0,latest_candidate_row_since_2025-01-01
S6AL00427,"LARRIETT, DAKARAI",AL,DEM,C00901017,ELECT DAKARAI LARRIETT,129877.4,111027.5,18849.9,18849.9,89370.0,2025-01-01T00:00:00,2026-03-31T00:00:00,2026,127347.4,53388.0,73959.4,10.0,0.0,APRIL QUARTERLY,2026,True,committee_totals,C,2025-07-16T21:02:06,S,0.0,latest_candidate_row_since_2025-01-01
S6AL00435,"SWEETSER, KYLE",AL,DEM,C00901777,KYLE FOR ALABAMA,154502.42,139185.61,15316.81,15316.81,16421.89,2025-04-01T00:00:00,2026-03-31T00:00:00,2026,139350.79,90176.03,49174.76,150.84,0.0,APRIL QUARTERLY,2026,True,committee_totals,C,2025-07-15T21:00:48,S,0.0,latest_candidate_row_since_2025-01-01
S6AL00518,"WESS, EVERETT W",AL,DEM,C00935783,EVERETT W. WESS FOR US SENATE,26293.6,12612.71,13680.89,13680.89,23751.23,2026-01-01T00:00:00,2026-03-31T00:00:00,2026,2542.37,1315.38,1226.99,0.0,0.0,APRIL QUARTERLY,2026,True,committee_totals,C,2026-04-18T21:13:41,S,0.0,latest_candidate_row_since_2025-01-01
S6AL00393,"WHEELER, MARK SHANNON MR II",AL,DEM,C00895904,MARK WHEELER FOR SENATE,17148.48,16759.0,389.48,389.48,833.28,2025-01-01T00:00:00,2026-03-31T00:00:00,2026,17148.48,2775.0,14373.48,0.0,0.0,APRIL QUARTERLY,2026,True,committee_totals,C,2025-06-09T20:59:02,S,0.0,latest_candidate_row_since_2025-01-01
S2AL00145,"BRITT, KATIE BOYD",AL,REP,C00781443,BRITT FOR ALABAMA INC,2354118.85,1240070.25,5223597.3,5223597.3,30327.0,2025-01-01T00:00:00,2026-03-31T00:00:00,2026,1967510.46,1270798.58,696711.88,0.0,6000.0,APRIL QUARTERLY,2026,True,committee_totals,C,2025-01-10T21:01:11,S,0.0,latest_candidate_row_since_2025-01-01
S6AL00500,"BURTON, MATTHEW SETH",AL,REP,C00935403,FRIENDS OF SETH BURTON,58254.23,31654.28,26599.95,26599.95,0.0,2025-12-20T00:00:00,2026-03-31T00:00:00,2026,50768.61,48465.61,2303.0,7485.62,0.0,APRIL QUARTERLY,2026,True,committee_totals,C,2026-04-08T21:14:48,S,0.0,latest_candidate_row_since_2025-01-01
S0AL00206,"BYRNE, BRADLEY ROBERTS",AL,REP,C00697417,"BYRNE FOR SENATE, INC.",0.0,0.0,3933.13,3933.13,0.0,2025-01-01T00:00:00,2026-03-31T00:00:00,2026,0.0,0.0,0.0,0.0,0.0,APRIL QUARTERLY,2026,True,committee_totals,P,2021-12-08T06:50:51,S,1.0,latest_candidate_row_since_2025-01-01
S6AL00443,"HUDSON, JARED",AL,REP,C00906453,HUDSON FOR ALABAMA,1403340.26,782943.87,620396.39,620396.39,56450.16,2025-05-28T00:00:00,2026-03-31T00:00:00,2026,1398224.05,1195319.97,202904.08,0.0,0.0,APRIL QUARTERLY,2026,True,committee_totals,C,2025-07-15T21:00:48,S,0.0,latest_candidate_row_since_2025-01-01
S6AL00450,"MARSHALL, STEVEN T",AL,REP,C00906545,STEVE MARSHALL FOR SENATE,1362193.3,844542.36,517650.94,517650.94,0.0,2025-05-29T00:00:00,2026-03-31T00:00:00,2026,1206008.91,1202186.69,3822.22,0.0,0.0,APRIL QUARTERLY,2026,True,committee_totals,C,2025-07-16T21:02:06,S,0.0,latest_candidate_row_since_2025-01-01
S0AL00289,"MERRILL, JOHN H",AL,REP,C00709477,FRIENDS OF JOHN H MERRILL FOR U S SENATE,0.0,8895.0,213440.78,213440.78,0.0,2025-01-01T00:00:00,2026-03-31T00:00:00,2026,0.0,0.0,0.0,0.0,0.0,APRIL QUARTERLY,2026,True,committee_totals,P,2021-12-08T06:50:51,S,1.0,latest_candidate_row_since_2025-01-01
S6AL00476,"MOORE, FELIX BARRY",AL,REP,C00720375,BARRY MOORE FOR U.S. SENATE,2173919.1,1454212.77,844837.99,844837.99,0.0,2025-01-01T00:00:00,2026-03-31T00:00:00,2026,1725503.05,1515550.46,209952.59,0.0,5661.25,APRIL QUARTERLY,2026,True,committee_totals,C,2025-09-02T21:03:03,S,0.0,latest_candidate_row_since_2025-01-01
S8AL00308,"STRANGE, LUTHER J III",AL,REP,C00629451,STRANGE FOR SENATE,0.0,3750.0,36043.2,36043.2,178713.5,2025-01-01T00:00:00,2025-12-31T00:00:00,2026,0.0,0.0,0.0,0.0,0.0,YEAR-END,2025,True,committee_totals,P,2021-12-08T06:50:51,S,1.0,latest_candidate_row_since_2025-01-01
S2AL00152,"TAYLOR, JESSICA",AL,REP,C00784066,JESSICA TAYLOR FOR SENATE INC.,0.0,0.0,3509.13,3509.13,175990.61,2025-01-01T00:00:00,2026-03-31T00:00:00,2026,0.0,0.0,0.0,0.0,0.0,APRIL QUARTERLY,2026,True,committee_totals,P,2023-03-09T10:16:03,S,1.0,latest_candidate_row_since_2025-01-01
S0AL00230,"TUBERVILLE, THOMAS H",AL,REP,C00701672,"TUBERVILLE FOR SENATE, INC.",724606.1,1165943.0,90993.57,90993.57,10158.63,2025-01-01T00:00:00,2026-03-31T00:00:00,2026,366845.08,191245.15,175599.93,0.0,0.0,APRIL QUARTERLY,2026,True,committee_totals,C,2025-08-26T21:03:22,S,0.0,latest_candidate_row_since_2025-01-01
S6AL00468,"WALKER, RODNEY",AL,REP,C00914218,COMMITTEE TO ELECT RODNEY WALKER,1997255.19,803477.6,1193777.59,1193777.59,1864000.0,2025-07-01T00:00:00,2026-03-31T00:00:00,2026,36626.03,36550.0,76.03,50000.0,0.0,APRIL QUARTERLY,2026,True,committee_totals,C,2025-10-18T21:00:34,S,0.0,latest_candidate_row_since_2025-01-01
S6AR00173,"DUNBAR, ETHAN N SR.",AR,DEM,C00916502,FRIENDS OF NOEL DBA ETHANFORARKANSAS,17461.7,22253.18,1110.62,1110.62,0.0,2025-09-02T00:00:00,2026-03-27T00:00:00,2026,16960.7,10991.89,5968.81,420.0,0.0,TERMINATION REPORT,2026,True,committee_totals,C,2026-02-21T20:57:22,S,0.0,latest_candidate_row_since_2025-01-01
S2AR00115,"JAMES, NATALIE",AR,DEM,C00778993,JAMES FOR ARKANSAS,0.0,0.0,215.31,215.31,5910.62,2025-01-01T00:00:00,2026-03-31T00:00:00,2026,0.0,0.0,0.0,0.0,0.0,APRIL QUARTERLY,2026,True,committee_totals,P,2023-03-09T10:16:03,S,1.0,latest_candidate_row_since_2025-01-01
S6AR00181,"RUSSELL, JAMES RICHARD MR III",AR,DEM,C00918136,COMMITTEE TO ELECT JAMES RUSSELL,3086.9,3186.9,0.0,0.0,798.0,2025-07-01T00:00:00,2025-11-15T00:00:00,2026,2086.9,1500.0,586.9,0.0,0.0,TERMINATION REPORT,2025,True,committee_totals,N,2025-09-02T21:03:03,S,2.0,latest_candidate_row_since_2025-01-01
S6AR00199,"SHOFFNER, HALLIE",AR,DEM,C00905471,HALLIE SHOFFNER FOR ARKANSAS,1589764.37,1011034.49,578729.88,578729.88,0.0,2025-07-01T00:00:00,2026-03-31T00:00:00,2026,1584211.27,917957.17,666254.1,0.0,40.0,APRIL QUARTERLY,2026,True,committee_totals,C,2025-10-18T21:00:34,S,0.0,latest_candidate_row_since_2025-01-01
S0AR00218,"WHITFIELD, DANIEL ALLEN",AR,DEM,C00726422,DANWHITCONGRESS,353.29,36.27,2194.25,2194.25,5039.84,2025-01-01T00:00:00,2026-03-31T00:00:00,2026,353.0,0.0,353.0,0.0,0.29,APRIL QUARTERLY,2026,True,committee_totals,N,2025-01-10T21:01:11,S,2.0,latest_candidate_row_since_2025-01-01
S6AR00207,"ASHBY, MICAH",AR,REP,C00919803,MICAH ASHBY FOR SENATE 2026,41161.53,126.26,754.4,754.4,734.4,2025-07-01T00:00:00,2026-02-11T00:00:00,2026,20.0,0.0,20.0,81.18,0.0,PRE-PRIMARY,2026,True,committee_totals,C,2026-02-09T20:58:28,S,0.0,latest_candidate_row_since_2025-01-01
S2AR00107,"BEQUETTE, JAKE MR.",AR,REP,C00784272,BEQUETTE FOR ARKANSAS,0.0,0.0,183.47,183.47,14953.71,2025-01-01T00:00:00,2026-03-31T00:00:00,2026,0.0,0.0,0.0,0.0,0.0,APRIL QUARTERLY,2026,True,committee_totals,P,2023-03-09T10:16:03,S,1.0,latest_candidate_row_since_2025-01-01
S0AR00150,"BOOZMAN, SEN. JOHN",AR,REP,C00476317,BOOZMAN FOR ARKANSAS,359638.54,199913.46,1270501.58,1270501.58,0.0,2025-01-01T00:00:00,2026-03-31T00:00:00,2026,96651.42,96250.0,401.42,0.0,38433.86,APRIL QUARTERLY,2026,True,committee_totals,C,2025-01-10T21:01:11,S,0.0,latest_candidate_row_since_2025-01-01
S4AR00103,"COTTON, THOMAS",AR,REP,C00499988,"COTTON FOR SENATE, INC.",5406039.51,3069823.75,9787085.59,9787085.59,73959.0,2025-01-01T00:00:00,2026-03-31T00:00:00,2026,2747248.07,2268061.28,479186.79,0.0,404831.47,APRIL QUARTERLY,2026,True,committee_totals,C,2026-04-22T22:27:56,S,0.0,latest_candidate_row_since_2025-01-01
S6AR00215,"LITTLE, JEB",AR,REP,C00926568,JEB LITTLE FOR SENATE,92531.55,92404.15,127.4,127.4,0.0,2025-11-07T00:00:00,2026-03-31T00:00:00,2026,8261.95,6990.16,1271.79,37139.1,0.0,TERMINATION REPORT,2026,True,committee_totals,C,2026-01-22T21:02:05,S,0.0,latest_candidate_row_since_2025-01-01
S4AZ00139,"GALLEGO, RUBEN",AZ,DEM,C00558627,GALLEGO FOR ARIZONA,3825377.22,2108123.24,1928406.68,1928406.68,0.0,2025-01-01T00:00:00,2026-03-31T00:00:00,2026,3135715.53,1511137.35,1624578.18,0.0,42815.43,APRIL QUARTERLY,2026,True,committee_totals,C,2025-02-12T21:01:49,S,0.0,latest_candidate_row_since_2025-01-01
S0AZ00350,"KELLY, MARK",AZ,DEM,C00696526,MARK KELLY FOR SENATE,35276811.97,17370707.12,22308538.42,22308538.42,0.0,2025-01-01T00:00:00,2026-03-31T00:00:00,2026,35013141.59,11259279.2,23753862.39,23.41,97287.8,APRIL QUARTERLY,2026,True,committee_totals,C,2025-07-15T21:00:48,S,0.0,latest_candidate_row_since_2025-01-01
S8AZ00197,"SINEMA, KYRSTEN",AZ,IND,C00508804,SINEMA FOR ARIZONA,162529.87,4439410.31,0.0,0.0,0.0,2025-01-01T00:00:00,2026-03-31T00:00:00,2026,0.0,0.0,0.0,0.0,79323.29,TERMINATION REPORT,2026,True,committee_totals,P,2025-03-18T15:34:07,S,1.0,latest_candidate_row_since_2025-01-01
S4AZ00261,"WILLIAMS, SARAH",AZ,LIB,C00871293,SARAH WILLIAMS FOR SENATE,0.0,453.63,0.0,0.0,0.0,2025-01-01T00:00:00,2025-03-17T00:00:00,2026,0.0,0.0,0.0,0.0,0.0,TERMINATION REPORT,2025,True,committee_totals,P,2025-03-18T15:34:07,S,1.0,latest_candidate_row_since_2025-01-01
S2AZ00356,"BRNOVICH, MARK MR.",AZ,REP,C00781898,BRNOVICH FOR SENATE,25.0,0.99,5180.66,5180.66,463173.45,2025-01-01T00:00:00,2026-03-31T00:00:00,2026,25.0,0.0,25.0,0.0,0.0,APRIL QUARTERLY,2026,True,committee_totals,P,2023-03-09T10:16:03,S,1.0,latest_candidate_row_since_2025-01-01
S2AZ00141,"FLAKE, JEFF",AZ,REP,C00347260,JEFF FLAKE FOR US SENATE INC.,0.0,8300.0,813052.48,813052.48,0.0,2025-01-01T00:00:00,2026-03-31T00:00:00,2026,0.0,0.0,0.0,0.0,0.0,APRIL QUARTERLY,2026,False,committee_totals,P,2021-12-08T06:50:51,S,1.0,latest_candidate_row_since_2025-01-01
S0AZ00251,"HAYWORTH, JD",AZ,REP,C00474825,RESTORING OUR AMERICAN REPUBLIC (ROAR PAC),0.0,0.0,0.0,0.0,27761.1,2025-01-01T00:00:00,2026-03-31T00:00:00,2026,0.0,0.0,0.0,,,APRIL QUARTERLY,2026,False,committee_totals,P,2021-12-08T06:50:51,S,1.0,latest_candidate_row_since_2025-01-01
S4AZ00220,"LAKE, KARI",AZ,REP,C00852343,KARI LAKE FOR SENATE,365326.02,112031.56,471507.94,471507.94,1007764.01,2025-01-01T00:00:00,2026-03-31T00:00:00,2026,217274.32,186734.74,30539.58,0.0,0.33,APRIL QUARTERLY,2026,True,committee_totals,P,2025-03-18T15:34:07,S,1.0,latest_candidate_row_since_2025-01-01
S4AZ00188,"LAMB, MARK",AZ,REP,C00837476,MARK LAMB FOR SENATE,0.0,3482.65,13141.29,13141.29,47400.96,2025-01-01T00:00:00,2026-03-31T00:00:00,2026,0.0,0.0,0.0,0.0,0.0,APRIL QUARTERLY,2026,True,committee_totals,P,2025-03-18T15:34:07,S,1.0,latest_candidate_row_since_2025-01-01
S2AZ00331,"LAMON, JIM MR",AZ,REP,C00778407,JIM LAMON FOR SENATE,0.0,0.0,4448.39,4448.39,18437111.07,2025-01-01T00:00:00,2026-03-31T00:00:00,2026,0.0,0.0,0.0,0.0,0.0,APRIL QUARTERLY,2026,True,committee_totals,P,2023-03-09T10:16:03,S,1.0,latest_candidate_row_since_2025-01-01
S2AZ00372,"MASTERS, BLAKE",AZ,REP,C00784165,BLAKE MASTERS FOR SENATE,0.0,0.0,0.0,0.0,0.0,2025-01-01T00:00:00,2025-02-21T00:00:00,2026,0.0,0.0,0.0,0.0,0.0,TERMINATION REPORT,2025,True,committee_totals,P,2023-03-09T10:16:03,S,1.0,latest_candidate_row_since_2025-01-01
S0AZ00376,"MCCARTHY, DANIEL",AZ,REP,C00717991,DEMAND DANIEL FOR US SENATE,700.0,1188.67,0.0,0.0,0.0,2025-01-01T00:00:00,2025-06-30T00:00:00,2026,0.0,0.0,0.0,0.0,0.0,TERMINATION REPORT,2025,True,committee_totals,P,2021-12-08T06:50:51,S,1.0,latest_candidate_row_since_2025-01-01
S2AZ00349,"MCGUIRE, MICHAEL MICK",AZ,REP,C00780791,MCGUIRE FOR ARIZONA,0.0,0.0,2615.92,2615.92,450705.0,2025-01-01T00:00:00,2026-03-31T00:00:00,2026,0.0,0.0,0.0,0.0,0.0,APRIL QUARTERLY,2026,True,committee_totals,P,2023-03-09T10:16:03,S,1.0,latest_candidate_row_since_2025-01-01
S8AZ00221,"MCSALLY, MARTHA",AZ,REP,C00666040,MCSALLY PAC,2415.79,2549.87,0.0,0.0,0.0,2025-01-01T00:00:00,2025-03-31T00:00:00,2026,2415.79,2415.79,0.0,,,TERMINATION REPORT,2025,False,committee_totals,P,2021-12-08T06:50:51,S,1.0,latest_candidate_row_since_2025-01-01
S6AZ00217,"MELUSKEY, ALEXANDER",AZ,REP,C00574350,MELUSKEY FOR US SENATE INC,0.0,0.0,6159.0,6159.0,791373.02,2025-01-01T00:00:00,2026-03-31T00:00:00,2026,0.0,0.0,0.0,0.0,0.0,APRIL QUARTERLY,2026,True,committee_totals,P,2021-12-08T06:50:51,S,1.0,latest_candidate_row_since_2025-01-01
S4AZ00212,"WHITE, ALAN MR",AZ,REP,C00849505,ALAN WHITE FORUS SEN 24,0.0,0.0,0.0,0.0,0.0,2026-01-01T00:00:00,2026-03-31T00:00:00,2026,0.0,0.0,0.0,0.0,0.0,TERMINATION REPORT,2026,True,committee_totals,N,2024-03-05T21:00:08,S,2.0,latest_candidate_row_since_2025-01-01
S8AZ00379,"WILLS, LONNIE MR.",AZ,REP,C00904268,LONNIE WILLS FOR US SENATOR 2028,0.0,0.0,0.0,0.0,0.0,2026-04-01T00:00:00,2026-04-15T00:00:00,2026,0.0,0.0,0.0,0.0,0.0,TERMINATION REPORT,2026,True,committee_totals,N,2025-05-05T21:00:34,S,2.0,latest_candidate_row_since_2025-01-01
S4CA00845,"GILANI, SEPI",CA,DEM,C00854109,SEPI GILANI US SENATE 2024,0.0,659.88,1545.4,1545.4,0.0,2025-01-01T00:00:00,2026-03-31T00:00:00,2026,0.0,0.0,0.0,0.0,0.0,APRIL QUARTERLY,2026,True,committee_totals,P,2025-03-18T15:34:07,S,1.0,latest_candidate_row_since_2025-01-01
S4CA00688,"INAM, ZAFAR",CA,DEM,C00843722,INAM FOR US SENATE,0.0,436.0,0.0,0.0,0.0,2025-01-01T00:00:00,2025-11-06T00:00:00,2026,0.0,0.0,0.0,0.0,0.0,TERMINATION REPORT,2025,True,committee_totals,N,2023-07-10T21:05:09,S,2.0,latest_candidate_row_since_2025-01-01
S4CA00589,"LEE, BARBARA",CA,DEM,C00833608,BARBARA LEE FOR US SENATE,58793.47,101297.95,6287.5,6287.5,88970.64,2025-01-01T00:00:00,2026-03-31T00:00:00,2026,27344.6,26850.0,494.6,0.0,3850.52,APRIL QUARTERLY,2026,True,committee_totals,P,2025-03-18T15:34:07,S,1.0,latest_candidate_row_since_2025-01-01
S2CA00955,"PADILLA, ALEX",CA,DEM,C00765164,ALEX PADILLA FOR SENATE,1295140.53,735698.21,7202297.34,7202297.34,0.0,2025-01-01T00:00:00,2026-03-31T00:00:00,2026,809976.49,278328.0,531648.49,0.0,81.6,APRIL QUARTERLY,2026,True,committee_totals,C,2025-01-10T21:01:11,S,0.0,latest_candidate_row_since_2025-01-01
S4CA00522,"PORTER, KATHERINE",CA,DEM,C00831107,KATIE PORTER FOR SENATE,210787.93,1624451.71,0.0,0.0,0.0,2025-01-01T00:00:00,2025-08-15T00:00:00,2026,0.0,0.0,0.0,0.0,170112.67,TERMINATION REPORT,2025,True,committee_totals,P,2025-03-18T15:34:07,S,1.0,latest_candidate_row_since_2025-01-01
S4CA00613,"RAB, AEJAZ ( RAJI )",CA,DEM,C00835678,RAJI RAB FOR U.S. SENATE,0.0,90.0,-464.85,-464.85,10000.0,2025-01-01T00:00:00,2026-03-31T00:00:00,2026,0.0,0.0,0.0,0.0,0.0,APRIL QUARTERLY,2026,True,committee_totals,P,2025-03-18T15:34:07,S,1.0,latest_candidate_row_since_2025-01-01
S4CA00704,"ROSE, JOHN",CA,DEM,C00844654,ROSE FOR US,0.0,0.0,125.0,125.0,6317.73,2025-01-01T00:00:00,2025-02-16T00:00:00,2026,0.0,0.0,0.0,0.0,0.0,TERMINATION REPORT,2025,True,committee_totals,P,2025-03-18T15:34:07,S,1.0,latest_candidate_row_since_2025-01-01
S4CA00712,"ROSE, JOHN DAVID",CA,DEM,C00844654,ROSE FOR US,0.0,0.0,125.0,125.0,6317.73,2025-01-01T00:00:00,2025-02-16T00:00:00,2026,0.0,0.0,0.0,0.0,0.0,TERMINATION REPORT,2025,True,committee_totals,P,2025-03-18T15:34:07,S,1.0,latest_candidate_row_since_2025-01-01
S6CA00691,"SANCHEZ, LORETTA",CA,DEM,C00578344,LORETTA SANCHEZ FOR SENATE,0.0,1267.05,1642.59,1642.59,0.0,2025-01-01T00:00:00,2026-03-31T00:00:00,2026,0.0,0.0,0.0,0.0,0.0,APRIL QUARTERLY,2026,True,committee_totals,P,2021-12-08T06:50:51,S,1.0,latest_candidate_row_since_2025-01-01
S4CA00555,"SCHIFF, ADAM",CA,DEM,C00343871,SCHIFF FOR SENATE,7793490.82,4210120.6,9964396.84,9964396.84,0.0,2025-01-01T00:00:00,2026-03-31T00:00:00,2026,6461264.46,2359692.48,4101571.98,0.0,348353.64,APRIL QUARTERLY,2026,True,committee_totals,C,2025-10-15T21:01:51,S,0.0,latest_candidate_row_since_2025-01-01
S2CA01276,"URSICH, TIMOTHY J DR",CA,DEM,C00808477,THE COMMITTEE TO ELECT DR. TIMOTHY J. URSICH JR,0.0,0.0,14010.95,14010.95,15388.46,2025-01-01T00:00:00,2026-03-31T00:00:00,2026,0.0,0.0,0.0,0.0,0.0,APRIL QUARTERLY,2026,True,committee_totals,P,2023-03-09T10:16:03,S,1.0,latest_candidate_row_since_2025-01-01
S4CA00761,"SINGH, MAJOR",CA,NOP,C00808436,MAJOR SINGH FOR CALIFORNIA,0.0,150.0,363.7,363.7,21154.32,2025-01-01T00:00:00,2026-03-31T00:00:00,2026,0.0,0.0,0.0,0.0,0.0,APRIL QUARTERLY,2026,True,committee_totals,N,2024-01-25T20:59:35,S,2.0,latest_candidate_row_since_2025-01-01
S8CA00515,"BRADLEY, JAMES",CA,REP,C00674085,JAMES BRADLEY FOR US SENATE,1175.01,17727.56,499.69,499.69,245.0,2025-01-01T00:00:00,2026-03-31T00:00:00,2026,10.0,0.0,10.0,1040.0,63.94,APRIL QUARTERLY,2026,True,committee_totals,C,2025-05-28T20:59:43,S,0.0,latest_candidate_row_since_2025-01-01
S4CA00639,"EARLY, ERIC",CA,REP,C00837526,ERIC EARLY FOR U.S. SENATE 2024,0.0,450.0,1615.43,1615.43,160635.57,2025-01-01T00:00:00,2026-03-31T00:00:00,2026,0.0,0.0,0.0,0.0,0.0,APRIL QUARTERLY,2026,True,committee_totals,P,2025-03-18T15:34:07,S,1.0,latest_candidate_row_since_2025-01-01
S4CA00803,"GARVEY, STEVE",CA,REP,C00852897,THE GARVEY LEADERSHIP PAC,118.08,32626.79,548460.52,548460.52,0.0,2025-01-01T00:00:00,2026-03-31T00:00:00,2026,0.0,0.0,0.0,,,APRIL QUARTERLY,2026,False,committee_totals,P,2025-03-18T15:34:07,S,1.0,latest_candidate_row_since_2025-01-01
S4CA00407,"GARY-PANDOL, DENICE LYN MS.",CA,REP,C00809384,DENICE GARY-PANDOL FOR UNITED STATES SENATE CALIFORNIA 2024,0.0,0.0,456.44,456.44,11624.14,2025-01-01T00:00:00,2026-03-31T00:00:00,2026,0.0,0.0,0.0,0.0,0.0,APRIL QUARTERLY,2026,True,committee_totals,P,2025-03-18T15:34:07,S,1.0,latest_candidate_row_since_2025-01-01
S2CA00872,"LIEW, SARAH SUN DR.",CA,REP,C00721787,DR. SARAH SUN LIEW FOR U.S. SENATE,0.0,0.0,-57.93,-57.93,292059.24,2025-01-01T00:00:00,2025-12-31T00:00:00,2026,0.0,0.0,0.0,0.0,0.0,YEAR-END,2025,True,committee_totals,N,2026-04-19T21:14:10,S,2.0,latest_candidate_row_since_2025-01-01
S4CA00670,"REISS, JONATHAN",CA,REP,C00789776,"REISS FOR US SENATE, INC.",206.03,131.21,114.03,114.03,14017.12,2025-01-01T00:00:00,2026-03-31T00:00:00,2026,206.03,0.0,206.03,0.0,0.0,APRIL QUARTERLY,2026,True,committee_totals,P,2025-03-18T15:34:07,S,1.0,latest_candidate_row_since_2025-01-01
S2CA01094,"WILLIAMS, CORDIE LEE DR.",CA,REP,C00791509,DRCORDIE4SENATE,0.0,0.0,0.0,0.0,44900.0,2025-01-01T00:00:00,2026-03-31T00:00:00,2026,0.0,0.0,0.0,0.0,0.0,APRIL QUARTERLY,2026,True,committee_totals,P,2023-03-09T10:16:03,S,1.0,latest_candidate_row_since_2025-01-01
S6CO00515,"POND, SEAN M.",CO,CON,C00933259,SEAN M. POND FOR US SENATE,29537.18,12693.74,16843.44,16843.44,0.0,2026-01-01T00:00:00,2026-03-31T00:00:00,2026,29537.18,23145.12,6392.06,0.0,0.0,APRIL QUARTERLY,2026,True,committee_totals,C,2026-04-18T21:13:41,S,0.0,latest_candidate_row_since_2025-01-01
S0CO00211,"BENNET, MICHAEL F.",CO,DEM,C00458398,BENNET FOR COLORADO,207237.02,453442.33,220650.23,220650.23,374819.0,2025-01-01T00:00:00,2026-03-31T00:00:00,2026,133177.49,87945.56,45231.93,0.0,17419.28,APRIL QUARTERLY,2026,True,committee_totals,C,2025-01-10T21:01:11,S,0.0,latest_candidate_row_since_2025-01-01
S6CO00408,"BRESLIN, KAREN",CO,DEM,C00897488,BRESLIN FOR US SENATE,164777.91,155619.71,9158.2,9158.2,0.0,2025-01-01T00:00:00,2026-03-31T00:00:00,2026,158107.34,54994.74,103112.6,573.82,0.0,APRIL QUARTERLY,2026,True,committee_totals,C,2025-07-16T21:02:06,S,0.0,latest_candidate_row_since_2025-01-01
S6CO00499,"GONZALES, JULIE",CO,DEM,C00929794,JULIE FOR COLORADO,443494.98,329433.96,114061.02,114061.02,0.0,2025-12-08T00:00:00,2026-03-31T00:00:00,2026,437982.13,309103.27,128878.86,0.0,3.1,APRIL QUARTERLY,2026,True,committee_totals,C,2026-02-09T20:58:28,S,0.0,latest_candidate_row_since_2025-01-01
S6CO00473,"HASLEY, BRASHAD D",CO,DEM,C00916403,BRASHAD HASLEY FOR US SENATE,20335.73,20335.73,0.0,0.0,0.0,2025-07-01T00:00:00,2026-02-11T00:00:00,2026,1082.26,500.0,582.26,1500.0,0.0,TERMINATION REPORT,2026,True,committee_totals,C,2025-10-08T21:01:45,S,0.0,latest_candidate_row_since_2025-01-01
S0CO00575,"HICKENLOOPER, JOHN W.",CO,DEM,C00716720,HICKENLOOPER FOR COLORADO,6818283.07,4217907.35,4036008.7,4036008.7,0.0,2025-01-01T00:00:00,2026-03-31T00:00:00,2026,4920780.46,3807354.17,1113426.29,0.0,86238.41,APRIL QUARTERLY,2026,True,committee_totals,C,2025-06-04T21:01:31,S,0.0,latest_candidate_row_since_2025-01-01
S0CO00468,"JOHNSTON, MICHAEL C",CO,DEM,C00695411,MIKE JOHNSTON FOR US SENATE,0.0,90034.79,952676.08,952676.08,0.0,2025-01-01T00:00:00,2026-03-31T00:00:00,2026,0.0,0.0,0.0,0.0,0.0,APRIL QUARTERLY,2026,True,committee_totals,P,2021-12-08T06:50:51,S,1.0,latest_candidate_row_since_2025-01-01
S6CO00457,"SCANLON, MICHAEL",CO,DEM,C00913442,SCANLON FOR COLORADO,0.0,0.0,0.0,0.0,0.0,2025-07-25T00:00:00,2025-08-05T00:00:00,2026,0.0,0.0,0.0,0.0,0.0,TERMINATION REPORT,2025,True,committee_totals,N,2025-08-01T21:00:30,S,2.0,latest_candidate_row_since_2025-01-01
S6CO00465,"ZIMPFER, ANTHONY JACOB",CO,DEM,C00914416,ZIMPFER FOR COLORADO,4130.68,3034.9,1095.78,1095.78,140.68,2025-07-01T00:00:00,2026-03-31T00:00:00,2026,3990.0,2500.0,1490.0,0.0,0.0,APRIL QUARTERLY,2026,True,committee_totals,N,2025-08-04T21:00:03,S,2.0,latest_candidate_row_since_2025-01-01
S6CO00549,"CHEW, ROBERT",CO,FWD,C00944298,ROBERT CHEW FOR SENATE,150000.0,0.0,150000.0,150000.0,150000.0,2026-03-20T00:00:00,2026-03-31T00:00:00,2026,0.0,0.0,0.0,0.0,0.0,APRIL QUARTERLY,2026,True,committee_totals,C,2026-04-18T21:13:41,S,0.0,latest_candidate_row_since_2025-01-01
S0CO00344,"NAPOLITANO, JASON ANDREW",CO,IND,C00490276,NAPOLITANO FOR COLORADO,0.0,72.82,346.5,346.5,7000.0,2025-01-01T00:00:00,2026-03-31T00:00:00,2026,0.0,0.0,0.0,0.0,0.0,APRIL QUARTERLY,2026,True,committee_totals,P,2021-12-08T06:50:50,S,1.0,latest_candidate_row_since_2025-01-01
S6CO00432,"WOOD, MATTHEW",CO,IND,C00908962,COMMITTEE TO ELECT MATTHEW WOOD,4545.0,3385.0,752.5,752.5,0.0,2025-07-01T00:00:00,2026-03-31T00:00:00,2026,1545.0,1000.0,545.0,0.0,0.0,APRIL QUARTERLY,2026,True,committee_totals,N,2025-09-10T21:03:26,S,2.0,latest_candidate_row_since_2025-01-01
S6CO00556,"CHEW, ROBERT",CO,OTH,C00944298,ROBERT CHEW FOR SENATE,150000.0,0.0,150000.0,150000.0,150000.0,2026-03-20T00:00:00,2026-03-31T00:00:00,2026,0.0,0.0,0.0,0.0,0.0,APRIL QUARTERLY,2026,True,committee_totals,C,2026-04-18T21:13:41,S,0.0,latest_candidate_row_since_2025-01-01
S6CO00507,"BAISLEY, MARK",CO,REP,C00932848,BAISLEY FOR SENATE,31865.5,25745.69,6119.81,6119.81,0.0,2026-01-01T00:00:00,2026-03-31T00:00:00,2026,31845.5,30497.64,1347.86,0.0,20.0,APRIL QUARTERLY,2026,True,committee_totals,C,2026-04-18T21:13:41,S,0.0,latest_candidate_row_since_2025-01-01
S2CO00209,"BREMER, ELI",CO,REP,C00786723,ELI FOR COLORADO,0.0,0.0,0.0,0.0,65937.74,2025-01-01T00:00:00,2025-03-31T00:00:00,2026,0.0,0.0,0.0,0.0,0.0,APRIL QUARTERLY,2025,True,committee_totals,P,2023-03-09T10:16:03,S,1.0,latest_candidate_row_since_2025-01-01
S6CO00481,"JONES, DATHAN CHARLES",CO,REP,C00923219,DATHAN C JONES FOR US SENATE,25.0,0.0,1100.0,1100.0,0.0,2026-01-01T00:00:00,2026-03-31T00:00:00,2026,25.0,0.0,25.0,0.0,0.0,APRIL QUARTERLY,2026,True,committee_totals,N,2025-11-13T21:02:32,S,2.0,latest_candidate_row_since_2025-01-01
S6CO00440,"JOSHI, JANAK",CO,REP,C00910794,JANAK JOSHI FOR COLORADO,485402.64,192985.78,292416.86,292416.86,350100.0,2025-07-01T00:00:00,2026-03-31T00:00:00,2026,125302.64,47515.64,77787.0,0.0,0.0,APRIL QUARTERLY,2026,True,committee_totals,C,2025-10-18T21:00:34,S,0.0,latest_candidate_row_since_2025-01-01
S6CO00424,"MARKERT, GEORGE WASHINGTON MR V",CO,REP,C00903443,MARKERT FOR SENATE,260985.97,204767.55,56218.42,56218.42,50000.0,2025-04-25T00:00:00,2026-03-31T00:00:00,2026,159219.53,111638.55,47580.98,48766.44,0.0,APRIL QUARTERLY,2026,True,committee_totals,C,2025-07-16T21:02:06,S,0.0,latest_candidate_row_since_2025-01-01
S2CO00241,"O'DEA, JOSEPH MATTHEW",CO,REP,C00791186,JOE O'DEA FOR SENATE,0.0,1677.0,1953.98,1953.98,3811000.0,2025-01-01T00:00:00,2026-03-31T00:00:00,2026,0.0,0.0,0.0,0.0,0.0,APRIL QUARTERLY,2026,True,committee_totals,P,2023-03-09T10:16:03,S,1.0,latest_candidate_row_since_2025-01-01
S4CO00379,"TRUJILLO, FLOYD",CO,REP,C00554766,FLOYD TRUJILLO FOR US SENATE,0.0,0.0,1024.25,1024.25,102930.68,2025-01-01T00:00:00,2026-03-31T00:00:00,2026,0.0,0.0,0.0,0.0,0.0,APRIL QUARTERLY,2026,True,committee_totals,P,2021-12-08T06:50:51,S,1.0,latest_candidate_row_since_2025-01-01
S0CT00177,"BLUMENTHAL, RICHARD",CT,DEM,C00492991,BLUMENTHAL FOR CONNECTICUT,350712.06,277324.84,1311528.75,1311528.75,0.0,2025-01-01T00:00:00,2026-03-31T00:00:00,2026,175322.99,124443.5,50879.49,0.0,41769.46,APRIL QUARTERLY,2026,True,committee_totals,C,2025-01-10T21:01:11,S,0.0,latest_candidate_row_since_2025-01-01
S2CT00132,"MURPHY, CHRISTOPHER S",CT,DEM,C00492645,FRIENDS OF CHRIS MURPHY,12504647.66,6792067.91,11239354.61,11239354.61,0.0,2025-01-01T00:00:00,2026-03-31T00:00:00,2026,11878865.23,3749109.33,8129755.9,0.0,210449.96,APRIL QUARTERLY,2026,True,committee_totals,C,2025-07-13T20:59:11,S,0.0,latest_candidate_row_since_2025-01-01
S4CT00195,"PAGLINO, JUSTIN COBB DR",CT,GRE,C00880104,COMMITTEE TO ELECT JUSTIN PAGLINO TO US SENATE,300.0,694.63,155.52,155.52,12300.0,2025-01-01T00:00:00,2026-03-31T00:00:00,2026,0.0,0.0,0.0,0.0,0.0,APRIL QUARTERLY,2026,True,committee_totals,P,2025-03-18T15:34:07,S,1.0,latest_candidate_row_since_2025-01-01
S8CT00121,"COREY, MATTHEW MCKINNON",CT,REP,C00878561,COREY FOR SENATE,0.0,7217.4,0.0,0.0,10000.0,2025-01-01T00:00:00,2025-03-31T00:00:00,2026,0.0,0.0,0.0,0.0,0.0,APRIL QUARTERLY,2025,True,committee_totals,P,2025-03-18T15:34:07,S,1.0,latest_candidate_row_since_2025-01-01
S2CT00256,"HYDE, ROBERT FINLEY",CT,REP,C00762559,HYDE FOR SENATE,0.0,0.0,0.0,0.0,0.0,2025-01-01T00:00:00,2025-10-20T00:00:00,2026,0.0,0.0,0.0,0.0,0.0,TERMINATION REPORT,2025,True,committee_totals,P,2025-03-18T15:34:07,S,1.0,latest_candidate_row_since_2025-01-01
S6DE00156,"BEARDSLEY, CHRISTOPHER MR.",DE,DEM,C00927665,BEARDSLEY FOR SENATE,22356.0,13165.27,9190.73,9190.73,12850.0,2025-10-01T00:00:00,2025-12-31T00:00:00,2026,9006.0,7300.0,1706.0,0.0,0.0,YEAR-END,2025,True,committee_totals,C,2026-02-09T20:58:28,S,0.0,latest_candidate_row_since_2025-01-01
S4DE00060,"BLUNT ROCHESTER, LISA",DE,DEM,C00843391,LISA BLUNT ROCHESTER FOR SENATE,849819.29,884380.44,109896.03,109896.03,0.0,2025-01-01T00:00:00,2026-03-31T00:00:00,2026,405489.32,242815.56,162673.76,0.0,142321.13,APRIL QUARTERLY,2026,True,committee_totals,C,2026-03-12T21:18:26,S,0.0,latest_candidate_row_since_2025-01-01
S8DE00079,"CARPER, THOMAS R.",DE,DEM,C00349217,CARPER FOR SENATE,0.0,55789.69,0.0,0.0,0.0,2025-01-01T00:00:00,2025-03-31T00:00:00,2026,0.0,0.0,0.0,0.0,0.0,TERMINATION REPORT,2025,True,committee_totals,P,2025-03-18T15:34:07,S,1.0,latest_candidate_row_since_2025-01-01
S0DE00092,"COONS, CHRISTOPHER A.",DE,DEM,C00475392,CHRIS COONS FOR DELAWARE,3044649.37,1100177.83,4129671.39,4129671.39,0.0,2025-01-01T00:00:00,2026-03-31T00:00:00,2026,1532745.3,1488366.16,44379.14,0.0,76633.03,APRIL QUARTERLY,2026,True,committee_totals,C,2026-03-25T21:17:50,S,0.0,latest_candidate_row_since_2025-01-01
S0DE00175,"SCARANE, JESSICA",DE,DEM,C00727263,JESS SCARANE FOR DELAWARE,0.0,0.0,0.0,0.0,0.0,2025-01-01T00:00:00,2025-06-30T00:00:00,2026,0.0,0.0,0.0,0.0,0.0,TERMINATION REPORT,2025,True,committee_totals,P,2021-12-08T06:50:51,S,1.0,latest_candidate_row_since_2025-01-01
S4DE00094,"HANSEN, ERIC",DE,REP,C00853788,HANSEN FOR SENATE,0.0,0.0,0.0,0.0,0.0,2025-01-01T00:00:00,2025-01-09T00:00:00,2026,0.0,0.0,0.0,0.0,0.0,TERMINATION REPORT,2025,True,committee_totals,P,2025-03-18T15:34:07,S,1.0,latest_candidate_row_since_2025-01-01
S6DE00206,"KATZ, MICHAEL S DR.",DE,REP,C00935163,DR. MIKE KATZ FOR U.S. SENATE,20211.0,116.78,20094.22,20094.22,19250.0,2026-01-01T00:00:00,2026-03-31T00:00:00,2026,951.0,500.0,451.0,10.0,0.0,APRIL QUARTERLY,2026,True,committee_totals,C,2026-04-18T21:13:41,S,0.0,latest_candidate_row_since_2025-01-01
S6DE00131,"O'DONNELL, CHRISTINE",DE,REP,C00449595,FRIENDS OF CHRISTINE O'DONNELL,0.0,0.0,471.26,471.26,39118.92,2025-01-01T00:00:00,2026-03-31T00:00:00,2026,0.0,0.0,0.0,0.0,0.0,APRIL QUARTERLY,2026,True,committee_totals,P,2021-12-08T06:50:50,S,1.0,latest_candidate_row_since_2025-01-01
S6DE00198,"SHULLI, JOHN",DE,REP,C00933663,SHULLI FOR SENATE,100728.71,15021.49,85707.22,85707.22,100000.0,2026-01-01T00:00:00,2026-03-31T00:00:00,2026,728.71,520.51,208.2,0.0,0.0,APRIL QUARTERLY,2026,True,committee_totals,C,2026-04-18T21:13:41,S,0.0,latest_candidate_row_since_2025-01-01
S8DE00129,"TRUONO, EUGENE (GENE) J JR",DE,REP,C00661801,CAMPAIGN TO ELECT GENE TRUONO,1686.71,1686.71,471.14,471.14,205873.48,2025-01-01T00:00:00,2026-03-31T00:00:00,2026,0.0,0.0,0.0,0.0,0.0,APRIL QUARTERLY,2026,True,committee_totals,P,2021-12-08T06:50:51,S,1.0,latest_candidate_row_since_2025-01-01
S6FL00749,"ATKINS, JOEY MENDOZA",FL,DEM,C00907998,JOEY MENDOZA ATKINS FOR SENATE,9123.75,6891.33,2232.42,2232.42,5000.0,2025-04-01T00:00:00,2026-03-31T00:00:00,2026,7123.75,3750.0,3373.75,0.0,0.0,APRIL QUARTERLY,2026,True,committee_totals,C,2025-10-18T21:00:34,S,0.0,latest_candidate_row_since_2025-01-01
S4FL00637,"CAMPBELL, STANLEY",FL,DEM,C00851725,STANLEY CAMPBELL FOR US SENATE,0.0,118434.38,0.0,0.0,1401000.0,2025-01-01T00:00:00,2025-03-31T00:00:00,2026,0.0,0.0,0.0,0.0,0.0,TERMINATION REPORT,2025,True,committee_totals,P,2025-03-18T15:34:07,S,1.0,latest_candidate_row_since_2025-01-01
S2FL00631,"DEMINGS, VAL",FL,DEM,C00590489,VDUSS PAC,0.0,0.0,0.0,0.0,0.0,2025-01-01T00:00:00,2025-03-07T00:00:00,2026,0.0,0.0,0.0,,,TERMINATION REPORT,2025,False,committee_totals,P,2023-03-09T10:16:03,S,1.0,latest_candidate_row_since_2025-01-01
S2FL00581,"GRAYSON, ALAN MARK",FL,DEM,C00424713,COMMITTEE TO ELECT ALAN GRAYSON,178051.99,178581.66,126388.14,126388.14,3913494.64,2025-01-01T00:00:00,2026-03-31T00:00:00,2026,29991.64,13962.73,16028.91,0.0,6.2,APRIL QUARTERLY,2026,True,committee_totals,C,2025-04-25T21:00:17,S,0.0,latest_candidate_row_since_2025-01-01
S6FL00673,"LYLES, TAMIKA MS",FL,DEM,C00900522,LYLES FOR SENATE,23287.14,3139.89,20147.25,20147.25,21000.0,2025-01-01T00:00:00,2026-03-31T00:00:00,2026,2287.14,1381.14,906.0,0.0,0.0,TERMINATION REPORT,2026,True,committee_totals,C,2025-10-18T21:00:34,S,0.0,latest_candidate_row_since_2025-01-01
S4FL00611,"MUCARSEL-POWELL, DEBBIE",FL,DEM,C00848648,DEMOCRACY MOBILIZATION PROJECT PAC (DMP),676089.7,603472.98,47339.41,47339.41,0.0,2025-01-01T00:00:00,2026-03-31T00:00:00,2026,395427.62,49444.21,345983.41,,,APRIL MONTHLY,2026,False,committee_totals,P,2025-03-18T15:34:07,S,1.0,latest_candidate_row_since_2025-01-01
S6FL00806,"MUJICA, HECTOR DANIEL",FL,DEM,C00923342,HECTOR MUJICA FOR FLORIDA,717348.11,637278.06,80070.05,80070.05,206566.39,2025-10-01T00:00:00,2026-03-31T00:00:00,2026,644002.58,511506.92,132495.66,72845.53,0.0,APRIL QUARTERLY,2026,True,committee_totals,C,2026-02-09T20:58:28,S,0.0,latest_candidate_row_since_2025-01-01
S6FL00830,"NIXON, ANGELA",FL,DEM,C00915041,ANGIE FOR FLORIDA,293583.92,20957.37,177595.28,177595.28,0.0,2025-01-01T00:00:00,2026-03-31T00:00:00,2026,293583.92,184962.07,108621.85,0.0,0.0,APRIL QUARTERLY,2026,True,committee_totals,C,2026-02-09T20:58:28,S,0.0,latest_candidate_row_since_2025-01-01
S6FL00855,"VINDMAN, ALEXANDER",FL,DEM,C00936559,ALEX VINDMAN FOR FLORIDA,8188391.6,1748269.11,6440222.49,6440222.49,154658.25,2026-01-01T00:00:00,2026-03-31T00:00:00,2026,8021891.6,2999508.35,5022383.25,0.0,0.0,APRIL QUARTERLY,2026,True,committee_totals,C,2026-04-18T21:13:41,S,0.0,latest_candidate_row_since_2025-01-01
S6FL00756,"WEIL, JOSHUA JOSEPH",FL,DEM,C00893321,JOSH WEIL FOR SENATE,15933478.15,15933478.15,0.0,0.0,0.0,2024-10-01T00:00:00,2025-09-30T00:00:00,2026,15463011.3,3904744.5,11558266.8,16.0,9.77,TERMINATION REPORT,2025,True,committee_totals,C,2025-07-29T21:02:15,S,0.0,latest_candidate_row_since_2025-01-01
S2FL00656,"NGUYEN, QUOC TUAN MR.",FL,NPA,C00875757,TUAN Q NGUYEN FOR SENATE,0.0,0.0,-2426.25,-2426.25,9500.0,2024-11-26T00:00:00,2025-01-27T00:00:00,2026,0.0,0.0,0.0,0.0,0.0,TERMINATION REPORT,2025,True,committee_totals,P,2025-03-18T15:34:07,S,1.0,latest_candidate_row_since_2025-01-01
S6FL00848,"GLEASON, CHRISTOPHER",FL,REP,C00936534,VOTE FOR GLEASON,3429.73,129.73,3300.0,3300.0,0.0,2026-01-26T00:00:00,2026-03-31T00:00:00,2026,3429.73,2445.33,984.4,0.0,0.0,APRIL QUARTERLY,2026,True,committee_totals,N,2026-01-28T21:00:03,S,2.0,latest_candidate_row_since_2025-01-01
S6FL00657,"LANG, JAKE",FL,REP,C00897330,JAKE LANG FOR SENATE INC,32771.73,27362.66,5409.07,5409.07,26937.73,2025-01-01T00:00:00,2026-03-31T00:00:00,2026,5834.0,1260.25,4573.75,0.0,0.0,APRIL QUARTERLY,2026,True,committee_totals,C,2025-12-23T21:01:07,S,0.0,latest_candidate_row_since_2025-01-01
S6FL00624,"LAROSE, JOSUE ECONOMIST",FL,REP,C00894972,JOSUE LAROSE FOR UNITED STATES SENATE 2026,0.0,0.0,0.0,0.0,0.0,2025-01-01T00:00:00,2026-03-31T00:00:00,2026,0.0,0.0,0.0,0.0,0.0,APRIL QUARTERLY,2026,True,committee_totals,N,2025-01-10T21:01:11,S,2.0,latest_candidate_row_since_2025-01-01
S6FL00236,"MCBRIDE, WILLIAM",FL,REP,C00425546,WILL MCBRIDE FOR US SENATE,0.0,0.0,0.0,0.0,250000.0,2025-01-01T00:00:00,2025-01-24T00:00:00,2026,0.0,0.0,0.0,0.0,0.0,TERMINATION REPORT,2025,True,committee_totals,P,2021-12-08T06:50:50,S,1.0,latest_candidate_row_since_2025-01-01
S6FL00640,"MOODY, ASHLEY",FL,REP,C00895763,MOODY FOR FLORIDA,8407063.8,1277671.65,7129392.15,7129392.15,0.0,2025-01-16T00:00:00,2026-03-31T00:00:00,2026,2748661.48,2007103.06,741558.42,0.0,0.0,APRIL QUARTERLY,2026,True,committee_totals,C,2026-04-29T21:28:42,S,0.0,latest_candidate_row_since_2025-01-01
S0FL00338,"RUBIO, MARCO",FL,REP,C00620518,MARCO RUBIO FOR SENATE,1434868.67,182757.89,2854657.9,2854657.9,0.0,2025-01-01T00:00:00,2026-03-31T00:00:00,2026,11055.76,11311.6,-255.84,0.0,959.32,APRIL QUARTERLY,2026,True,committee_totals,C,2025-01-10T21:01:11,S,0.0,latest_candidate_row_since_2025-01-01
S8FL00273,"SCOTT, RICK SEN",FL,REP,C00676965,RICK SCOTT FOR FLORIDA,1458779.64,1457252.35,799890.86,799890.86,24138834.0,2025-01-01T00:00:00,2026-03-31T00:00:00,2026,378364.62,207651.08,170713.54,543254.59,7842.45,APRIL QUARTERLY,2026,True,committee_totals,C,2025-02-07T21:00:11,S,0.0,latest_candidate_row_since_2025-01-01
S8GA00180,"OSSOFF, T. JONATHAN",GA,DEM,C00718866,JON OSSOFF FOR SENATE,57270664.6,30525198.99,31736032.32,31736032.32,0.0,2025-01-01T00:00:00,2026-03-31T00:00:00,2026,50108038.04,19605183.65,30502854.39,0.0,450805.3,APRIL QUARTERLY,2026,True,committee_totals,C,2026-04-24T21:28:05,S,0.0,latest_candidate_row_since_2025-01-01
S0GA00559,"WARNOCK, RAPHAEL",GA,DEM,C00736876,WARNOCK FOR GEORGIA,1949646.61,2646725.5,4041496.1,4041496.1,0.0,2025-01-01T00:00:00,2026-03-31T00:00:00,2026,1832128.63,1079198.18,752930.45,0.0,0.0,APRIL QUARTERLY,2026,True,committee_totals,C,2025-01-10T21:01:11,S,0.0,latest_candidate_row_since_2025-01-01
S6GA00267,"BOX, REAGAN",GA,REP,C00818807,REAGAN BOX FOR US HOUSE 2026,82041.04,90345.82,-261.54,-261.54,0.0,2025-01-01T00:00:00,2026-03-31T00:00:00,2026,82041.04,62482.22,19558.82,0.0,0.0,APRIL QUARTERLY,2026,True,committee_totals,C,2025-01-10T21:01:11,S,0.0,latest_candidate_row_since_2025-01-01
S6GA00374,"CARTER, EARL LEROY",GA,REP,C00543967,BUDDY CARTER FOR SENATE,6713652.93,6002322.36,3730260.91,3730260.91,3000000.0,2025-01-01T00:00:00,2026-03-31T00:00:00,2026,1958981.79,1510044.86,448936.93,0.0,120274.68,APRIL QUARTERLY,2026,True,committee_totals,C,2025-06-09T20:59:02,S,0.0,latest_candidate_row_since_2025-01-01
S6GA00366,"CLEMENT, CHRISTINA LOREN REV DR TRUSTE",GA,REP,C00857128,STATE OF LOC NATION FOR CLEMENT FOR SENATE,50250930.0,2234.41,50248695.59,50248695.59,50250000.0,2025-10-01T00:00:00,2026-03-31T00:00:00,2026,930.0,900.0,30.0,0.0,0.0,APRIL QUARTERLY,2026,True,committee_totals,C,2026-04-20T21:16:40,S,0.0,latest_candidate_row_since_2025-01-01
S6GA00390,"COLLINS, MICHAEL A JR",GA,REP,C00544684,MIKE COLLINS FOR SENATE,4318376.94,2790134.88,2125437.15,2125437.15,286941.43,2025-01-01T00:00:00,2026-03-31T00:00:00,2026,2696771.72,1547559.75,1149211.97,65000.0,0.0,APRIL QUARTERLY,2026,True,committee_totals,C,2025-08-01T21:00:30,S,0.0,latest_candidate_row_since_2025-01-01
S6GA00408,"DOOLEY, DEREK",GA,REP,C00914531,DOOLEY FOR GEORGIA,3671916.59,1448348.05,2223568.54,2223568.54,0.0,2025-07-01T00:00:00,2026-03-31T00:00:00,2026,3661842.21,3561053.59,100788.62,0.0,0.0,APRIL QUARTERLY,2026,True,committee_totals,C,2025-10-18T21:00:34,S,0.0,latest_candidate_row_since_2025-01-01
S6GA00382,"KING, JOHN",GA,REP,C00904870,JOHN KING FOR SENATE,563078.46,563078.46,0.0,0.0,0.0,2025-05-12T00:00:00,2026-01-31T00:00:00,2026,551345.42,523623.99,27721.43,0.0,0.0,TERMINATION REPORT,2026,True,committee_totals,C,2025-07-17T21:01:06,S,0.0,latest_candidate_row_since_2025-01-01
S2GA00282,"MCCOLUMN, JONATHAN MR",GA,REP,C00805721,MCCOLUMN FOR SENATE,36143.79,23433.03,12412.31,12412.31,30000.0,2026-01-01T00:00:00,2026-03-31T00:00:00,2026,6143.79,2509.4,3634.39,0.0,0.0,APRIL QUARTERLY,2026,True,committee_totals,C,2026-04-28T21:25:42,S,0.0,latest_candidate_row_since_2025-01-01
S2GA00225,"WALKER, HERSCHEL MR.",GA,REP,C00787853,BO 34 PAC,890425.72,421256.98,4821735.73,4821735.73,0.0,2025-01-01T00:00:00,2026-03-31T00:00:00,2026,0.0,0.0,0.0,,,APRIL QUARTERLY,2026,False,committee_totals,P,2023-03-09T10:16:03,S,1.0,latest_candidate_row_since_2025-01-01
S2HI00106,"HIRONO, MAZIE K.",HI,DEM,C00420760,FRIENDS OF MAZIE HIRONO,486874.86,499060.49,1393689.22,1393689.22,0.0,2025-01-01T00:00:00,2026-03-31T00:00:00,2026,443149.17,269137.12,174012.05,0.0,10471.46,APRIL QUARTERLY,2026,True,committee_totals,C,2025-02-07T21:00:11,S,0.0,latest_candidate_row_since_2025-01-01
S4HI00136,"SCHATZ, BRIAN",HI,DEM,C00540732,SCHATZ FOR SENATE,1185717.89,508868.78,2333473.53,2333473.53,0.0,2025-01-01T00:00:00,2026-03-31T00:00:00,2026,835861.95,783332.12,52529.83,0.0,88698.63,APRIL QUARTERLY,2026,True,committee_totals,C,2025-01-10T21:01:11,S,0.0,latest_candidate_row_since_2025-01-01
S4HI00177,"LAM, ADRIEL",HI,REP,C00859785,LAM4ALOHA,0.0,741.75,0.0,0.0,0.0,2025-01-01T00:00:00,2025-06-30T00:00:00,2026,0.0,0.0,0.0,0.0,0.0,TERMINATION REPORT,2025,True,committee_totals,P,2025-03-18T15:34:07,S,1.0,latest_candidate_row_since_2025-01-01
S2HI00155,"MCDERMOTT, ROBERT",HI,REP,C00800656,BOB MCDERMOTT FOR SENATE,59.4,111.31,72.43,72.43,4500.0,2025-04-01T00:00:00,2026-03-31T00:00:00,2026,0.0,0.0,0.0,58.72,0.0,APRIL QUARTERLY,2026,True,committee_totals,P,2025-03-18T15:34:07,S,1.0,latest_candidate_row_since_2025-01-01
S2IA00164,"FINKENAUER, ABBY",IA,DEM,C00785279,ABBY FOR IOWA,15065.71,19820.44,4718.44,4718.44,318625.32,2025-01-01T00:00:00,2026-03-31T00:00:00,2026,37.5,0.0,37.5,0.0,15028.21,APRIL QUARTERLY,2026,True,committee_totals,P,2023-03-09T10:16:03,S,1.0,latest_candidate_row_since_2025-01-01
S0IA00176,"GREENFIELD, THERESA",IA,DEM,C00708164,THERESA GREENFIELD FOR IOWA,0.0,40984.9,123723.68,123723.68,0.0,2025-01-01T00:00:00,2026-03-31T00:00:00,2026,0.0,0.0,0.0,0.0,0.0,APRIL QUARTERLY,2026,True,committee_totals,P,2023-03-09T10:16:03,S,1.0,latest_candidate_row_since_2025-01-01
S6IA00280,"NORRIS, JACKIE",IA,DEM,C00914747,JACKIE NORRIS FOR US SENATE,363563.01,363563.01,0.0,0.0,0.0,2025-07-01T00:00:00,2026-03-20T00:00:00,2026,351417.86,266525.0,84892.86,7000.0,0.0,TERMINATION REPORT,2026,True,committee_totals,C,2025-10-18T21:00:34,S,0.0,latest_candidate_row_since_2025-01-01
S6IA00256,"SAGE, NATHAN",IA,DEM,C00902494,SAGE FOR SENATE,1432562.28,1432459.9,102.38,102.38,6821.92,2025-04-01T00:00:00,2026-03-31T00:00:00,2026,1397235.36,407036.38,990198.98,0.0,7239.05,APRIL QUARTERLY,2026,True,committee_totals,C,2025-09-03T21:03:11,S,0.0,latest_candidate_row_since_2025-01-01
S6IA00264,"SCHOLTEN, JAMES",IA,DEM,C00907170,SCHOLTEN FOR IOWA,213415.45,205271.15,8144.3,8144.3,10100.0,2025-04-01T00:00:00,2025-12-31T00:00:00,2026,199410.45,123948.0,75462.45,0.0,3000.0,YEAR-END,2025,True,committee_totals,C,2025-09-03T21:03:11,S,0.0,latest_candidate_row_since_2025-01-01
S6IA00298,"TUREK, JOSHUA",IA,DEM,C00915645,JOSH TUREK FOR IOWA,2808701.1,2051221.09,757480.01,757480.01,0.0,2025-07-01T00:00:00,2026-03-31T00:00:00,2026,2720569.74,1345665.87,1374903.87,0.0,0.0,APRIL QUARTERLY,2026,True,committee_totals,C,2025-10-18T21:00:34,S,0.0,latest_candidate_row_since_2025-01-01
S6IA00272,"WAHLS, ZACH P",IA,DEM,C00907923,WAHLS FOR IOWA,3167670.76,2112265.12,1055405.64,1055405.64,0.0,2025-04-01T00:00:00,2026-03-31T00:00:00,2026,3107863.11,2206816.48,901046.63,0.0,3278.26,APRIL QUARTERLY,2026,True,committee_totals,C,2025-09-03T21:03:11,S,0.0,latest_candidate_row_since_2025-01-01
S6IA00181,"LAEHN, THOMAS RAYMOND DR.",IA,LIB,C00872903,"THOMAS LAEHN EXPLORATORY COMMITTEE, INCORPORATED",20422.91,29466.51,5513.72,5513.72,0.0,2025-01-01T00:00:00,2026-03-31T00:00:00,2026,20422.91,16117.91,4305.0,0.0,0.0,APRIL QUARTERLY,2026,True,committee_totals,C,2025-09-03T21:03:11,S,0.0,latest_candidate_row_since_2025-01-01
S4IA00194,"STEWART, RICK",IA,LIB,C00753657,RICK STEWART,0.0,0.0,-7272.83,-7272.83,0.0,2025-01-01T00:00:00,2025-06-30T00:00:00,2026,0.0,0.0,0.0,0.0,0.0,TERMINATION REPORT,2025,True,committee_totals,P,2021-12-08T06:50:51,S,1.0,latest_candidate_row_since_2025-01-01
S6IA00314,"ARENHOLZ, ASHLEY HINSON",IA,REP,C00706267,ASHLEY FOR IOWA,7267266.37,2679198.52,6516143.25,6516143.25,0.0,2025-01-01T00:00:00,2026-03-31T00:00:00,2026,3969585.99,3296771.38,672814.61,0.0,0.0,APRIL QUARTERLY,2026,True,committee_totals,C,2026-04-03T21:13:47,S,0.0,latest_candidate_row_since_2025-01-01
S6IA00249,"CARLIN, JAMES",IA,REP,C00898148,JIM CARLIN FOR US SENATE,293966.17,279387.32,14578.85,14578.85,193506.46,2024-12-01T00:00:00,2026-03-31T00:00:00,2026,103031.08,62881.25,40149.83,0.0,7.89,APRIL QUARTERLY,2026,True,committee_totals,C,2025-09-03T21:03:11,S,0.0,latest_candidate_row_since_2025-01-01
S2IA00131,"CARLIN, JAMES M.",IA,REP,C00769208,CARLIN FOR US SENATE,0.0,0.0,0.0,0.0,0.0,2025-01-01T00:00:00,2025-02-16T00:00:00,2026,0.0,0.0,0.0,0.0,0.0,TERMINATION REPORT,2025,True,committee_totals,P,2023-03-09T10:16:03,S,1.0,latest_candidate_row_since_2025-01-01
S4IA00129,"ERNST, JONI K",IA,REP,C00546788,JONI FOR IOWA,1997585.68,2240263.66,1997164.76,1997164.76,0.0,2025-01-01T00:00:00,2026-03-31T00:00:00,2026,997371.94,763432.68,233939.26,0.0,31.7,APRIL QUARTERLY,2026,True,committee_totals,C,2025-04-16T21:03:05,S,0.0,latest_candidate_row_since_2025-01-01
S0IA00028,"GRASSLEY, CHARLES E",IA,REP,C00230482,"GRASSLEY COMMITTEE, INC.",208905.54,250920.98,290885.5,290885.5,0.0,2025-01-01T00:00:00,2026-03-31T00:00:00,2026,168000.2,89297.68,78702.52,0.0,0.0,APRIL QUARTERLY,2026,True,committee_totals,C,2025-01-10T21:01:11,S,0.0,latest_candidate_row_since_2025-01-01
S4IA00095,"WHITAKER, MATTHEW GEORGE ""MATT""",IA,REP,C00544924,WHITAKER FOR US SENATE INC,0.0,0.0,7987.56,7987.56,49187.37,2025-01-01T00:00:00,2026-03-31T00:00:00,2026,0.0,0.0,0.0,0.0,0.0,APRIL QUARTERLY,2026,True,committee_totals,P,2021-12-08T06:50:51,S,1.0,latest_candidate_row_since_2025-01-01
S6ID00013,"EVANS, JOHN VICTOR",ID,DEM,C00194472,JOHN EVANS POLITICAL ACTION COMMITTEE,2079.84,22235.3,49226.93,49226.93,0.0,2025-01-01T00:00:00,2026-03-31T00:00:00,2026,0.0,0.0,0.0,,,APRIL QUARTERLY,2026,False,committee_totals,P,2021-12-08T06:50:50,S,1.0,latest_candidate_row_since_2025-01-01
S6ID00138,"ROTH, DAVID JORDAN",ID,DEM,C00839720,DAVID ROTH FOR IDAHO,7494.66,8180.98,-91.55,-91.55,10027.58,2025-01-01T00:00:00,2026-03-31T00:00:00,2026,3938.63,2150.0,1788.63,3156.03,0.0,APRIL QUARTERLY,2026,True,committee_totals,C,2025-11-18T21:02:39,S,0.0,latest_candidate_row_since_2025-01-01
S6ID00146,"ACHILLES, TODD BAKER",ID,IND,C00909309,TODD ACHILLES FOR IDAHO,412743.66,280248.03,140788.55,140788.55,0.0,2025-07-01T00:00:00,2026-03-31T00:00:00,2026,402243.66,336233.9,66009.76,10500.0,0.0,APRIL QUARTERLY,2026,True,committee_totals,C,2025-10-18T21:00:34,S,0.0,latest_candidate_row_since_2025-01-01
S8ID00027,"CRAPO, MICHAEL D",ID,REP,C00330886,MIKE CRAPO FOR US SENATE,1047393.27,590918.68,3028068.4,3028068.4,0.0,2025-01-01T00:00:00,2026-03-31T00:00:00,2026,242394.11,240327.02,2067.09,0.0,37976.39,APRIL QUARTERLY,2026,True,committee_totals,C,2025-01-10T21:01:11,S,0.0,latest_candidate_row_since_2025-01-01
S6ID00120,"EVANS, JOE",ID,REP,C00894816,JOE EVANS FOR SENATE,7741.0,7650.17,90.83,90.83,6791.0,2026-03-01T00:00:00,2026-03-30T00:00:00,2026,850.0,,850.0,,,APRIL QUARTERLY,2026,True,committee_totals,C,2026-04-21T21:14:29,S,0.0,latest_candidate_row_since_2025-01-01
S6ID00161,"LAVE, DENNY",ID,REP,C00940833,DENNY FOR SENATE,160895.0,1605.5,159289.5,159289.5,169276.83,2026-02-25T00:00:00,2026-03-31T00:00:00,2026,6200.0,6000.0,200.0,6695.0,0.0,APRIL QUARTERLY,2026,True,committee_totals,C,2026-04-18T21:13:41,S,0.0,latest_candidate_row_since_2025-01-01
S6ID00153,"ROY, JOSHUA S",ID,REP,C00928424,JOSH ROY FOR IDAHO,27384.67,14495.1,12889.57,12889.57,17862.97,2025-10-01T00:00:00,2026-03-31T00:00:00,2026,9092.42,7011.1,2081.32,25.0,0.0,APRIL QUARTERLY,2026,True,committee_totals,C,2026-01-24T21:00:19,S,0.0,latest_candidate_row_since_2025-01-01
S2ID00129,"TROTTER, JAMES SCOTT",ID,REP,C00791319,TROTTER ELECTION COMMITTEE,0.0,0.0,0.0,0.0,0.0,2025-01-01T00:00:00,2025-03-31T00:00:00,2026,0.0,0.0,0.0,0.0,0.0,APRIL QUARTERLY,2025,True,committee_totals,P,2023-03-09T10:16:03,S,1.0,latest_candidate_row_since_2025-01-01
S8ID00092,"RISCH, JAMES E MR.",ID,UNK,C00440362,JIM RISCH FOR U.S. SENATE COMMITTEE,2729215.51,1322608.05,3826972.02,3826972.02,0.0,2025-01-01T00:00:00,2026-03-31T00:00:00,2026,1738600.96,1624366.36,114234.6,0.0,82197.47,APRIL QUARTERLY,2026,True,committee_totals,C,2025-01-10T21:01:11,S,0.0,latest_candidate_row_since_2025-01-01
S6IL00656,"BOTSFORD, STEVE",IL,DEM,C00920348,BOTSFORD FOR ILLINOIS,372718.37,372618.2,100.17,100.17,0.0,2025-07-01T00:00:00,2026-03-31T00:00:00,2026,9717.0,8450.0,1267.0,362994.57,6.8,APRIL QUARTERLY,2026,True,committee_totals,C,2026-01-29T21:02:11,S,0.0,latest_candidate_row_since_2025-01-01
S6IL00565,"BUSTOS, AWISI",IL,DEM,C00907931,FRIENDS OF AWISI,42028.81,46453.58,0.0,0.0,0.0,2025-10-01T00:00:00,2026-02-25T00:00:00,2026,28.81,28.81,0.0,0.0,0.0,PRE-PRIMARY,2026,True,committee_totals,C,2026-03-21T21:13:21,S,0.0,latest_candidate_row_since_2025-01-01
S6IL00623,"DEAN, JONATHAN",IL,DEM,C00915280,DEAN FOR ILLINOIS,124404.07,100311.38,24092.69,24092.69,61077.0,2025-07-01T00:00:00,2026-03-31T00:00:00,2026,50993.35,31923.22,19070.13,11407.09,503.63,APRIL QUARTERLY,2026,True,committee_totals,C,2026-01-29T21:02:11,S,0.0,latest_candidate_row_since_2025-01-01
S6IL00607,"DELGADO, ADAM",IL,DEM,C00914390,COMMITTEE TO ELECT ADAM DELGADO FOR US SENATE,56308.96,76786.16,-19467.2,-19467.2,0.0,2025-07-01T00:00:00,2026-03-31T00:00:00,2026,13326.71,12177.71,1149.0,42374.87,0.0,APRIL QUARTERLY,2026,True,committee_totals,C,2025-10-18T21:00:34,S,0.0,latest_candidate_row_since_2025-01-01
S6IL00292,"DUCKWORTH, L. TAMMY",IL,DEM,C00574889,TAMMY FOR ILLINOIS,4300519.14,3242661.33,3801810.77,3801810.77,0.0,2025-01-01T00:00:00,2026-03-31T00:00:00,2026,3728401.47,1319013.06,2409388.41,0.0,104930.84,APRIL QUARTERLY,2026,True,committee_totals,C,2025-08-11T21:00:06,S,0.0,latest_candidate_row_since_2025-01-01
S6IL00151,"DURBIN, RICHARD J.",IL,DEM,C00148999,FRIENDS OF DICK DURBIN COMMITTEE,79857.6,778171.85,976472.97,976472.97,0.0,2025-01-01T00:00:00,2026-03-31T00:00:00,2026,32050.68,21371.81,10678.87,0.0,3019.91,APRIL QUARTERLY,2026,True,committee_totals,C,2025-07-29T21:02:15,S,0.0,latest_candidate_row_since_2025-01-01
S6IL00474,"KELLY, ROBIN",IL,DEM,C00904300,ROBIN KELLY FOR SENATE,3466395.93,3278736.11,187659.82,187659.82,0.0,2025-04-01T00:00:00,2026-03-31T00:00:00,2026,1075148.98,799106.77,276042.21,0.0,1250.0,APRIL QUARTERLY,2026,True,committee_totals,C,2026-01-29T21:02:11,S,0.0,latest_candidate_row_since_2025-01-01
S6IL00482,"KRISHNAMOORTHI, S",IL,DEM,C00904466,RAJA FOR ILLINOIS,31390858.87,28237935.72,3152923.15,3152923.15,116248.28,2025-05-01T00:00:00,2026-03-31T00:00:00,2026,11005562.55,10360283.07,645279.48,0.0,398480.62,APRIL QUARTERLY,2026,True,committee_totals,C,2026-01-29T21:02:11,S,0.0,latest_candidate_row_since_2025-01-01
S6IL00649,"MAXWELL, BRYAN",IL,DEM,C00918466,BRYAN MAXWELL FOR US SENATE,21976.0,20613.84,1362.16,1362.16,0.0,2025-07-01T00:00:00,2026-03-31T00:00:00,2026,21976.0,20232.0,1744.0,0.0,0.0,APRIL QUARTERLY,2026,True,committee_totals,C,2026-01-29T21:02:11,S,0.0,latest_candidate_row_since_2025-01-01
S6IL00631,"RODRIQUEZ, ADAIR",IL,DEM,C00917260,ADAIR FOR ILLINOIS,236.0,148.48,0.0,0.0,0.0,2025-07-01T00:00:00,2025-12-31T00:00:00,2026,106.0,0.0,106.0,130.0,0.0,YEAR-END,2025,True,committee_totals,N,2025-09-02T21:03:03,S,2.0,latest_candidate_row_since_2025-01-01
S6IL00581,"RYAN, KEVIN",IL,DEM,C00907774,PEOPLE OF ILLINOIS & KEVIN RYAN,138950.63,147814.81,-8864.18,-8864.18,0.0,2025-04-01T00:00:00,2026-03-31T00:00:00,2026,127616.84,75817.13,51799.71,5165.69,0.0,APRIL QUARTERLY,2026,True,committee_totals,C,2026-01-29T21:02:11,S,0.0,latest_candidate_row_since_2025-01-01
S6IL00599,"SHEPHERD, JUMP WESLEY",IL,DEM,C00907360,JUMP SHEPHERD FOR U.S. SENATE,4166.86,11760.93,-7594.07,-7594.07,0.0,2025-07-01T00:00:00,2026-02-01T00:00:00,2026,4166.86,4166.86,0.0,0.0,0.0,TERMINATION REPORT,2026,True,committee_totals,N,2025-09-12T21:03:27,S,2.0,latest_candidate_row_since_2025-01-01
S6IL00458,"STRATTON, JULIANA",IL,DEM,C00903252,JULIANA FOR ILLINOIS,4791273.46,4096025.84,695247.62,695247.62,192935.89,2025-04-24T00:00:00,2026-03-31T00:00:00,2026,4518473.85,3465882.11,1052591.74,0.0,1.29,APRIL QUARTERLY,2026,True,committee_totals,C,2026-04-16T21:15:09,S,0.0,latest_candidate_row_since_2025-01-01
S6IL00409,"SWANN, CHRISTOPHER ALEXANDER",IL,DEM,C00867523,NEIGHBORS FOR CHRISTOPHER SWANN,17642.57,17458.64,-408.8,-408.8,0.0,2025-07-01T00:00:00,2026-03-31T00:00:00,2026,7732.57,1100.0,6632.57,9600.0,0.0,APRIL QUARTERLY,2026,True,committee_totals,C,2026-04-22T22:27:56,S,0.0,latest_candidate_row_since_2025-01-01
S6IL00680,"HARRINGTON, WHITFIELD MR JR",IL,IND,C00931428,FRIENDS OF WHITFIELD HARRINGTON,31662.4,7626.64,24035.76,24035.76,10000.0,2026-01-01T00:00:00,2026-03-31T00:00:00,2026,18963.0,13850.0,5113.0,2699.4,0.0,APRIL QUARTERLY,2026,True,committee_totals,C,2026-04-18T21:13:41,S,0.0,latest_candidate_row_since_2025-01-01
S6IL00391,"BENNETT, DOUGLAS",IL,REP,C00634808,FRIENDS OF DOUG BENNETT,1000.0,906.15,1547.62,1547.62,115600.0,2025-01-01T00:00:00,2026-03-31T00:00:00,2026,0.0,0.0,0.0,1000.0,0.0,APRIL QUARTERLY,2026,True,committee_totals,C,2025-04-25T21:00:17,S,0.0,latest_candidate_row_since_2025-01-01
S6IL00490,"CAPPARELLI, R CARY",IL,REP,C00911628,CAPPARELLI FOR US SENATE,13471.89,12643.39,828.5,828.5,4748.41,2025-04-28T00:00:00,2026-04-14T00:00:00,2026,8473.48,6576.36,1897.12,250.0,0.0,TERMINATION REPORT,2026,True,committee_totals,C,2026-01-29T21:02:11,S,0.0,latest_candidate_row_since_2025-01-01
S2IL00200,"CHLEBEK, CASEY",IL,REP,C00903823,CASEY CHLEBEK FOR US SENATE,202000.0,201972.54,27.46,27.46,37000.0,2025-04-01T00:00:00,2026-03-31T00:00:00,2026,80000.0,80000.0,0.0,85000.0,0.0,APRIL QUARTERLY,2026,True,committee_totals,P,2023-03-09T10:16:03,S,1.0,latest_candidate_row_since_2025-01-01
S6IL00466,"CHLEBEK, CASIMER MR.",IL,REP,C00903823,CASEY CHLEBEK FOR US SENATE,202000.0,201972.54,27.46,27.46,37000.0,2025-04-01T00:00:00,2026-03-31T00:00:00,2026,80000.0,80000.0,0.0,85000.0,0.0,APRIL QUARTERLY,2026,True,committee_totals,C,2025-07-15T21:00:48,S,0.0,latest_candidate_row_since_2025-01-01
S6IL00672,"EVANS, JEANNIE",IL,REP,C00921759,JEANNIE FOR ILLINOIS,1280369.17,1136878.25,143490.92,143490.92,900000.0,2025-10-01T00:00:00,2026-03-31T00:00:00,2026,224338.0,222000.0,2338.0,121706.39,0.0,APRIL QUARTERLY,2026,True,committee_totals,C,2026-01-20T21:01:52,S,0.0,latest_candidate_row_since_2025-01-01
S6IL00425,"GOODMAN, JOHN",IL,REP,C00897652,GOODMAN FOR ILLINOIS,28555.42,22855.91,5699.51,5699.51,8362.0,2025-01-01T00:00:00,2025-09-30T00:00:00,2026,20193.42,15653.95,4539.47,0.0,0.0,OCTOBER QUARTERLY,2025,True,committee_totals,C,2025-04-25T21:00:17,S,0.0,latest_candidate_row_since_2025-01-01
S0IL00501,"HUBBARD, PEGGY",IL,REP,C00696815,"PEGGY HUBBARD FOR US SENATE, INC.",0.0,0.0,6535.87,6535.87,0.0,2025-01-01T00:00:00,2026-03-31T00:00:00,2026,0.0,0.0,0.0,0.0,0.0,APRIL QUARTERLY,2026,True,committee_totals,P,2023-03-09T10:16:03,S,1.0,latest_candidate_row_since_2025-01-01
S6IL00540,"LONG, PAMELA",IL,REP,C00904516,LONG FOR SENATE 2026,24715.06,22829.78,1885.28,1885.28,2637.99,2025-04-01T00:00:00,2026-04-09T00:00:00,2026,22077.07,12976.99,9100.08,0.0,0.0,TERMINATION REPORT,2026,True,committee_totals,C,2026-01-29T21:02:11,S,0.0,latest_candidate_row_since_2025-01-01
S8IL00223,"MCCLANAHAN, ZACHARY",IL,REP,C00930685,ZACH MCCLANAHAN FOR U.S. SENATE,2073.5,750.63,1322.87,1322.87,0.0,2025-01-01T00:00:00,2026-03-31T00:00:00,2026,2057.7,1377.19,680.51,0.0,0.0,APRIL QUARTERLY,2026,True,committee_totals,N,2025-12-10T21:04:23,S,2.0,latest_candidate_row_since_2025-01-01
S6IL00615,"TRACY, DON",IL,REP,C00917120,"DON TRACY FOR ILLINOIS, NFP",2327334.3,783936.04,1543398.26,1543398.26,2000000.0,2025-07-01T00:00:00,2026-03-31T00:00:00,2026,289688.26,265865.82,23822.44,0.0,31152.14,APRIL QUARTERLY,2026,True,committee_totals,C,2025-10-15T21:01:51,S,0.0,latest_candidate_row_since_2025-01-01
S4IL00438,"TRUAX, DOUGLAS LEE",IL,REP,C00546457,AMERICANS FOR DOUG TRUAX,0.0,0.0,0.0,0.0,53087.87,2025-01-01T00:00:00,2026-03-31T00:00:00,2026,0.0,0.0,0.0,0.0,0.0,APRIL QUARTERLY,2026,True,committee_totals,P,2021-12-08T06:50:51,S,1.0,latest_candidate_row_since_2025-01-01
S6IL00698,"SCHWARTZBERG, STEVEN J",IL,,C00942805,"STEVE SCHWARTZBERG FOR US SENATE CAMPAIGN COMMITTEE, INC.",5200.0,0.0,5200.0,5200.0,,2026-01-01T00:00:00,2026-03-31T00:00:00,2026,5000.0,,,200.0,,APRIL QUARTERLY,2026,True,committee_totals,C,2026-04-21T21:14:29,S,0.0,latest_candidate_row_since_2025-01-01
S8IN00049,"BAYH, EVAN",IN,DEM,C00306860,EVAN BAYH COMMITTEE,310775.13,27524.01,2232143.55,2232143.55,0.0,2025-01-01T00:00:00,2026-03-31T00:00:00,2026,0.0,0.0,0.0,0.0,310775.13,APRIL QUARTERLY,2026,True,committee_totals,P,2021-12-08T06:50:51,S,1.0,latest_candidate_row_since_2025-01-01
S4IN00279,"CARMICHAEL, ROBERT MARC",IN,DEM,C00845859,CARMICHAEL FOR US SENATE,0.0,0.0,13200.15,13200.15,3147.12,2025-01-01T00:00:00,2025-06-30T00:00:00,2026,0.0,0.0,0.0,0.0,0.0,JULY QUARTERLY,2025,True,committee_totals,P,2025-03-18T15:34:07,S,1.0,latest_candidate_row_since_2025-01-01
S2IN00091,"DONNELLY, JOSEPH S",IN,DEM,C00393652,DONNELLY FOR INDIANA,322.25,10529.01,90511.8,90511.8,0.0,2025-01-01T00:00:00,2026-03-31T00:00:00,2026,0.0,0.0,0.0,0.0,4.25,APRIL QUARTERLY,2026,True,committee_totals,P,2021-12-08T06:50:51,S,1.0,latest_candidate_row_since_2025-01-01
S0IN00061,"HILL, BARON P",IN,DEM,C00578880,BARON HILL FOR INDIANA,1060.65,8128.77,47403.61,47403.61,0.0,2025-01-01T00:00:00,2026-03-31T00:00:00,2026,0.0,0.0,0.0,0.0,1060.65,APRIL QUARTERLY,2026,True,committee_totals,P,2021-12-08T06:50:51,S,1.0,latest_candidate_row_since_2025-01-01
S2IN00166,"MCCRAY, VALERIE L DR",IN,DEM,C00697615,FRIENDS OF VALERIE MCCRAY,5203.07,6189.82,4979.56,4979.56,671.07,2025-01-01T00:00:00,2025-12-31T00:00:00,2026,703.0,221.0,482.0,0.0,0.0,YEAR-END,2025,True,committee_totals,P,2025-03-18T15:34:07,S,1.0,latest_candidate_row_since_2025-01-01
S4IN00261,"POTTS, KEITH",IN,DEM,C00844753,KEITH POTTS FOR SENATE,5650.0,5811.47,2.12,2.12,10800.0,2025-01-01T00:00:00,2026-03-31T00:00:00,2026,0.0,0.0,0.0,5650.0,0.0,APRIL QUARTERLY,2026,True,committee_totals,P,2025-03-18T15:34:07,S,1.0,latest_candidate_row_since_2025-01-01
S4IN00196,"BANKS, JAMES E. HON.",IN,REP,C00577999,BANKS FOR SENATE,1867267.71,1464916.56,3015707.87,3015707.87,27931.73,2025-01-01T00:00:00,2026-03-31T00:00:00,2026,795886.21,623087.91,172798.3,0.0,122400.74,APRIL QUARTERLY,2026,True,committee_totals,C,2025-02-07T21:00:11,S,0.0,latest_candidate_row_since_2025-01-01
S8IN00171,"BRAUN, MIKE",IN,REP,C00653147,FREEDOM & OPPORTUNITY FUND,144774.26,27700.97,115081.72,115081.72,0.0,2025-01-01T00:00:00,2026-03-31T00:00:00,2026,0.0,0.0,0.0,,,APRIL QUARTERLY,2026,False,committee_totals,P,2025-03-18T15:34:07,S,1.0,latest_candidate_row_since_2025-01-01
S8IN00189,"ROKITA, THEODORE EDWARD",IN,REP,C00476192,"HOOSIERS FOR ROKITA, INC.",0.0,5135.54,5135.54,5135.54,0.0,2025-01-01T00:00:00,2026-09-30T00:00:00,2026,0.0,0.0,0.0,0.0,0.0,OCTOBER QUARTERLY,2026,True,committee_totals,P,2021-12-08T06:50:51,S,1.0,latest_candidate_row_since_2025-01-01
S6IN00191,"YOUNG, TODD CHRISTOPHER",IN,REP,C00459255,"FRIENDS OF TODD YOUNG, INC.",3599267.98,1234309.96,6790900.66,6790900.66,0.0,2025-01-01T00:00:00,2026-03-31T00:00:00,2026,953813.54,936839.38,16974.16,0.0,178096.02,APRIL QUARTERLY,2026,True,committee_totals,C,2025-04-29T21:01:40,S,0.0,latest_candidate_row_since_2025-01-01
S6KS00247,"DAVIS, CHRISTY",KS,DEM,C00915934,CHRISTY DAVIS FOR KANSAS 2026,137068.03,77796.18,59271.85,59271.85,0.0,2025-07-01T00:00:00,2026-03-31T00:00:00,2026,137068.03,130543.03,6525.0,0.0,0.0,APRIL QUARTERLY,2026,True,committee_totals,C,2026-03-07T21:22:43,S,0.0,latest_candidate_row_since_2025-01-01
S6KS00304,"HART, JASON",KS,DEM,C00942391,HART FOR SENATE,10741.42,5372.27,5369.15,5369.15,4111.53,2026-01-01T00:00:00,2026-03-31T00:00:00,2026,6922.03,2867.03,4055.0,1540.0,0.0,APRIL QUARTERLY,2026,True,committee_totals,C,2026-04-18T21:13:41,S,0.0,latest_candidate_row_since_2025-01-01
S6KS00270,"MURRAY, ERIK",KS,DEM,C00929240,ERIK MURRAY FOR KANSAS,179817.62,134230.89,45586.73,45586.73,0.0,2025-11-23T00:00:00,2026-03-31T00:00:00,2026,179817.62,169925.0,9892.62,0.0,0.0,APRIL QUARTERLY,2026,True,committee_totals,C,2026-02-09T20:58:28,S,0.0,latest_candidate_row_since_2025-01-01
S6KS00239,"PARELKAR, LOIS ANNE ELIZABETH LEA",KS,DEM,C00913293,ANNE FOR KANSAS,19898.0,19707.85,190.15,190.15,5500.0,2025-03-03T00:00:00,2026-03-31T00:00:00,2026,14398.0,9676.0,4722.0,0.0,0.0,APRIL QUARTERLY,2026,True,committee_totals,C,2025-11-18T21:02:39,S,0.0,latest_candidate_row_since_2025-01-01
S0KS00307,"REDDI, USHA",KS,DEM,C00717280,REDDI FOR SENATE,33.59,1000.0,10014.58,10014.58,0.0,2025-01-01T00:00:00,2026-03-31T00:00:00,2026,0.0,0.0,0.0,0.0,33.59,APRIL QUARTERLY,2026,True,committee_totals,P,2021-12-08T06:50:51,S,1.0,latest_candidate_row_since_2025-01-01
S6KS00288,"SCHMIDT, PATRICK",KS,DEM,C00937599,PATRICK SCHMIDT FOR SENATE,177173.5,47590.34,129583.16,129583.16,0.0,2026-01-01T00:00:00,2026-03-31T00:00:00,2026,164923.5,149070.0,15853.5,0.0,0.0,APRIL QUARTERLY,2026,True,committee_totals,C,2026-04-18T21:13:41,S,0.0,latest_candidate_row_since_2025-01-01
S6KS00262,"SPIDEL NEUMANN, SANDY",KS,DEM,C00923474,SANDY FOR KANSAS,187436.34,149326.67,38109.67,38109.67,100000.0,2025-10-14T00:00:00,2026-03-31T00:00:00,2026,83877.11,48373.0,35504.11,3500.0,59.23,APRIL QUARTERLY,2026,True,committee_totals,C,2026-02-09T20:58:28,S,0.0,latest_candidate_row_since_2025-01-01
S6KS00296,"TAYLOR, NOAH",KS,DEM,C00943803,NOAH TAYLOR FOR KANSAS,72435.0,3801.94,68633.06,68633.06,0.0,2026-01-01T00:00:00,2026-03-31T00:00:00,2026,58934.83,33400.0,25534.83,3500.0,0.0,APRIL QUARTERLY,2026,True,committee_totals,C,2026-04-18T21:13:41,S,0.0,latest_candidate_row_since_2025-01-01
S0KS00166,"WIESNER, PATRICK",KS,DEM,C00563577,WIESNER FOR SENATE INC,0.0,129.48,11675.55,11675.55,50500.0,2025-01-01T00:00:00,2026-03-31T00:00:00,2026,0.0,0.0,0.0,0.0,0.0,APRIL QUARTERLY,2026,True,committee_totals,P,2023-03-09T10:16:03,S,1.0,latest_candidate_row_since_2025-01-01
S0KS00349,"HAMILTON, BOB",KS,REP,C00743153,BOB HAMILTON FOR KANSAS INC.,0.0,0.0,0.0,0.0,1150.0,2025-01-01T00:00:00,2026-03-31T00:00:00,2026,0.0,0.0,0.0,0.0,0.0,APRIL QUARTERLY,2026,True,committee_totals,P,2021-12-08T06:50:51,S,1.0,latest_candidate_row_since_2025-01-01
S0KS00315,"MARSHALL, ROGER W",KS,REP,C00576173,KANSANS FOR MARSHALL,3331963.38,255723.24,4781258.78,4781258.78,0.0,2025-01-01T00:00:00,2026-03-31T00:00:00,2026,1461071.57,1344180.15,116891.42,0.0,56033.95,APRIL QUARTERLY,2026,True,committee_totals,C,2026-04-14T21:14:42,S,0.0,latest_candidate_row_since_2025-01-01
S0KS00091,"MORAN, JERRY",KS,REP,C00458315,MORAN FOR KANSAS,990634.22,244726.92,5515291.6,5515291.6,61238.33,2025-01-01T00:00:00,2026-03-31T00:00:00,2026,173861.52,173124.0,737.52,0.0,159458.57,APRIL QUARTERLY,2026,True,committee_totals,C,2025-01-10T21:01:11,S,0.0,latest_candidate_row_since_2025-01-01
S6KY00385,"BOOKER, CHARLES",KY,DEM,C00929208,BOOKER FOR THE COMMONWEALTH,368365.15,170264.65,198100.5,198100.5,0.0,2025-10-01T00:00:00,2026-03-31T00:00:00,2026,363364.86,131191.0,232173.86,0.0,0.0,APRIL QUARTERLY,2026,True,committee_totals,C,2026-02-09T20:58:28,S,0.0,latest_candidate_row_since_2025-01-01
S6KY00328,"FORSYTHE, LOGAN",KY,DEM,C00919811,LOGAN FOR KENTUCKY,46938.03,43805.16,3132.87,3132.87,0.0,2025-09-08T00:00:00,2025-12-31T00:00:00,2026,46271.77,13700.0,32571.77,0.0,0.0,YEAR-END,2025,True,committee_totals,C,2025-10-18T21:00:34,S,0.0,latest_candidate_row_since_2025-01-01
S6KY00344,"MCGRATH, AMY",KY,DEM,C00922302,AMY MCGRATH FOR SENATE,1942704.23,1631150.23,311554.0,311554.0,7350.0,2025-08-01T00:00:00,2026-03-31T00:00:00,2026,1911809.88,861387.31,1050422.57,0.0,3509.96,APRIL QUARTERLY,2026,True,committee_totals,C,2026-02-03T20:59:43,S,0.0,latest_candidate_row_since_2025-01-01
S6KY00369,"ROMANS, DALE",KY,DEM,C00925578,DALE ROMANS FOR KENTUCKY,821111.07,380233.44,440877.63,440877.63,230000.0,2025-10-01T00:00:00,2026-03-31T00:00:00,2026,587611.07,541190.0,46421.07,0.0,0.0,APRIL QUARTERLY,2026,True,committee_totals,C,2026-02-09T20:58:28,S,0.0,latest_candidate_row_since_2025-01-01
S6KY00211,"STEVENSON, PAMELA",KY,DEM,C00897058,PAMELA STEVENSON FOR KENTUCKY,266962.54,242098.61,24863.93,24863.93,63806.69,2025-01-31T00:00:00,2025-09-30T00:00:00,2026,259292.03,123645.43,135646.6,0.0,20.14,OCTOBER QUARTERLY,2025,True,committee_totals,C,2025-04-16T21:03:05,S,0.0,latest_candidate_row_since_2025-01-01
S6KY00336,"WILLETT, JOEL",KY,DEM,C00920009,JOEL FOR KENTUCKY,350036.01,321249.37,28786.64,28786.64,96000.0,2025-09-17T00:00:00,2025-12-31T00:00:00,2026,145036.01,89225.0,55811.01,0.0,0.0,YEAR-END,2025,True,committee_totals,C,2025-10-18T21:00:34,S,0.0,latest_candidate_row_since_2025-01-01
S0KY00396,"BARRON, STEPHEN BRADLEY",KY,LIB,C00723270,BRAD BARRON FOR US SENATE,0.0,0.0,12811.57,12811.57,0.0,2025-01-01T00:00:00,2026-03-31T00:00:00,2026,0.0,0.0,0.0,0.0,0.0,APRIL QUARTERLY,2026,True,committee_totals,P,2021-12-08T06:50:51,S,1.0,latest_candidate_row_since_2025-01-01
S6KY00286,"BARR, GARLAND ANDY",KY,REP,C00467571,"ANDY BARR FOR SENATE, INC.",7968106.41,7486809.96,4174374.09,4174374.09,0.0,2025-01-01T00:00:00,2026-03-31T00:00:00,2026,4466197.91,3828109.77,638088.14,0.0,201147.28,APRIL QUARTERLY,2026,True,committee_totals,C,2025-04-25T21:00:17,S,0.0,latest_candidate_row_since_2025-01-01
S6KY00237,"CAMERON, DANIEL",KY,REP,C00898189,CAMERON FOR SENATE INC.,2060372.38,1295627.37,764745.01,764745.01,0.0,2025-02-21T00:00:00,2026-03-31T00:00:00,2026,2057566.49,1535267.31,522299.18,0.0,805.89,APRIL QUARTERLY,2026,True,committee_totals,C,2025-04-16T21:03:05,S,0.0,latest_candidate_row_since_2025-01-01
S6KY00260,"FARIS, MICHAEL",KY,REP,C00903930,MIKE FARIS FOR U.S. SENATE,61529.95,78371.26,-16841.31,-16841.31,0.0,2025-02-01T00:00:00,2026-03-31T00:00:00,2026,50310.93,43550.03,6760.9,10219.02,0.0,APRIL QUARTERLY,2026,True,committee_totals,C,2025-11-18T21:02:39,S,0.0,latest_candidate_row_since_2025-01-01
S6KY00278,"FARIS, MICHAEL JAMES",KY,REP,C00903930,MIKE FARIS FOR U.S. SENATE,61529.95,78371.26,-16841.31,-16841.31,0.0,2025-02-01T00:00:00,2026-03-31T00:00:00,2026,50310.93,43550.03,6760.9,10219.02,0.0,APRIL QUARTERLY,2026,True,committee_totals,C,2025-11-18T21:02:39,S,0.0,latest_candidate_row_since_2025-01-01
S2KY00012,"MCCONNELL, MITCH",KY,REP,C00193342,MCCONNELL SENATE COMMITTEE,174224.95,934417.29,7333272.06,7333272.06,0.0,2025-01-01T00:00:00,2026-03-31T00:00:00,2026,18653.82,17200.82,1453.0,0.0,128703.45,APRIL QUARTERLY,2026,True,committee_totals,C,2025-01-10T21:01:11,S,0.0,latest_candidate_row_since_2025-01-01
S6KY00302,"MORRIS, NATE",KY,REP,C00909705,MORRIS FOR SENATE,7028611.22,6448016.35,580594.87,580594.87,4902000.0,2025-06-26T00:00:00,2026-03-31T00:00:00,2026,1851252.55,1234216.24,617036.31,0.0,375.0,APRIL QUARTERLY,2026,True,committee_totals,C,2026-01-07T21:03:57,S,0.0,latest_candidate_row_since_2025-01-01
S0KY00156,"PAUL, RAND",KY,REP,C00496075,RAND PAUL FOR US SENATE,3312762.54,3196268.18,6810091.73,6810091.73,0.0,2025-01-01T00:00:00,2026-03-31T00:00:00,2026,2811813.98,1940165.44,871648.54,0.0,183652.15,APRIL QUARTERLY,2026,True,committee_totals,C,2025-01-10T21:01:11,S,0.0,latest_candidate_row_since_2025-01-01
S0KY00198,"THONEY, ROGER",KY,REP,C00354365,ROGER THONEY FOR CONGRESS,0.0,86.0,1485.53,1485.53,27900.0,2025-01-01T00:00:00,2026-03-31T00:00:00,2026,0.0,0.0,0.0,0.0,0.0,APRIL QUARTERLY,2026,True,committee_totals,P,2021-12-08T06:50:51,S,1.0,latest_candidate_row_since_2025-01-01
S6KY00393,"WENZEL, DONALD RAY",KY,REP,C00932202,FRIENDS FOR THE OTHER DONALD WENZEL,2431.4,2431.4,,,,2025-01-28T00:00:00,2026-03-15T00:00:00,2026,,,,2431.4,,YEAR-END,2025,True,committee_totals,N,2025-12-30T21:00:52,S,2.0,latest_candidate_row_since_2025-01-01
S6LA00706,"ALBARES, NICHOLAS S.",LA,DEM,C00938944,NICHOLAS ALBARES FOR LOUISIANA,70920.59,16884.09,54036.5,54036.5,5275.0,2026-01-01T00:00:00,2026-03-31T00:00:00,2026,65645.59,55760.88,9884.71,0.0,0.0,APRIL QUARTERLY,2026,True,committee_totals,C,2026-04-21T21:14:29,S,0.0,latest_candidate_row_since_2025-01-01
S6LA00680,"CROCKETT, GARY",LA,DEM,C00941070,COMMITTEE TO ELECT GARY CROCKETT FOR LOUISIANA,350000.0,12138.94,675722.12,675722.12,350000.0,2026-01-01T00:00:00,2026-03-31T00:00:00,2026,0.0,0.0,0.0,0.0,0.0,APRIL QUARTERLY,2026,True,committee_totals,C,2026-04-21T21:14:29,S,0.0,latest_candidate_row_since_2025-01-01
S6LA00615,"DAVIS, JAMIE",LA,DEM,C00929117,JAMIE DAVIS FOR U.S. SENATE,325965.17,184143.76,141821.41,141821.41,10000.0,2025-10-01T00:00:00,2026-03-31T00:00:00,2026,315965.16,35975.0,279990.16,0.0,0.01,APRIL QUARTERLY,2026,True,committee_totals,C,2026-02-09T20:58:28,S,0.0,latest_candidate_row_since_2025-01-01
S4LA00040,"JOHN, CHRIS",LA,DEM,C00394445,CHRIS JOHN FOR US SENATE,100.0,90.18,12.61,12.61,126480.15,2025-01-01T00:00:00,2026-03-31T00:00:00,2026,0.0,0.0,0.0,100.0,0.0,APRIL QUARTERLY,2026,True,committee_totals,P,2021-12-08T06:50:50,S,1.0,latest_candidate_row_since_2025-01-01
S2LA00168,"STEIB, SYRITA",LA,DEM,C00802710,SUPPORT SYRITA STEIB,0.0,0.0,13076.63,13076.63,33614.25,2025-01-01T00:00:00,2025-04-16T00:00:00,2026,0.0,0.0,0.0,0.0,0.0,TERMINATION REPORT,2025,True,committee_totals,P,2023-03-09T10:16:03,S,1.0,latest_candidate_row_since_2025-01-01
S4LA00107,"CASSIDY, WILLIAM M.",LA,REP,C00543983,BILL CASSIDY FOR US SENATE,6507706.19,5959587.57,7128536.9,7128536.9,0.0,2025-01-01T00:00:00,2026-03-31T00:00:00,2026,2303602.81,2259340.32,44262.49,0.0,274590.46,APRIL QUARTERLY,2026,True,committee_totals,C,2025-05-07T20:59:48,S,0.0,latest_candidate_row_since_2025-01-01
S6LA00581,"EMERSON, JULIE CATHRYN",LA,REP,C00923631,JULIE EMERSON FOR LOUISIANA,688875.02,656194.34,32680.68,32680.68,0.0,2025-10-01T00:00:00,2026-03-31T00:00:00,2026,362375.02,360067.25,2307.77,0.0,0.0,APRIL QUARTERLY,2026,True,committee_totals,C,2026-02-09T20:58:28,S,0.0,latest_candidate_row_since_2025-01-01
S6LA00318,"FLEMING, JOHN C. JR.",LA,REP,C00597013,FLEMING FOR LOUISIANA,11227243.48,9076736.19,2169403.67,2169403.67,3654723.0,2025-01-01T00:00:00,2026-03-31T00:00:00,2026,593743.48,555140.64,38602.84,0.0,1500.0,APRIL QUARTERLY,2026,True,committee_totals,C,2025-01-29T21:03:35,S,0.0,latest_candidate_row_since_2025-01-01
S4LA00065,"KENNEDY, JOHN NEELY",LA,REP,C00608398,JOHN KENNEDY FOR US,8195849.16,5644652.0,18481378.86,18481378.86,0.0,2025-01-01T00:00:00,2026-03-31T00:00:00,2026,7185355.62,3917701.47,3267654.15,0.0,601126.04,APRIL QUARTERLY,2026,True,committee_totals,C,2025-01-10T21:01:11,S,0.0,latest_candidate_row_since_2025-01-01
S6LA00664,"LETLOW, JULIA",LA,REP,C00935411,JULIA LETLOW FOR LOUISIANA,3913424.32,1639379.99,2274044.33,2274044.33,0.0,2026-01-01T00:00:00,2026-03-31T00:00:00,2026,480571.28,433185.15,47386.13,0.0,0.0,APRIL QUARTERLY,2026,True,committee_totals,C,2026-04-18T21:13:41,S,0.0,latest_candidate_row_since_2025-01-01
S6LA00573,"SEIDEN, KATHY W",LA,REP,C00921536,SEIDEN FOR SENATE,1202191.0,1191584.43,10606.57,10606.57,80000.0,2025-10-01T00:00:00,2026-03-31T00:00:00,2026,127191.0,124800.0,2391.0,0.0,0.0,APRIL QUARTERLY,2026,True,committee_totals,C,2026-01-21T21:01:58,S,0.0,latest_candidate_row_since_2025-01-01
S6LA00672,"SKRMETTA, ERIC",LA,REP,C00937045,ERIC SKRMETTA FOR U.S. SENATE CAMPAIGN INC.,67750.0,9184.16,58565.84,58565.84,45983.37,2026-01-01T00:00:00,2026-03-31T00:00:00,2026,64250.0,64250.0,0.0,0.0,0.0,APRIL QUARTERLY,2026,True,committee_totals,C,2026-04-18T21:13:41,S,0.0,latest_candidate_row_since_2025-01-01
S6LA00698,"SPENCER, MARK",LA,REP,C00941880,MARK SPENCER FOR LOUISIANA,5395.0,5275.0,120.0,120.0,5275.0,2026-01-01T00:00:00,2026-03-31T00:00:00,2026,0.0,0.0,0.0,120.0,0.0,APRIL QUARTERLY,2026,True,committee_totals,C,2026-04-18T21:13:41,S,0.0,latest_candidate_row_since_2025-01-01
S4LA00057,"VITTER, DAVID B",LA,REP,C00394593,DAVID VITTER FOR US SENATE,0.0,3800.0,1461.28,1461.28,0.0,2025-01-01T00:00:00,2026-03-31T00:00:00,2026,0.0,0.0,0.0,0.0,0.0,APRIL QUARTERLY,2026,True,committee_totals,P,2021-12-08T06:50:51,S,1.0,latest_candidate_row_since_2025-01-01
S4MA00069,"KERRY, JOHN F",MA,DEM,C00408088,SPIRIT OF AMERICA PAC,0.0,400.38,605.79,605.79,0.0,2025-01-01T00:00:00,2026-03-31T00:00:00,2026,0.0,0.0,0.0,,,APRIL QUARTERLY,2026,False,committee_totals,P,2021-12-08T06:50:50,S,1.0,latest_candidate_row_since_2025-01-01
S4MA00028,"MARKEY, EDWARD SEN.",MA,DEM,C00196774,THE MARKEY COMMITTEE,3804689.34,3073999.78,2541376.53,2541376.53,0.0,2025-01-01T00:00:00,2026-03-31T00:00:00,2026,1705111.1,1036757.95,668353.15,0.0,48662.48,APRIL QUARTERLY,2026,True,committee_totals,C,2026-03-31T21:14:58,S,0.0,latest_candidate_row_since_2025-01-01
S6MA00296,"MOULTON, SETH",MA,DEM,C00547240,"SETH FOR MASSACHUSETTS, INC",4255419.17,2774289.78,3331467.45,3331467.45,0.0,2025-01-01T00:00:00,2026-03-31T00:00:00,2026,3951789.48,3496566.53,455222.95,0.0,72565.17,APRIL QUARTERLY,2026,True,committee_totals,C,2025-11-13T21:02:32,S,0.0,latest_candidate_row_since_2025-01-01
S6MA00254,"RIKLEEN, ALEXANDER",MA,DEM,C00903781,RIKLEEN COMMITTEE,75700.42,72981.88,2718.54,2718.54,37789.41,2025-04-01T00:00:00,2026-03-31T00:00:00,2026,51659.09,31836.27,19822.82,154.09,0.0,APRIL QUARTERLY,2026,True,committee_totals,C,2025-07-16T21:02:06,S,0.0,latest_candidate_row_since_2025-01-01
S2MA00170,"WARREN, ELIZABETH",MA,DEM,C00500843,"WARREN FOR SENATE, INC.",3772360.96,3499344.25,3723063.38,3723063.38,0.0,2025-01-01T00:00:00,2026-03-31T00:00:00,2026,3604077.29,1062211.3,2541865.99,0.0,43748.91,APRIL QUARTERLY,2026,True,committee_totals,C,2025-08-26T21:03:22,S,0.0,latest_candidate_row_since_2025-01-01
S8MA00268,"AYYADURAI, SHIVA DR",MA,IND,C00936542,SHIVA 4 SENATE,9869.51,2542.56,7326.95,7326.95,0.0,2026-01-01T00:00:00,2026-03-31T00:00:00,2026,4453.59,3700.0,754.0,5415.92,0.0,APRIL QUARTERLY,2026,True,committee_totals,C,2026-04-14T21:14:42,S,0.0,latest_candidate_row_since_2025-01-01
S4MA00275,"AYYADURAI, SHIVA DR.",MA,IND,C00936542,SHIVA 4 SENATE,9869.51,2542.56,7326.95,7326.95,0.0,2026-01-01T00:00:00,2026-03-31T00:00:00,2026,4453.59,3700.0,754.0,5415.92,0.0,APRIL QUARTERLY,2026,True,committee_totals,N,2023-01-12T22:24:01,S,2.0,latest_candidate_row_since_2025-01-01
S6MA00262,"DAWICKI, MORGAN GIFFORD",MA,IND,C00909663,CAMPAIGN FOR MORGAN G DAWICKI,16497.8,7308.9,3997.99,3997.99,0.0,2025-07-01T00:00:00,2026-03-31T00:00:00,2026,12166.72,10000.0,2166.72,4331.08,0.0,APRIL QUARTERLY,2026,True,committee_totals,C,2025-10-11T21:01:09,S,0.0,latest_candidate_row_since_2025-01-01
S6MA00288,"TACHE, JOSEPH",MA,OTH,C00920793,JOE TACHE FOR SENATE,96091.67,66361.23,29730.44,29730.44,1650.0,2025-08-01T00:00:00,2026-03-31T00:00:00,2026,95611.85,61650.64,33961.21,0.0,479.82,APRIL QUARTERLY,2026,True,committee_totals,C,2026-01-28T21:00:03,S,0.0,latest_candidate_row_since_2025-01-01
S4MA00291,"ANTONELLIS, ROBERT JOSEPH",MA,REP,C00841080,ROBERT ANTONELLIS FOR US SENATE,2000.0,0.0,1369.37,1369.37,59434.57,2025-01-01T00:00:00,2026-03-31T00:00:00,2026,0.0,0.0,0.0,0.0,0.0,APRIL QUARTERLY,2026,True,committee_totals,P,2025-03-18T15:34:07,S,1.0,latest_candidate_row_since_2025-01-01
S6MA00270,"BECH, NATHAN ALEXANDER",MA,REP,C00449397,COMMITTEE TO ELECT NATHAN BECH; THE,40000.0,43984.05,789.69,789.69,132087.21,2025-01-01T00:00:00,2026-03-31T00:00:00,2026,0.0,0.0,0.0,0.0,0.0,APRIL QUARTERLY,2026,True,committee_totals,C,2025-10-16T21:01:04,S,0.0,latest_candidate_row_since_2025-01-01
S6MA00304,"DEATON, JOHN",MA,REP,C00926139,JOHN DEATON FOR SENATE,1400141.01,571567.1,828573.91,828573.91,1005000.0,2025-10-01T00:00:00,2026-03-31T00:00:00,2026,320775.19,280944.6,39830.59,53414.0,24541.41,APRIL QUARTERLY,2026,True,committee_totals,C,2026-02-09T20:58:28,S,0.0,latest_candidate_row_since_2025-01-01
S4MD00327,"ALSOBROOKS, ANGELA",MD,DEM,C00840017,ALSOBROOKS FOR SENATE,1514583.43,974813.68,589615.13,589615.13,35065.99,2025-01-01T00:00:00,2026-03-31T00:00:00,2026,713750.0,398569.47,315180.53,0.0,44188.36,APRIL QUARTERLY,2026,True,committee_totals,C,2025-02-07T21:00:11,S,0.0,latest_candidate_row_since_2025-01-01
S6MD03177,"CARDIN, BENJAMIN L",MD,DEM,C00411587,"BEN CARDIN FOR SENATE, INC.",7213.91,427404.23,43251.41,43251.41,0.0,2025-01-01T00:00:00,2026-03-31T00:00:00,2026,0.0,0.0,0.0,0.0,1256.66,APRIL QUARTERLY,2026,True,committee_totals,P,2025-03-18T15:34:07,S,1.0,latest_candidate_row_since_2025-01-01
S4MD00301,"JAWANDO, WILL",MD,DEM,C00839449,WILL JAWANDO FOR MARYLAND,0.0,138465.86,0.0,0.0,0.0,2025-01-01T00:00:00,2025-07-15T00:00:00,2026,0.0,0.0,0.0,0.0,0.0,TERMINATION REPORT,2025,True,committee_totals,P,2025-03-18T15:34:07,S,1.0,latest_candidate_row_since_2025-01-01
S2MD00529,"SMITH, MICHELLE LAURENCE MS",MD,DEM,C00724328,MICHELLE L SMITH FOR SENATE,0.0,0.0,0.0,0.0,0.0,2025-01-01T00:00:00,2026-03-31T00:00:00,2026,0.0,0.0,0.0,0.0,0.0,APRIL QUARTERLY,2026,True,committee_totals,P,2023-03-09T10:16:03,S,1.0,latest_candidate_row_since_2025-01-01
S4MD00319,"TRONE, DAVID",MD,DEM,C00653196,"DAVID TRONE FOR MARYLAND, INC.",11041367.95,6744393.16,4300816.22,4300816.22,10000000.0,2025-01-01T00:00:00,2026-03-31T00:00:00,2026,31450.0,28150.0,3300.0,406107.21,250.0,APRIL QUARTERLY,2026,True,committee_totals,P,2025-03-18T15:34:07,S,1.0,latest_candidate_row_since_2025-01-01
S6MD03441,"VAN HOLLEN, CHRIS",MD,DEM,C00573758,VAN HOLLEN FOR SENATE,1515661.04,446554.55,3022508.66,3022508.66,2209.56,2025-01-01T00:00:00,2026-03-31T00:00:00,2026,1197783.57,1089415.46,108368.11,0.0,1000.0,APRIL QUARTERLY,2026,True,committee_totals,C,2025-12-03T21:03:11,S,0.0,latest_candidate_row_since_2025-01-01
S4MD00467,"WALLACE, NANCY",MD,GRE,C00868869,FRIENDS OF NANCY WALLACE,1000.0,820.0,-371.07,-371.07,0.0,2025-01-01T00:00:00,2026-09-30T00:00:00,2026,0.0,0.0,0.0,0.0,0.0,OCTOBER QUARTERLY,2026,True,committee_totals,N,2024-02-04T20:58:30,S,2.0,latest_candidate_row_since_2025-01-01
S4MD00293,"FICKER, ROBIN",MD,REP,C00832733,ROBIN FICKER FOR US SENATE,26.6,225.0,0.0,0.0,0.0,2025-01-01T00:00:00,2026-01-16T00:00:00,2026,0.0,0.0,0.0,0.0,0.03,TERMINATION REPORT,2026,True,committee_totals,P,2025-03-18T15:34:07,S,1.0,latest_candidate_row_since_2025-01-01
S2MD00602,"FRIEND, LORIE R",MD,REP,C00814442,ELECT-A-FRIEND,0.0,0.0,-2161.94,-2161.94,8692.25,2025-01-01T00:00:00,2026-03-31T00:00:00,2026,0.0,0.0,0.0,0.0,0.0,APRIL QUARTERLY,2026,True,committee_totals,N,2023-10-29T21:00:13,S,2.0,latest_candidate_row_since_2025-01-01
S4MD00483,"HOGAN, LARRY",MD,REP,C00869016,HOGAN FOR MARYLAND INC.,142947.61,296257.42,0.0,0.0,9357.08,2025-01-01T00:00:00,2026-03-31T00:00:00,2026,19160.13,17842.27,1317.86,0.0,55000.0,APRIL QUARTERLY,2026,True,committee_totals,P,2025-03-18T15:34:07,S,1.0,latest_candidate_row_since_2025-01-01
S4ME00113,"COSTELLO, DAVID",ME,DEM,C00907881,COSTELLO FOR U.S. SENATE,143480.66,96332.4,47148.26,47148.26,30000.0,2024-12-28T00:00:00,2026-03-31T00:00:00,2026,28678.25,17809.7,10868.55,4795.98,6.43,APRIL QUARTERLY,2026,True,committee_totals,C,2025-10-15T21:01:51,S,0.0,latest_candidate_row_since_2025-01-01
S6ME00357,"FAVREAU, TUCKER",ME,DEM,C00907873,TUCKER FOR MAINE,13599.1,5076.27,8522.83,8522.83,0.0,2025-04-01T00:00:00,2026-03-31T00:00:00,2026,4928.77,3892.77,1036.0,8670.25,0.08,APRIL QUARTERLY,2026,True,committee_totals,C,2025-10-10T21:01:50,S,0.0,latest_candidate_row_since_2025-01-01
S0ME00111,"GIDEON, SARA",ME,DEM,C00709899,SARA GIDEON FOR MAINE,55104.97,1135824.25,2680700.74,2680700.74,0.0,2025-01-01T00:00:00,2026-03-31T00:00:00,2026,0.0,0.0,0.0,0.0,54707.17,APRIL QUARTERLY,2026,True,committee_totals,P,2023-03-09T10:16:03,S,1.0,latest_candidate_row_since_2025-01-01
S6ME00381,"KLEBAN, DAN",ME,DEM,C00918300,DAN KLEBAN FOR US SENATE,458786.42,458366.92,419.5,419.5,1687.5,2024-10-08T00:00:00,2026-03-31T00:00:00,2026,244074.58,194725.0,49349.58,214666.84,45.0,APRIL QUARTERLY,2026,True,committee_totals,C,2025-10-18T21:00:34,S,0.0,latest_candidate_row_since_2025-01-01
S6ME00340,"LAFLAMME, ANDREA",ME,DEM,C00907261,LAFLAMME FOR ME,7739.32,1928.92,5810.4,5810.4,1750.0,2025-06-01T00:00:00,2026-03-31T00:00:00,2026,5989.32,5795.36,193.96,0.0,0.0,APRIL QUARTERLY,2026,True,committee_totals,C,2026-04-18T21:13:41,S,0.0,latest_candidate_row_since_2025-01-01
S6ME00407,"MILLS, JANET TRAFTON",ME,DEM,C00923144,MILLS FOR MAINE,5359823.45,4285469.89,1074353.56,1074353.56,0.0,2025-10-01T00:00:00,2026-03-31T00:00:00,2026,5019502.07,3373001.05,1646501.02,0.0,68921.28,APRIL QUARTERLY,2026,True,committee_totals,C,2026-02-09T20:58:28,S,0.0,latest_candidate_row_since_2025-01-01
S6ME00373,"PLATNER, GRAHAM",ME,DEM,C00916437,GRAHAM FOR MAINE,11956529.27,9225671.66,2730857.61,2730857.61,4766.6,2025-07-01T00:00:00,2026-03-31T00:00:00,2026,11851220.77,4201510.1,7649710.67,0.0,0.51,APRIL QUARTERLY,2026,True,committee_totals,C,2025-10-22T21:01:01,S,0.0,latest_candidate_row_since_2025-01-01
S6ME00365,"RODRIGUEZ, DAIRA",ME,DEM,C00916189,DAIRA FOR MAINE,242582.34,242582.34,0.0,0.0,0.0,2025-08-15T00:00:00,2025-12-31T00:00:00,2026,29582.33,22793.33,6789.0,53000.0,0.0,TERMINATION REPORT,2025,True,committee_totals,C,2025-10-18T21:00:34,S,0.0,latest_candidate_row_since_2025-01-01
S6ME00399,"EVANS, DAVID ALAN",ME,IND,C00921767,COMMITTEE TO ELECT DAVID EVANS,6436.72,6436.72,0.0,0.0,0.0,2025-10-01T00:00:00,2025-12-31T00:00:00,2026,6436.72,5831.72,605.0,0.0,0.0,TERMINATION REPORT,2025,True,committee_totals,C,2026-01-20T21:01:52,S,0.0,latest_candidate_row_since_2025-01-01
S2ME00109,"KING, ANGUS S. JR.",ME,IND,C00516047,ANGUS KING FOR U.S. SENATE CAMPAIGN,48607.13,218438.27,68885.63,68885.63,0.0,2025-01-01T00:00:00,2026-03-31T00:00:00,2026,20944.35,13360.0,7584.35,0.0,1255.41,APRIL QUARTERLY,2026,True,committee_totals,C,2025-02-07T21:00:11,S,0.0,latest_candidate_row_since_2025-01-01
S6ME00282,"RENCH, PHILLIP",ME,IND,C00897660,PHILLIP RENCH FOR US SENATE CAMPAIGN,55499.8,47452.0,8047.8,8047.8,50000.0,2025-01-01T00:00:00,2025-12-31T00:00:00,2026,4632.33,3568.4,1063.93,5.43,0.0,TERMINATION REPORT,2025,True,committee_totals,C,2025-04-16T21:03:05,S,0.0,latest_candidate_row_since_2025-01-01
S6ME00316,"CALABRESE, CARMEM VINCENT MR.",ME,REP,C00902759,CARMEN4SENATE.COM,17759.71,21259.71,-3500.0,-3500.0,0.0,2025-04-01T00:00:00,2025-09-30T00:00:00,2026,17759.71,17759.71,0.0,0.0,0.0,OCTOBER QUARTERLY,2025,True,committee_totals,C,2026-01-30T21:02:20,S,0.0,latest_candidate_row_since_2025-01-01
S6ME00324,"CALABRESE, CARMEN VINCENT MR.",ME,REP,C00902759,CARMEN4SENATE.COM,17759.71,21259.71,-3500.0,-3500.0,0.0,2025-04-01T00:00:00,2025-09-30T00:00:00,2026,17759.71,17759.71,0.0,0.0,0.0,OCTOBER QUARTERLY,2025,True,committee_totals,C,2026-01-30T21:02:20,S,0.0,latest_candidate_row_since_2025-01-01
S6ME00159,"COLLINS, SUSAN M.",ME,REP,C00314575,COLLINS FOR SENATOR,10463303.65,3038765.01,10000847.54,10000847.54,0.0,2025-01-01T00:00:00,2026-03-31T00:00:00,2026,5959045.69,5161284.54,797761.15,0.0,92451.18,APRIL QUARTERLY,2026,True,committee_totals,C,2025-01-10T21:01:11,S,0.0,latest_candidate_row_since_2025-01-01
S4MI00496,"BEYDOUN, NASSER",MI,DEM,C00837112,COMMITTEE TO ELECT NASSER BEYDOUN,0.0,0.0,9690.79,9690.79,0.0,2025-01-01T00:00:00,2026-03-31T00:00:00,2026,0.0,0.0,0.0,0.0,0.0,APRIL QUARTERLY,2026,True,committee_totals,P,2025-03-18T15:34:07,S,1.0,latest_candidate_row_since_2025-01-01
S6MI00418,"EL-SAYED, ABDUL",MI,DEM,C00902668,ABDUL FOR U.S. SENATE,7646727.83,5117400.65,2529327.18,2529327.18,0.0,2025-01-01T00:00:00,2026-03-31T00:00:00,2026,7572495.77,5571782.85,2000712.92,14000.0,4.65,APRIL QUARTERLY,2026,True,committee_totals,C,2025-07-17T21:01:06,S,0.0,latest_candidate_row_since_2025-01-01
S6MI00467,"HOWARD, RACHEL ELIZABETH",MI,DEM,C00906867,RACHEL FOR US SENATE,10937.0,6170.77,4766.23,4766.23,3287.0,2025-04-01T00:00:00,2025-09-30T00:00:00,2026,7650.0,7000.0,650.0,0.0,0.0,OCTOBER QUARTERLY,2025,True,committee_totals,C,2025-10-08T21:01:45,S,0.0,latest_candidate_row_since_2025-01-01
S6MI00392,"MCMORROW, MALLORY",MI,DEM,C00901173,MCMORROW FOR MICHIGAN,8624066.19,4931519.99,3692546.2,3692546.2,0.0,2025-03-19T00:00:00,2026-03-31T00:00:00,2026,8475064.69,4157872.41,4317192.28,83.66,29701.0,APRIL QUARTERLY,2026,True,committee_totals,C,2026-02-24T21:01:49,S,0.0,latest_candidate_row_since_2025-01-01
S4MI00355,"PETERS, GARY",MI,DEM,C00437889,PETERS FOR MICHIGAN,201476.25,786015.06,6543790.66,6543790.66,0.0,2025-01-01T00:00:00,2026-03-31T00:00:00,2026,18622.32,13265.01,5357.31,0.0,166718.95,APRIL QUARTERLY,2026,True,committee_totals,C,2025-10-15T21:01:51,S,0.0,latest_candidate_row_since_2025-01-01
S4MI00538,"PUGH, PAMELA L",MI,DEM,C00840587,BOSS UP PAC,1175.0,6004.93,1919.04,1919.04,0.0,2025-01-01T00:00:00,2026-03-31T00:00:00,2026,0.0,0.0,0.0,,,APRIL QUARTERLY,2026,False,committee_totals,P,2025-03-18T15:34:07,S,1.0,latest_candidate_row_since_2025-01-01
S4MI00470,"SLOTKIN, ELISSA",MI,DEM,C00834218,ELISSA SLOTKIN FOR MICHIGAN,4378578.6,2296328.03,2364965.95,2364965.95,15340.0,2025-01-01T00:00:00,2026-03-31T00:00:00,2026,4146863.02,1535239.36,2611623.66,0.0,116256.92,APRIL QUARTERLY,2026,True,committee_totals,C,2025-02-07T21:00:11,S,0.0,latest_candidate_row_since_2025-01-01
S8MI00281,"STABENOW, DEBBIE",MI,DEM,C00344473,STABENOW FOR US SENATE,8350.36,622820.6,0.0,0.0,0.0,2025-01-01T00:00:00,2025-06-30T00:00:00,2026,0.0,0.0,0.0,0.0,1006.17,TERMINATION REPORT,2025,True,committee_totals,P,2025-03-18T15:34:07,S,1.0,latest_candidate_row_since_2025-01-01
S6MI00426,"STEVENS, HALEY",MI,DEM,C00903039,HALEY STEVENS FOR SENATE,8870471.26,5481553.31,3388917.95,3388917.95,56555.46,2025-04-22T00:00:00,2026-03-31T00:00:00,2026,6479180.53,5518501.16,960679.37,0.0,0.0,APRIL QUARTERLY,2026,True,committee_totals,C,2025-07-17T21:01:06,S,0.0,latest_candidate_row_since_2025-01-01
S6MI00459,"TATE, JOSEPH ALLEN",MI,DEM,C00904862,TATE FOR MICHIGAN,243635.76,243635.76,0.0,0.0,0.0,2025-04-01T00:00:00,2025-09-30T00:00:00,2026,222028.21,169468.64,52559.57,0.0,0.0,TERMINATION REPORT,2025,True,committee_totals,C,2025-07-15T21:00:48,S,0.0,latest_candidate_row_since_2025-01-01
S6MI00509,"STEPHENS, THOMAS WAYNE",MI,NPA,C00915314,TJ STEPHENS FOR SENATE,1000.0,220.48,779.52,779.52,500.0,2025-07-01T00:00:00,2025-12-31T00:00:00,2026,500.0,500.0,0.0,0.0,0.0,YEAR-END,2025,True,committee_totals,N,2025-09-02T21:03:03,S,2.0,latest_candidate_row_since_2025-01-01
S4MI00694,"AMASH, JUSTIN",MI,REP,C00476291,JUSTIN AMASH FOR SENATE,552.18,3500.0,252.52,252.52,0.0,2025-01-01T00:00:00,2026-03-31T00:00:00,2026,0.0,0.0,0.0,549.66,0.0,APRIL QUARTERLY,2026,True,committee_totals,P,2025-03-18T15:34:07,S,1.0,latest_candidate_row_since_2025-01-01
S6MI00384,"HEURTEBISE, FREDERICK",MI,REP,C00897736,FREDERICK HEURTEBISE FOR US SENATE,10058.6,10058.6,0.0,0.0,0.0,2025-01-01T00:00:00,2025-05-03T00:00:00,2026,10058.6,8901.37,1157.23,0.0,0.0,TERMINATION REPORT,2025,True,committee_totals,C,2025-04-13T20:58:27,S,0.0,latest_candidate_row_since_2025-01-01
S4MI00454,"HOOVER, MICHAEL",MI,REP,C00832618,MICHAEL HOOVER FOR SENATE,0.0,0.0,1660.59,1660.59,72992.99,2025-01-01T00:00:00,2026-03-31T00:00:00,2026,0.0,0.0,0.0,0.0,0.0,APRIL QUARTERLY,2026,True,committee_totals,P,2025-03-18T15:34:07,S,1.0,latest_candidate_row_since_2025-01-01
S8MI00372,"JAMES, JOHN",MI,REP,C00651208,"JOHN JAMES FOR SENATE, INC.",0.0,-9467.32,10237.6,10237.6,0.0,2025-01-01T00:00:00,2026-03-31T00:00:00,2026,0.0,0.0,0.0,0.0,0.0,APRIL QUARTERLY,2026,True,committee_totals,P,2021-12-08T06:50:51,S,1.0,latest_candidate_row_since_2025-01-01
S4MI00637,"MEIJER, PETER MR.",MI,REP,C00855668,"MEIJER FOR SENATE, INC.",0.0,719.39,15148.47,15148.47,514533.5,2025-01-01T00:00:00,2026-03-31T00:00:00,2026,0.0,0.0,0.0,0.0,0.0,APRIL QUARTERLY,2026,True,committee_totals,P,2025-03-18T15:34:07,S,1.0,latest_candidate_row_since_2025-01-01
S4MI00561,"O'DONNELL, SHERRELL ANNE",MI,REP,C00847657,DR. SHERRY FOR SENATE,5790.15,13084.37,0.0,0.0,0.0,2025-01-01T00:00:00,2025-04-14T00:00:00,2026,72.6,0.0,72.6,2717.55,0.0,TERMINATION REPORT,2025,True,committee_totals,P,2025-03-18T15:34:07,S,1.0,latest_candidate_row_since_2025-01-01
S4MI00595,"ROGERS, MICHAEL J",MI,REP,C00849810,ROGERS FOR SENATE,7623339.49,3670043.1,4208027.83,4208027.83,0.0,2025-01-01T00:00:00,2026-03-31T00:00:00,2026,4476026.42,2908843.89,1567182.53,0.0,2449.88,APRIL QUARTERLY,2026,True,committee_totals,C,2026-04-03T21:13:47,S,0.0,latest_candidate_row_since_2025-01-01
S4MI00579,"SAVAGE, SHARON MAUREEN",MI,REP,C00848879,SHARON SAVAGE FOR SENATE,0.0,0.0,49174.49,49174.49,0.0,2025-01-01T00:00:00,2025-03-31T00:00:00,2026,0.0,0.0,0.0,0.0,0.0,APRIL QUARTERLY,2025,True,committee_totals,P,2025-03-18T15:34:07,S,1.0,latest_candidate_row_since_2025-01-01
S6MI00434,"SCOTT, GENEVIEVE",MI,REP,C00903427,SCOTT FOR US SENATE,76083.76,69528.6,6555.16,6555.16,48669.16,2025-07-01T00:00:00,2026-03-31T00:00:00,2026,27414.6,24808.72,2605.88,0.0,0.0,APRIL QUARTERLY,2026,True,committee_totals,C,2025-10-15T21:01:51,S,0.0,latest_candidate_row_since_2025-01-01
S6MI00517,"SMITH, BERNADETTE",MI,REP,C00926279,BERNADETTE SMITH FOR US SENATE,53804.41,52499.8,1304.61,1304.61,0.0,2025-10-01T00:00:00,2026-03-31T00:00:00,2026,53648.08,47326.51,6321.57,0.0,0.8,APRIL QUARTERLY,2026,True,committee_totals,C,2026-02-09T20:58:28,S,0.0,latest_candidate_row_since_2025-01-01
S6MN00499,"CRAIG, ANGIE",MN,DEM,C00903690,ANGIE CRAIG FOR MINNESOTA,9290611.68,4395298.62,4895313.06,4895313.06,389289.67,2025-04-20T00:00:00,2026-03-31T00:00:00,2026,7242492.33,5821078.22,1421414.11,0.0,22983.93,APRIL QUARTERLY,2026,True,committee_totals,C,2025-07-17T21:01:06,S,0.0,latest_candidate_row_since_2025-01-01
S8MN00438,"FRANKEN, AL",MN,DEM,C00570960,AL FRANKEN FOR SENATE,65586.96,410468.02,1401137.26,1401137.26,0.0,2025-01-01T00:00:00,2026-03-31T00:00:00,2026,0.0,0.0,0.0,0.0,65586.96,APRIL QUARTERLY,2026,True,committee_totals,P,2021-12-08T06:50:51,S,1.0,latest_candidate_row_since_2025-01-01
S6MN00465,"LOPEZ FRANZEN, MELISA",MN,DEM,C00899310,MELISA FOR MINNESOTA,299376.29,299376.29,0.0,0.0,0.0,2025-03-10T00:00:00,2025-07-15T00:00:00,2026,191138.59,164794.0,26344.59,100000.0,0.0,TERMINATION REPORT,2025,True,committee_totals,C,2025-04-16T21:03:05,S,0.0,latest_candidate_row_since_2025-01-01
S8MN00578,"SMITH, TINA",MN,DEM,C00663781,TINA SMITH FOR MINNESOTA,48581.55,506058.16,270257.23,270257.23,0.0,2025-01-01T00:00:00,2026-03-31T00:00:00,2026,15204.03,11683.55,3520.48,0.0,10346.69,APRIL QUARTERLY,2026,True,committee_totals,C,2025-01-10T21:01:11,S,0.0,latest_candidate_row_since_2025-01-01
S6MN00440,"FLANAGAN, MARGARET",MN,DFL,C00897751,PEGGY FLANAGAN FOR MINNESOTA,4646309.17,3502299.33,1144009.84,1144009.84,0.0,2025-01-01T00:00:00,2026-03-31T00:00:00,2026,4481745.83,2248495.53,2233250.3,3500.0,0.0,APRIL QUARTERLY,2026,True,committee_totals,C,2025-04-15T21:01:25,S,0.0,latest_candidate_row_since_2025-01-01
S6MN00267,"KLOBUCHAR, AMY",MN,DFL,C00431353,KLOBUCHAR FOR MINNESOTA,2515566.99,2988157.73,1308966.28,1308966.28,0.0,2025-01-01T00:00:00,2026-03-31T00:00:00,2026,1578205.83,875993.15,702212.68,0.0,46269.93,APRIL QUARTERLY,2026,True,committee_totals,C,2025-02-07T21:00:11,S,0.0,latest_candidate_row_since_2025-01-01
S4MN00569,"LACEY, JOYCE L",MN,IDP,C00881581,JOYCE LACEY FOR US SENATE,253.0,0.0,257.05,257.05,0.0,2025-01-01T00:00:00,2026-03-31T00:00:00,2026,2.0,0.0,2.0,251.0,0.0,APRIL QUARTERLY,2026,True,committee_totals,N,2024-06-28T21:02:08,S,2.0,latest_candidate_row_since_2025-01-01
S4MN00510,"FRASER, JOSEPH",MN,REP,C00867705,FRIENDS OF JOE FRASER,30.0,9903.6,8693.3,8693.3,198898.57,2025-01-01T00:00:00,2026-03-31T00:00:00,2026,30.0,0.0,30.0,0.0,0.0,APRIL QUARTERLY,2026,True,committee_totals,P,2025-03-18T15:34:07,S,1.0,latest_candidate_row_since_2025-01-01
S6MN00531,"HANN, DAVID W",MN,REP,C00932954,DAVID HANN FOR US SENATE,133465.26,133465.26,0.0,0.0,0.0,2025-12-18T00:00:00,2026-04-29T00:00:00,2026,133285.92,125064.9,8221.02,0.0,0.0,TERMINATION REPORT,2026,True,committee_totals,C,2026-04-18T21:13:41,S,0.0,latest_candidate_row_since_2025-01-01
S8MN00586,"HOUSLEY, KARIN",MN,REP,C00664219,HOUSLEY FOR SENATE COMMITTEE,0.0,1405.0,3487.6,3487.6,0.0,2025-01-01T00:00:00,2025-06-30T00:00:00,2026,0.0,0.0,0.0,0.0,0.0,JULY QUARTERLY,2025,True,committee_totals,P,2021-12-08T06:50:51,S,1.0,latest_candidate_row_since_2025-01-01
S4MN00361,"ORTMAN, JULIANNE",MN,REP,C00548446,JULIANNE MN INC,0.0,0.0,4.98,4.98,49563.29,2025-01-01T00:00:00,2025-12-31T00:00:00,2026,0.0,0.0,0.0,0.0,0.0,YEAR-END,2025,True,committee_totals,P,2021-12-08T06:50:51,S,1.0,latest_candidate_row_since_2025-01-01
S4MN00551,"PETERSEN, RAYMOND DAVID",MN,REP,C00880005,RAYMOND PETERSEN FOR US SENATE CAMPAIGN COMMITTEE,960.98,960.98,0.0,0.0,0.0,2025-01-01T00:00:00,2026-03-31T00:00:00,2026,0.0,0.0,0.0,960.98,0.0,APRIL QUARTERLY,2026,True,committee_totals,N,2025-02-14T21:05:30,S,2.0,latest_candidate_row_since_2025-01-01
S4MN00486,"RUOHO, MIKE",MN,REP,C00819672,MIKE RUOHO FOR SENATE,0.0,550.0,-136.35,-136.35,0.0,2025-01-01T00:00:00,2025-03-31T00:00:00,2026,0.0,0.0,0.0,0.0,0.0,APRIL QUARTERLY,2025,True,committee_totals,N,2025-02-14T21:05:30,S,2.0,latest_candidate_row_since_2025-01-01
S6MN00457,"SCHWARZE, ADAM",MN,REP,C00898817,SCHWARZE FOR SENATE,1102851.14,879423.21,223427.93,223427.93,40000.0,2025-01-01T00:00:00,2026-03-31T00:00:00,2026,1018869.59,747493.37,271376.22,0.0,0.01,APRIL QUARTERLY,2026,True,committee_totals,C,2025-09-23T21:05:19,S,0.0,latest_candidate_row_since_2025-01-01
S6MN00556,"TAFOYA, MICHELE",MN,REP,C00935528,TAFOYA FOR SENATE,2041939.86,186972.48,1854967.38,1854967.38,0.0,2026-01-20T00:00:00,2026-03-31T00:00:00,2026,1758376.49,938105.32,820271.17,4840.51,0.0,APRIL QUARTERLY,2026,True,committee_totals,C,2026-04-18T21:13:41,S,0.0,latest_candidate_row_since_2025-01-01
S6MN00515,"WEILER, TOM",MN,REP,C00792002,WEILER FOR SENATE,105397.12,56432.5,50725.3,50725.3,112570.0,2025-01-01T00:00:00,2026-03-31T00:00:00,2026,36708.0,35638.0,1070.0,15619.12,0.0,APRIL QUARTERLY,2026,True,committee_totals,C,2025-10-16T21:01:04,S,0.0,latest_candidate_row_since_2025-01-01
S4MN00502,"WHITE, ROYCE",MN,REP,C00850743,ROYCE WHITE FOR SENATE,565894.4,622199.36,82803.72,82803.72,75.0,2025-01-01T00:00:00,2026-03-31T00:00:00,2026,536467.63,249321.58,287146.05,0.0,0.0,APRIL QUARTERLY,2026,True,committee_totals,C,2025-02-14T21:05:30,S,0.0,latest_candidate_row_since_2025-01-01
S6MN00549,"YORK, MARK",MN,REP,C00932863,MARK YORK FOR US SENATE,56206.07,45484.61,10721.46,10721.46,0.0,2026-01-01T00:00:00,2026-03-31T00:00:00,2026,51206.07,46353.72,4852.35,5000.0,0.0,APRIL QUARTERLY,2026,True,committee_totals,C,2026-04-18T21:13:41,S,0.0,latest_candidate_row_since_2025-01-01
S2MO00742,"HARRIS, RONALD",MO,DEM,C00815001,COMMITTEE TO ELECT RON HARRIS,100.0,126.0,4.22,4.22,9520.02,2025-01-01T00:00:00,2026-03-06T00:00:00,2026,0.0,0.0,0.0,0.0,0.0,TERMINATION REPORT,2026,True,committee_totals,P,2023-03-09T10:16:03,S,1.0,latest_candidate_row_since_2025-01-01
S2MO00528,"KUNCE, LUCAS",MO,DEM,C00771972,HEARTLAND PATRIOTS,407423.5,392734.45,62903.23,62903.23,0.0,2025-01-01T00:00:00,2026-03-31T00:00:00,2026,316099.58,53475.0,262624.58,,,APRIL QUARTERLY,2026,False,committee_totals,P,2025-03-18T15:34:07,S,1.0,latest_candidate_row_since_2025-01-01
S6MO00305,"MCCASKILL, CLAIRE",MO,DEM,C00431304,GET STUFF DONE,1759.03,14018.37,0.0,0.0,0.0,2025-01-01T00:00:00,2025-06-24T00:00:00,2026,0.0,0.0,0.0,,,TERMINATION REPORT,2025,False,committee_totals,P,2021-12-08T06:50:51,S,1.0,latest_candidate_row_since_2025-01-01
S6MO00289,"BOND, CHRISTOPHER S",MO,REP,C00216705,KITPAC,0.0,75.0,541.05,541.05,0.0,2025-01-01T00:00:00,2026-03-31T00:00:00,2026,0.0,0.0,0.0,,,APRIL QUARTERLY,2026,False,committee_totals,P,2021-12-08T06:50:50,S,1.0,latest_candidate_row_since_2025-01-01
S2MO00536,"GREITENS, ERIC",MO,REP,C00774059,GREITENS FOR US SENATE,0.0,0.0,0.0,0.0,76963.5,2025-01-01T00:00:00,2026-03-31T00:00:00,2026,0.0,0.0,0.0,0.0,0.0,APRIL QUARTERLY,2026,True,committee_totals,P,2023-03-09T10:16:03,S,1.0,latest_candidate_row_since_2025-01-01
S8MO00160,"HAWLEY, JOSHUA DAVID SEN",MO,REP,C00652727,JOSH HAWLEY FOR SENATE,1518950.76,917519.64,899694.0,899694.0,0.0,2025-01-01T00:00:00,2026-03-31T00:00:00,2026,296135.75,234633.45,61502.3,0.0,2706.11,APRIL QUARTERLY,2026,True,committee_totals,C,2025-02-07T21:00:11,S,0.0,latest_candidate_row_since_2025-01-01
S2MO00726,"LONG, BILLY",MO,REP,C00460063,BILLY LONG FOR SENATE,136900.0,166732.28,0.0,0.0,0.0,2025-01-01T00:00:00,2025-04-15T00:00:00,2026,136900.0,136600.0,300.0,0.0,0.0,TERMINATION REPORT,2025,True,committee_totals,P,2023-03-09T10:16:03,S,1.0,latest_candidate_row_since_2025-01-01
H0MO07113,"LONG, BILLY MR.",MO,REP,C00460063,BILLY LONG FOR SENATE,136900.0,166732.28,0.0,0.0,0.0,2025-01-01T00:00:00,2025-04-15T00:00:00,2026,136900.0,136600.0,300.0,0.0,0.0,TERMINATION REPORT,2025,True,committee_totals,P,2023-03-09T10:16:03,S,1.0,latest_candidate_row_since_2025-01-01
S2MO00577,"MCQUEEN, ELDON DAN",MO,REP,C00715896,MCQUEEN FOR CONGRESS,0.0,0.0,1622.84,1622.84,10000.0,2025-01-01T00:00:00,2026-03-31T00:00:00,2026,0.0,0.0,0.0,0.0,0.0,APRIL QUARTERLY,2026,False,committee_totals,P,2023-03-09T10:16:03,S,1.0,latest_candidate_row_since_2025-01-01
S2MO00544,"SCHMITT, ERIC",MO,REP,C00775015,SCHMITT FOR SENATE,2729849.42,1826166.73,1424246.37,1424246.37,0.0,2025-01-01T00:00:00,2026-03-31T00:00:00,2026,1877174.0,1199520.52,677653.48,0.0,0.0,APRIL QUARTERLY,2026,True,committee_totals,C,2025-09-18T21:03:58,S,0.0,latest_candidate_row_since_2025-01-01
S8MO00178,"SYKES, B COURTLAND",MO,REP,C00656694,COURTLAND SYKES FOR SENATE,0.0,0.0,4410.12,4410.12,0.0,2025-01-01T00:00:00,2026-03-31T00:00:00,2026,0.0,0.0,0.0,,0.0,APRIL QUARTERLY,2026,True,committee_totals,P,2021-12-08T06:50:51,S,1.0,latest_candidate_row_since_2025-01-01
S6MS00133,"COLOM, SCOTT",MS,DEM,C00918359,SCOTT COLOM FOR SENATE,1619367.76,1059740.86,559626.9,559626.9,86514.64,2025-08-21T00:00:00,2026-03-31T00:00:00,2026,1367121.97,1137141.35,229980.62,0.0,0.0,APRIL QUARTERLY,2026,True,committee_totals,C,2025-10-18T21:00:34,S,0.0,latest_candidate_row_since_2025-01-01
S8MS00287,"ESPY, MICHAEL",MS,DEM,C00675884,MIKE ESPY FOR SENATE CAMPAIGN COMMITTEE,0.0,3527.0,133717.44,133717.44,0.0,2025-01-01T00:00:00,2026-03-31T00:00:00,2026,0.0,0.0,0.0,0.0,0.0,APRIL QUARTERLY,2026,True,committee_totals,P,2021-12-08T06:50:51,S,1.0,latest_candidate_row_since_2025-01-01
S6MS00141,"TILL, PRISCILLA WILLIAMS",MS,DEM,C00921445,PRISCILLA WILLIAMS TILL FOR U. S. SENATE,8584.39,3029.82,0.0,0.0,0.0,2025-10-01T00:00:00,2026-04-15T00:00:00,2026,1501.05,1501.05,0.0,2000.0,0.0,TERMINATION REPORT,2026,True,committee_totals,C,2026-02-11T21:02:29,S,0.0,latest_candidate_row_since_2025-01-01
S4MS00187,"PINKINS, TY",MS,IND,C00830554,TY PINKINS FOR CONGRESS,90225.35,95207.94,632.43,632.43,0.0,2025-01-01T00:00:00,2026-03-31T00:00:00,2026,85885.53,28734.6,57150.93,0.0,0.0,APRIL QUARTERLY,2026,True,committee_totals,C,2025-07-23T21:03:05,S,0.0,latest_candidate_row_since_2025-01-01
S6MS00109,"ADLAKHA, SARAH ANNE DR",MS,REP,C00900944,SARAH ADLAKHA FOR SENATE,566184.12,556454.75,9729.37,9729.37,547000.0,2025-03-31T00:00:00,2026-02-18T00:00:00,2026,70184.12,65676.0,4508.12,0.0,0.0,PRE-PRIMARY,2026,True,committee_totals,C,2025-07-16T21:02:06,S,0.0,latest_candidate_row_since_2025-01-01
S4MS00203,"BURTON, TIMOTHY GHANNON COLONEL(R)",MS,REP,C00854125,BURTON FOR US SENATE,0.0,1595.63,0.0,0.0,0.0,2025-01-01T00:00:00,2025-04-30T00:00:00,2026,0.0,0.0,0.0,0.0,0.0,TERMINATION REPORT,2025,True,committee_totals,P,2025-03-18T15:34:07,S,1.0,latest_candidate_row_since_2025-01-01
S8MS00261,"HYDE-SMITH, CINDY",MS,REP,C00675348,CINDY HYDE-SMITH FOR US SENATE,3394174.57,1405313.85,2458624.57,2458624.57,60000.0,2025-01-01T00:00:00,2026-03-31T00:00:00,2026,1703467.87,1615291.37,88176.5,0.0,202.8,APRIL QUARTERLY,2026,True,committee_totals,C,2026-04-03T21:13:47,S,0.0,latest_candidate_row_since_2025-01-01
S4MS00120,"MCDANIEL, CHRISTOPHER BRIAN",MS,REP,C00673285,FRIENDS OF CHRIS MCDANIEL,0.0,30.0,1.47,1.47,46700.0,2025-01-01T00:00:00,2026-03-31T00:00:00,2026,0.0,0.0,0.0,0.0,0.0,APRIL QUARTERLY,2026,True,committee_totals,P,2021-12-08T06:50:51,S,1.0,latest_candidate_row_since_2025-01-01
S8MS00196,"WICKER, ROGER SEN.",MS,REP,C00443218,WICKER FOR SENATE,193613.35,425757.66,2762604.5,2762604.5,0.0,2025-01-01T00:00:00,2026-03-31T00:00:00,2026,63253.32,62000.0,1253.32,0.0,0.0,APRIL QUARTERLY,2026,True,committee_totals,C,2025-02-07T21:00:11,S,0.0,latest_candidate_row_since_2025-01-01
S0MT00116,"BALLARD, JACK",MT,DEM,C00714295,JACK BALLARD FOR MONTANA,0.0,0.0,9.04,9.04,4520.0,2025-01-01T00:00:00,2026-03-31T00:00:00,2026,0.0,0.0,0.0,0.0,0.0,APRIL QUARTERLY,2026,True,committee_totals,P,2021-12-08T06:50:51,S,1.0,latest_candidate_row_since_2025-01-01
S6MT00253,"BANKHEAD, ALANI INES",MT,DEM,C00937201,FRIENDS OF ALANI BANKHEAD,15240.06,5775.0,10625.06,10625.06,0.0,2025-10-01T00:00:00,2026-03-31T00:00:00,2026,11231.0,5653.0,5578.0,4009.06,0.0,APRIL QUARTERLY,2026,True,committee_totals,C,2026-03-06T21:23:49,S,0.0,latest_candidate_row_since_2025-01-01
S8MT00010,"BAUCUS, MAX",MT,DEM,C00328211,MAX'S PAC,0.0,75563.43,182384.68,182384.68,100.0,2025-01-01T00:00:00,2026-03-31T00:00:00,2026,0.0,0.0,0.0,,,APRIL MONTHLY,2026,False,committee_totals,P,2021-12-08T06:50:50,S,1.0,latest_candidate_row_since_2025-01-01
S6MT00246,"BLACKWOLF, MICHAEL JAMES MR.",MT,DEM,C00919936,BLACKWOLF FOR MONTANA,26144.0,25616.21,527.79,527.79,0.0,2025-07-01T00:00:00,2026-03-31T00:00:00,2026,25602.0,21150.0,4452.0,542.0,0.0,APRIL QUARTERLY,2026,True,committee_totals,C,2026-03-06T21:23:49,S,0.0,latest_candidate_row_since_2025-01-01
S0MT00173,"BULLOCK, STEVE",MT,DEM,C00741611,BIG SKY VALUES,4679.25,168471.66,544355.72,544355.72,0.0,2025-01-01T00:00:00,2026-03-31T00:00:00,2026,4679.25,1745.0,2934.25,,,APRIL MONTHLY,2026,False,committee_totals,P,2021-12-08T06:50:51,S,1.0,latest_candidate_row_since_2025-01-01
S4MT00217,"HUMMERT, MICHAEL",MT,DEM,C00873166,MICHAEL HUMMERT US SENATE CANDIDATE,10900.0,3125.0,8519.73,8519.73,14850.0,2025-01-01T00:00:00,2026-03-31T00:00:00,2026,200.0,0.0,200.0,700.0,0.0,APRIL QUARTERLY,2026,True,committee_totals,C,2026-03-06T21:23:49,S,0.0,latest_candidate_row_since_2025-01-01
S6MT00238,"NEILL, REILLY",MT,DEM,C00892505,REILLY FOR MONTANA,272736.33,168977.55,103938.36,103938.36,88000.0,2025-01-01T00:00:00,2026-03-31T00:00:00,2026,140912.64,50500.91,90411.73,43457.17,0.0,APRIL QUARTERLY,2026,True,committee_totals,C,2026-03-06T21:23:49,S,0.0,latest_candidate_row_since_2025-01-01
S6MT00162,"TESTER, R. JON",MT,DEM,C00412304,MONTANANS FOR TESTER,233311.01,257723.68,741470.97,741470.97,0.0,2025-01-01T00:00:00,2026-03-31T00:00:00,2026,0.0,0.0,0.0,0.0,152836.43,APRIL QUARTERLY,2026,True,committee_totals,P,2025-03-18T15:34:07,S,1.0,latest_candidate_row_since_2025-01-01
S6MT00287,"BODNAR, SETH",MT,IND,C00941708,SETH BODNAR FOR MONTANA,1358574.95,213586.76,1144988.19,1144988.19,0.0,2026-03-04T00:00:00,2026-03-31T00:00:00,2026,1332524.95,1131904.0,200620.95,0.0,0.0,APRIL QUARTERLY,2026,True,committee_totals,C,2026-04-18T21:13:41,S,0.0,latest_candidate_row_since_2025-01-01
S6MT00261,"AUSTIN, KYLE",MT,LIB,C00870352,AUSTIN FOR CONGRESS,262094.97,226081.96,36013.01,36013.01,0.0,2025-01-01T00:00:00,2026-03-31T00:00:00,2026,526.5,526.5,0.0,261081.96,0.0,APRIL QUARTERLY,2026,True,committee_totals,C,2026-04-09T21:14:22,S,0.0,latest_candidate_row_since_2025-01-01
S6MT00295,"ALME, KURT",MT,REP,C00942060,ALME FOR SENATE,924643.51,15686.66,908956.85,908956.85,0.0,2026-01-01T00:00:00,2026-03-31T00:00:00,2026,355576.11,350652.17,4923.94,0.0,0.0,APRIL QUARTERLY,2026,True,committee_totals,C,2026-04-18T21:13:41,S,0.0,latest_candidate_row_since_2025-01-01
S2MT00096,"DAINES, STEVE",MT,REP,C00491357,STEVE DAINES FOR MONTANA,4709051.07,2192226.74,4275067.25,4275067.25,44813.08,2025-01-01T00:00:00,2026-03-31T00:00:00,2026,1383655.38,1179432.34,204223.04,0.0,157835.45,APRIL QUARTERLY,2026,True,committee_totals,C,2025-01-10T21:01:11,S,0.0,latest_candidate_row_since_2025-01-01
S6MT00097,"REHBERG, DENNIS RAY",MT,REP,C00493015,MONTANANS FOR REHBERG,0.0,0.0,0.0,0.0,0.0,2025-01-25T00:00:00,2026-03-31T00:00:00,2026,0.0,0.0,0.0,0.0,0.0,APRIL QUARTERLY,2026,True,committee_totals,P,2021-12-08T06:50:51,S,1.0,latest_candidate_row_since_2025-01-01
S8MT00234,"ROSENDALE, MATT MR.",MT,REP,C00548289,MATT ROSENDALE FOR MONTANA,920.41,810043.39,110969.82,110969.82,123500.7,2025-01-01T00:00:00,2026-03-31T00:00:00,2026,0.0,0.0,0.0,0.0,5.64,APRIL QUARTERLY,2026,True,committee_totals,P,2025-03-18T15:34:07,S,1.0,latest_candidate_row_since_2025-01-01
S4MT00183,"SHEEHY, TIM",MT,REP,C00844159,TIM SHEEHY FOR MONTANA,1418620.23,1856246.33,951381.84,951381.84,609018.77,2025-01-01T00:00:00,2026-03-31T00:00:00,2026,1009569.01,745504.6,264064.41,0.0,-74562.12,APRIL QUARTERLY,2026,True,committee_totals,C,2025-02-07T21:00:11,S,0.0,latest_candidate_row_since_2025-01-01
S2NC00497,"BEASLEY, CHERI",NC,DEM,C00777904,CHERI BEASLEY FOR NORTH CAROLINA,0.0,18125.35,0.0,0.0,0.0,2025-01-01T00:00:00,2025-05-23T00:00:00,2026,0.0,0.0,0.0,0.0,0.0,TERMINATION REPORT,2025,True,committee_totals,P,2025-03-18T15:34:07,S,1.0,latest_candidate_row_since_2025-01-01
S6NC00407,"COOPER, ROY",NC,DEM,C00913566,COOPER FOR NORTH CAROLINA,26822372.69,8366909.64,18455463.05,18455463.05,0.0,2025-07-25T00:00:00,2026-03-31T00:00:00,2026,10689977.85,6606673.0,4083304.85,0.0,48650.1,APRIL QUARTERLY,2026,True,committee_totals,C,2026-04-03T21:13:47,S,0.0,latest_candidate_row_since_2025-01-01
S2NC00471,"NEWTON, EVERETTE (RETT) S.",NC,DEM,C00774851,RETT FOR SENATE,0.0,0.0,0.0,0.0,0.0,2025-01-01T00:00:00,2026-03-31T00:00:00,2026,0.0,0.0,0.0,0.0,0.0,APRIL QUARTERLY,2026,False,committee_totals,P,2023-03-09T10:16:03,S,1.0,latest_candidate_row_since_2025-01-01
S6NC00340,"NICKEL, WILEY",NC,DEM,C00763045,WILEY NICKEL FOR NORTH CAROLINA,588995.0,1277986.16,0.0,0.0,0.0,2025-01-01T00:00:00,2026-03-20T00:00:00,2026,534864.47,429214.0,105650.47,559.55,12409.11,TERMINATION REPORT,2026,True,committee_totals,C,2025-06-30T20:58:43,S,0.0,latest_candidate_row_since_2025-01-01
S0NC00343,"SMITH, ERICA DANETTE",NC,DEM,C00696104,ERICA FOR US,0.0,0.0,4894.23,4894.23,91969.74,2025-01-01T00:00:00,2026-03-31T00:00:00,2026,0.0,0.0,0.0,0.0,0.0,APRIL QUARTERLY,2026,True,committee_totals,P,2023-03-09T10:16:03,S,1.0,latest_candidate_row_since_2025-01-01
S8NC00270,"WILLIAMS, MARCUS W.",NC,DEM,C00931659,MARCUS W WILLIAMS FOR US SENATE,5656.28,5656.28,0.0,0.0,,2025-12-12T00:00:00,2026-03-17T00:00:00,2026,5656.28,,,,,TERMINATION REPORT,2026,True,committee_totals,C,2026-03-29T21:12:30,S,0.0,latest_candidate_row_since_2025-01-01
S6NC00464,"MCGINNIS, BRIAN",NC,GRE,C00925792,MCGINNIS FOR SENATE,64450.36,2299.5,62674.26,62674.26,0.0,2026-01-01T00:00:00,2026-03-31T00:00:00,2026,64447.81,27109.7,37338.11,0.0,2.55,APRIL QUARTERLY,2026,True,committee_totals,C,2026-04-15T21:16:15,S,0.0,latest_candidate_row_since_2025-01-01
S6NC00373,"BROWN, DON",NC,REP,C00857110,DON BROWN FOR SENATE,224689.23,225529.84,0.0,0.0,0.0,2025-01-01T00:00:00,2026-04-13T00:00:00,2026,211660.12,142977.23,68682.89,11634.26,500.0,TERMINATION REPORT,2026,True,committee_totals,C,2025-06-30T20:58:43,S,0.0,latest_candidate_row_since_2025-01-01
S2NC00505,"BUDD, THEODORE P",NC,REP,C00614776,TED BUDD FOR SENATE,1108350.93,961551.31,429157.89,429157.89,0.0,2025-01-01T00:00:00,2026-03-31T00:00:00,2026,731407.78,454869.71,276538.07,0.0,0.0,APRIL QUARTERLY,2026,True,committee_totals,C,2025-01-10T21:01:11,S,0.0,latest_candidate_row_since_2025-01-01
S6NC00472,"DANSIE, RICHARD",NC,REP,C00929232,DANSIE FOR US SENATE,2410.17,1780.0,630.17,630.17,2400.0,2025-12-01T00:00:00,2025-12-31T00:00:00,2026,10.0,0.0,10.0,0.0,0.17,YEAR-END,2025,True,committee_totals,N,2025-12-30T21:00:52,S,2.0,latest_candidate_row_since_2025-01-01
S6NC00449,"DUPRE, MARGOT",NC,REP,C00921965,MARGOT DUPRE FOR US SENATE,60000.0,51150.0,8850.0,8850.0,60000.0,2026-01-01T00:00:00,2026-03-31T00:00:00,2026,0.0,0.0,0.0,0.0,0.0,APRIL QUARTERLY,2026,True,committee_totals,N,2026-04-18T21:13:41,S,2.0,latest_candidate_row_since_2025-01-01
S6NC00480,"JOHNSON, THOMAS LEE",NC,REP,C00930677,JOHNSON FOR SENATE CAMPAIGN COMMITTEE,6720.07,4626.94,0.0,0.0,0.0,2025-12-15T00:00:00,2026-04-13T00:00:00,2026,2202.97,1692.97,510.0,4517.1,0.0,TERMINATION REPORT,2026,True,committee_totals,C,2026-02-21T20:57:22,S,0.0,latest_candidate_row_since_2025-01-01
S6NC00522,"MORROW, MICHELE",NC,REP,C00931956,THE ELECT MICHELE MORROW COMMITTEE,12713.82,12035.64,678.18,678.18,0.0,2025-12-01T00:00:00,2026-03-31T00:00:00,2026,12713.82,10464.39,2249.43,0.0,0.0,APRIL QUARTERLY,2026,True,committee_totals,C,2026-02-19T20:59:48,S,0.0,latest_candidate_row_since_2025-01-01
S6NC00357,"NILSSON, ROBERT ANDERS MR",NC,REP,C00895615,ANDY NILSSON COMMITTEE,0.0,52.0,1912.66,1912.66,0.0,2025-10-01T00:00:00,2025-11-08T00:00:00,2026,5651.22,0.0,0.0,0.0,0.0,TERMINATION REPORT,2025,True,committee_totals,N,2025-06-30T20:58:43,S,2.0,latest_candidate_row_since_2025-01-01
S4NC00162,"TILLIS, THOM R SEN",NC,REP,C00545772,THOM TILLIS COMMITTEE,4707959.82,3268154.5,3677891.81,3677891.81,0.0,2025-01-01T00:00:00,2026-03-31T00:00:00,2026,2636769.36,2516410.02,120359.34,0.0,39799.63,APRIL QUARTERLY,2026,True,committee_totals,C,2025-05-16T21:01:31,S,0.0,latest_candidate_row_since_2025-01-01
S2NC00307,"WALKER, BRADLEY MARK MR.",NC,REP,C00543231,WALKER 4 NC,0.0,0.0,0.0,0.0,0.0,2025-01-01T00:00:00,2026-03-31T00:00:00,2026,0.0,0.0,0.0,0.0,0.0,APRIL QUARTERLY,2026,True,committee_totals,N,2025-01-10T21:01:11,S,2.0,latest_candidate_row_since_2025-01-01
S6NC00415,"WHATLEY, MICHAEL",NC,REP,C00913996,WHATLEY FOR SENATE,8408717.9,5880375.31,2528342.59,2528342.59,666374.48,2025-07-01T00:00:00,2026-03-31T00:00:00,2026,3751389.11,2496743.86,1254645.25,0.0,0.0,APRIL QUARTERLY,2026,True,committee_totals,C,2026-04-15T21:16:15,S,0.0,latest_candidate_row_since_2025-01-01
S2ND00123,"CHRISTIANSEN, KATRINA",ND,DEM,C00852467,FRIENDS OF KATRINA CHRISTIANSEN,8432.24,16691.46,0.0,0.0,0.0,2025-01-01T00:00:00,2025-06-30T00:00:00,2026,0.0,0.0,0.0,0.0,0.0,TERMINATION REPORT,2025,True,committee_totals,P,2025-03-18T15:34:07,S,1.0,latest_candidate_row_since_2025-01-01
S2ND00099,"HEITKAMP, HEIDI",ND,DEM,C00505552,UPNORTH PAC,20099.16,19962.01,0.0,0.0,0.0,2025-01-01T00:00:00,2026-03-04T00:00:00,2026,12950.0,12950.0,0.0,,,TERMINATION REPORT,2026,False,committee_totals,P,2021-12-08T06:50:51,S,1.0,latest_candidate_row_since_2025-01-01
S8ND00120,"CRAMER, KEVIN MR.",ND,REP,C00504704,CRAMER FOR SENATE,989847.21,1013079.59,2331656.99,2331656.99,0.0,2025-01-01T00:00:00,2026-03-31T00:00:00,2026,814274.63,340291.97,473982.66,0.0,27318.82,APRIL QUARTERLY,2026,True,committee_totals,F,2025-03-18T21:00:37,S,2.0,latest_candidate_row_since_2025-01-01
S0ND00093,"HOEVEN, JOHN",ND,REP,C00473371,HOEVEN FOR SENATE,335530.53,251102.44,651732.04,651732.04,100000.0,2025-01-01T00:00:00,2026-03-31T00:00:00,2026,149803.0,149900.0,-97.0,0.0,0.0,APRIL QUARTERLY,2026,True,committee_totals,C,2025-07-12T20:58:19,S,0.0,latest_candidate_row_since_2025-01-01
S6NE00145,"BURBANK, CINDY",NE,DE,C00941641,CINDY BURBANK FOR SENATE,4163.0,164.47,3998.53,3998.53,0.0,2026-01-01T00:00:00,2026-03-31T00:00:00,2026,4163.0,3750.0,413.0,0.0,0.0,APRIL QUARTERLY,2026,True,committee_totals,N,2026-03-06T21:23:49,S,2.0,latest_candidate_row_since_2025-01-01
S6NE00160,"FORBES, WILLIAM",NE,DEM,C00943969,BILL FORBES FOR NEBRASKA,1000.0,1000.0,0.0,0.0,0.0,2026-01-01T00:00:00,2026-04-22T00:00:00,2026,0.0,0.0,0.0,1000.0,0.0,PRE-PRIMARY,2026,True,committee_totals,N,2026-03-29T21:12:30,S,2.0,latest_candidate_row_since_2025-01-01
S6NE00095,"NELSON, E BENJAMIN",NE,DEM,C00432401,BEN NELSON 2012,0.0,0.0,3927.22,3927.22,0.0,2025-01-01T00:00:00,2026-03-31T00:00:00,2026,0.0,0.0,0.0,0.0,0.0,APRIL QUARTERLY,2026,True,committee_totals,N,2021-12-08T06:50:51,S,2.0,latest_candidate_row_since_2025-01-01
S4NE00207,"OSBORN, DAN",NE,IND,C00901355,OSBORN FOR SENATE,3805441.55,2670289.22,1135152.33,1135152.33,10390.48,2025-04-01T00:00:00,2026-04-22T00:00:00,2026,3707377.42,2165996.31,1541381.11,0.0,0.01,PRE-PRIMARY,2026,True,committee_totals,C,2025-12-05T21:03:03,S,0.0,latest_candidate_row_since_2025-01-01
S6NE00152,"MARVIN, MIKE",NE,OTH,C00944199,MARVIN FOR CONGRESS,9390.0,5402.53,3987.47,3987.47,4095.0,2026-03-02T00:00:00,2026-04-22T00:00:00,2026,9390.0,9290.0,100.0,0.0,0.0,PRE-PRIMARY,2026,True,committee_totals,C,2026-04-30T22:28:57,S,0.0,latest_candidate_row_since_2025-01-01
S2NE00094,"FISCHER, DEBRA S.",NE,REP,C00498907,DEB FISCHER FOR US SENATE,683790.62,401868.6,307133.85,307133.85,0.0,2025-01-01T00:00:00,2026-03-31T00:00:00,2026,300777.29,288776.33,12000.96,0.0,0.0,APRIL QUARTERLY,2026,True,committee_totals,C,2025-02-11T21:13:01,S,0.0,latest_candidate_row_since_2025-01-01
S6NE00129,"RICKETTS, PETE",NE,REP,C00832436,PETE RICKETTS FOR SENATE,4866649.16,4281083.75,1072534.52,1072534.52,0.0,2025-01-01T00:00:00,2026-04-22T00:00:00,2026,1753452.32,1589226.54,164225.78,45887.54,64943.42,PRE-PRIMARY,2026,True,committee_totals,C,2026-04-06T21:14:27,S,0.0,latest_candidate_row_since_2025-01-01
S4NE00090,"SASSE, BENJAMIN E.",NE,REP,C00547976,"BEN SASSE FOR U.S. SENATE, INC.",11123.65,208769.71,2273266.96,2273266.96,0.0,2025-01-01T00:00:00,2026-03-31T00:00:00,2026,0.0,0.0,0.0,0.0,11123.65,APRIL QUARTERLY,2026,True,committee_totals,C,2025-01-10T21:01:11,S,0.0,latest_candidate_row_since_2025-01-01
S6NH00091,"HASSAN, MARGARET WOOD",NH,DEM,C00588772,MAGGIE FOR NH,1982475.86,1437212.77,1495997.46,1495997.46,0.0,2025-01-01T00:00:00,2026-03-31T00:00:00,2026,1517205.0,897920.74,619284.26,0.0,26372.72,APRIL QUARTERLY,2026,True,committee_totals,C,2025-01-10T21:01:11,S,0.0,latest_candidate_row_since_2025-01-01
S6NH00182,"MANZUR, KARISHMA",NH,DEM,C00916668,KARISHMA FOR SENATE,114396.4,99741.66,14654.74,14654.74,8416.27,2025-07-01T00:00:00,2026-03-31T00:00:00,2026,113725.54,61685.0,52040.54,0.0,0.0,APRIL QUARTERLY,2026,True,committee_totals,C,2025-10-18T21:00:34,S,0.0,latest_candidate_row_since_2025-01-01
S6NH00141,"PAPPAS, CHRIS",NH,DEM,C00660464,CHRIS PAPPAS FOR SENATE,9860676.34,6044770.26,4223490.31,4223490.31,0.0,2025-01-01T00:00:00,2026-03-31T00:00:00,2026,8655891.06,5576776.19,3079114.87,0.0,0.01,APRIL QUARTERLY,2026,True,committee_totals,C,2026-04-15T21:16:15,S,0.0,latest_candidate_row_since_2025-01-01
S0NH00219,"SHAHEEN, JEANNE",NH,DEM,C00457325,SHAHEEN FOR SENATE,170979.14,706695.58,920368.88,920368.88,0.0,2025-01-01T00:00:00,2026-03-31T00:00:00,2026,101435.84,90308.73,11127.11,0.0,7182.18,APRIL QUARTERLY,2026,True,committee_totals,C,2025-01-10T21:01:11,S,0.0,latest_candidate_row_since_2025-01-01
S6NH00190,"SULLIVAN, JARED",NH,DEM,C00920223,FRIENDS OF JARED SULLIVAN FOR US SENATE,99746.19,60149.95,39696.24,39696.24,0.0,2025-07-01T00:00:00,2026-03-31T00:00:00,2026,86646.19,73025.0,13621.19,13100.0,0.0,APRIL QUARTERLY,2026,True,committee_totals,C,2026-02-09T20:58:28,S,0.0,latest_candidate_row_since_2025-01-01
S0NH00326,"BOLDUC, DONALD C.",NH,REP,C00711010,"BOLDUC 2022, INC.",0.0,51574.94,0.0,0.0,0.0,2025-01-01T00:00:00,2026-03-16T00:00:00,2026,0.0,0.0,0.0,0.0,0.0,TERMINATION REPORT,2026,True,committee_totals,P,2023-03-09T10:16:03,S,1.0,latest_candidate_row_since_2025-01-01
S4NH00120,"BROWN, SCOTT",NH,REP,C00560003,STRONG COUNTRY FOR TODAY AND TOMORROW,114028.05,143001.23,99595.92,99595.92,0.0,2025-01-01T00:00:00,2026-03-31T00:00:00,2026,373.92,0.0,373.92,,,APRIL MONTHLY,2026,False,committee_totals,P,2021-12-08T06:50:51,S,1.0,latest_candidate_row_since_2025-01-01
S6NH00166,"BROWN, SCOTT P.",NH,REP,C00909622,"SCOTT BROWN FOR NEW HAMPSHIRE, INC.",1664338.14,880952.11,783386.03,783386.03,0.0,2025-06-24T00:00:00,2026-03-31T00:00:00,2026,930183.98,519317.03,410866.95,0.0,0.0,APRIL QUARTERLY,2026,True,committee_totals,C,2025-10-18T21:00:34,S,0.0,latest_candidate_row_since_2025-01-01
S2NH00280,"FENTON, BRUCE",NH,REP,C00816967,BRUCE FENTON FOR LIBERTY,0.0,83426.24,0.0,0.0,1724693.76,2025-01-01T00:00:00,2025-04-02T00:00:00,2026,0.0,0.0,0.0,0.0,0.0,TERMINATION REPORT,2025,True,committee_totals,P,2023-03-09T10:16:03,S,1.0,latest_candidate_row_since_2025-01-01
S6NH00174,"INNIS, DAN",NH,REP,C00912097,DAN INNIS FOR SENATE,48502.53,48502.53,0.0,0.0,0.0,2025-07-01T00:00:00,2026-01-25T00:00:00,2026,48502.53,46386.52,2116.01,0.0,0.0,TERMINATION REPORT,2026,True,committee_totals,C,2025-10-18T21:00:34,S,0.0,latest_candidate_row_since_2025-01-01
S2NH00272,"MANSHARAMANI, VIKRAM",NH,REP,C00813295,VIKRAM FOR NH,0.0,59387.79,0.0,0.0,0.0,2025-01-01T00:00:00,2025-09-07T00:00:00,2026,0.0,0.0,0.0,0.0,0.0,TERMINATION REPORT,2025,True,committee_totals,N,2025-01-28T21:10:42,S,2.0,latest_candidate_row_since_2025-01-01
S2NH00231,"SMITH, KEVIN H.",NH,REP,C00800326,KEVIN SMITH FOR SENATE,0.0,10165.64,0.0,0.0,0.0,2025-01-01T00:00:00,2025-12-24T00:00:00,2026,0.0,0.0,0.0,0.0,0.0,TERMINATION REPORT,2025,True,committee_totals,P,2023-03-09T10:16:03,S,1.0,latest_candidate_row_since_2025-01-01
S6NH00208,"SUNUNU, JOHN E",NH,REP,C00924092,SUNUNU SENATOR,2475941.37,583037.19,1892904.18,1892904.18,0.0,2025-10-01T00:00:00,2026-03-31T00:00:00,2026,1481875.38,1240799.39,241075.99,0.0,0.0,APRIL QUARTERLY,2026,True,committee_totals,C,2026-04-03T21:13:47,S,0.0,latest_candidate_row_since_2025-01-01
S8NJ00392,"ANDREWS, ROBERT E",NJ,DEM,C00448654,ANDREWS FOR SENATE,58.11,155.0,1177.38,1177.38,114656.39,2025-01-01T00:00:00,2026-03-31T00:00:00,2026,0.0,0.0,0.0,0.0,58.11,APRIL QUARTERLY,2026,True,committee_totals,P,2021-12-08T06:50:50,S,1.0,latest_candidate_row_since_2025-01-01
S4NJ00185,"BOOKER, CORY A.",NJ,DEM,C00540500,CORY BOOKER FOR SENATE,16808282.46,5829198.17,22171570.28,22171570.28,0.0,2025-01-01T00:00:00,2026-03-31T00:00:00,2026,12629918.79,4704378.68,7925540.11,0.0,456830.17,APRIL QUARTERLY,2026,True,committee_totals,C,2025-07-29T21:02:15,S,0.0,latest_candidate_row_since_2025-01-01
S0NJ00068,"BYRNE, BRENDAN THOMAS JR",NJ,DEM,C00347591,FRIENDS OF TOM BYRNE,703955.43,93511.11,1265111.33,1265111.33,0.0,2025-01-01T00:00:00,2026-03-31T00:00:00,2026,0.0,0.0,0.0,0.0,703276.71,APRIL QUARTERLY,2026,True,committee_totals,P,2021-12-08T06:50:50,S,1.0,latest_candidate_row_since_2025-01-01
S4NJ00466,"KIM, ANDY",NJ,DEM,C00648220,ANDY KIM FOR NEW JERSEY,1355762.79,895740.35,1081722.52,1081722.52,0.0,2025-01-01T00:00:00,2026-03-31T00:00:00,2026,1190287.72,876592.36,313695.36,0.0,0.0,APRIL QUARTERLY,2026,True,committee_totals,C,2026-02-20T21:03:04,S,0.0,latest_candidate_row_since_2025-01-01
S2NJ00080,"LAUTENBERG, FRANK R",NJ,DEM,C00382457,LAUTENBERG FOR SENATE,0.0,2500.0,86927.9,86927.9,0.0,2025-01-01T00:00:00,2026-03-31T00:00:00,2026,0.0,0.0,0.0,0.0,0.0,APRIL QUARTERLY,2026,True,committee_totals,P,2021-12-08T06:50:50,S,1.0,latest_candidate_row_since_2025-01-01
S6NJ00289,"MENENDEZ, ROBERT",NJ,IND,C00264564,MENENDEZ FOR SENATE,16661.58,807182.53,7236.24,7236.24,0.0,2025-01-01T00:00:00,2026-03-31T00:00:00,2026,0.0,0.0,0.0,0.0,16661.58,APRIL QUARTERLY,2026,True,committee_totals,P,2025-03-18T15:34:07,S,1.0,latest_candidate_row_since_2025-01-01
S4NJ00540,"BASHAW, CURTIS",NJ,REP,C00866152,"CURTIS BASHAW FOR US SENATE, INC.",142.39,67787.23,0.0,0.0,0.0,2025-01-01T00:00:00,2025-03-31T00:00:00,2026,142.39,0.0,142.39,0.0,0.0,TERMINATION REPORT,2025,True,committee_totals,P,2025-03-18T15:34:07,S,1.0,latest_candidate_row_since_2025-01-01
S6NJ00271,"KEAN, THOMAS H JR",NJ,REP,C00410365,ELECTION FUND OF TOM KEAN,0.0,24066.0,384.51,384.51,88000.0,2025-01-01T00:00:00,2026-03-31T00:00:00,2026,0.0,0.0,0.0,0.0,0.0,APRIL QUARTERLY,2026,False,committee_totals,P,2021-12-08T06:50:50,S,1.0,latest_candidate_row_since_2025-01-01
S6NJ00438,"LEBOVICS, ROBERT",NJ,REP,C00941534,LEBOVICS FOR SENATE,101260.25,77955.94,23304.31,23304.31,100000.0,2026-01-01T00:00:00,2026-03-31T00:00:00,2026,1260.25,1260.25,0.0,0.0,0.0,APRIL QUARTERLY,2026,True,committee_totals,C,2026-04-18T21:13:41,S,0.0,latest_candidate_row_since_2025-01-01
S0NJ00217,"MEHTA, RIKIN",NJ,REP,C00722470,RIK FOR NEW JERSEY INC,0.0,0.0,55.93,55.93,320000.0,2025-01-01T00:00:00,2026-03-31T00:00:00,2026,0.0,0.0,0.0,0.0,0.0,APRIL QUARTERLY,2026,True,committee_totals,P,2021-12-08T06:50:51,S,1.0,latest_candidate_row_since_2025-01-01
S4NJ00532,"MURPHY, JUSTIN MICHAEL LL.M.",NJ,REP,C00865808,THE COMMITTEE TO ELECT JUSTIN MURPHY 2024,9709.03,8246.16,566.81,566.81,7966.96,2025-01-01T00:00:00,2026-03-31T00:00:00,2026,5592.07,3572.34,2019.73,0.0,0.0,APRIL QUARTERLY,2026,True,committee_totals,C,2026-04-10T21:13:55,S,0.0,latest_candidate_row_since_2025-01-01
S4NJ00441,"SERRANO GLASSNER, CHRISTINE",NJ,REP,C00852186,CHRISTINE SERRANO GLASSNER FOR U.S. SENATE,0.0,0.0,0.0,0.0,0.0,2025-01-01T00:00:00,2025-04-25T00:00:00,2026,0.0,0.0,0.0,0.0,0.0,TERMINATION REPORT,2025,True,committee_totals,P,2025-03-18T15:34:07,S,1.0,latest_candidate_row_since_2025-01-01
S8NJ00483,"SINGH, HIRSH",NJ,REP,C00670737,SINGH FOR SENATE,0.0,0.0,0.0,0.0,0.0,2025-01-01T00:00:00,2025-05-07T00:00:00,2026,0.0,0.0,0.0,0.0,0.0,TERMINATION REPORT,2025,True,committee_totals,N,2021-12-08T06:50:51,S,2.0,latest_candidate_row_since_2025-01-01
S0NJ00191,"SINGH, HIRSH V",NJ,REP,C00670737,SINGH FOR SENATE,0.0,0.0,0.0,0.0,0.0,2025-01-01T00:00:00,2025-05-07T00:00:00,2026,0.0,0.0,0.0,0.0,0.0,TERMINATION REPORT,2025,True,committee_totals,P,2021-12-08T06:50:51,S,1.0,latest_candidate_row_since_2025-01-01
S6NJ00412,"ZDAN, ALEX",NJ,REP,C00939132,ALEX ZDAN FOR US SENATE,7378.78,1552.21,5826.57,5826.57,0.0,2026-01-01T00:00:00,2026-03-31T00:00:00,2026,5758.27,3072.55,2685.72,1620.51,0.0,APRIL QUARTERLY,2026,True,committee_totals,C,2026-04-18T21:13:41,S,0.0,latest_candidate_row_since_2025-01-01
S6NJ00131,"ZIMMER, DICK",NJ,REP,C00449074,ZIMMER FOR SENATE INC,0.0,8199.39,0.0,0.0,0.0,2025-01-01T00:00:00,2025-06-19T00:00:00,2026,0.0,0.0,0.0,0.0,0.0,TERMINATION REPORT,2025,True,committee_totals,P,2021-12-08T06:50:50,S,1.0,latest_candidate_row_since_2025-01-01
S6NM01145,"DODSON, MATT",NM,DEM,C00926444,MATT DODSON 4 THE 99 PERCENT,11843.44,8069.46,3773.98,3773.98,0.0,2025-10-01T00:00:00,2026-03-31T00:00:00,2026,4838.44,1350.0,3488.44,7005.0,0.0,APRIL QUARTERLY,2026,True,committee_totals,C,2026-01-28T21:00:03,S,0.0,latest_candidate_row_since_2025-01-01
S2NM00088,"HEINRICH, MARTIN",NM,DEM,C00434563,MARTIN HEINRICH FOR SENATE,1211120.87,1053651.63,477020.39,477020.39,0.0,2025-01-01T00:00:00,2026-03-31T00:00:00,2026,857364.6,625939.95,231424.65,0.0,0.0,APRIL QUARTERLY,2026,True,committee_totals,C,2025-02-21T21:00:18,S,0.0,latest_candidate_row_since_2025-01-01
S0NM00058,"LUJAN, BEN RAY",NM,DEM,C00443689,PEOPLE FOR BEN,4658613.41,1696484.92,4175921.38,4175921.38,0.0,2025-01-01T00:00:00,2026-03-31T00:00:00,2026,2408143.73,1330230.86,1077912.87,0.0,1477.0,APRIL QUARTERLY,2026,True,committee_totals,C,2026-04-15T21:16:15,S,0.0,latest_candidate_row_since_2025-01-01
S0NM00074,"TOULOUSE OLIVER, MAGGIE",NM,DEM,C00703256,MAGGIE TOULOUSE OLIVER FOR SENATE,0.0,75.0,2618.05,2618.05,15312.17,2025-01-01T00:00:00,2026-03-31T00:00:00,2026,0.0,0.0,0.0,0.0,0.0,APRIL QUARTERLY,2026,True,committee_totals,P,2021-12-08T06:50:51,S,1.0,latest_candidate_row_since_2025-01-01
S4NM00183,"DOMENICI, NELLA LOUISE LOUISE",NM,REP,C00865956,NELLA FOR SENATE,2535.8,70693.82,3499.55,3499.55,2800000.0,2025-01-01T00:00:00,2026-03-31T00:00:00,2026,-764.2,-237.5,-526.7,3300.0,0.0,APRIL QUARTERLY,2026,True,committee_totals,P,2025-03-18T15:34:07,S,1.0,latest_candidate_row_since_2025-01-01
S0NM00116,"SANCHEZ, LOUIE J",NM,REP,C00732693,SANCHEZ FOR NEW MEXICO,0.0,6080.66,0.0,0.0,0.0,2025-01-01T00:00:00,2025-06-30T00:00:00,2026,0.0,0.0,0.0,0.0,0.0,JULY QUARTERLY,2025,True,committee_totals,P,2021-12-08T06:50:51,S,1.0,latest_candidate_row_since_2025-01-01
S6NV00200,"CORTEZ MASTO, CATHERINE",NV,DEM,C00575548,CATHERINE CORTEZ MASTO FOR SENATE,1842748.74,1999039.34,3339755.42,3339755.42,0.0,2025-01-01T00:00:00,2026-03-31T00:00:00,2026,1388610.41,853375.22,535235.19,0.0,85900.33,APRIL QUARTERLY,2026,True,committee_totals,C,2025-08-06T21:00:36,S,0.0,latest_candidate_row_since_2025-01-01
S6NV00234,"MAHENDRA, SUJEET BOBBY NARENDRA",NV,DEM,C00608240,BOBBY MAHENDRA FOR SENATE,0.0,0.0,2976.47,2976.47,32000.0,2025-01-01T00:00:00,2026-03-31T00:00:00,2026,0.0,0.0,0.0,0.0,0.0,APRIL QUARTERLY,2026,True,committee_totals,P,2021-12-08T06:50:51,S,1.0,latest_candidate_row_since_2025-01-01
S8NV00156,"ROSEN, JACKY",NV,DEM,C00606939,ROSEN FOR NEVADA,1201412.28,1965602.58,1015905.5,1015905.5,0.0,2025-01-01T00:00:00,2026-03-31T00:00:00,2026,863506.07,434285.35,429220.72,0.0,87590.57,APRIL QUARTERLY,2026,True,committee_totals,C,2025-10-15T21:01:51,S,0.0,latest_candidate_row_since_2025-01-01
S4NV00379,"CUNNINGHAM, CHRIS",NV,LIB,C00867622,COMMITTEE TO ELECT CHRIS CUNNINGHAM,0.0,0.0,0.0,0.0,0.0,2025-01-01T00:00:00,2025-03-31T00:00:00,2026,0.0,0.0,0.0,0.0,0.0,TERMINATION REPORT,2025,True,committee_totals,P,2025-03-18T15:34:07,S,1.0,latest_candidate_row_since_2025-01-01
S2NV00308,"BROWN, SAM",NV,REP,C00845032,AMERICAN HORIZON PAC,256505.31,117921.69,402179.89,402179.89,0.0,2025-01-01T00:00:00,2026-03-31T00:00:00,2026,0.0,0.0,0.0,,,APRIL QUARTERLY,2026,False,committee_totals,P,2025-03-18T15:34:07,S,1.0,latest_candidate_row_since_2025-01-01
S4NV00312,"GRADY, TONY",NV,REP,C00847582,GRADY FOR NEVADA,0.0,0.0,97.37,97.37,0.0,2025-01-01T00:00:00,2026-03-31T00:00:00,2026,0.0,0.0,0.0,0.0,0.0,APRIL QUARTERLY,2026,True,committee_totals,P,2025-03-18T15:34:07,S,1.0,latest_candidate_row_since_2025-01-01
S4NV00304,"GUNTER, JEFF DR",NV,REP,C00847418,DR JEFF GUNTER FOR SENATE,2047.52,1207.62,8264.3,8264.3,2763394.15,2025-01-01T00:00:00,2026-03-31T00:00:00,2026,2020.79,891.0,1129.79,0.0,0.0,APRIL QUARTERLY,2026,True,committee_totals,P,2025-03-18T15:34:07,S,1.0,latest_candidate_row_since_2025-01-01
S2NV00332,"HOCKSTEDLER, WILLIAM ERIC",NV,REP,C00787689,HOCKSTEDLER FOR U.S. SENATE,0.0,11627.0,500.55,500.55,2530.62,2025-01-01T00:00:00,2025-02-18T00:00:00,2026,0.0,0.0,0.0,0.0,0.0,TERMINATION REPORT,2025,True,committee_totals,P,2023-03-09T10:16:03,S,1.0,latest_candidate_row_since_2025-01-01
S2NV00324,"LAXALT, ADAM",NV,REP,C00787135,LAXALT FOR SENATE,0.0,34071.2,223564.37,223564.37,0.0,2025-01-01T00:00:00,2026-03-31T00:00:00,2026,0.0,0.0,0.0,0.0,0.0,APRIL QUARTERLY,2026,True,committee_totals,P,2023-03-09T10:16:03,S,1.0,latest_candidate_row_since_2025-01-01
S4NV00270,"MARCHANT, JIM",NV,REP,C00839563,JIM MARCHANT FOR US SENATE,0.0,0.0,0.0,0.0,0.0,2025-01-01T00:00:00,2025-09-30T00:00:00,2026,0.0,0.0,0.0,0.0,0.0,OCTOBER QUARTERLY,2025,True,committee_totals,P,2025-03-18T15:34:07,S,1.0,latest_candidate_row_since_2025-01-01
S0NY00188,"CLINTON, HILLARY RODHAM",NY,DEM,C00358895,FRIENDS OF HILLARY,0.0,22343.44,0.0,0.0,0.0,2025-01-01T00:00:00,2025-06-30T00:00:00,2026,0.0,0.0,0.0,0.0,0.0,TERMINATION REPORT,2025,True,committee_totals,P,2021-12-08T06:50:50,S,1.0,latest_candidate_row_since_2025-01-01
S0NY00410,"GILLIBRAND, KIRSTEN",NY,DEM,C00413914,GILLIBRAND FOR SENATE,2198878.25,946803.49,1967801.67,1967801.67,0.0,2025-01-01T00:00:00,2026-03-31T00:00:00,2026,824794.65,552509.0,272285.65,0.0,47140.2,APRIL QUARTERLY,2026,True,committee_totals,C,2026-02-10T21:01:02,S,0.0,latest_candidate_row_since_2025-01-01
S4NY00271,"SALEM, KHALED",NY,DEM,C00749226,KHALED SALEM,0.0,0.0,0.0,0.0,0.0,2025-01-01T00:00:00,2026-03-31T00:00:00,2026,0.0,0.0,0.0,0.0,0.0,APRIL QUARTERLY,2026,True,committee_totals,P,2025-03-18T15:34:07,S,1.0,latest_candidate_row_since_2025-01-01
S0NY00667,"SALEM, KHALED MR",NY,DEM,C00749226,KHALED SALEM,0.0,0.0,0.0,0.0,0.0,2025-01-01T00:00:00,2026-03-31T00:00:00,2026,0.0,0.0,0.0,0.0,0.0,APRIL QUARTERLY,2026,True,committee_totals,P,2025-03-18T15:34:07,S,1.0,latest_candidate_row_since_2025-01-01
S8NY00082,"SCHUMER, CHARLES E.",NY,DEM,C00346312,FRIENDS OF SCHUMER,800587.42,1872989.12,8251229.86,8251229.86,0.0,2025-01-01T00:00:00,2026-03-31T00:00:00,2026,527341.89,311308.68,216033.21,0.0,190870.53,APRIL QUARTERLY,2026,True,committee_totals,C,2025-01-10T21:01:11,S,0.0,latest_candidate_row_since_2025-01-01
S2NY00325,"SARE, DIANE WILSON MS",NY,IND,C00751826,SARE FOR SENATE,2442.86,4387.94,4225.06,4225.06,0.0,2025-01-01T00:00:00,2026-03-27T00:00:00,2026,50.0,50.0,0.0,0.0,1967.76,TERMINATION REPORT,2026,True,committee_totals,P,2025-03-18T15:34:07,S,1.0,latest_candidate_row_since_2025-01-01
S4NY00313,"BELLON, DAVID A. ESQ.",NY,REP,C00835199,DAVID A. BELLON FOR UNITED STATES SENATE,0.0,0.0,6334.67,6334.67,0.0,2025-01-01T00:00:00,2026-03-31T00:00:00,2026,0.0,0.0,0.0,0.0,0.0,APRIL QUARTERLY,2026,True,committee_totals,P,2025-03-18T15:34:07,S,1.0,latest_candidate_row_since_2025-01-01
S2NY00499,"PINION, JOSEPH III",NY,REP,C00800268,JOE PINION FOR US SENATE INC,0.0,0.0,611.53,611.53,78576.15,2025-01-01T00:00:00,2026-03-31T00:00:00,2026,0.0,0.0,0.0,0.0,0.0,APRIL QUARTERLY,2026,True,committee_totals,P,2023-03-09T10:16:03,S,1.0,latest_candidate_row_since_2025-01-01
S4NY00404,"SAPRAICONE, MICHAEL",NY,REP,C00846451,SAPRAICONE FOR SENATE,12698.81,59138.57,7935.98,7935.98,615250.0,2025-01-01T00:00:00,2026-03-31T00:00:00,2026,0.0,0.0,0.0,0.0,0.0,APRIL QUARTERLY,2026,True,committee_totals,P,2025-03-18T15:34:07,S,1.0,latest_candidate_row_since_2025-01-01
S6NY00243,"SPENCER, JOHN D",NY,REP,C00412817,SPENCER FOR SENATE COMMITTEE,0.0,0.0,679.14,679.14,239112.0,2025-01-01T00:00:00,2025-03-31T00:00:00,2026,0.0,0.0,0.0,0.0,0.0,APRIL QUARTERLY,2025,True,committee_totals,P,2021-12-08T06:50:50,S,1.0,latest_candidate_row_since_2025-01-01
S0NY00550,"TOWNSEND, JAY",NY,REP,C00482216,TOWNSEND FOR SENATE,0.0,0.0,0.0,0.0,108845.1,2025-01-01T00:00:00,2026-03-31T00:00:00,2026,0.0,0.0,0.0,0.0,0.0,APRIL QUARTERLY,2026,True,committee_totals,N,2021-12-08T06:50:50,S,2.0,latest_candidate_row_since_2025-01-01
S6OH00163,"BROWN, SHERROD",OH,DEM,C00916288,FRIENDS OF SHERROD BROWN,25979968.48,8951326.24,17028642.24,17028642.24,0.0,2025-08-11T00:00:00,2026-04-15T00:00:00,2026,21053052.02,11396837.31,9656214.71,0.0,117287.6,PRE-PRIMARY,2026,True,committee_totals,C,2026-04-15T21:16:15,S,0.0,latest_candidate_row_since_2025-01-01
S6OH00155,"HACKETT, PAUL III",OH,DEM,C00415745,HACKETT FOR SENATE,11229.92,4523.33,13898.22,13898.22,104362.14,2025-01-01T00:00:00,2026-03-31T00:00:00,2026,50.0,0.0,50.0,1000.0,0.0,APRIL QUARTERLY,2026,True,committee_totals,P,2021-12-08T06:50:50,S,1.0,latest_candidate_row_since_2025-01-01
S6OH00361,"KINCAID, RONALD E JR",OH,DEM,C00913038,RON KINCAID FOR SENATE,42800.15,45272.47,19090.5,19090.5,23810.07,2025-07-01T00:00:00,2026-04-15T00:00:00,2026,31016.14,24522.0,6494.14,0.0,0.0,PRE-PRIMARY,2026,True,committee_totals,C,2026-02-09T20:58:28,S,0.0,latest_candidate_row_since_2025-01-01
S6OH00387,"ODE, FREDERICK J",OH,DEM,C00917146,FRIENDS OF FRED ODE,5001938.61,4970194.22,31744.39,31744.39,2185.5,2025-07-01T00:00:00,2026-03-31T00:00:00,2026,5000000.0,5000000.0,0.0,0.0,86.98,APRIL QUARTERLY,2026,True,committee_totals,C,2025-10-18T21:00:34,S,0.0,latest_candidate_row_since_2025-01-01
S2OH00402,"RYAN, TIMOTHY",OH,DEM,C00777771,WORKERS FIRST PAC,78474.14,101435.41,-22197.22,-22197.22,0.0,2025-01-01T00:00:00,2026-03-31T00:00:00,2026,14500.0,14400.0,100.0,,,APRIL QUARTERLY,2026,False,committee_totals,P,2023-03-09T10:16:03,S,1.0,latest_candidate_row_since_2025-01-01
S6OH00353,"VOLPE, CHRISTOPHER",OH,DEM,C00907303,VOLPE FOR AMERICA,4337.18,4168.88,168.3,168.3,0.0,2025-07-01T00:00:00,2026-02-15T00:00:00,2026,4203.35,550.0,3653.35,113.83,0.0,TERMINATION REPORT,2026,True,committee_totals,N,2025-06-30T20:58:43,S,2.0,latest_candidate_row_since_2025-01-01
S8OH00144,"FARIS, STEPHEN I MR",OH,IND,C00688465,FARIS WRITE IN FOR SENATE,1925.24,1900.96,155.94,155.94,0.0,2025-01-01T00:00:00,2026-03-31T00:00:00,2026,0.0,0.0,0.0,1925.24,0.0,APRIL QUARTERLY,2026,True,committee_totals,C,2025-11-13T21:02:32,S,0.0,latest_candidate_row_since_2025-01-01
S6OH00395,"LEVY, GREGORY LEE",OH,IND,C00918839,GREG LEVY FOR SENATE,57814.65,27570.96,31998.93,31998.93,0.0,2025-10-01T00:00:00,2026-04-15T00:00:00,2026,57810.39,31349.33,26461.06,0.0,4.26,PRE-PRIMARY,2026,True,committee_totals,C,2026-01-28T21:00:03,S,0.0,latest_candidate_row_since_2025-01-01
S6OH00429,"REDPATH, WILLIAM",OH,LIB,C00937300,REDPATH FOR US SENATE COMMITTEE,17715.38,17071.85,643.53,643.53,5000.0,2025-07-03T00:00:00,2026-04-15T00:00:00,2026,3750.09,3750.09,0.0,3990.04,0.0,PRE-PRIMARY,2026,True,committee_totals,C,2026-04-15T21:16:15,S,0.0,latest_candidate_row_since_2025-01-01
S2OH00477,"DOLAN, MATT",OH,REP,C00831636,DOLAN FOR OHIO,908.1,67501.81,46540.41,46540.41,12697000.0,2025-01-01T00:00:00,2026-03-31T00:00:00,2026,0.0,0.0,0.0,0.0,308.1,APRIL QUARTERLY,2026,True,committee_totals,P,2025-03-18T15:34:07,S,1.0,latest_candidate_row_since_2025-01-01
S6OH00304,"HUSTED, JON",OH,REP,C00896019,HUSTED FOR SENATE,10518818.26,2357657.71,8161160.55,8161160.55,0.0,2025-01-01T00:00:00,2026-04-15T00:00:00,2026,4287474.31,3122336.68,1165137.63,0.0,0.0,PRE-PRIMARY,2026,True,committee_totals,C,2026-04-08T21:14:48,S,0.0,latest_candidate_row_since_2025-01-01
S4OH00200,"LAROSE, FRANK",OH,REP,C00845735,LAROSE FOR SENATE,11500.0,17778.5,12271.63,12271.63,10600.0,2025-01-01T00:00:00,2026-03-31T00:00:00,2026,1500.0,1500.0,0.0,0.0,0.0,APRIL QUARTERLY,2026,True,committee_totals,P,2025-03-18T15:34:07,S,1.0,latest_candidate_row_since_2025-01-01
S2OH00170,"MANDEL, JOSHUA A.",OH,REP,C00494930,"CITIZENS FOR JOSH MANDEL, INC.",263.82,9258.2,-27323.62,-27323.62,122480.92,2025-01-01T00:00:00,2026-03-31T00:00:00,2026,0.0,0.0,0.0,0.0,263.82,APRIL QUARTERLY,2026,True,committee_totals,P,2023-03-09T10:16:03,S,1.0,latest_candidate_row_since_2025-01-01
S4OH00192,"MORENO, BERNIE",OH,REP,C00837484,BERNIE MORENO FOR SENATE,2277695.94,2187219.18,468796.47,468796.47,7039894.14,2025-01-01T00:00:00,2026-03-31T00:00:00,2026,466757.43,258454.99,208302.44,0.0,42.61,APRIL QUARTERLY,2026,True,committee_totals,C,2026-03-25T21:17:50,S,0.0,latest_candidate_row_since_2025-01-01
S0OH00133,"PORTMAN, ROB THE HONORA",OH,REP,C00458463,PORTPAC,48198.31,153305.38,2561272.12,2561272.12,0.0,2025-01-01T00:00:00,2026-03-31T00:00:00,2026,0.0,0.0,0.0,,,APRIL QUARTERLY,2026,False,committee_totals,P,2023-03-09T10:16:03,S,1.0,latest_candidate_row_since_2025-01-01
S2OH00287,"PUKITA, MARK MR.",OH,REP,C00722207,MARK PUKITA FOR US SENATE 2022,0.0,6179.85,-436341.92,-436341.92,463764.11,2025-01-01T00:00:00,2026-03-31T00:00:00,2026,0.0,0.0,0.0,0.0,0.0,APRIL QUARTERLY,2026,True,committee_totals,P,2023-03-09T10:16:03,S,1.0,latest_candidate_row_since_2025-01-01
S2OH00360,"TIMKEN, JANE",OH,REP,C00769745,JANE TIMKEN FOR OHIO,0.0,655.51,4919.39,4919.39,4060000.0,2025-01-01T00:00:00,2026-03-31T00:00:00,2026,0.0,0.0,0.0,0.0,0.0,APRIL QUARTERLY,2026,True,committee_totals,P,2023-03-09T10:16:03,S,1.0,latest_candidate_row_since_2025-01-01
S2OH00436,"VANCE, J D",OH,REP,C00783142,JD VANCE FOR SENATE INC.,194273.77,139528.56,190376.77,190376.77,42000.0,2025-01-01T00:00:00,2026-03-31T00:00:00,2026,99539.47,88178.42,11361.05,0.0,19734.3,APRIL QUARTERLY,2026,True,committee_totals,C,2023-02-07T00:05:32,S,0.0,latest_candidate_row_since_2025-01-01
S6OK04171,"GREEN, TROY WESLEY",OK,DEM,C00918607,TROY GREEN U.S. SENATE,22600.36,15373.35,7227.01,7227.01,0.0,2025-07-01T00:00:00,2026-03-31T00:00:00,2026,19173.5,10670.5,8503.0,3176.86,0.0,APRIL QUARTERLY,2026,True,committee_totals,C,2026-01-22T21:02:05,S,0.0,latest_candidate_row_since_2025-01-01
S6OK04197,"PRIEST, JIM",OK,DEM,C00933051,JIM PRIEST FOR US SENATE,203272.5,68438.0,134834.5,134834.5,50000.0,2026-01-01T00:00:00,2026-03-31T00:00:00,2026,153272.5,137101.0,16171.5,0.0,0.0,APRIL QUARTERLY,2026,True,committee_totals,C,2026-04-18T21:13:41,S,0.0,latest_candidate_row_since_2025-01-01
S6OK04163,"THOMAS, N'KIYLA JASMINE - ANN",OK,DEM,C00899559,NKIYLA FOR OK,39009.15,36270.6,3674.89,3674.89,0.0,2025-07-01T00:00:00,2026-03-31T00:00:00,2026,38959.22,11550.0,27409.22,0.0,0.0,APRIL QUARTERLY,2026,True,committee_totals,C,2025-12-08T21:02:16,S,0.0,latest_candidate_row_since_2025-01-01
S6OK04205,"MEINHARDT, RON",OK,IND,C00939058,MEINHARDT FOR US SENATE,6187.6,3737.48,2450.12,2450.12,0.0,2026-01-01T00:00:00,2026-03-31T00:00:00,2026,6000.0,6000.0,0.0,187.6,0.0,APRIL QUARTERLY,2026,True,committee_totals,C,2026-04-18T21:13:41,S,0.0,latest_candidate_row_since_2025-01-01
S6OK04247,"HERN, KEVIN",OK,REP,C00943142,HERN FOR SENATE,8284047.86,67761.21,8216286.65,8216286.65,5050000.0,2026-01-01T00:00:00,2026-03-31T00:00:00,2026,592563.64,565743.58,26820.06,0.0,0.0,APRIL QUARTERLY,2026,True,committee_totals,C,2026-04-28T21:25:42,S,0.0,latest_candidate_row_since_2025-01-01
S2OK00194,"HOLLAND, LUCAS",OK,REP,C00806935,LUKE HOLLAND FOR SENATE,692.06,968.49,0.0,0.0,167140.16,2025-01-01T00:00:00,2026-03-31T00:00:00,2026,0.0,0.0,0.0,692.06,0.0,APRIL QUARTERLY,2026,True,committee_totals,P,2023-03-09T10:16:03,S,1.0,latest_candidate_row_since_2025-01-01
S4OK00232,"LANKFORD, JAMES PAUL",OK,REP,C00466482,FAMILIES FOR JAMES LANKFORD,788822.95,458943.73,2667917.48,2667917.48,0.0,2025-01-01T00:00:00,2026-03-31T00:00:00,2026,290693.46,285370.51,5322.95,0.0,108557.56,APRIL QUARTERLY,2026,True,committee_totals,C,2025-01-10T21:01:11,S,0.0,latest_candidate_row_since_2025-01-01
S2OK00186,"MULLIN, MARKWAYNE",OK,REP,C00498345,MULLIN FOR AMERICA,3181183.59,1003117.36,2361083.02,2361083.02,25400.39,2025-01-01T00:00:00,2026-03-31T00:00:00,2026,868061.07,828433.74,39627.33,0.0,0.0,APRIL QUARTERLY,2026,True,committee_totals,C,2025-01-10T21:01:11,S,0.0,latest_candidate_row_since_2025-01-01
S6OK04262,"RAGAIN, BRIAN MATTHEW",OK,REP,C00945121,BRIAN RAGAIN FOR US SENATE,0.0,0.0,0.0,0.0,0.0,2026-01-01T00:00:00,2026-03-31T00:00:00,2026,0.0,0.0,0.0,0.0,0.0,APRIL QUARTERLY,2026,True,committee_totals,N,2026-04-07T21:14:51,S,2.0,latest_candidate_row_since_2025-01-01
S2OK00210,"SHANNON, T.W.",OK,REP,C00808360,T.W. FOR OKLAHOMA,0.0,901.0,0.0,0.0,0.0,2025-01-01T00:00:00,2025-02-05T00:00:00,2026,0.0,0.0,0.0,0.0,0.0,TERMINATION REPORT,2025,True,committee_totals,P,2023-03-09T10:16:03,S,1.0,latest_candidate_row_since_2025-01-01
S8OR00207,"MERKLEY, JEFFREY ALAN",OR,DEM,C00437277,JEFF MERKLEY FOR OREGON,3798075.34,1484895.87,6580178.12,6580178.12,0.0,2025-01-01T00:00:00,2026-03-31T00:00:00,2026,2933233.43,2044832.72,888400.71,0.0,308535.41,APRIL QUARTERLY,2026,True,committee_totals,C,2026-01-13T21:02:51,S,0.0,latest_candidate_row_since_2025-01-01
S6OR00110,"WYDEN, RONALD L.",OR,DEM,C00308676,WYDEN FOR SENATE,1199347.07,1554121.79,1415984.72,1415984.72,0.0,2025-01-01T00:00:00,2026-03-31T00:00:00,2026,681169.49,401397.83,279771.66,0.0,49144.74,APRIL QUARTERLY,2026,True,committee_totals,C,2025-01-10T21:01:11,S,0.0,latest_candidate_row_since_2025-01-01
S4OR00156,"PERKINS, JO RAE",OR,REP,C00932558,JO RAE PERKINS FOR US SENATOR,5185.34,3959.78,1286.97,1286.97,0.0,2026-01-01T00:00:00,2026-03-31T00:00:00,2026,4619.37,2364.0,2255.37,0.0,60.0,APRIL QUARTERLY,2026,True,committee_totals,C,2026-04-18T21:13:41,S,0.0,latest_candidate_row_since_2025-01-01
S6OR05218,"SMITH, DAVID BROCK",OR,REP,C00941559,DAVID BROCK SMITH FOR OREGON,24083.96,288.96,23795.0,23795.0,28234.62,2026-01-01T00:00:00,2026-03-31T00:00:00,2026,23083.96,20475.59,2608.37,0.0,0.0,APRIL QUARTERLY,2026,True,committee_totals,C,2026-04-18T21:13:41,S,0.0,latest_candidate_row_since_2025-01-01
S6PA00217,"CASEY, ROBERT P. JR.",PA,DEM,C00431056,BOB CASEY FOR SENATE INC,646277.42,782180.63,859136.77,859136.77,0.0,2025-01-01T00:00:00,2026-03-31T00:00:00,2026,0.0,0.0,0.0,0.0,539638.45,APRIL QUARTERLY,2026,True,committee_totals,P,2025-03-18T15:34:07,S,1.0,latest_candidate_row_since_2025-01-01
S6PA00274,"FETTERMAN, JOHN KARL",PA,DEM,C00765800,FETTERMAN FOR PA,1962346.71,2280352.2,1996681.1,1996681.1,22281.12,2025-01-01T00:00:00,2026-03-31T00:00:00,2026,1697304.01,1228877.43,468426.58,0.0,54440.22,APRIL QUARTERLY,2026,True,committee_totals,C,2025-01-10T21:01:11,S,0.0,latest_candidate_row_since_2025-01-01
S4PA00287,"FORKNER, WILLIAM",PA,DEM,C00848002,FRIENDS OF WILLIAM FORKNER,0.0,0.0,195.22,195.22,0.0,2025-01-01T00:00:00,2025-04-15T00:00:00,2026,0.0,0.0,0.0,0.0,0.0,TERMINATION REPORT,2025,True,committee_totals,P,2025-03-18T15:34:07,S,1.0,latest_candidate_row_since_2025-01-01
S2PA00448,"STREET, SHARIF",PA,DEM,C00774844,SHARIF STREET FOR US,899446.48,688708.32,263296.68,263296.68,6002.5,2025-01-01T00:00:00,2026-03-31T00:00:00,2026,806396.48,764729.03,41667.45,0.0,0.0,APRIL QUARTERLY,2026,True,committee_totals,P,2023-03-09T10:16:03,S,1.0,latest_candidate_row_since_2025-01-01
S8PA00270,"CHRISTIANA, JAMES JOSEPH III",PA,REP,C00638304,JIM CHRISTIANA FOR SENATE,0.0,0.0,1889.07,1889.07,37900.0,2025-01-01T00:00:00,2026-03-31T00:00:00,2026,0.0,0.0,0.0,0.0,0.0,APRIL QUARTERLY,2026,True,committee_totals,P,2021-12-08T06:50:51,S,1.0,latest_candidate_row_since_2025-01-01
S2PA00661,"MCCORMICK, DAVE",PA,REP,C00851980,FRIENDS OF DAVE MCCORMICK,4117088.57,3966656.65,731455.65,731455.65,6828883.23,2025-01-01T00:00:00,2026-03-31T00:00:00,2026,2451648.56,2026024.39,425624.17,0.0,8766.46,APRIL QUARTERLY,2026,True,committee_totals,C,2025-02-07T21:00:11,S,0.0,latest_candidate_row_since_2025-01-01
S2PA00638,"OZ, MEHMET DR",PA,REP,C00795930,DOCTOR OZ FOR SENATE,657.0,14273.5,54310.78,54310.78,25513728.81,2025-01-01T00:00:00,2026-03-31T00:00:00,2026,0.0,0.0,0.0,0.0,0.0,APRIL QUARTERLY,2026,True,committee_totals,P,2023-03-09T10:16:03,S,1.0,latest_candidate_row_since_2025-01-01
S6RI00270,"BURBRIDGE, CONNOR",RI,DEM,C00902601,BURBRIDGE FOR RI,10434.82,9568.62,866.2,866.2,0.0,2025-04-01T00:00:00,2026-03-31T00:00:00,2026,8934.82,3160.66,5774.16,1500.0,0.0,APRIL QUARTERLY,2026,True,committee_totals,C,2025-10-15T21:01:51,S,0.0,latest_candidate_row_since_2025-01-01
S6RI00163,"REED, JOHN F.",RI,DEM,C00238907,THE REED COMMITTEE,2602598.5,761309.2,3429481.34,3429481.34,0.0,2025-01-01T00:00:00,2026-03-31T00:00:00,2026,1637999.24,1615376.55,22622.69,0.0,53455.55,APRIL QUARTERLY,2026,True,committee_totals,C,2025-10-30T21:01:58,S,0.0,latest_candidate_row_since_2025-01-01
S4RI00069,"WATERS, ALLEN",RI,DEM,C00830661,FRIENDS OF ALLEN WATERS,0.0,345.26,1543.71,1543.71,0.0,2025-01-01T00:00:00,2025-03-31T00:00:00,2026,0.0,0.0,0.0,0.0,0.0,APRIL QUARTERLY,2025,True,committee_totals,N,2023-01-12T22:24:01,S,2.0,latest_candidate_row_since_2025-01-01
S6RI00221,"WHITEHOUSE, SHELDON",RI,DEM,C00410803,WHITEHOUSE FOR SENATE,431343.76,579233.4,1117498.08,1117498.08,0.0,2025-01-01T00:00:00,2026-03-31T00:00:00,2026,388382.11,388382.11,0.0,0.0,3595.92,APRIL QUARTERLY,2026,True,committee_totals,C,2026-02-18T20:58:47,S,0.0,latest_candidate_row_since_2025-01-01
S4RI00051,"MCKAY, RAYMOND TYLER MR",RI,REP,C00827964,MCKAY FOR SENATE INC,139874.63,127794.47,12418.69,12418.69,689.51,2025-01-01T00:00:00,2026-03-31T00:00:00,2026,137896.07,77738.65,60157.42,1.0,0.0,APRIL QUARTERLY,2026,True,committee_totals,C,2025-07-21T21:00:50,S,0.0,latest_candidate_row_since_2025-01-01
S4RI00085,"MORGAN, PATRICIA L",RI,REP,C00846014,PATRICIA FOR RI,0.0,0.0,0.0,0.0,41627.71,2025-01-01T00:00:00,2025-03-31T00:00:00,2026,0.0,0.0,0.0,0.0,0.0,TERMINATION REPORT,2025,True,committee_totals,P,2025-03-18T15:34:07,S,1.0,latest_candidate_row_since_2025-01-01
S6RI00262,"WATERS, ALLEN",RI,REP,C00830661,FRIENDS OF ALLEN WATERS,0.0,345.26,1543.71,1543.71,0.0,2025-01-01T00:00:00,2025-03-31T00:00:00,2026,0.0,0.0,0.0,0.0,0.0,APRIL QUARTERLY,2025,True,committee_totals,N,2025-01-10T21:01:11,S,2.0,latest_candidate_row_since_2025-01-01
S6SC04239,"ANDREWS, ANNIE",SC,DEM,C00906024,DR. ANNIE ANDREWS FOR SENATE,6519295.74,3880008.35,2639287.39,2639287.39,15688.47,2025-05-22T00:00:00,2026-03-31T00:00:00,2026,6456423.25,2473871.92,3982551.33,0.0,15.0,APRIL QUARTERLY,2026,True,committee_totals,C,2025-07-15T21:00:48,S,0.0,latest_candidate_row_since_2025-01-01
S6SC04270,"BROWN, BRANDON",SC,DEM,C00911149,BRANDON BROWN FOR SOUTH CAROLINA,69568.6,20369.01,0.0,0.0,0.0,2025-10-01T00:00:00,2026-09-30T00:00:00,2026,69568.6,2300.0,67268.6,0.0,0.0,OCTOBER QUARTERLY,2026,True,committee_totals,C,2026-02-09T20:58:28,S,0.0,latest_candidate_row_since_2025-01-01
S2SC00145,"BRUCE, CATHERINE FLEMING MS.",SC,DEM,C00798827,CATHERINE FLEMING BRUCE FOR UNITED STATES SENATE,0.0,0.0,5030.29,5030.29,0.0,2025-01-01T00:00:00,2025-09-30T00:00:00,2026,0.0,0.0,0.0,0.0,0.0,OCTOBER QUARTERLY,2025,True,committee_totals,N,2025-01-10T21:01:11,S,2.0,latest_candidate_row_since_2025-01-01
S6SC04197,"FREEMAN, KYLE ODONNELL",SC,DEM,C00888479,KYLE FREEMAN FOR SENATE,42972.0,42639.43,1235.87,1235.87,35940.2,2025-01-01T00:00:00,2026-03-31T00:00:00,2026,13472.0,11700.0,1772.0,0.0,0.0,APRIL QUARTERLY,2026,True,committee_totals,C,2025-02-07T21:00:11,S,0.0,latest_candidate_row_since_2025-01-01
S0SC00289,"HARRISON, JAIME",SC,DEM,C00696153,JAIME HARRISON FOR US SENATE,34199.09,507792.81,234507.96,234507.96,0.0,2025-01-01T00:00:00,2026-03-31T00:00:00,2026,0.0,0.0,0.0,0.0,34164.94,APRIL QUARTERLY,2026,True,committee_totals,P,2025-03-18T15:34:07,S,1.0,latest_candidate_row_since_2025-01-01
S6SC04288,"JOHNSON, LEE",SC,DEM,C00902981,LEE JOHNSON FOR SC,569185.56,569185.56,0.0,0.0,224574.29,2025-04-01T00:00:00,2025-12-31T00:00:00,2026,68985.56,10450.0,58535.56,0.0,0.0,TERMINATION REPORT,2025,True,committee_totals,C,2025-08-01T21:00:30,S,0.0,latest_candidate_row_since_2025-01-01
S6SC04353,"LOUIS, DONAVAN ARTHUR MR",SC,IND,C00936278,DON LOUIS FOR US SENATE,2605.0,2605.0,0.0,0.0,0.0,2026-01-01T00:00:00,2026-03-31T00:00:00,2026,258.0,0.0,258.0,2347.0,0.0,APRIL QUARTERLY,2026,True,committee_totals,N,2026-03-29T21:12:30,S,2.0,latest_candidate_row_since_2025-01-01
S6SC04247,"WHITENER, KASIE DR.",SC,LIB,C00907709,KASIE WHITENER FOR US SENATE,14477.52,9835.45,4642.07,4642.07,893.5,2025-10-01T00:00:00,2026-03-31T00:00:00,2026,6338.61,4342.29,1996.32,3075.0,0.0,APRIL QUARTERLY,2026,True,committee_totals,C,2026-02-09T20:58:28,S,0.0,latest_candidate_row_since_2025-01-01
S6SC04262,"BAUER, ANDRE",SC,REP,C00909929,ANDRE BAUER FOR U.S. SENATE,216272.42,216272.42,0.0,0.0,0.0,2025-06-21T00:00:00,2025-12-01T00:00:00,2026,216172.52,210453.15,5719.37,0.0,0.0,TERMINATION REPORT,2025,True,committee_totals,C,2025-10-18T21:00:34,S,0.0,latest_candidate_row_since_2025-01-01
S6SC04296,"DANS, PAUL",SC,REP,C00913624,PAUL DANS FOR SENATE,1011421.12,565237.47,446183.65,446183.65,684665.96,2025-07-01T00:00:00,2026-03-31T00:00:00,2026,330368.44,284377.8,45990.64,0.0,0.0,APRIL QUARTERLY,2026,True,committee_totals,C,2025-10-18T21:00:34,S,0.0,latest_candidate_row_since_2025-01-01
S6SC04361,"DISMUKES, THOMAS KEITH",SC,REP,C00943746,THOMAS DISMUKES FOR SENATE,14935.0,13125.0,1810.0,1810.0,0.0,2026-01-01T00:00:00,2026-03-31T00:00:00,2026,3835.0,3735.0,100.0,11100.0,0.0,APRIL QUARTERLY,2026,True,committee_totals,C,2026-04-14T21:14:42,S,0.0,latest_candidate_row_since_2025-01-01
S0SC00149,"GRAHAM, LINDSEY O.",SC,REP,C00458828,"TEAM GRAHAM, INC.",5928622.17,9938630.67,11613608.79,11613608.79,0.0,2025-01-01T00:00:00,2026-03-31T00:00:00,2026,1080475.2,1025729.72,54745.48,0.0,787382.7,APRIL QUARTERLY,2026,True,committee_totals,C,2025-04-08T21:00:11,S,0.0,latest_candidate_row_since_2025-01-01
S6SC04346,"HERRMANN, PATRICK JOSEPH",SC,REP,C00940239,PATRICK HERRMANN FOR U.S. SENATE,15467.37,3384.1,12083.27,12083.27,0.0,2026-01-01T00:00:00,2026-03-31T00:00:00,2026,292.37,0.0,292.37,0.0,0.0,APRIL QUARTERLY,2026,True,committee_totals,C,2026-04-14T21:14:42,S,0.0,latest_candidate_row_since_2025-01-01
S6SC04189,"HOLLIMAN, ETHAN CLAY",SC,REP,C00865642,HOLLIMAN FOR SENATE,0.0,0.0,0.0,0.0,10000.0,2025-01-01T00:00:00,2025-12-31T00:00:00,2026,0.0,0.0,0.0,0.0,0.0,YEAR-END,2025,True,committee_totals,N,2025-01-10T21:01:11,S,2.0,latest_candidate_row_since_2025-01-01
S6SC04213,"LYNCH, MARK",SC,REP,C00897140,LYNCH FOR SENATE,5726191.16,2398855.44,3327335.72,3327335.72,5050000.0,2025-02-03T00:00:00,2026-03-31T00:00:00,2026,487187.95,227079.99,260107.96,0.0,188415.2,APRIL QUARTERLY,2026,True,committee_totals,C,2025-04-16T21:03:05,S,0.0,latest_candidate_row_since_2025-01-01
S4SC00240,"SCOTT, TIMOTHY E.",SC,REP,C00540302,TIM SCOTT FOR AMERICA,4407149.25,5156351.59,4968320.21,4968320.21,0.0,2025-01-01T00:00:00,2026-03-31T00:00:00,2026,3681412.15,2292391.25,1389020.9,0.0,178330.39,APRIL QUARTERLY,2026,True,committee_totals,C,2025-06-30T20:58:43,S,0.0,latest_candidate_row_since_2025-01-01
S6SD01125,"BEAUDION, JULIAN C",SD,DEM,C00901694,JULIAN FOR U.S. SENATE,192473.04,185994.34,6478.7,6478.7,14458.22,2025-04-01T00:00:00,2026-03-31T00:00:00,2026,183243.08,132794.1,50448.98,3654.9,0.0,APRIL QUARTERLY,2026,True,committee_totals,C,2025-07-19T20:58:36,S,0.0,latest_candidate_row_since_2025-01-01
S6SD01117,"BENGS, BRIAN",SD,IND,C00903641,BENGS FOR SOUTH DAKOTA,564715.66,511174.82,53540.84,53540.84,0.0,2025-04-28T00:00:00,2026-03-31T00:00:00,2026,558063.53,183652.0,374411.53,0.0,0.0,APRIL QUARTERLY,2026,True,committee_totals,C,2025-07-16T21:02:06,S,0.0,latest_candidate_row_since_2025-01-01
S6SD01133,"MCNEAL, JUSTIN S",SD,REP,C00924514,FRIENDS OF JUSTIN MCNEAL FOR US SENATE,1555.13,11.24,1543.89,1543.89,9602.39,2025-01-01T00:00:00,2026-03-31T00:00:00,2026,1429.1,620.0,809.1,26.03,0.0,APRIL QUARTERLY,2026,True,committee_totals,N,2025-11-13T21:02:32,S,2.0,latest_candidate_row_since_2025-01-01
S4SD00049,"ROUNDS, MIKE",SD,REP,C00532465,ROUNDS FOR SENATE,2432353.99,1365508.33,2936874.73,2936874.73,0.0,2025-01-01T00:00:00,2026-03-31T00:00:00,2026,1032859.41,1004176.58,28682.83,0.0,90925.88,APRIL QUARTERLY,2026,True,committee_totals,C,2025-01-10T21:01:11,S,0.0,latest_candidate_row_since_2025-01-01
S2SD00068,"THUNE, JOHN R.",SD,REP,C00409581,FRIENDS OF JOHN THUNE,3459924.82,1452615.44,17391646.65,17391646.65,0.0,2025-01-01T00:00:00,2026-03-31T00:00:00,2026,1078977.76,879045.25,199932.51,0.0,984568.15,APRIL QUARTERLY,2026,True,committee_totals,C,2025-03-23T20:59:01,S,0.0,latest_candidate_row_since_2025-01-01
S0TN00342,"BRADSHAW, MARQUITA",TN,DEM,C00846048,MARQUITA BRADSHAW FOR U S SENATE,881.21,511.27,448.59,448.59,0.0,2025-01-01T00:00:00,2026-03-31T00:00:00,2026,881.21,0.0,881.21,0.0,0.0,APRIL QUARTERLY,2026,True,committee_totals,P,2025-03-18T15:34:07,S,1.0,latest_candidate_row_since_2025-01-01
S4TN00500,"FAIN, DYLAN LEE MR. N/A",TN,DEM,C00794974,AMERICA FOR THE FUTURE,0.0,0.0,0.0,0.0,0.0,2021-11-19T00:00:00,2026-04-22T00:00:00,2026,0.0,0.0,0.0,0.0,0.0,TERMINATION REPORT,2026,True,committee_totals,N,2023-01-12T22:24:01,S,2.0,latest_candidate_row_since_2025-01-01
S4TN00526,"JOHNSON, GLORIA",TN,DEM,C00847400,GLORIA FOR TENNESSEE,6530.28,64828.83,84186.16,84186.16,0.0,2025-01-01T00:00:00,2026-03-31T00:00:00,2026,0.0,0.0,0.0,0.0,0.0,APRIL QUARTERLY,2026,True,committee_totals,P,2025-03-18T15:34:07,S,1.0,latest_candidate_row_since_2025-01-01
S8TN00311,"MACKLER, JAMES",TN,DEM,C00637850,JAMES MACKLER FOR US SENATE,0.0,5000.0,24570.91,24570.91,0.0,2025-01-01T00:00:00,2026-03-31T00:00:00,2026,0.0,0.0,0.0,0.0,0.0,APRIL QUARTERLY,2026,True,committee_totals,P,2021-12-08T06:50:51,S,1.0,latest_candidate_row_since_2025-01-01
S8TN00337,"BLACKBURN, MARSHA MRS.",TN,REP,C00376939,MARSHA FOR SENATE,2753251.3,2830269.25,5061596.83,5061596.83,0.0,2025-01-01T00:00:00,2026-03-31T00:00:00,2026,240177.23,177600.45,62576.78,0.0,177486.39,APRIL QUARTERLY,2026,True,committee_totals,C,2025-02-07T21:00:11,S,0.0,latest_candidate_row_since_2025-01-01
S0TN00201,"BUSH, BYRON",TN,REP,C00725846,COMMITTEE FOR BYRON BUSH FOR US SENATE,0.0,0.0,36789.79,36789.79,373000.0,2025-01-01T00:00:00,2025-09-30T00:00:00,2026,0.0,0.0,0.0,0.0,0.0,OCTOBER QUARTERLY,2025,True,committee_totals,P,2021-12-08T06:50:51,S,1.0,latest_candidate_row_since_2025-01-01
S6TN00216,"CORKER, ROBERT P JR",TN,REP,C00430462,BOB CORKER FOR SENATE 2018 INC,975779.61,252814.93,8508490.28,8508490.28,0.0,2025-01-01T00:00:00,2026-03-31T00:00:00,2026,0.0,0.0,0.0,0.0,975779.61,APRIL QUARTERLY,2026,True,committee_totals,P,2021-12-08T06:50:51,S,1.0,latest_candidate_row_since_2025-01-01
S8TN00352,"FINCHER, STEPHEN",TN,REP,C00466854,STEPHEN FINCHER FOR SENATE,41094.5,25292.1,1290626.87,1290626.87,0.0,2025-01-01T00:00:00,2026-03-31T00:00:00,2026,0.0,0.0,0.0,0.0,41094.5,APRIL QUARTERLY,2026,False,committee_totals,P,2021-12-08T06:50:51,S,1.0,latest_candidate_row_since_2025-01-01
S0TN00169,"HAGERTY, BILL",TN,REP,C00718627,TEAM HAGERTY,5880481.66,2133071.28,5674879.45,5674879.45,0.0,2025-01-01T00:00:00,2026-03-31T00:00:00,2026,3021763.57,2266970.09,754793.48,0.0,72212.34,APRIL QUARTERLY,2026,True,committee_totals,C,2026-03-26T21:31:59,S,0.0,latest_candidate_row_since_2025-01-01
S0TN00219,"PRESLEY, JOHNNY W",TN,REP,C00730689,JOHNNY PRESLEY FOR US SENATE,0.0,5000.0,17684.97,17684.97,27000.0,2025-01-01T00:00:00,2026-03-31T00:00:00,2026,0.0,0.0,0.0,0.0,0.0,APRIL QUARTERLY,2026,True,committee_totals,P,2021-12-08T06:50:51,S,1.0,latest_candidate_row_since_2025-01-01
S0TN00144,"SETHI, DR. MANNY",TN,REP,C00708628,DR MANNY FOR US SENATE,39.02,0.0,1816.85,1816.85,2472311.47,2025-01-01T00:00:00,2026-03-31T00:00:00,2026,0.0,0.0,0.0,0.0,39.02,APRIL QUARTERLY,2026,True,committee_totals,P,2021-12-08T06:50:51,S,1.0,latest_candidate_row_since_2025-01-01
S4TX00722,"ALLRED, COLIN",TX,DEM,C00909572,ALLRED FOR TEXAS 2026,7462453.11,7459793.1,2660.01,2660.01,0.0,2025-07-01T00:00:00,2026-03-31T00:00:00,2026,6648544.94,2939731.72,3708813.22,0.0,13136.09,APRIL QUARTERLY,2026,True,committee_totals,C,2026-04-30T22:28:57,S,0.0,latest_candidate_row_since_2025-01-01
S6TX00552,"CROCKETT, JASMINE",TX,DEM,C00929901,JASMINE FOR TEXAS,11092295.26,10459209.13,633086.13,633086.13,0.0,2025-12-08T00:00:00,2026-03-31T00:00:00,2026,6152063.47,1439975.23,4712088.24,0.0,32347.16,APRIL QUARTERLY,2026,True,committee_totals,C,2026-02-09T20:58:28,S,0.0,latest_candidate_row_since_2025-01-01
S4TX00755,"GUTIERREZ, ROLAND",TX,DEM,C00844977,ROLAND GUTIERREZ FOR TEXAS,0.0,90.0,294.83,294.83,0.0,2025-01-01T00:00:00,2026-03-31T00:00:00,2026,0.0,0.0,0.0,0.0,0.0,APRIL QUARTERLY,2026,True,committee_totals,P,2025-03-18T15:34:07,S,1.0,latest_candidate_row_since_2025-01-01
S0TX00233,"HEGAR, MARY JENNINGS MJ",TX,DEM,C00649350,MJ FOR TEXAS,0.0,714.95,-197.7,-197.7,0.0,2025-01-01T00:00:00,2026-03-31T00:00:00,2026,0.0,0.0,0.0,0.0,0.0,APRIL QUARTERLY,2026,True,committee_totals,P,2021-12-08T06:50:51,S,1.0,latest_candidate_row_since_2025-01-01
S0TX00308,"LOVE, JOHN BENARD III",TX,DEM,C00720573,LOVE FOR TEXAS,110.64,7526.87,4541.92,4541.92,0.0,2025-01-01T00:00:00,2026-03-31T00:00:00,2026,110.53,51.83,58.7,0.0,0.11,TERMINATION REPORT,2026,True,committee_totals,P,2025-03-18T15:34:07,S,1.0,latest_candidate_row_since_2025-01-01
S4TX00607,"RODRIGUEZ-PRILLIMAN, HELI",TX,DEM,C00817692,HELI FOR TEXAS,6323.6,2232.08,1970.65,1970.65,41877.0,2025-01-01T00:00:00,2026-03-31T00:00:00,2026,3001.6,472.5,2529.1,2699.0,0.0,APRIL QUARTERLY,2026,True,committee_totals,P,2025-03-18T15:34:07,S,1.0,latest_candidate_row_since_2025-01-01
S4TX00805,"SHERMAN, CARL OSCAR SR.",TX,DEM,C00850461,CARL SHERMAN FOR TEXAS,0.0,0.0,11360.43,11360.43,4511.0,2025-01-01T00:00:00,2026-03-31T00:00:00,2026,0.0,0.0,0.0,0.0,0.0,APRIL QUARTERLY,2026,True,committee_totals,P,2025-03-18T15:34:07,S,1.0,latest_candidate_row_since_2025-01-01
S6TX00396,"SWANSON, MICHAEL",TX,DEM,C00902551,FRIENDS OF MICHAEL SWANSON,6991.29,6991.29,0.0,0.0,4000.0,2025-04-01T00:00:00,2025-09-30T00:00:00,2026,1209.36,450.0,759.36,0.0,0.0,TERMINATION REPORT,2025,True,committee_totals,C,2025-10-14T21:00:58,S,0.0,latest_candidate_row_since_2025-01-01
S6TX00479,"TALARICO, JAMES",TX,DEM,C00919084,TALARICO FOR TEXAS,40284109.15,30425243.8,9858865.35,9858865.35,0.0,2025-09-08T00:00:00,2026-03-31T00:00:00,2026,40089299.87,17001183.36,23088116.51,0.0,14587.45,APRIL QUARTERLY,2026,True,committee_totals,C,2026-04-16T21:15:09,S,0.0,latest_candidate_row_since_2025-01-01
S8TX00459,"TZINTZUN RAMIREZ, CRISTINA",TX,DEM,C00715409,CRISTINA FOR TEXAS,32.62,21809.72,530.0,530.0,0.0,2025-01-01T00:00:00,2026-03-31T00:00:00,2026,0.0,0.0,0.0,0.0,32.62,APRIL QUARTERLY,2026,True,committee_totals,P,2021-12-08T06:50:51,S,1.0,latest_candidate_row_since_2025-01-01
S4TX00698,"MCQUEEN, ELDON DANIEL",TX,IDP,C00715896,MCQUEEN FOR CONGRESS,0.0,0.0,1622.84,1622.84,10000.0,2025-01-01T00:00:00,2026-03-31T00:00:00,2026,0.0,0.0,0.0,0.0,0.0,APRIL QUARTERLY,2026,False,committee_totals,P,2025-03-18T15:34:07,S,1.0,latest_candidate_row_since_2025-01-01
S4TX00888,"BROWN, THEODORE E. JR.",TX,LIB,C00857623,TED BROWN ELECTION COMMITTEE,6200.0,5257.79,1010.09,1010.09,0.0,2025-01-01T00:00:00,2026-03-31T00:00:00,2026,1200.0,650.0,550.0,5000.0,0.0,APRIL QUARTERLY,2026,True,committee_totals,C,2026-02-09T20:58:28,S,0.0,latest_candidate_row_since_2025-01-01
S6TX00586,"SIMS, DANIEL M",TX,LIB,C00933440,REFORM TEXAS WITH DANIEL M SIMS,11615.57,8020.04,3695.53,3695.53,0.0,2025-12-08T00:00:00,2026-03-31T00:00:00,2026,6615.57,6292.61,322.96,5000.0,0.0,APRIL QUARTERLY,2026,True,committee_totals,C,2026-03-28T21:13:08,S,0.0,latest_candidate_row_since_2025-01-01
S6TX00305,"ALLEN, KEITH",TX,REP,C00886291,KEITH ALLEN 4 CONGRESS,156626.79,157571.33,0.0,0.0,0.0,2025-01-01T00:00:00,2026-03-31T00:00:00,2026,29950.4,24094.68,5855.72,2920.0,0.0,TERMINATION REPORT,2026,True,committee_totals,N,2025-01-10T21:01:11,S,2.0,latest_candidate_row_since_2025-01-01
S6TX00560,"BENDER, ANNA",TX,REP,C00930131,ANNA BENDER FOR SENATE,0.0,0.0,0.0,0.0,5721.45,2025-04-11T00:00:00,2026-03-31T00:00:00,2026,0.0,0.0,0.0,0.0,0.0,TERMINATION REPORT,2026,True,committee_totals,C,2026-01-06T21:00:44,S,0.0,latest_candidate_row_since_2025-01-01
S0TX00365,"BIERSCHWALE, VIRGIL",TX,REP,C00908087,VIRGIL BIERSCHWALE FOR U.S. SENATE 2026,9988.18,9657.03,383.2,383.2,0.0,2025-04-01T00:00:00,2026-03-16T00:00:00,2026,7638.18,4795.25,2842.93,2350.0,0.0,TERMINATION REPORT,2026,True,committee_totals,C,2025-07-16T21:02:06,S,0.0,latest_candidate_row_since_2025-01-01
S6TX00545,"CANADY, SARA LARUE",TX,REP,C00929406,SARA FOR SENATE,770.0,7490.84,-429.81,-429.81,0.0,2025-10-01T00:00:00,2026-03-31T00:00:00,2026,705.0,500.0,205.0,0.0,0.0,APRIL QUARTERLY,2026,True,committee_totals,C,2026-01-30T21:02:20,S,0.0,latest_candidate_row_since_2025-01-01
S2TX00106,"CORNYN, JOHN SEN",TX,REP,C00369033,TEXANS FOR SENATOR JOHN CORNYN INC.,7234490.25,6434691.52,4922081.39,4922081.39,0.0,2025-01-01T00:00:00,2026-03-31T00:00:00,2026,2921683.55,2749175.97,172507.58,0.0,338951.91,APRIL QUARTERLY,2026,True,committee_totals,C,2025-05-23T20:59:56,S,0.0,latest_candidate_row_since_2025-01-01
S2TX00312,"CRUZ, RAFAEL EDWARD  TED",TX,REP,C00492785,TED CRUZ FOR SENATE,8266381.4,7469079.02,2584009.58,2584009.58,0.0,2025-01-01T00:00:00,2026-03-31T00:00:00,2026,6772276.63,3636131.43,3136145.2,0.0,26256.72,APRIL QUARTERLY,2026,True,committee_totals,C,2025-10-27T21:01:39,S,0.0,latest_candidate_row_since_2025-01-01
S6TX00511,"HUNT, WESLEY",TX,REP,C00701003,HUNT FOR SENATE,2071561.67,4526166.01,32571.82,32571.82,96496.9,2025-01-01T00:00:00,2026-03-31T00:00:00,2026,1376471.65,656046.73,720424.92,0.0,59736.93,APRIL QUARTERLY,2026,True,committee_totals,C,2025-11-13T21:02:32,S,0.0,latest_candidate_row_since_2025-01-01
S4TX00672,"INGALLS, JOSIAH JAMES",TX,REP,C00829135,JOSIAH FOR TEXAS,20.0,35.0,20.0,20.0,0.0,2025-01-01T00:00:00,2026-03-31T00:00:00,2026,20.0,0.0,20.0,0.0,0.0,APRIL QUARTERLY,2026,True,committee_totals,P,2025-03-18T15:34:07,S,1.0,latest_candidate_row_since_2025-01-01
S6TX00362,"KHAN, GULREZ",TX,REP,C00899294,GULREZ GUS KHAN FOR U.S. SENATE,10593.07,11238.76,-645.69,-645.69,3800.0,2025-07-01T00:00:00,2026-03-31T00:00:00,2026,6692.0,6542.0,150.0,0.0,0.0,APRIL QUARTERLY,2026,True,committee_totals,C,2026-02-09T20:58:28,S,0.0,latest_candidate_row_since_2025-01-01
S6TX00347,"MCNABB, BARRETT ANTHONY",TX,REP,C00897819,PATHFINDER PAC,381517.07,373686.25,7830.82,7830.82,237130.0,2025-01-01T00:00:00,2026-03-31T00:00:00,2026,134374.07,41500.81,92873.26,,,APRIL QUARTERLY,2026,False,committee_totals,C,2025-05-02T20:59:20,S,0.0,latest_candidate_row_since_2025-01-01
S6TX00388,"PAXTON, WARREN KENNETH JR.",TX,REP,C00901918,KEN PAXTON FOR SENATE,7007950.84,4861414.33,2146536.51,2146536.51,0.0,2025-04-01T00:00:00,2026-03-31T00:00:00,2026,6984396.4,5909229.85,1075166.55,0.0,0.0,APRIL QUARTERLY,2026,True,committee_totals,C,2025-08-02T20:58:13,S,0.0,latest_candidate_row_since_2025-01-01
S6TX00321,"SCHMOKER, TONY",TX,REP,C00894907,TONY SCHMOKER FOR SENATE,2500.0,3106.71,0.0,0.0,0.0,2025-04-01T00:00:00,2025-12-31T00:00:00,2026,0.0,0.0,0.0,0.0,0.0,TERMINATION REPORT,2025,True,committee_totals,N,2025-01-10T21:01:11,S,2.0,latest_candidate_row_since_2025-01-01
S4UT00308,"GLEICH, CAROLINE",UT,DEM,C00865253,COMMITTEE TO ELECT CAROLINE GLEICH,0.0,24810.26,0.0,0.0,0.0,2025-01-01T00:00:00,2025-02-20T00:00:00,2026,0.0,0.0,0.0,0.0,0.0,TERMINATION REPORT,2025,True,committee_totals,P,2025-03-18T15:34:07,S,1.0,latest_candidate_row_since_2025-01-01
S2UT00377,"HAMBLIN, LAIRD",UT,DEM,C00797779,LAIRDSENATE.US  LAIRD FETZER HAMBLIN,0.0,0.0,122.92,122.92,0.0,2025-01-01T00:00:00,2026-03-31T00:00:00,2026,0.0,0.0,0.0,0.0,0.0,APRIL QUARTERLY,2026,True,committee_totals,N,2024-08-26T21:00:07,S,2.0,latest_candidate_row_since_2025-01-01
S4UT00282,"CURTIS, JOHN",UT,REP,C00647339,JOHN CURTIS FOR UTAH,622121.94,748290.0,662514.6,662514.6,0.0,2025-01-01T00:00:00,2026-03-31T00:00:00,2026,295579.81,293162.39,2417.42,0.0,0.0,APRIL QUARTERLY,2026,True,committee_totals,C,2025-02-07T21:00:11,S,0.0,latest_candidate_row_since_2025-01-01
S8UT00242,"KENNEDY, MIKE",UT,REP,C00674358,KENNEDY FOR US SENATE,0.0,0.0,0.0,0.0,422543.19,2025-01-01T00:00:00,2026-03-31T00:00:00,2026,0.0,0.0,0.0,0.0,0.0,APRIL QUARTERLY,2026,True,committee_totals,P,2021-12-08T06:50:51,S,1.0,latest_candidate_row_since_2025-01-01
S0UT00165,"LEE, MIKE",UT,REP,C00473827,FRIENDS OF MIKE LEE INC,2047902.2,2110270.85,846399.24,846399.24,0.0,2025-01-01T00:00:00,2026-03-31T00:00:00,2026,1703880.8,1022650.52,681230.28,0.0,23555.61,APRIL QUARTERLY,2026,True,committee_totals,C,2025-01-10T21:01:11,S,0.0,latest_candidate_row_since_2025-01-01
S8UT00176,"ROMNEY, WILLARD MITT MR",UT,REP,C00670695,ROMNEY FOR UTAH INC,32247.59,151866.52,421827.36,421827.36,0.0,2025-01-01T00:00:00,2026-03-31T00:00:00,2026,0.0,0.0,0.0,0.0,30247.59,APRIL QUARTERLY,2026,True,committee_totals,P,2025-03-18T15:34:07,S,1.0,latest_candidate_row_since_2025-01-01
S2UT00369,"MCMULLIN, DAVID EVAN",UT,UN,C00790733,MCMULLIN FOR UTAH,0.0,22947.15,149610.18,149610.18,0.0,2025-01-01T00:00:00,2026-03-31T00:00:00,2026,0.0,0.0,0.0,0.0,0.0,APRIL QUARTERLY,2026,True,committee_totals,P,2023-03-09T10:16:03,S,1.0,latest_candidate_row_since_2025-01-01
S6VA00184,"DANIELS, LORITA DR.",VA,DEM,C00925453,LORITA DANIELS FOR US SENATE,54994.61,46430.84,8563.77,8563.77,45375.17,2026-01-01T00:00:00,2026-03-31T00:00:00,2026,9563.33,5300.0,4263.33,300.0,0.0,APRIL QUARTERLY,2026,True,committee_totals,C,2026-04-18T21:13:41,S,0.0,latest_candidate_row_since_2025-01-01
S6VA00192,"EICHELBERGER, GREGORY",VA,DEM,C00925610,GREGORY EICHELBERGER FOR U.S. SENATE,5697.72,5697.72,0.0,0.0,0.0,2025-01-01T00:00:00,2026-01-15T00:00:00,2026,1778.0,1250.0,528.0,3919.72,0.0,TERMINATION REPORT,2026,True,committee_totals,C,2026-01-16T21:01:23,S,0.0,latest_candidate_row_since_2025-01-01
S2VA00142,"KAINE, TIMOTHY MICHAEL",VA,DEM,C00495358,KAINE FOR VIRGINIA,724073.43,1259593.88,2263989.55,2263989.55,0.0,2025-01-01T00:00:00,2026-03-31T00:00:00,2026,360134.08,265538.59,94595.49,0.0,83081.46,APRIL QUARTERLY,2026,True,committee_totals,C,2025-02-07T21:00:11,S,0.0,latest_candidate_row_since_2025-01-01
S6VA00093,"WARNER, MARK ROBERT",VA,DEM,C00438713,FRIENDS OF MARK WARNER,14719667.27,5667867.07,14605034.02,14605034.02,0.0,2025-01-01T00:00:00,2026-03-31T00:00:00,2026,7701091.39,5140028.79,2561062.6,0.0,536842.61,APRIL QUARTERLY,2026,True,committee_totals,C,2026-01-29T21:02:11,S,0.0,latest_candidate_row_since_2025-01-01
S4VA00353,"CAO, HUNG",VA,REP,C00802488,HUNG CAO FOR VIRGINIA,9935.86,194157.15,223584.34,223584.34,0.0,2025-01-01T00:00:00,2026-03-31T00:00:00,2026,-75.85,-75.85,0.0,654.04,9278.92,APRIL QUARTERLY,2026,True,committee_totals,P,2025-03-18T15:34:07,S,1.0,latest_candidate_row_since_2025-01-01
S6VA00226,"DE PAULA, ALEX",VA,REP,C00937904,ALEX DE PAULA FOR US SENATE,5675.01,4000.0,1675.01,1675.01,5500.0,2026-01-01T00:00:00,2026-03-31T00:00:00,2026,175.01,0.0,175.01,0.0,0.0,TERMINATION REPORT,2026,True,committee_totals,C,2026-04-18T21:13:41,S,0.0,latest_candidate_row_since_2025-01-01
S4VA00247,"EMORD, JONATHAN WALKER MR.",VA,REP,C00832253,EMORD FOR SENATE INC.,7359.47,7359.47,0.0,0.0,0.0,2025-01-01T00:00:00,2025-10-10T00:00:00,2026,0.0,0.0,0.0,7359.47,0.0,TERMINATION REPORT,2025,True,committee_totals,P,2025-03-18T15:34:07,S,1.0,latest_candidate_row_since_2025-01-01
S6VA00143,"FARINGTON, KIM",VA,REP,C00893099,KIM FARINGTON FOR SENATE,121987.69,99465.72,22740.55,22740.55,89000.0,2025-01-01T00:00:00,2026-03-31T00:00:00,2026,27483.37,24952.53,2530.84,0.0,0.0,APRIL QUARTERLY,2026,True,committee_totals,C,2026-01-23T21:01:19,S,0.0,latest_candidate_row_since_2025-01-01
S4VA00239,"GARCIA, EDWARD",VA,REP,C00830026,GARCIA FOR VIRGINIA,0.0,40.5,4026.09,4026.09,162089.92,2025-01-01T00:00:00,2026-03-31T00:00:00,2026,0.0,0.0,0.0,0.0,0.0,APRIL QUARTERLY,2026,True,committee_totals,P,2025-03-18T15:34:07,S,1.0,latest_candidate_row_since_2025-01-01
S8VA00321,"MIZUSAWA, BERT K",VA,REP,C00934265,BERT FOR SENATE 2026,192041.22,136636.24,55404.98,55404.98,0.0,2026-01-13T00:00:00,2026-03-31T00:00:00,2026,58632.36,42221.69,16410.67,133330.31,0.0,APRIL QUARTERLY,2026,True,committee_totals,C,2026-04-16T21:15:09,S,0.0,latest_candidate_row_since_2025-01-01
S4VA00312,"PARKINSON, SCOTT THOMAS",VA,REP,C00836569,PARKINSON FOR SENATE,0.0,7017.34,0.0,0.0,0.0,2025-01-01T00:00:00,2025-05-05T00:00:00,2026,0.0,0.0,0.0,0.0,0.0,TERMINATION REPORT,2025,True,committee_totals,P,2025-03-18T15:34:07,S,1.0,latest_candidate_row_since_2025-01-01
S8VA00305,"RAIKLIN, IVAN ERIC",VA,REP,C00653790,IVAN RAIKLIN FOR US SENATE,0.0,0.0,318.78,318.78,98234.58,2025-01-01T00:00:00,2026-03-31T00:00:00,2026,0.0,0.0,0.0,0.0,0.0,APRIL QUARTERLY,2026,True,committee_totals,P,2021-12-08T06:50:51,S,1.0,latest_candidate_row_since_2025-01-01
S6VA00176,"REEVES, BRYCE",VA,REP,C00921593,REEVES FOR SENATE,106324.12,106324.12,0.0,0.0,0.0,2025-10-01T00:00:00,2026-03-31T00:00:00,2026,57248.43,41833.31,15415.12,0.0,0.01,APRIL QUARTERLY,2026,True,committee_totals,C,2026-02-09T20:58:28,S,0.0,latest_candidate_row_since_2025-01-01
S4VA00197,"SMITH, C.L. CHUCK JR",VA,REP,C00932962,CHUCK SMITH FOR US SENATE,40468.14,30139.61,10328.53,10328.53,6000.0,2026-01-01T00:00:00,2026-03-31T00:00:00,2026,34468.14,22885.0,11583.14,0.0,0.0,APRIL QUARTERLY,2026,True,committee_totals,C,2026-04-16T21:15:09,S,0.0,latest_candidate_row_since_2025-01-01
S4VA00338,"VITIELLO, RON",VA,REP,C00840140,CHIEF VITIELLO FOR SENATE,0.0,40.0,4620.03,4620.03,200.0,2025-01-01T00:00:00,2026-03-31T00:00:00,2026,0.0,0.0,0.0,0.0,0.0,APRIL QUARTERLY,2026,True,committee_totals,P,2025-03-18T15:34:07,S,1.0,latest_candidate_row_since_2025-01-01
S6VA00200,"WILLIAMS, DAVID EARL MR.",VA,REP,C00927178,WILLIAMS FOR SENATE 2026,50555.94,43964.19,6591.75,6591.75,16000.0,2025-10-30T00:00:00,2026-03-31T00:00:00,2026,34446.0,27910.0,6536.0,0.0,0.0,APRIL QUARTERLY,2026,True,committee_totals,C,2026-02-09T20:58:28,S,0.0,latest_candidate_row_since_2025-01-01
S2VT00334,"EVANS-FRANTZ, ISAAC",VT,DEM,C00811182,ISAAC FOR VERMONT,0.0,2486.5,9588.48,9588.48,0.0,2025-01-01T00:00:00,2026-03-31T00:00:00,2026,0.0,0.0,0.0,0.0,0.0,APRIL QUARTERLY,2026,True,committee_totals,P,2023-03-09T10:16:03,S,1.0,latest_candidate_row_since_2025-01-01
S4VT00017,"LEAHY, PATRICK J",VT,DEM,C00068353,SENATE FUTURE FUND,0.0,95417.48,26151.87,26151.87,0.0,2025-01-01T00:00:00,2026-03-31T00:00:00,2026,0.0,0.0,0.0,,,APRIL QUARTERLY,2026,False,committee_totals,P,2023-03-09T10:16:03,S,1.0,latest_candidate_row_since_2025-01-01
S2VT00235,"WELCH, PETER",VT,DEM,C00795252,WELCH FOR VERMONT,153598.18,234438.17,1632412.01,1632412.01,0.0,2025-01-01T00:00:00,2026-03-31T00:00:00,2026,34533.84,30540.67,3993.17,0.0,95389.77,APRIL QUARTERLY,2026,True,committee_totals,C,2025-01-10T21:01:11,S,0.0,latest_candidate_row_since_2025-01-01
S4VT00033,"SANDERS, BERNARD",VT,IND,C00411330,FRIENDS OF BERNIE SANDERS,23468953.69,11332584.7,22877129.65,22877129.65,0.0,2025-01-01T00:00:00,2026-03-31T00:00:00,2026,22470390.5,5725984.18,16744406.32,0.0,901777.11,APRIL QUARTERLY,2026,True,committee_totals,C,2025-02-07T21:00:11,S,0.0,latest_candidate_row_since_2025-01-01
S2VT00292,"MALLOY, GERALD",VT,REP,C00809699,"GERALD MALLOY FOR US SENATE, LIMITED",17908.37,33121.62,5821.38,5821.38,0.0,2025-01-01T00:00:00,2026-03-31T00:00:00,2026,16753.3,6640.0,10113.3,0.0,0.1,APRIL QUARTERLY,2026,True,committee_totals,P,2025-03-18T15:34:07,S,1.0,latest_candidate_row_since_2025-01-01
S8WA00194,"CANTWELL, MARIA",WA,DEM,C00349506,FRIENDS OF MARIA,671716.74,1147976.64,134951.29,134951.29,2071350.9,2025-01-01T00:00:00,2026-03-31T00:00:00,2026,670915.14,304841.73,366073.41,0.0,150.53,APRIL QUARTERLY,2026,True,committee_totals,C,2025-02-07T21:00:11,S,0.0,latest_candidate_row_since_2025-01-01
S2WA00189,"MURRAY, PATTY",WA,DEM,C00257642,PEOPLE FOR PATTY MURRAY,2232288.58,1548499.77,1567249.95,1567249.95,0.0,2025-01-01T00:00:00,2026-03-31T00:00:00,2026,2000011.67,1313094.08,686917.59,0.0,11522.32,APRIL QUARTERLY,2026,True,committee_totals,C,2025-01-10T21:01:11,S,0.0,latest_candidate_row_since_2025-01-01
S0WA00258,"CODAY, ARTHUR JR MD",WA,REP,C00471482,CODAY FOR US SENATE,0.0,0.0,552.56,552.56,21297.82,2025-01-01T00:00:00,2026-03-31T00:00:00,2026,0.0,0.0,0.0,0.0,0.0,APRIL QUARTERLY,2026,True,committee_totals,P,2021-12-08T06:50:51,S,1.0,latest_candidate_row_since_2025-01-01
S4WA00581,"GARCIA, DR RAUL",WA,REP,C00844688,GARCIA FOR WA,0.0,0.0,0.0,0.0,0.0,2025-01-01T00:00:00,2025-01-02T00:00:00,2026,0.0,0.0,0.0,0.0,0.0,TERMINATION REPORT,2025,True,committee_totals,P,2025-03-18T15:34:07,S,1.0,latest_candidate_row_since_2025-01-01
S2WA00460,"HOLYK, ISAAC A",WA,REP,C00813261,ISAAC HOLYK FOR SENATE,1077.63,1024.51,106.0,106.0,0.0,2025-01-01T00:00:00,2026-03-31T00:00:00,2026,1067.63,0.0,1067.63,0.0,0.0,APRIL QUARTERLY,2026,True,committee_totals,N,2025-02-23T20:58:09,S,2.0,latest_candidate_row_since_2025-01-01
S2WA00387,"SMILEY, TIFFANY",WA,REP,C00776765,SMILEY FOR WASHINGTON INC.,126915.56,416902.89,0.0,0.0,0.0,2025-01-01T00:00:00,2025-12-31T00:00:00,2026,9691.22,9036.87,654.35,,,TERMINATION REPORT,2025,False,committee_totals,P,2023-03-09T10:16:03,S,1.0,latest_candidate_row_since_2025-01-01
S2WI00219,"BALDWIN, TAMMY",WI,DEM,C00326801,TAMMY BALDWIN FOR SENATE,2354257.76,1812160.5,567364.11,567364.11,0.0,2025-01-01T00:00:00,2026-03-31T00:00:00,2026,2118887.1,968376.69,1150510.41,0.0,1627.53,APRIL QUARTERLY,2026,True,committee_totals,C,2025-02-07T21:00:11,S,0.0,latest_candidate_row_since_2025-01-01
S2WI00441,"BARNES, MANDELA",WI,DEM,C00784959,THE LONG RUN PAC,147246.44,422420.81,18642.69,18642.69,0.0,2025-01-01T00:00:00,2026-03-31T00:00:00,2026,87881.0,29212.5,58668.5,,,APRIL QUARTERLY,2026,False,committee_totals,P,2023-03-09T10:16:03,S,1.0,latest_candidate_row_since_2025-01-01
S2WI00342,"LASRY, ALEX",WI,DEM,C00769604,LASRY FOR WISCONSIN,0.0,951.0,22482.85,22482.85,14035000.0,2025-01-01T00:00:00,2026-03-31T00:00:00,2026,0.0,0.0,0.0,0.0,0.0,APRIL QUARTERLY,2026,True,committee_totals,P,2023-03-09T10:16:03,S,1.0,latest_candidate_row_since_2025-01-01
S2WI00458,"LEWIS, CHANTIA",WI,DEM,C00785063,CHANTIA LEWIS FOR WISCONSIN,0.0,0.0,158.49,158.49,0.0,2025-01-01T00:00:00,2026-03-31T00:00:00,2026,0.0,0.0,0.0,0.0,0.0,APRIL QUARTERLY,2026,True,committee_totals,P,2023-03-09T10:16:03,S,1.0,latest_candidate_row_since_2025-01-01
S2WI00383,"OLIKARA, STEVEN",WI,DEM,C00780437,COURAGE TO ACT,2526.88,7395.8,56221.54,56221.54,0.0,2025-01-01T00:00:00,2026-03-31T00:00:00,2026,0.0,0.0,0.0,,,APRIL QUARTERLY,2026,False,committee_totals,P,2023-03-09T10:16:03,S,1.0,latest_candidate_row_since_2025-01-01
S2WI00417,"PECKARSKY, PETER",WI,DEM,C00783365,"PECKARSKY FOR WISCONSIN, INC.",0.0,2303.29,0.0,0.0,308361.76,2025-01-01T00:00:00,2025-03-31T00:00:00,2026,0.0,0.0,0.0,0.0,0.0,TERMINATION REPORT,2025,True,committee_totals,P,2023-03-09T10:16:03,S,1.0,latest_candidate_row_since_2025-01-01
S4WI00280,"LEAGER, THOMAS CHARLES MR.",WI,IND,C00875021,LEAGER FOR US SENATE,0.0,0.0,175.54,175.54,121.0,2025-01-01T00:00:00,2025-09-30T00:00:00,2026,0.0,0.0,0.0,0.0,0.0,OCTOBER QUARTERLY,2025,True,committee_totals,P,2025-03-18T15:34:07,S,1.0,latest_candidate_row_since_2025-01-01
S4WI00256,"HOVDE, ERIC",WI,REP,C00870139,HOVDE FOR WISCONSIN,-1746.35,123449.91,10163.54,10163.54,20000000.0,2025-01-01T00:00:00,2026-03-31T00:00:00,2026,-2314.35,-554.16,-1760.19,0.0,0.0,APRIL QUARTERLY,2026,True,committee_totals,P,2025-03-18T15:34:07,S,1.0,latest_candidate_row_since_2025-01-01
S2WI00268,"HOVDE, ERIC D",WI,REP,C00870139,HOVDE FOR WISCONSIN,-1746.35,123449.91,10163.54,10163.54,20000000.0,2025-01-01T00:00:00,2026-03-31T00:00:00,2026,-2314.35,-554.16,-1760.19,0.0,0.0,APRIL QUARTERLY,2026,True,committee_totals,P,2025-03-18T15:34:07,S,1.0,latest_candidate_row_since_2025-01-01
S0WI00197,"JOHNSON, RON HAROLD MR.",WI,REP,C00482984,"RON JOHNSON FOR SENATE, INC.",974410.87,669021.88,1213434.75,1213434.75,8027316.94,2025-01-01T00:00:00,2026-03-31T00:00:00,2026,882971.97,638485.96,244486.01,0.0,58390.27,APRIL QUARTERLY,2026,True,committee_totals,C,2025-01-10T21:01:11,S,0.0,latest_candidate_row_since_2025-01-01
S4WV00399,"ELLIOTT, GLENN FREDERICK MR. JR.",WV,DEM,C00864819,ELLIOTT FOR WEST VIRGINIA,0.0,0.0,0.0,0.0,0.0,2024-11-26T00:00:00,2025-03-24T00:00:00,2026,0.0,0.0,0.0,0.0,0.0,TERMINATION REPORT,2025,True,committee_totals,P,2025-03-18T15:34:07,S,1.0,latest_candidate_row_since_2025-01-01
S6WV00188,"FETTY ANDERSON, RACHEL LEE",WV,DEM,C00932459,ELECT FETTY ANDERSON SENATE CAMPAIGN,18927.28,10017.1,15906.81,15906.81,0.0,2026-01-01T00:00:00,2026-03-31T00:00:00,2026,11036.88,7286.88,3750.0,7890.4,0.0,APRIL QUARTERLY,2026,True,committee_totals,C,2026-04-18T21:13:41,S,0.0,latest_candidate_row_since_2025-01-01
S6WV00196,"KESSLER, JEFFREY VINCENT",WV,DEM,C00937854,KESSLER 2026,51836.53,15880.23,35956.3,35956.3,20000.0,2026-01-01T00:00:00,2026-04-22T00:00:00,2026,28640.0,26000.0,2640.0,3196.53,0.0,PRE-PRIMARY,2026,False,committee_totals,C,2026-04-18T21:13:41,S,0.0,latest_candidate_row_since_2025-01-01
S0WV00090,"MANCHIN, JOE III",WV,DEM,C00486563,WEST VIRGINIA PAC,-15924.15,8456437.11,0.0,0.0,0.0,2025-01-01T00:00:00,2025-07-31T00:00:00,2026,0.0,0.0,0.0,,,TERMINATION REPORT,2025,False,committee_totals,P,2025-03-18T15:34:07,S,1.0,latest_candidate_row_since_2025-01-01
S6WV00170,"PHILLIPS, RIO",WV,DEM,C00906396,RIO PHILLIPS FOR WEST VIRGINIA,13776.25,13624.35,151.9,151.9,0.0,2025-01-01T00:00:00,2026-04-22T00:00:00,2026,12814.04,6688.28,6125.76,843.0,0.84,PRE-PRIMARY,2026,True,committee_totals,C,2026-03-16T21:15:59,S,0.0,latest_candidate_row_since_2025-01-01
S4WV00357,"SHREWSBURY, ZACHARY C",WV,DEM,C00853242,SHREWSBURY FOR SENATE,498538.98,490415.75,8123.23,8123.23,25970.56,2025-01-01T00:00:00,2026-04-22T00:00:00,2026,494272.1,96105.5,398166.6,0.0,1447.7,PRE-PRIMARY,2026,True,committee_totals,C,2025-10-18T21:00:34,S,0.0,latest_candidate_row_since_2025-01-01
S0WV00215,"SWEARENGIN, PAULA JEAN",WV,DEM,C00708891,PAULA JEAN FOR WEST VIRGINIA,0.0,4472.7,11306.4,11306.4,0.0,2025-01-01T00:00:00,2026-03-31T00:00:00,2026,0.0,0.0,0.0,0.0,0.0,APRIL QUARTERLY,2026,True,committee_totals,P,2021-12-08T06:50:51,S,1.0,latest_candidate_row_since_2025-01-01
S4WV00159,"CAPITO, SHELLEY MOORE",WV,REP,C00539825,CAPITO FOR WEST VIRGINIA,3906185.63,2152797.56,4064753.28,4064753.28,0.0,2025-01-01T00:00:00,2026-04-22T00:00:00,2026,2158207.47,2112169.71,46037.76,0.0,76.24,PRE-PRIMARY,2026,True,committee_totals,C,2025-12-17T21:02:31,S,0.0,latest_candidate_row_since_2025-01-01
S6WV00147,"EVANS, JONATHAN DERRICK",WV,REP,C00832154,EVANS FOR WV,1215521.63,1171561.84,104890.57,104890.57,0.0,2025-01-01T00:00:00,2026-04-22T00:00:00,2026,1184917.44,322868.46,862048.98,0.0,15940.49,PRE-PRIMARY,2026,True,committee_totals,C,2025-02-22T21:00:07,S,0.0,latest_candidate_row_since_2025-01-01
S6WV00154,"GAASERUD, ALEXANDER",WV,REP,C00885459,ALEX FOR WEST VIRGINIA,3000.0,1740.0,1260.0,1260.0,3000.0,2025-01-01T00:00:00,2026-03-31T00:00:00,2026,0.0,0.0,0.0,0.0,0.0,APRIL QUARTERLY,2026,True,committee_totals,N,2025-01-10T21:01:11,S,2.0,latest_candidate_row_since_2025-01-01
S8WV00127,"JENKINS, EVAN H",WV,REP,C00548271,JENKINS FOR SENATE,0.0,0.0,10.26,10.26,600.0,2025-01-01T00:00:00,2026-03-31T00:00:00,2026,0.0,0.0,0.0,0.0,0.0,APRIL QUARTERLY,2026,True,committee_totals,P,2021-12-08T06:50:51,S,1.0,latest_candidate_row_since_2025-01-01
S4WV00332,"JUSTICE, JAMES CONLEY II",WV,REP,C00839100,JIM JUSTICE FOR U.S. SENATE,70725.29,532053.83,232612.03,232612.03,0.0,2025-01-01T00:00:00,2026-03-31T00:00:00,2026,37475.29,35205.59,2269.7,0.0,0.0,APRIL QUARTERLY,2026,True,committee_totals,C,2026-02-18T20:58:47,S,0.0,latest_candidate_row_since_2025-01-01
S4WV00407,"MCNULTY, JANET",WV,REP,C00866962,THE CAMPAIGN OF JANET MCNULTY,5775.28,5775.28,0.0,0.0,,2025-01-01T00:00:00,2026-04-22T00:00:00,2026,5775.28,5775.28,0.0,0.0,0.0,PRE-PRIMARY,2026,True,committee_totals,N,2025-12-01T21:06:36,S,2.0,latest_candidate_row_since_2025-01-01
S4WV00324,"MOONEY, ALEXANDER X",WV,REP,C00828475,"MOONEY FOR SENATE, INC.",3.68,9307.48,0.0,0.0,0.0,2025-01-01T00:00:00,2025-06-30T00:00:00,2026,0.0,0.0,0.0,0.0,0.0,TERMINATION REPORT,2025,True,committee_totals,P,2025-03-18T15:34:07,S,1.0,latest_candidate_row_since_2025-01-01
S6WV00162,"WILLIS, THOMAS EDWARD II",WV,REP,C00905851,TOM WILLIS VICTORY,496222.44,439153.27,57069.17,57069.17,172984.0,2025-04-01T00:00:00,2026-04-22T00:00:00,2026,124422.44,118617.88,5804.56,0.0,0.0,PRE-PRIMARY,2026,True,committee_totals,C,2025-07-16T21:02:06,S,0.0,latest_candidate_row_since_2025-01-01
S6WY00217,"BYRD, JAMES WILLARD MR.",WY,DEM,C00938738,BYRD FOR US SENATE,9653.0,8319.97,1822.79,1822.79,0.0,2026-01-01T00:00:00,2026-03-31T00:00:00,2026,9653.0,8420.0,1233.0,0.0,0.0,APRIL QUARTERLY,2026,True,committee_totals,C,2026-04-18T21:13:41,S,0.0,latest_candidate_row_since_2025-01-01
S4WY00188,"MORROW, SCOTT D MR",WY,DEM,C00881300,MORROW FOR US SENATE,0.0,0.0,834.37,834.37,0.0,2025-01-01T00:00:00,2026-03-31T00:00:00,2026,0.0,0.0,0.0,0.0,0.0,APRIL QUARTERLY,2026,True,committee_totals,P,2025-03-18T15:34:07,S,1.0,latest_candidate_row_since_2025-01-01
S6WY00068,"BARRASSO, JOHN A",WY,REP,C00436386,FRIENDS OF JOHN BARRASSO,1303850.9,711084.28,8321195.21,8321195.21,0.0,2025-01-01T00:00:00,2026-03-31T00:00:00,2026,334831.6,298221.55,36610.05,0.0,338427.62,APRIL QUARTERLY,2026,True,committee_totals,F,2025-01-24T21:00:47,S,2.0,latest_candidate_row_since_2025-01-01
S6WY00209,"HAGEMAN, HARRIET",WY,REP,C00788943,HAGEMAN FOR WYOMING,1555542.88,1278925.42,1159580.5,1159580.5,0.0,2025-01-01T00:00:00,2026-03-31T00:00:00,2026,996770.72,447669.56,549101.16,0.0,31263.02,APRIL QUARTERLY,2026,True,committee_totals,C,2026-04-15T21:16:15,S,0.0,latest_candidate_row_since_2025-01-01
S0WY00137,"LUMMIS, CYNTHIA MARIE MRS.",WY,REP,C00443580,LUMMIS FOR WYOMING INC.,1493103.64,561688.66,1608754.71,1608754.71,0.0,2025-01-01T00:00:00,2026-03-31T00:00:00,2026,402561.34,320350.97,82210.37,0.0,77.29,APRIL QUARTERLY,2026,True,committee_totals,C,2025-10-14T21:00:58,S,0.0,latest_candidate_row_since_2025-01-01
S4WY00162,"RASNER, REID",WY,REP,C00890921,REID RASNER FOR WY,1263932.2,1118452.1,157933.1,157933.1,1249322.57,2025-01-01T00:00:00,2026-03-31T00:00:00,2026,45792.81,9682.42,36110.39,9072.52,0.0,APRIL QUARTERLY,2026,True,committee_totals,C,2025-12-30T21:00:52,S,0.0,latest_candidate_row_since_2025-01-01
S6WY00191,"SKOVGARD, JIMMY MR",WY,REP,C00903369,SKOVGARD FOR SENATE,2165.0,425.57,2618.6,2618.6,0.0,2026-01-01T00:00:00,2026-03-31T00:00:00,2026,2165.0,2015.0,150.0,0.0,0.0,APRIL QUARTERLY,2026,True,committee_totals,N,2025-12-30T21:00:52,S,2.0,latest_candidate_row_since_2025-01-01
