amendment_indicator,amendment_indicator_desc,back_reference_schedule_name,back_reference_transaction_id,candidate_first_name,candidate_id,candidate_last_name,candidate_middle_name,candidate_name,candidate_office,candidate_office_district,candidate_office_full,candidate_office_state,candidate_office_state_full,candidate_prefix,candidate_suffix,committee,committee_id,committee_name,conduit_committee_city,conduit_committee_id,conduit_committee_name,conduit_committee_state,conduit_committee_street1,conduit_committee_street2,conduit_committee_zip,contribution_receipt_amount,contribution_receipt_date,contributor,contributor_aggregate_ytd,contributor_city,contributor_employer,contributor_first_name,contributor_id,contributor_last_name,contributor_middle_name,contributor_name,contributor_occupation,contributor_prefix,contributor_state,contributor_street_1,contributor_street_2,contributor_suffix,contributor_zip,donor_committee_name,election_type,election_type_full,entity_type,entity_type_desc,fec_election_type_desc,fec_election_year,file_number,filing_form,image_number,increased_limit,is_individual,line_number,line_number_label,link_id,load_date,memo_code,memo_code_full,memo_text,memoed_subtotal,national_committee_nonfederal_account,original_sub_id,pdf_url,receipt_type,receipt_type_desc,receipt_type_full,recipient_committee_designation,recipient_committee_org_type,recipient_committee_type,report_type,report_year,schedule_type,schedule_type_full,sub_id,transaction_id,two_year_transaction_period,unused_contbr_id,source_committee_id,source_committee_name,source_candidate_name,source_fec_candidate_id,source_state,source_party,source_party_normalized,source_scope,source_selected_candidate,source_selection_method,source_manual_override_reason,source_is_principal,fetched_for_cycle,fetched_at
N,NO CHANGE,,,,,,,,,,,,,,,"{'affiliated_committee_name': 'NONE', 'candidate_ids': ['S6AR00199'], 'city': 'LITTLE ROCK', 'committee_id': 'C00905471', 'committee_type': 'S', 'committee_type_full': 'Senate', 'cycle': 2026, 'cycles': [2026], 'cycles_has_activity': [2026], 'cycles_has_financial': [2026], 'designated_agent_city': 'LITTLE ROCK', 'designated_agent_first_name': 'HALLIE', 'designated_agent_last_name': 'SHOFFNER', 'designated_agent_middle_name': None, 'designated_agent_name': 'SHOFFNER, HALLIE', 'designated_agent_phone_number': '8702173332', 'designated_agent_prefix': None, 'designated_agent_state': 'AR', 'designated_agent_street1': '600 E. CAPITOL', 'designated_agent_street2': None, 'designated_agent_suffix': None, 'designated_agent_title': 'CANDIDATE', 'designated_agent_zip': '72202', 'designation': 'P', 'designation_full': 'Principal campaign committee', 'filing_frequency': 'Q', 'first_f1_date': '2025-05-16', 'first_file_date': '2025-05-16', 'is_active': True, 'last_cycle_has_activity': 2026, 'last_cycle_has_financial': 2026, 'last_f1_date': '2025-09-10', 'last_file_date': '2026-04-15', 'name': 'HALLIE SHOFFNER FOR ARKANSAS', 'organization_type': None, 'organization_type_full': None, 'party': 'DEM', 'party_full': 'DEMOCRATIC PARTY', 'state': 'AR', 'state_full': 'Arkansas', 'street_1': '600 E. CAPITOL STREET', 'street_2': 'P.O. BOX 57', 'treasurer_name': 'BARON, SHELLY', 'zip': '72202'}",C00905471,,,,,,,,,778.38,2026-02-11,,778.38,ROGERS,COX AUTO,KIRK,,GUTHRIE,,"GUTHRIE, KIRK",SR. DIRECTOR HR,,AR,811 SUMMIT LOOP,,,727563056,,P2026,,IND,INDIVIDUAL,PRIMARY,2026,1956215,F3,202603259856855739,,True,11AI,Contributions From Individuals/Persons Other Than Political Committees,4032520261425275010,2026-05-02T03:05:57,,,,False,,,https://docquery.fec.gov/cgi-bin/fecimg/?202603259856855739,15,CONTRIBUTION,,P,,S,12P,2026,SA,ITEMIZED RECEIPTS,4032620261433440604,7140699,2026,,C00905471,HALLIE SHOFFNER FOR ARKANSAS,"SHOFFNER, HALLIE",S6AR00199,AR,DEM,DEM,selected,True,highest_total_receipts,,True,2026,2026-05-03T14:08:22.019738+00:00
N,NO CHANGE,,,,,,,,,,,,,,,"{'affiliated_committee_name': 'NONE', 'candidate_ids': ['S6AR00199'], 'city': 'LITTLE ROCK', 'committee_id': 'C00905471', 'committee_type': 'S', 'committee_type_full': 'Senate', 'cycle': 2026, 'cycles': [2026], 'cycles_has_activity': [2026], 'cycles_has_financial': [2026], 'designated_agent_city': 'LITTLE ROCK', 'designated_agent_first_name': 'HALLIE', 'designated_agent_last_name': 'SHOFFNER', 'designated_agent_middle_name': None, 'designated_agent_name': 'SHOFFNER, HALLIE', 'designated_agent_phone_number': '8702173332', 'designated_agent_prefix': None, 'designated_agent_state': 'AR', 'designated_agent_street1': '600 E. CAPITOL', 'designated_agent_street2': None, 'designated_agent_suffix': None, 'designated_agent_title': 'CANDIDATE', 'designated_agent_zip': '72202', 'designation': 'P', 'designation_full': 'Principal campaign committee', 'filing_frequency': 'Q', 'first_f1_date': '2025-05-16', 'first_file_date': '2025-05-16', 'is_active': True, 'last_cycle_has_activity': 2026, 'last_cycle_has_financial': 2026, 'last_f1_date': '2025-09-10', 'last_file_date': '2026-04-15', 'name': 'HALLIE SHOFFNER FOR ARKANSAS', 'organization_type': None, 'organization_type_full': None, 'party': 'DEM', 'party_full': 'DEMOCRATIC PARTY', 'state': 'AR', 'state_full': 'Arkansas', 'street_1': '600 E. CAPITOL STREET', 'street_2': 'P.O. BOX 57', 'treasurer_name': 'BARON, SHELLY', 'zip': '72202'}",C00905471,,,,,,,,,519.0,2026-02-11,,519.0,LITTLE ROCK,RETIRED,TOM,,SWEARINGEN,,"SWEARINGEN, TOM",RETIRED,,AR,17 MISTY CT,,,722273135,,P2026,,IND,INDIVIDUAL,PRIMARY,2026,1956215,F3,202603259856855651,,True,11AI,Contributions From Individuals/Persons Other Than Political Committees,4032520261425275010,2026-05-02T03:05:57,,,,False,,,https://docquery.fec.gov/cgi-bin/fecimg/?202603259856855651,15,CONTRIBUTION,,P,,S,12P,2026,SA,ITEMIZED RECEIPTS,4032620261433440341,7140717,2026,,C00905471,HALLIE SHOFFNER FOR ARKANSAS,"SHOFFNER, HALLIE",S6AR00199,AR,DEM,DEM,selected,True,highest_total_receipts,,True,2026,2026-05-03T14:08:22.019880+00:00
C,CHANGE,,,,,,,,,,,,,,,"{'affiliated_committee_name': 'NONE', 'candidate_ids': ['S6AR00199'], 'city': 'LITTLE ROCK', 'committee_id': 'C00905471', 'committee_type': 'S', 'committee_type_full': 'Senate', 'cycle': 2026, 'cycles': [2026], 'cycles_has_activity': [2026], 'cycles_has_financial': [2026], 'designated_agent_city': 'LITTLE ROCK', 'designated_agent_first_name': 'HALLIE', 'designated_agent_last_name': 'SHOFFNER', 'designated_agent_middle_name': None, 'designated_agent_name': 'SHOFFNER, HALLIE', 'designated_agent_phone_number': '8702173332', 'designated_agent_prefix': None, 'designated_agent_state': 'AR', 'designated_agent_street1': '600 E. CAPITOL', 'designated_agent_street2': None, 'designated_agent_suffix': None, 'designated_agent_title': 'CANDIDATE', 'designated_agent_zip': '72202', 'designation': 'P', 'designation_full': 'Principal campaign committee', 'filing_frequency': 'Q', 'first_f1_date': '2025-05-16', 'first_file_date': '2025-05-16', 'is_active': True, 'last_cycle_has_activity': 2026, 'last_cycle_has_financial': 2026, 'last_f1_date': '2025-09-10', 'last_file_date': '2026-04-15', 'name': 'HALLIE SHOFFNER FOR ARKANSAS', 'organization_type': None, 'organization_type_full': None, 'party': 'DEM', 'party_full': 'DEMOCRATIC PARTY', 'state': 'AR', 'state_full': 'Arkansas', 'street_1': '600 E. CAPITOL STREET', 'street_2': 'P.O. BOX 57', 'treasurer_name': 'BARON, SHELLY', 'zip': '72202'}",C00905471,,,,,,,,,26.19,2026-02-11,,304.46,LITTLE ROCK,HILLCREST,TOMMY,,BETHEA,,"BETHEA, TOMMY",CNC MACHINIST,,AR,617 W24TH ST,,,72206,,P2026,,IND,INDIVIDUAL,PRIMARY,2026,1956215,F3,202603259856855645,,True,11AI,Contributions From Individuals/Persons Other Than Political Committees,4032520261425275010,2026-05-02T03:05:57,,,,False,,,https://docquery.fec.gov/cgi-bin/fecimg/?202603259856855645,15,CONTRIBUTION,,P,,S,12P,2026,SA,ITEMIZED RECEIPTS,4032620261433440323,7140696,2026,,C00905471,HALLIE SHOFFNER FOR ARKANSAS,"SHOFFNER, HALLIE",S6AR00199,AR,DEM,DEM,selected,True,highest_total_receipts,,True,2026,2026-05-03T14:08:22.019957+00:00
N,NO CHANGE,SA11AI,6937846E,,,,,,,,,,,,,"{'affiliated_committee_name': 'NONE', 'candidate_ids': ['S6AR00199'], 'city': 'LITTLE ROCK', 'committee_id': 'C00905471', 'committee_type': 'S', 'committee_type_full': 'Senate', 'cycle': 2026, 'cycles': [2026], 'cycles_has_activity': [2026], 'cycles_has_financial': [2026], 'designated_agent_city': 'LITTLE ROCK', 'designated_agent_first_name': 'HALLIE', 'designated_agent_last_name': 'SHOFFNER', 'designated_agent_middle_name': None, 'designated_agent_name': 'SHOFFNER, HALLIE', 'designated_agent_phone_number': '8702173332', 'designated_agent_prefix': None, 'designated_agent_state': 'AR', 'designated_agent_street1': '600 E. CAPITOL', 'designated_agent_street2': None, 'designated_agent_suffix': None, 'designated_agent_title': 'CANDIDATE', 'designated_agent_zip': '72202', 'designation': 'P', 'designation_full': 'Principal campaign committee', 'filing_frequency': 'Q', 'first_f1_date': '2025-05-16', 'first_file_date': '2025-05-16', 'is_active': True, 'last_cycle_has_activity': 2026, 'last_cycle_has_financial': 2026, 'last_f1_date': '2025-09-10', 'last_file_date': '2026-04-15', 'name': 'HALLIE SHOFFNER FOR ARKANSAS', 'organization_type': None, 'organization_type_full': None, 'party': 'DEM', 'party_full': 'DEMOCRATIC PARTY', 'state': 'AR', 'state_full': 'Arkansas', 'street_1': '600 E. CAPITOL STREET', 'street_2': 'P.O. BOX 57', 'treasurer_name': 'BARON, SHELLY', 'zip': '72202'}",C00905471,,,,,,,,,100.0,2026-02-11,"{'affiliated_committee_name': 'BLUE TO THE FUTURE 2024', 'candidate_ids': [], 'city': 'SOMERVILLE', 'committee_id': 'C00401224', 'committee_type': 'V', 'committee_type_full': 'Hybrid PAC (with Non-Contribution Account) - Nonqualified', 'cycle': 2026, 'cycles': [2004, 2006, 2008, 2010, 2012, 2014, 2016, 2018, 2020, 2022, 2024, 2026], 'cycles_has_activity': [2004, 2006, 2008, 2010, 2012, 2014, 2016, 2018, 2020, 2022, 2024, 2026], 'cycles_has_financial': [2004, 2006, 2008, 2010, 2012, 2014, 2016, 2018, 2020, 2022, 2024, 2026], 'designated_agent_city': None, 'designated_agent_first_name': None, 'designated_agent_last_name': None, 'designated_agent_middle_name': None, 'designated_agent_name': None, 'designated_agent_phone_number': None, 'designated_agent_prefix': None, 'designated_agent_state': None, 'designated_agent_street1': None, 'designated_agent_street2': None, 'designated_agent_suffix': None, 'designated_agent_title': None, 'designated_agent_zip': None, 'designation': 'U', 'designation_full': 'Unauthorized', 'filing_frequency': 'M', 'first_f1_date': '2004-05-17', 'first_file_date': '2004-05-17', 'is_active': True, 'last_cycle_has_activity': 2026, 'last_cycle_has_financial': 2026, 'last_f1_date': '2024-07-29', 'last_file_date': '2026-04-22', 'name': 'ACTBLUE', 'organization_type': None, 'organization_type_full': None, 'party': None, 'party_full': None, 'state': 'MA', 'state_full': 'Massachusetts', 'street_1': 'PO BOX 441146', 'street_2': None, 'treasurer_name': 'GILMER, GEORGE', 'zip': '02144'}",500.0,GEPP,VIOLA PUBLIC SCHOOLS,HEATH,C00401224,SHRABLE,,"SHRABLE, HEATH",TEACHER,,AR,7830 MOUNT CALM RD,,,725389020,,P2026,,IND,INDIVIDUAL,PRIMARY,2026,1956215,F3,202603259856855627,,True,11AI,Contributions From Individuals/Persons Other Than Political Committees,4032520261425275010,2026-05-02T03:05:57,,,* EARMARKED CONTRIBUTION: SEE BELOW,False,,,https://docquery.fec.gov/cgi-bin/fecimg/?202603259856855627,15E,EARMARKED CONTRIBUTION,,P,,S,12P,2026,SA,ITEMIZED RECEIPTS,4032620261433440269,6937846,2026,C00401224,C00905471,HALLIE SHOFFNER FOR ARKANSAS,"SHOFFNER, HALLIE",S6AR00199,AR,DEM,DEM,selected,True,highest_total_receipts,,True,2026,2026-05-03T14:08:22.020030+00:00
N,NO CHANGE,,,,,,,,,,,,,,,"{'affiliated_committee_name': 'NONE', 'candidate_ids': ['S6AR00199'], 'city': 'LITTLE ROCK', 'committee_id': 'C00905471', 'committee_type': 'S', 'committee_type_full': 'Senate', 'cycle': 2026, 'cycles': [2026], 'cycles_has_activity': [2026], 'cycles_has_financial': [2026], 'designated_agent_city': 'LITTLE ROCK', 'designated_agent_first_name': 'HALLIE', 'designated_agent_last_name': 'SHOFFNER', 'designated_agent_middle_name': None, 'designated_agent_name': 'SHOFFNER, HALLIE', 'designated_agent_phone_number': '8702173332', 'designated_agent_prefix': None, 'designated_agent_state': 'AR', 'designated_agent_street1': '600 E. CAPITOL', 'designated_agent_street2': None, 'designated_agent_suffix': None, 'designated_agent_title': 'CANDIDATE', 'designated_agent_zip': '72202', 'designation': 'P', 'designation_full': 'Principal campaign committee', 'filing_frequency': 'Q', 'first_f1_date': '2025-05-16', 'first_file_date': '2025-05-16', 'is_active': True, 'last_cycle_has_activity': 2026, 'last_cycle_has_financial': 2026, 'last_f1_date': '2025-09-10', 'last_file_date': '2026-04-15', 'name': 'HALLIE SHOFFNER FOR ARKANSAS', 'organization_type': None, 'organization_type_full': None, 'party': 'DEM', 'party_full': 'DEMOCRATIC PARTY', 'state': 'AR', 'state_full': 'Arkansas', 'street_1': '600 E. CAPITOL STREET', 'street_2': 'P.O. BOX 57', 'treasurer_name': 'BARON, SHELLY', 'zip': '72202'}",C00905471,,,,,,,,,201.64,2026-02-11,,745.64,FAYETTEVILLE,U OF ARKANSAS,BETSY,,MONTGOMERY,,"MONTGOMERY, BETSY",ACADEMIC ADVISOR,,AR,1769 E PADDOCK RD,,,727014336,,P2026,,IND,INDIVIDUAL,PRIMARY,2026,1956215,F3,202603259856855624,,True,11AI,Contributions From Individuals/Persons Other Than Political Committees,4032520261425275010,2026-05-02T03:05:57,,,,False,,,https://docquery.fec.gov/cgi-bin/fecimg/?202603259856855624,15,CONTRIBUTION,,P,,S,12P,2026,SA,ITEMIZED RECEIPTS,4032620261433440259,7140936,2026,,C00905471,HALLIE SHOFFNER FOR ARKANSAS,"SHOFFNER, HALLIE",S6AR00199,AR,DEM,DEM,selected,True,highest_total_receipts,,True,2026,2026-05-03T14:08:22.020101+00:00
N,NO CHANGE,SA11AI,6967395E,,,,,,,,,,,,,"{'affiliated_committee_name': 'NONE', 'candidate_ids': ['S6AR00199'], 'city': 'LITTLE ROCK', 'committee_id': 'C00905471', 'committee_type': 'S', 'committee_type_full': 'Senate', 'cycle': 2026, 'cycles': [2026], 'cycles_has_activity': [2026], 'cycles_has_financial': [2026], 'designated_agent_city': 'LITTLE ROCK', 'designated_agent_first_name': 'HALLIE', 'designated_agent_last_name': 'SHOFFNER', 'designated_agent_middle_name': None, 'designated_agent_name': 'SHOFFNER, HALLIE', 'designated_agent_phone_number': '8702173332', 'designated_agent_prefix': None, 'designated_agent_state': 'AR', 'designated_agent_street1': '600 E. CAPITOL', 'designated_agent_street2': None, 'designated_agent_suffix': None, 'designated_agent_title': 'CANDIDATE', 'designated_agent_zip': '72202', 'designation': 'P', 'designation_full': 'Principal campaign committee', 'filing_frequency': 'Q', 'first_f1_date': '2025-05-16', 'first_file_date': '2025-05-16', 'is_active': True, 'last_cycle_has_activity': 2026, 'last_cycle_has_financial': 2026, 'last_f1_date': '2025-09-10', 'last_file_date': '2026-04-15', 'name': 'HALLIE SHOFFNER FOR ARKANSAS', 'organization_type': None, 'organization_type_full': None, 'party': 'DEM', 'party_full': 'DEMOCRATIC PARTY', 'state': 'AR', 'state_full': 'Arkansas', 'street_1': '600 E. CAPITOL STREET', 'street_2': 'P.O. BOX 57', 'treasurer_name': 'BARON, SHELLY', 'zip': '72202'}",C00905471,,,,,,,,,1000.0,2026-02-11,"{'affiliated_committee_name': 'BLUE TO THE FUTURE 2024', 'candidate_ids': [], 'city': 'SOMERVILLE', 'committee_id': 'C00401224', 'committee_type': 'V', 'committee_type_full': 'Hybrid PAC (with Non-Contribution Account) - Nonqualified', 'cycle': 2026, 'cycles': [2004, 2006, 2008, 2010, 2012, 2014, 2016, 2018, 2020, 2022, 2024, 2026], 'cycles_has_activity': [2004, 2006, 2008, 2010, 2012, 2014, 2016, 2018, 2020, 2022, 2024, 2026], 'cycles_has_financial': [2004, 2006, 2008, 2010, 2012, 2014, 2016, 2018, 2020, 2022, 2024, 2026], 'designated_agent_city': None, 'designated_agent_first_name': None, 'designated_agent_last_name': None, 'designated_agent_middle_name': None, 'designated_agent_name': None, 'designated_agent_phone_number': None, 'designated_agent_prefix': None, 'designated_agent_state': None, 'designated_agent_street1': None, 'designated_agent_street2': None, 'designated_agent_suffix': None, 'designated_agent_title': None, 'designated_agent_zip': None, 'designation': 'U', 'designation_full': 'Unauthorized', 'filing_frequency': 'M', 'first_f1_date': '2004-05-17', 'first_file_date': '2004-05-17', 'is_active': True, 'last_cycle_has_activity': 2026, 'last_cycle_has_financial': 2026, 'last_f1_date': '2024-07-29', 'last_file_date': '2026-04-22', 'name': 'ACTBLUE', 'organization_type': None, 'organization_type_full': None, 'party': None, 'party_full': None, 'state': 'MA', 'state_full': 'Massachusetts', 'street_1': 'PO BOX 441146', 'street_2': None, 'treasurer_name': 'GILMER, GEORGE', 'zip': '02144'}",1000.0,NEW YORK,NOT EMPLOYED,JILL,C00401224,KRAUS,,"KRAUS, JILL",NOT EMPLOYED,,NY,720 PARK AVE,,,100214954,,P2026,,IND,INDIVIDUAL,PRIMARY,2026,1956215,F3,202603259856855611,,True,11AI,Contributions From Individuals/Persons Other Than Political Committees,4032520261425275010,2026-05-02T03:05:57,,,* EARMARKED CONTRIBUTION: SEE BELOW,False,,,https://docquery.fec.gov/cgi-bin/fecimg/?202603259856855611,15E,EARMARKED CONTRIBUTION,,P,,S,12P,2026,SA,ITEMIZED RECEIPTS,4032620261433440220,6967395,2026,C00401224,C00905471,HALLIE SHOFFNER FOR ARKANSAS,"SHOFFNER, HALLIE",S6AR00199,AR,DEM,DEM,selected,True,highest_total_receipts,,True,2026,2026-05-03T14:08:22.020174+00:00
N,NO CHANGE,SA11AI,6991665E,,,,,,,,,,,,,"{'affiliated_committee_name': 'NONE', 'candidate_ids': ['S6AR00199'], 'city': 'LITTLE ROCK', 'committee_id': 'C00905471', 'committee_type': 'S', 'committee_type_full': 'Senate', 'cycle': 2026, 'cycles': [2026], 'cycles_has_activity': [2026], 'cycles_has_financial': [2026], 'designated_agent_city': 'LITTLE ROCK', 'designated_agent_first_name': 'HALLIE', 'designated_agent_last_name': 'SHOFFNER', 'designated_agent_middle_name': None, 'designated_agent_name': 'SHOFFNER, HALLIE', 'designated_agent_phone_number': '8702173332', 'designated_agent_prefix': None, 'designated_agent_state': 'AR', 'designated_agent_street1': '600 E. CAPITOL', 'designated_agent_street2': None, 'designated_agent_suffix': None, 'designated_agent_title': 'CANDIDATE', 'designated_agent_zip': '72202', 'designation': 'P', 'designation_full': 'Principal campaign committee', 'filing_frequency': 'Q', 'first_f1_date': '2025-05-16', 'first_file_date': '2025-05-16', 'is_active': True, 'last_cycle_has_activity': 2026, 'last_cycle_has_financial': 2026, 'last_f1_date': '2025-09-10', 'last_file_date': '2026-04-15', 'name': 'HALLIE SHOFFNER FOR ARKANSAS', 'organization_type': None, 'organization_type_full': None, 'party': 'DEM', 'party_full': 'DEMOCRATIC PARTY', 'state': 'AR', 'state_full': 'Arkansas', 'street_1': '600 E. CAPITOL STREET', 'street_2': 'P.O. BOX 57', 'treasurer_name': 'BARON, SHELLY', 'zip': '72202'}",C00905471,,,,,,,,,250.0,2026-02-11,"{'affiliated_committee_name': 'BLUE TO THE FUTURE 2024', 'candidate_ids': [], 'city': 'SOMERVILLE', 'committee_id': 'C00401224', 'committee_type': 'V', 'committee_type_full': 'Hybrid PAC (with Non-Contribution Account) - Nonqualified', 'cycle': 2026, 'cycles': [2004, 2006, 2008, 2010, 2012, 2014, 2016, 2018, 2020, 2022, 2024, 2026], 'cycles_has_activity': [2004, 2006, 2008, 2010, 2012, 2014, 2016, 2018, 2020, 2022, 2024, 2026], 'cycles_has_financial': [2004, 2006, 2008, 2010, 2012, 2014, 2016, 2018, 2020, 2022, 2024, 2026], 'designated_agent_city': None, 'designated_agent_first_name': None, 'designated_agent_last_name': None, 'designated_agent_middle_name': None, 'designated_agent_name': None, 'designated_agent_phone_number': None, 'designated_agent_prefix': None, 'designated_agent_state': None, 'designated_agent_street1': None, 'designated_agent_street2': None, 'designated_agent_suffix': None, 'designated_agent_title': None, 'designated_agent_zip': None, 'designation': 'U', 'designation_full': 'Unauthorized', 'filing_frequency': 'M', 'first_f1_date': '2004-05-17', 'first_file_date': '2004-05-17', 'is_active': True, 'last_cycle_has_activity': 2026, 'last_cycle_has_financial': 2026, 'last_f1_date': '2024-07-29', 'last_file_date': '2026-04-22', 'name': 'ACTBLUE', 'organization_type': None, 'organization_type_full': None, 'party': None, 'party_full': None, 'state': 'MA', 'state_full': 'Massachusetts', 'street_1': 'PO BOX 441146', 'street_2': None, 'treasurer_name': 'GILMER, GEORGE', 'zip': '02144'}",250.0,NASHVILLE,SELF,CURT,C00401224,PATTON,,"PATTON, CURT",PHYSICIAN,,TN,6666 BROOKMONT TER,APT 604,,372054624,,P2026,,IND,INDIVIDUAL,PRIMARY,2026,1956215,F3,202603259856855602,,True,11AI,Contributions From Individuals/Persons Other Than Political Committees,4032520261425275010,2026-05-02T03:05:57,,,* EARMARKED CONTRIBUTION: SEE BELOW,False,,,https://docquery.fec.gov/cgi-bin/fecimg/?202603259856855602,15E,EARMARKED CONTRIBUTION,,P,,S,12P,2026,SA,ITEMIZED RECEIPTS,4032620261433440194,6991665,2026,C00401224,C00905471,HALLIE SHOFFNER FOR ARKANSAS,"SHOFFNER, HALLIE",S6AR00199,AR,DEM,DEM,selected,True,highest_total_receipts,,True,2026,2026-05-03T14:08:22.020250+00:00
N,NO CHANGE,,,,,,,,,,,,,,,"{'affiliated_committee_name': 'NONE', 'candidate_ids': ['S6AR00199'], 'city': 'LITTLE ROCK', 'committee_id': 'C00905471', 'committee_type': 'S', 'committee_type_full': 'Senate', 'cycle': 2026, 'cycles': [2026], 'cycles_has_activity': [2026], 'cycles_has_financial': [2026], 'designated_agent_city': 'LITTLE ROCK', 'designated_agent_first_name': 'HALLIE', 'designated_agent_last_name': 'SHOFFNER', 'designated_agent_middle_name': None, 'designated_agent_name': 'SHOFFNER, HALLIE', 'designated_agent_phone_number': '8702173332', 'designated_agent_prefix': None, 'designated_agent_state': 'AR', 'designated_agent_street1': '600 E. CAPITOL', 'designated_agent_street2': None, 'designated_agent_suffix': None, 'designated_agent_title': 'CANDIDATE', 'designated_agent_zip': '72202', 'designation': 'P', 'designation_full': 'Principal campaign committee', 'filing_frequency': 'Q', 'first_f1_date': '2025-05-16', 'first_file_date': '2025-05-16', 'is_active': True, 'last_cycle_has_activity': 2026, 'last_cycle_has_financial': 2026, 'last_f1_date': '2025-09-10', 'last_file_date': '2026-04-15', 'name': 'HALLIE SHOFFNER FOR ARKANSAS', 'organization_type': None, 'organization_type_full': None, 'party': 'DEM', 'party_full': 'DEMOCRATIC PARTY', 'state': 'AR', 'state_full': 'Arkansas', 'street_1': '600 E. CAPITOL STREET', 'street_2': 'P.O. BOX 57', 'treasurer_name': 'BARON, SHELLY', 'zip': '72202'}",C00905471,,,,,,,,,71.2,2026-02-11,,211.2,MISSION VIEJO,DELTA AIR LINES,JAMES,,DAVIDSON,,"DAVIDSON, JAMES",AIRLINE PILOT,,CA,27385 PADILLA,,,926911020,,P2026,,IND,INDIVIDUAL,PRIMARY,2026,1956215,F3,202603259856855591,,True,11AI,Contributions From Individuals/Persons Other Than Political Committees,4032520261425275010,2026-05-02T03:05:57,,,,False,,,https://docquery.fec.gov/cgi-bin/fecimg/?202603259856855591,15,CONTRIBUTION,,P,,S,12P,2026,SA,ITEMIZED RECEIPTS,4032620261433440162,7140935,2026,,C00905471,HALLIE SHOFFNER FOR ARKANSAS,"SHOFFNER, HALLIE",S6AR00199,AR,DEM,DEM,selected,True,highest_total_receipts,,True,2026,2026-05-03T14:08:22.020326+00:00
N,NO CHANGE,SA11AI,6893915E,,,,,,,,,,,,,"{'affiliated_committee_name': 'NONE', 'candidate_ids': ['S6AR00199'], 'city': 'LITTLE ROCK', 'committee_id': 'C00905471', 'committee_type': 'S', 'committee_type_full': 'Senate', 'cycle': 2026, 'cycles': [2026], 'cycles_has_activity': [2026], 'cycles_has_financial': [2026], 'designated_agent_city': 'LITTLE ROCK', 'designated_agent_first_name': 'HALLIE', 'designated_agent_last_name': 'SHOFFNER', 'designated_agent_middle_name': None, 'designated_agent_name': 'SHOFFNER, HALLIE', 'designated_agent_phone_number': '8702173332', 'designated_agent_prefix': None, 'designated_agent_state': 'AR', 'designated_agent_street1': '600 E. CAPITOL', 'designated_agent_street2': None, 'designated_agent_suffix': None, 'designated_agent_title': 'CANDIDATE', 'designated_agent_zip': '72202', 'designation': 'P', 'designation_full': 'Principal campaign committee', 'filing_frequency': 'Q', 'first_f1_date': '2025-05-16', 'first_file_date': '2025-05-16', 'is_active': True, 'last_cycle_has_activity': 2026, 'last_cycle_has_financial': 2026, 'last_f1_date': '2025-09-10', 'last_file_date': '2026-04-15', 'name': 'HALLIE SHOFFNER FOR ARKANSAS', 'organization_type': None, 'organization_type_full': None, 'party': 'DEM', 'party_full': 'DEMOCRATIC PARTY', 'state': 'AR', 'state_full': 'Arkansas', 'street_1': '600 E. CAPITOL STREET', 'street_2': 'P.O. BOX 57', 'treasurer_name': 'BARON, SHELLY', 'zip': '72202'}",C00905471,,,,,,,,,50.0,2026-02-11,"{'affiliated_committee_name': 'BLUE TO THE FUTURE 2024', 'candidate_ids': [], 'city': 'SOMERVILLE', 'committee_id': 'C00401224', 'committee_type': 'V', 'committee_type_full': 'Hybrid PAC (with Non-Contribution Account) - Nonqualified', 'cycle': 2026, 'cycles': [2004, 2006, 2008, 2010, 2012, 2014, 2016, 2018, 2020, 2022, 2024, 2026], 'cycles_has_activity': [2004, 2006, 2008, 2010, 2012, 2014, 2016, 2018, 2020, 2022, 2024, 2026], 'cycles_has_financial': [2004, 2006, 2008, 2010, 2012, 2014, 2016, 2018, 2020, 2022, 2024, 2026], 'designated_agent_city': None, 'designated_agent_first_name': None, 'designated_agent_last_name': None, 'designated_agent_middle_name': None, 'designated_agent_name': None, 'designated_agent_phone_number': None, 'designated_agent_prefix': None, 'designated_agent_state': None, 'designated_agent_street1': None, 'designated_agent_street2': None, 'designated_agent_suffix': None, 'designated_agent_title': None, 'designated_agent_zip': None, 'designation': 'U', 'designation_full': 'Unauthorized', 'filing_frequency': 'M', 'first_f1_date': '2004-05-17', 'first_file_date': '2004-05-17', 'is_active': True, 'last_cycle_has_activity': 2026, 'last_cycle_has_financial': 2026, 'last_f1_date': '2024-07-29', 'last_file_date': '2026-04-22', 'name': 'ACTBLUE', 'organization_type': None, 'organization_type_full': None, 'party': None, 'party_full': None, 'state': 'MA', 'state_full': 'Massachusetts', 'street_1': 'PO BOX 441146', 'street_2': None, 'treasurer_name': 'GILMER, GEORGE', 'zip': '02144'}",250.0,MUNCIE,NOT EMPLOYED,ELAINE,C00401224,FISHER,,"FISHER, ELAINE",NOT EMPLOYED,,IN,5801 W BETHEL AVE,APT 636,,473049549,,P2026,,IND,INDIVIDUAL,PRIMARY,2026,1956215,F3,202603259856855583,,True,11AI,Contributions From Individuals/Persons Other Than Political Committees,4032520261425275010,2026-05-02T03:05:57,,,* EARMARKED CONTRIBUTION: SEE BELOW,False,,,https://docquery.fec.gov/cgi-bin/fecimg/?202603259856855583,15E,EARMARKED CONTRIBUTION,,P,,S,12P,2026,SA,ITEMIZED RECEIPTS,4032620261433440136,6893915,2026,C00401224,C00905471,HALLIE SHOFFNER FOR ARKANSAS,"SHOFFNER, HALLIE",S6AR00199,AR,DEM,DEM,selected,True,highest_total_receipts,,True,2026,2026-05-03T14:08:22.020402+00:00
N,NO CHANGE,,,,,,,,,,,,,,,"{'affiliated_committee_name': 'NONE', 'candidate_ids': ['S6AR00199'], 'city': 'LITTLE ROCK', 'committee_id': 'C00905471', 'committee_type': 'S', 'committee_type_full': 'Senate', 'cycle': 2026, 'cycles': [2026], 'cycles_has_activity': [2026], 'cycles_has_financial': [2026], 'designated_agent_city': 'LITTLE ROCK', 'designated_agent_first_name': 'HALLIE', 'designated_agent_last_name': 'SHOFFNER', 'designated_agent_middle_name': None, 'designated_agent_name': 'SHOFFNER, HALLIE', 'designated_agent_phone_number': '8702173332', 'designated_agent_prefix': None, 'designated_agent_state': 'AR', 'designated_agent_street1': '600 E. CAPITOL', 'designated_agent_street2': None, 'designated_agent_suffix': None, 'designated_agent_title': 'CANDIDATE', 'designated_agent_zip': '72202', 'designation': 'P', 'designation_full': 'Principal campaign committee', 'filing_frequency': 'Q', 'first_f1_date': '2025-05-16', 'first_file_date': '2025-05-16', 'is_active': True, 'last_cycle_has_activity': 2026, 'last_cycle_has_financial': 2026, 'last_f1_date': '2025-09-10', 'last_file_date': '2026-04-15', 'name': 'HALLIE SHOFFNER FOR ARKANSAS', 'organization_type': None, 'organization_type_full': None, 'party': 'DEM', 'party_full': 'DEMOCRATIC PARTY', 'state': 'AR', 'state_full': 'Arkansas', 'street_1': '600 E. CAPITOL STREET', 'street_2': 'P.O. BOX 57', 'treasurer_name': 'BARON, SHELLY', 'zip': '72202'}",C00905471,,,,,,,,,500.0,2026-02-11,,500.0,FAYETTEVILLE,BAYER,ROBERT,,CHANEY,,"CHANEY, ROBERT",AGRONOMIST,,AR,2704 E COPPER OAKS PLZ,,,727033237,,P2026,,IND,INDIVIDUAL,PRIMARY,2026,1956215,F3,202603259856855551,,True,11AI,Contributions From Individuals/Persons Other Than Political Committees,4032520261425275010,2026-05-02T03:05:57,,,,False,,,https://docquery.fec.gov/cgi-bin/fecimg/?202603259856855551,15,CONTRIBUTION,,P,,S,12P,2026,SA,ITEMIZED RECEIPTS,4032620261433440040,7142604,2026,,C00905471,HALLIE SHOFFNER FOR ARKANSAS,"SHOFFNER, HALLIE",S6AR00199,AR,DEM,DEM,selected,True,highest_total_receipts,,True,2026,2026-05-03T14:08:22.020473+00:00
N,NO CHANGE,SA11AI,6894423E,,,,,,,,,,,,,"{'affiliated_committee_name': 'NONE', 'candidate_ids': ['S6AR00199'], 'city': 'LITTLE ROCK', 'committee_id': 'C00905471', 'committee_type': 'S', 'committee_type_full': 'Senate', 'cycle': 2026, 'cycles': [2026], 'cycles_has_activity': [2026], 'cycles_has_financial': [2026], 'designated_agent_city': 'LITTLE ROCK', 'designated_agent_first_name': 'HALLIE', 'designated_agent_last_name': 'SHOFFNER', 'designated_agent_middle_name': None, 'designated_agent_name': 'SHOFFNER, HALLIE', 'designated_agent_phone_number': '8702173332', 'designated_agent_prefix': None, 'designated_agent_state': 'AR', 'designated_agent_street1': '600 E. CAPITOL', 'designated_agent_street2': None, 'designated_agent_suffix': None, 'designated_agent_title': 'CANDIDATE', 'designated_agent_zip': '72202', 'designation': 'P', 'designation_full': 'Principal campaign committee', 'filing_frequency': 'Q', 'first_f1_date': '2025-05-16', 'first_file_date': '2025-05-16', 'is_active': True, 'last_cycle_has_activity': 2026, 'last_cycle_has_financial': 2026, 'last_f1_date': '2025-09-10', 'last_file_date': '2026-04-15', 'name': 'HALLIE SHOFFNER FOR ARKANSAS', 'organization_type': None, 'organization_type_full': None, 'party': 'DEM', 'party_full': 'DEMOCRATIC PARTY', 'state': 'AR', 'state_full': 'Arkansas', 'street_1': '600 E. CAPITOL STREET', 'street_2': 'P.O. BOX 57', 'treasurer_name': 'BARON, SHELLY', 'zip': '72202'}",C00905471,,,,,,,,,50.0,2026-02-11,"{'affiliated_committee_name': 'BLUE TO THE FUTURE 2024', 'candidate_ids': [], 'city': 'SOMERVILLE', 'committee_id': 'C00401224', 'committee_type': 'V', 'committee_type_full': 'Hybrid PAC (with Non-Contribution Account) - Nonqualified', 'cycle': 2026, 'cycles': [2004, 2006, 2008, 2010, 2012, 2014, 2016, 2018, 2020, 2022, 2024, 2026], 'cycles_has_activity': [2004, 2006, 2008, 2010, 2012, 2014, 2016, 2018, 2020, 2022, 2024, 2026], 'cycles_has_financial': [2004, 2006, 2008, 2010, 2012, 2014, 2016, 2018, 2020, 2022, 2024, 2026], 'designated_agent_city': None, 'designated_agent_first_name': None, 'designated_agent_last_name': None, 'designated_agent_middle_name': None, 'designated_agent_name': None, 'designated_agent_phone_number': None, 'designated_agent_prefix': None, 'designated_agent_state': None, 'designated_agent_street1': None, 'designated_agent_street2': None, 'designated_agent_suffix': None, 'designated_agent_title': None, 'designated_agent_zip': None, 'designation': 'U', 'designation_full': 'Unauthorized', 'filing_frequency': 'M', 'first_f1_date': '2004-05-17', 'first_file_date': '2004-05-17', 'is_active': True, 'last_cycle_has_activity': 2026, 'last_cycle_has_financial': 2026, 'last_f1_date': '2024-07-29', 'last_file_date': '2026-04-22', 'name': 'ACTBLUE', 'organization_type': None, 'organization_type_full': None, 'party': None, 'party_full': None, 'state': 'MA', 'state_full': 'Massachusetts', 'street_1': 'PO BOX 441146', 'street_2': None, 'treasurer_name': 'GILMER, GEORGE', 'zip': '02144'}",350.0,HACKETT,NOT EMPLOYED,ANN,C00401224,ADKINS,,"ADKINS, ANN",NOT EMPLOYED,,AR,8706 SOUTHSHORE DR,,,729375564,,P2026,,IND,INDIVIDUAL,PRIMARY,2026,1956215,F3,202603259856855526,,True,11AI,Contributions From Individuals/Persons Other Than Political Committees,4032520261425275010,2026-05-02T03:05:57,,,* EARMARKED CONTRIBUTION: SEE BELOW,False,,,https://docquery.fec.gov/cgi-bin/fecimg/?202603259856855526,15E,EARMARKED CONTRIBUTION,,P,,S,12P,2026,SA,ITEMIZED RECEIPTS,4032620261433438965,6894423,2026,C00401224,C00905471,HALLIE SHOFFNER FOR ARKANSAS,"SHOFFNER, HALLIE",S6AR00199,AR,DEM,DEM,selected,True,highest_total_receipts,,True,2026,2026-05-03T14:08:22.020545+00:00
C,CHANGE,,,,,,,,,,,,,,,"{'affiliated_committee_name': 'NONE', 'candidate_ids': ['S6AR00199'], 'city': 'LITTLE ROCK', 'committee_id': 'C00905471', 'committee_type': 'S', 'committee_type_full': 'Senate', 'cycle': 2026, 'cycles': [2026], 'cycles_has_activity': [2026], 'cycles_has_financial': [2026], 'designated_agent_city': 'LITTLE ROCK', 'designated_agent_first_name': 'HALLIE', 'designated_agent_last_name': 'SHOFFNER', 'designated_agent_middle_name': None, 'designated_agent_name': 'SHOFFNER, HALLIE', 'designated_agent_phone_number': '8702173332', 'designated_agent_prefix': None, 'designated_agent_state': 'AR', 'designated_agent_street1': '600 E. CAPITOL', 'designated_agent_street2': None, 'designated_agent_suffix': None, 'designated_agent_title': 'CANDIDATE', 'designated_agent_zip': '72202', 'designation': 'P', 'designation_full': 'Principal campaign committee', 'filing_frequency': 'Q', 'first_f1_date': '2025-05-16', 'first_file_date': '2025-05-16', 'is_active': True, 'last_cycle_has_activity': 2026, 'last_cycle_has_financial': 2026, 'last_f1_date': '2025-09-10', 'last_file_date': '2026-04-15', 'name': 'HALLIE SHOFFNER FOR ARKANSAS', 'organization_type': None, 'organization_type_full': None, 'party': 'DEM', 'party_full': 'DEMOCRATIC PARTY', 'state': 'AR', 'state_full': 'Arkansas', 'street_1': '600 E. CAPITOL STREET', 'street_2': 'P.O. BOX 57', 'treasurer_name': 'BARON, SHELLY', 'zip': '72202'}",C00905471,,,,,,,,,26.19,2026-02-11,,403.32,CHARLESTON,NOT EMPLOYED,STANFORD,,COREY,,"COREY, STANFORD",NOT EMPLOYED,,AR,1217 S COUNTY LINE RD,,,729333324,,P2026,,IND,INDIVIDUAL,PRIMARY,2026,1956215,F3,202603259856855498,,True,11AI,Contributions From Individuals/Persons Other Than Political Committees,4032520261425275010,2026-05-02T03:05:57,,,,False,,,https://docquery.fec.gov/cgi-bin/fecimg/?202603259856855498,15,CONTRIBUTION,,P,,S,12P,2026,SA,ITEMIZED RECEIPTS,4032620261433438881,7140712,2026,,C00905471,HALLIE SHOFFNER FOR ARKANSAS,"SHOFFNER, HALLIE",S6AR00199,AR,DEM,DEM,selected,True,highest_total_receipts,,True,2026,2026-05-03T14:08:22.020619+00:00
N,NO CHANGE,,,,,,,,,,,,,,,"{'affiliated_committee_name': 'NONE', 'candidate_ids': ['S6AR00199'], 'city': 'LITTLE ROCK', 'committee_id': 'C00905471', 'committee_type': 'S', 'committee_type_full': 'Senate', 'cycle': 2026, 'cycles': [2026], 'cycles_has_activity': [2026], 'cycles_has_financial': [2026], 'designated_agent_city': 'LITTLE ROCK', 'designated_agent_first_name': 'HALLIE', 'designated_agent_last_name': 'SHOFFNER', 'designated_agent_middle_name': None, 'designated_agent_name': 'SHOFFNER, HALLIE', 'designated_agent_phone_number': '8702173332', 'designated_agent_prefix': None, 'designated_agent_state': 'AR', 'designated_agent_street1': '600 E. CAPITOL', 'designated_agent_street2': None, 'designated_agent_suffix': None, 'designated_agent_title': 'CANDIDATE', 'designated_agent_zip': '72202', 'designation': 'P', 'designation_full': 'Principal campaign committee', 'filing_frequency': 'Q', 'first_f1_date': '2025-05-16', 'first_file_date': '2025-05-16', 'is_active': True, 'last_cycle_has_activity': 2026, 'last_cycle_has_financial': 2026, 'last_f1_date': '2025-09-10', 'last_file_date': '2026-04-15', 'name': 'HALLIE SHOFFNER FOR ARKANSAS', 'organization_type': None, 'organization_type_full': None, 'party': 'DEM', 'party_full': 'DEMOCRATIC PARTY', 'state': 'AR', 'state_full': 'Arkansas', 'street_1': '600 E. CAPITOL STREET', 'street_2': 'P.O. BOX 57', 'treasurer_name': 'BARON, SHELLY', 'zip': '72202'}",C00905471,,,,,,,,,100.0,2026-02-11,,900.0,ROGERS,SELF,JOHN,,MACK,,"MACK, JOHN",ARCHITECT,,AR,617 S 6TH ST,,,727564413,,P2026,,IND,INDIVIDUAL,PRIMARY,2026,1956215,F3,202603259856855496,,True,11AI,Contributions From Individuals/Persons Other Than Political Committees,4032520261425275010,2026-05-02T03:05:57,,,,False,,,https://docquery.fec.gov/cgi-bin/fecimg/?202603259856855496,15,CONTRIBUTION,,P,,S,12P,2026,SA,ITEMIZED RECEIPTS,4032620261433438875,7142602,2026,,C00905471,HALLIE SHOFFNER FOR ARKANSAS,"SHOFFNER, HALLIE",S6AR00199,AR,DEM,DEM,selected,True,highest_total_receipts,,True,2026,2026-05-03T14:08:22.020691+00:00
N,NO CHANGE,,,,,,,,,,,,,,,"{'affiliated_committee_name': 'NONE', 'candidate_ids': ['S6AR00199'], 'city': 'LITTLE ROCK', 'committee_id': 'C00905471', 'committee_type': 'S', 'committee_type_full': 'Senate', 'cycle': 2026, 'cycles': [2026], 'cycles_has_activity': [2026], 'cycles_has_financial': [2026], 'designated_agent_city': 'LITTLE ROCK', 'designated_agent_first_name': 'HALLIE', 'designated_agent_last_name': 'SHOFFNER', 'designated_agent_middle_name': None, 'designated_agent_name': 'SHOFFNER, HALLIE', 'designated_agent_phone_number': '8702173332', 'designated_agent_prefix': None, 'designated_agent_state': 'AR', 'designated_agent_street1': '600 E. CAPITOL', 'designated_agent_street2': None, 'designated_agent_suffix': None, 'designated_agent_title': 'CANDIDATE', 'designated_agent_zip': '72202', 'designation': 'P', 'designation_full': 'Principal campaign committee', 'filing_frequency': 'Q', 'first_f1_date': '2025-05-16', 'first_file_date': '2025-05-16', 'is_active': True, 'last_cycle_has_activity': 2026, 'last_cycle_has_financial': 2026, 'last_f1_date': '2025-09-10', 'last_file_date': '2026-04-15', 'name': 'HALLIE SHOFFNER FOR ARKANSAS', 'organization_type': None, 'organization_type_full': None, 'party': 'DEM', 'party_full': 'DEMOCRATIC PARTY', 'state': 'AR', 'state_full': 'Arkansas', 'street_1': '600 E. CAPITOL STREET', 'street_2': 'P.O. BOX 57', 'treasurer_name': 'BARON, SHELLY', 'zip': '72202'}",C00905471,,,,,,,,,104.0,2026-02-11,,589.82,LITTLE ROCK,RETIRED,PAULA,,JOHNSON,,"JOHNSON, PAULA",RETIRED,,AR,3515 HILL RD,APT 2,,722054185,,P2026,,IND,INDIVIDUAL,PRIMARY,2026,1956215,F3,202603259856855469,,True,11AI,Contributions From Individuals/Persons Other Than Political Committees,4032520261425275010,2026-05-02T03:05:57,,,,False,,,https://docquery.fec.gov/cgi-bin/fecimg/?202603259856855469,15,CONTRIBUTION,,P,,S,12P,2026,SA,ITEMIZED RECEIPTS,4032620261433438795,7140711,2026,,C00905471,HALLIE SHOFFNER FOR ARKANSAS,"SHOFFNER, HALLIE",S6AR00199,AR,DEM,DEM,selected,True,highest_total_receipts,,True,2026,2026-05-03T14:08:22.020766+00:00
N,NO CHANGE,,,,,,,,,,,,,,,"{'affiliated_committee_name': 'NONE', 'candidate_ids': ['S6AR00199'], 'city': 'LITTLE ROCK', 'committee_id': 'C00905471', 'committee_type': 'S', 'committee_type_full': 'Senate', 'cycle': 2026, 'cycles': [2026], 'cycles_has_activity': [2026], 'cycles_has_financial': [2026], 'designated_agent_city': 'LITTLE ROCK', 'designated_agent_first_name': 'HALLIE', 'designated_agent_last_name': 'SHOFFNER', 'designated_agent_middle_name': None, 'designated_agent_name': 'SHOFFNER, HALLIE', 'designated_agent_phone_number': '8702173332', 'designated_agent_prefix': None, 'designated_agent_state': 'AR', 'designated_agent_street1': '600 E. CAPITOL', 'designated_agent_street2': None, 'designated_agent_suffix': None, 'designated_agent_title': 'CANDIDATE', 'designated_agent_zip': '72202', 'designation': 'P', 'designation_full': 'Principal campaign committee', 'filing_frequency': 'Q', 'first_f1_date': '2025-05-16', 'first_file_date': '2025-05-16', 'is_active': True, 'last_cycle_has_activity': 2026, 'last_cycle_has_financial': 2026, 'last_f1_date': '2025-09-10', 'last_file_date': '2026-04-15', 'name': 'HALLIE SHOFFNER FOR ARKANSAS', 'organization_type': None, 'organization_type_full': None, 'party': 'DEM', 'party_full': 'DEMOCRATIC PARTY', 'state': 'AR', 'state_full': 'Arkansas', 'street_1': '600 E. CAPITOL STREET', 'street_2': 'P.O. BOX 57', 'treasurer_name': 'BARON, SHELLY', 'zip': '72202'}",C00905471,,,,,,,,,207.75,2026-02-11,,967.38,LITTLE ROCK,RETIRED,RUTH,,JOHNSTON,,"JOHNSTON, RUTH",REGISTERED DIETITIAN NUTRITIONIST,,AR,306 CAMBRIDGE PLACE DR,,,722272106,,P2026,,IND,INDIVIDUAL,PRIMARY,2026,1956215,F3,202603259856855448,,True,11AI,Contributions From Individuals/Persons Other Than Political Committees,4032520261425275010,2026-05-02T03:05:57,,,,False,,,https://docquery.fec.gov/cgi-bin/fecimg/?202603259856855448,15,CONTRIBUTION,,P,,S,12P,2026,SA,ITEMIZED RECEIPTS,4032620261433438733,7140720,2026,,C00905471,HALLIE SHOFFNER FOR ARKANSAS,"SHOFFNER, HALLIE",S6AR00199,AR,DEM,DEM,selected,True,highest_total_receipts,,True,2026,2026-05-03T14:08:22.020841+00:00
N,NO CHANGE,,,,,,,,,,,,,,,"{'affiliated_committee_name': 'NONE', 'candidate_ids': ['S6AR00199'], 'city': 'LITTLE ROCK', 'committee_id': 'C00905471', 'committee_type': 'S', 'committee_type_full': 'Senate', 'cycle': 2026, 'cycles': [2026], 'cycles_has_activity': [2026], 'cycles_has_financial': [2026], 'designated_agent_city': 'LITTLE ROCK', 'designated_agent_first_name': 'HALLIE', 'designated_agent_last_name': 'SHOFFNER', 'designated_agent_middle_name': None, 'designated_agent_name': 'SHOFFNER, HALLIE', 'designated_agent_phone_number': '8702173332', 'designated_agent_prefix': None, 'designated_agent_state': 'AR', 'designated_agent_street1': '600 E. CAPITOL', 'designated_agent_street2': None, 'designated_agent_suffix': None, 'designated_agent_title': 'CANDIDATE', 'designated_agent_zip': '72202', 'designation': 'P', 'designation_full': 'Principal campaign committee', 'filing_frequency': 'Q', 'first_f1_date': '2025-05-16', 'first_file_date': '2025-05-16', 'is_active': True, 'last_cycle_has_activity': 2026, 'last_cycle_has_financial': 2026, 'last_f1_date': '2025-09-10', 'last_file_date': '2026-04-15', 'name': 'HALLIE SHOFFNER FOR ARKANSAS', 'organization_type': None, 'organization_type_full': None, 'party': 'DEM', 'party_full': 'DEMOCRATIC PARTY', 'state': 'AR', 'state_full': 'Arkansas', 'street_1': '600 E. CAPITOL STREET', 'street_2': 'P.O. BOX 57', 'treasurer_name': 'BARON, SHELLY', 'zip': '72202'}",C00905471,,,,,,,,,300.0,2026-02-11,,300.0,ROGERS,NONE,DAVID,,CAULDWELL,,"CAULDWELL, DAVID",RETIRED,,AR,8171 OLD WHITE RIVER RD,,,727567663,,P2026,,IND,INDIVIDUAL,PRIMARY,2026,1956215,F3,202603259856855443,,True,11AI,Contributions From Individuals/Persons Other Than Political Committees,4032520261425275010,2026-05-02T03:05:57,,,,False,,,https://docquery.fec.gov/cgi-bin/fecimg/?202603259856855443,15,CONTRIBUTION,,P,,S,12P,2026,SA,ITEMIZED RECEIPTS,4032620261433438716,7142600,2026,,C00905471,HALLIE SHOFFNER FOR ARKANSAS,"SHOFFNER, HALLIE",S6AR00199,AR,DEM,DEM,selected,True,highest_total_receipts,,True,2026,2026-05-03T14:08:22.020916+00:00
N,NO CHANGE,,,,,,,,,,,,,,,"{'affiliated_committee_name': 'NONE', 'candidate_ids': ['S6AR00199'], 'city': 'LITTLE ROCK', 'committee_id': 'C00905471', 'committee_type': 'S', 'committee_type_full': 'Senate', 'cycle': 2026, 'cycles': [2026], 'cycles_has_activity': [2026], 'cycles_has_financial': [2026], 'designated_agent_city': 'LITTLE ROCK', 'designated_agent_first_name': 'HALLIE', 'designated_agent_last_name': 'SHOFFNER', 'designated_agent_middle_name': None, 'designated_agent_name': 'SHOFFNER, HALLIE', 'designated_agent_phone_number': '8702173332', 'designated_agent_prefix': None, 'designated_agent_state': 'AR', 'designated_agent_street1': '600 E. CAPITOL', 'designated_agent_street2': None, 'designated_agent_suffix': None, 'designated_agent_title': 'CANDIDATE', 'designated_agent_zip': '72202', 'designation': 'P', 'designation_full': 'Principal campaign committee', 'filing_frequency': 'Q', 'first_f1_date': '2025-05-16', 'first_file_date': '2025-05-16', 'is_active': True, 'last_cycle_has_activity': 2026, 'last_cycle_has_financial': 2026, 'last_f1_date': '2025-09-10', 'last_file_date': '2026-04-15', 'name': 'HALLIE SHOFFNER FOR ARKANSAS', 'organization_type': None, 'organization_type_full': None, 'party': 'DEM', 'party_full': 'DEMOCRATIC PARTY', 'state': 'AR', 'state_full': 'Arkansas', 'street_1': '600 E. CAPITOL STREET', 'street_2': 'P.O. BOX 57', 'treasurer_name': 'BARON, SHELLY', 'zip': '72202'}",C00905471,,,,,,,,,104.0,2026-02-11,,454.0,FRANKLIN,WOMBLE,RONALD,,HARRIS,,"HARRIS, RONALD",ATTORNEY,,TN,2717 LONGWOOD DR,,,370697013,,P2026,,IND,INDIVIDUAL,PRIMARY,2026,1956215,F3,202603259856855442,,True,11AI,Contributions From Individuals/Persons Other Than Political Committees,4032520261425275010,2026-05-02T03:05:57,,,,False,,,https://docquery.fec.gov/cgi-bin/fecimg/?202603259856855442,15,CONTRIBUTION,,P,,S,12P,2026,SA,ITEMIZED RECEIPTS,4032620261433438715,7140700,2026,,C00905471,HALLIE SHOFFNER FOR ARKANSAS,"SHOFFNER, HALLIE",S6AR00199,AR,DEM,DEM,selected,True,highest_total_receipts,,True,2026,2026-05-03T14:08:22.020992+00:00
N,NO CHANGE,,,,,,,,,,,,,,,"{'affiliated_committee_name': 'NONE', 'candidate_ids': ['S6AR00199'], 'city': 'LITTLE ROCK', 'committee_id': 'C00905471', 'committee_type': 'S', 'committee_type_full': 'Senate', 'cycle': 2026, 'cycles': [2026], 'cycles_has_activity': [2026], 'cycles_has_financial': [2026], 'designated_agent_city': 'LITTLE ROCK', 'designated_agent_first_name': 'HALLIE', 'designated_agent_last_name': 'SHOFFNER', 'designated_agent_middle_name': None, 'designated_agent_name': 'SHOFFNER, HALLIE', 'designated_agent_phone_number': '8702173332', 'designated_agent_prefix': None, 'designated_agent_state': 'AR', 'designated_agent_street1': '600 E. CAPITOL', 'designated_agent_street2': None, 'designated_agent_suffix': None, 'designated_agent_title': 'CANDIDATE', 'designated_agent_zip': '72202', 'designation': 'P', 'designation_full': 'Principal campaign committee', 'filing_frequency': 'Q', 'first_f1_date': '2025-05-16', 'first_file_date': '2025-05-16', 'is_active': True, 'last_cycle_has_activity': 2026, 'last_cycle_has_financial': 2026, 'last_f1_date': '2025-09-10', 'last_file_date': '2026-04-15', 'name': 'HALLIE SHOFFNER FOR ARKANSAS', 'organization_type': None, 'organization_type_full': None, 'party': 'DEM', 'party_full': 'DEMOCRATIC PARTY', 'state': 'AR', 'state_full': 'Arkansas', 'street_1': '600 E. CAPITOL STREET', 'street_2': 'P.O. BOX 57', 'treasurer_name': 'BARON, SHELLY', 'zip': '72202'}",C00905471,,,,,,,,,259.63,2026-02-10,,509.63,LITTLE ROCK,RETIRED,JO ANN,,COLEMAN,,"COLEMAN, JO ANN",RETIRED,,AR,108 BERRY ST,,,722054302,,P2026,,IND,INDIVIDUAL,PRIMARY,2026,1956215,F3,202603259856855715,,True,11AI,Contributions From Individuals/Persons Other Than Political Committees,4032520261425275010,2026-05-02T03:05:57,,,,False,,,https://docquery.fec.gov/cgi-bin/fecimg/?202603259856855715,15,CONTRIBUTION,,P,,S,12P,2026,SA,ITEMIZED RECEIPTS,4032620261433440533,7140739,2026,,C00905471,HALLIE SHOFFNER FOR ARKANSAS,"SHOFFNER, HALLIE",S6AR00199,AR,DEM,DEM,selected,True,highest_total_receipts,,True,2026,2026-05-03T14:08:22.021067+00:00
N,NO CHANGE,,,,,,,,,,,,,,,"{'affiliated_committee_name': 'NONE', 'candidate_ids': ['S6AR00199'], 'city': 'LITTLE ROCK', 'committee_id': 'C00905471', 'committee_type': 'S', 'committee_type_full': 'Senate', 'cycle': 2026, 'cycles': [2026], 'cycles_has_activity': [2026], 'cycles_has_financial': [2026], 'designated_agent_city': 'LITTLE ROCK', 'designated_agent_first_name': 'HALLIE', 'designated_agent_last_name': 'SHOFFNER', 'designated_agent_middle_name': None, 'designated_agent_name': 'SHOFFNER, HALLIE', 'designated_agent_phone_number': '8702173332', 'designated_agent_prefix': None, 'designated_agent_state': 'AR', 'designated_agent_street1': '600 E. CAPITOL', 'designated_agent_street2': None, 'designated_agent_suffix': None, 'designated_agent_title': 'CANDIDATE', 'designated_agent_zip': '72202', 'designation': 'P', 'designation_full': 'Principal campaign committee', 'filing_frequency': 'Q', 'first_f1_date': '2025-05-16', 'first_file_date': '2025-05-16', 'is_active': True, 'last_cycle_has_activity': 2026, 'last_cycle_has_financial': 2026, 'last_f1_date': '2025-09-10', 'last_file_date': '2026-04-15', 'name': 'HALLIE SHOFFNER FOR ARKANSAS', 'organization_type': None, 'organization_type_full': None, 'party': 'DEM', 'party_full': 'DEMOCRATIC PARTY', 'state': 'AR', 'state_full': 'Arkansas', 'street_1': '600 E. CAPITOL STREET', 'street_2': 'P.O. BOX 57', 'treasurer_name': 'BARON, SHELLY', 'zip': '72202'}",C00905471,,,,,,,,,300.0,2026-02-10,,300.0,TUCKERMAN,SELF,JAMIE,,DARLING,,"DARLING, JAMIE",BUSINESS OWNER,,AR,132 GREENHAW ST,,,72473,,P2026,,IND,INDIVIDUAL,PRIMARY,2026,1956215,F3,202603259856855711,,True,11AI,Contributions From Individuals/Persons Other Than Political Committees,4032520261425275010,2026-05-02T03:05:57,,,,False,,,https://docquery.fec.gov/cgi-bin/fecimg/?202603259856855711,15,CONTRIBUTION,,P,,S,12P,2026,SA,ITEMIZED RECEIPTS,4032620261433440521,7142619,2026,,C00905471,HALLIE SHOFFNER FOR ARKANSAS,"SHOFFNER, HALLIE",S6AR00199,AR,DEM,DEM,selected,True,highest_total_receipts,,True,2026,2026-05-03T14:08:22.021141+00:00
N,NO CHANGE,,,,,,,,,,,,,,,"{'affiliated_committee_name': 'NONE', 'candidate_ids': ['S6AR00199'], 'city': 'LITTLE ROCK', 'committee_id': 'C00905471', 'committee_type': 'S', 'committee_type_full': 'Senate', 'cycle': 2026, 'cycles': [2026], 'cycles_has_activity': [2026], 'cycles_has_financial': [2026], 'designated_agent_city': 'LITTLE ROCK', 'designated_agent_first_name': 'HALLIE', 'designated_agent_last_name': 'SHOFFNER', 'designated_agent_middle_name': None, 'designated_agent_name': 'SHOFFNER, HALLIE', 'designated_agent_phone_number': '8702173332', 'designated_agent_prefix': None, 'designated_agent_state': 'AR', 'designated_agent_street1': '600 E. CAPITOL', 'designated_agent_street2': None, 'designated_agent_suffix': None, 'designated_agent_title': 'CANDIDATE', 'designated_agent_zip': '72202', 'designation': 'P', 'designation_full': 'Principal campaign committee', 'filing_frequency': 'Q', 'first_f1_date': '2025-05-16', 'first_file_date': '2025-05-16', 'is_active': True, 'last_cycle_has_activity': 2026, 'last_cycle_has_financial': 2026, 'last_f1_date': '2025-09-10', 'last_file_date': '2026-04-15', 'name': 'HALLIE SHOFFNER FOR ARKANSAS', 'organization_type': None, 'organization_type_full': None, 'party': 'DEM', 'party_full': 'DEMOCRATIC PARTY', 'state': 'AR', 'state_full': 'Arkansas', 'street_1': '600 E. CAPITOL STREET', 'street_2': 'P.O. BOX 57', 'treasurer_name': 'BARON, SHELLY', 'zip': '72202'}",C00905471,,,,,,,,,2000.0,2026-02-10,,2000.0,JONESBORO,NONE,JOAN,,CASH,,"CASH, JOAN",RETIRED,,AR,1301 THRUSH RD,,,724015268,,P2026,,IND,INDIVIDUAL,PRIMARY,2026,1956215,F3,202603259856855707,,True,11AI,Contributions From Individuals/Persons Other Than Political Committees,4032520261425275010,2026-05-02T03:05:57,,,,False,,,https://docquery.fec.gov/cgi-bin/fecimg/?202603259856855707,15,CONTRIBUTION,,P,,S,12P,2026,SA,ITEMIZED RECEIPTS,4032620261433440509,7142609,2026,,C00905471,HALLIE SHOFFNER FOR ARKANSAS,"SHOFFNER, HALLIE",S6AR00199,AR,DEM,DEM,selected,True,highest_total_receipts,,True,2026,2026-05-03T14:08:22.021214+00:00
N,NO CHANGE,SA11AI,6888798E,,,,,,,,,,,,,"{'affiliated_committee_name': 'NONE', 'candidate_ids': ['S6AR00199'], 'city': 'LITTLE ROCK', 'committee_id': 'C00905471', 'committee_type': 'S', 'committee_type_full': 'Senate', 'cycle': 2026, 'cycles': [2026], 'cycles_has_activity': [2026], 'cycles_has_financial': [2026], 'designated_agent_city': 'LITTLE ROCK', 'designated_agent_first_name': 'HALLIE', 'designated_agent_last_name': 'SHOFFNER', 'designated_agent_middle_name': None, 'designated_agent_name': 'SHOFFNER, HALLIE', 'designated_agent_phone_number': '8702173332', 'designated_agent_prefix': None, 'designated_agent_state': 'AR', 'designated_agent_street1': '600 E. CAPITOL', 'designated_agent_street2': None, 'designated_agent_suffix': None, 'designated_agent_title': 'CANDIDATE', 'designated_agent_zip': '72202', 'designation': 'P', 'designation_full': 'Principal campaign committee', 'filing_frequency': 'Q', 'first_f1_date': '2025-05-16', 'first_file_date': '2025-05-16', 'is_active': True, 'last_cycle_has_activity': 2026, 'last_cycle_has_financial': 2026, 'last_f1_date': '2025-09-10', 'last_file_date': '2026-04-15', 'name': 'HALLIE SHOFFNER FOR ARKANSAS', 'organization_type': None, 'organization_type_full': None, 'party': 'DEM', 'party_full': 'DEMOCRATIC PARTY', 'state': 'AR', 'state_full': 'Arkansas', 'street_1': '600 E. CAPITOL STREET', 'street_2': 'P.O. BOX 57', 'treasurer_name': 'BARON, SHELLY', 'zip': '72202'}",C00905471,,,,,,,,,500.0,2026-02-10,"{'affiliated_committee_name': 'BLUE TO THE FUTURE 2024', 'candidate_ids': [], 'city': 'SOMERVILLE', 'committee_id': 'C00401224', 'committee_type': 'V', 'committee_type_full': 'Hybrid PAC (with Non-Contribution Account) - Nonqualified', 'cycle': 2026, 'cycles': [2004, 2006, 2008, 2010, 2012, 2014, 2016, 2018, 2020, 2022, 2024, 2026], 'cycles_has_activity': [2004, 2006, 2008, 2010, 2012, 2014, 2016, 2018, 2020, 2022, 2024, 2026], 'cycles_has_financial': [2004, 2006, 2008, 2010, 2012, 2014, 2016, 2018, 2020, 2022, 2024, 2026], 'designated_agent_city': None, 'designated_agent_first_name': None, 'designated_agent_last_name': None, 'designated_agent_middle_name': None, 'designated_agent_name': None, 'designated_agent_phone_number': None, 'designated_agent_prefix': None, 'designated_agent_state': None, 'designated_agent_street1': None, 'designated_agent_street2': None, 'designated_agent_suffix': None, 'designated_agent_title': None, 'designated_agent_zip': None, 'designation': 'U', 'designation_full': 'Unauthorized', 'filing_frequency': 'M', 'first_f1_date': '2004-05-17', 'first_file_date': '2004-05-17', 'is_active': True, 'last_cycle_has_activity': 2026, 'last_cycle_has_financial': 2026, 'last_f1_date': '2024-07-29', 'last_file_date': '2026-04-22', 'name': 'ACTBLUE', 'organization_type': None, 'organization_type_full': None, 'party': None, 'party_full': None, 'state': 'MA', 'state_full': 'Massachusetts', 'street_1': 'PO BOX 441146', 'street_2': None, 'treasurer_name': 'GILMER, GEORGE', 'zip': '02144'}",500.0,LITTLE ROCK,NOT EMPLOYED,MARTHA,C00401224,RIMMER,,"RIMMER, MARTHA",NOT EMPLOYED,,AR,40 PINE MANOR DR,,,722075137,,P2026,,IND,INDIVIDUAL,PRIMARY,2026,1956215,F3,202603259856855705,,True,11AI,Contributions From Individuals/Persons Other Than Political Committees,4032520261425275010,2026-05-02T03:05:57,,,* EARMARKED CONTRIBUTION: SEE BELOW,False,,,https://docquery.fec.gov/cgi-bin/fecimg/?202603259856855705,15E,EARMARKED CONTRIBUTION,,P,,S,12P,2026,SA,ITEMIZED RECEIPTS,4032620261433440502,6888798,2026,C00401224,C00905471,HALLIE SHOFFNER FOR ARKANSAS,"SHOFFNER, HALLIE",S6AR00199,AR,DEM,DEM,selected,True,highest_total_receipts,,True,2026,2026-05-03T14:08:22.021288+00:00
N,NO CHANGE,,,,,,,,,,,,,,,"{'affiliated_committee_name': 'NONE', 'candidate_ids': ['S6AR00199'], 'city': 'LITTLE ROCK', 'committee_id': 'C00905471', 'committee_type': 'S', 'committee_type_full': 'Senate', 'cycle': 2026, 'cycles': [2026], 'cycles_has_activity': [2026], 'cycles_has_financial': [2026], 'designated_agent_city': 'LITTLE ROCK', 'designated_agent_first_name': 'HALLIE', 'designated_agent_last_name': 'SHOFFNER', 'designated_agent_middle_name': None, 'designated_agent_name': 'SHOFFNER, HALLIE', 'designated_agent_phone_number': '8702173332', 'designated_agent_prefix': None, 'designated_agent_state': 'AR', 'designated_agent_street1': '600 E. CAPITOL', 'designated_agent_street2': None, 'designated_agent_suffix': None, 'designated_agent_title': 'CANDIDATE', 'designated_agent_zip': '72202', 'designation': 'P', 'designation_full': 'Principal campaign committee', 'filing_frequency': 'Q', 'first_f1_date': '2025-05-16', 'first_file_date': '2025-05-16', 'is_active': True, 'last_cycle_has_activity': 2026, 'last_cycle_has_financial': 2026, 'last_f1_date': '2025-09-10', 'last_file_date': '2026-04-15', 'name': 'HALLIE SHOFFNER FOR ARKANSAS', 'organization_type': None, 'organization_type_full': None, 'party': 'DEM', 'party_full': 'DEMOCRATIC PARTY', 'state': 'AR', 'state_full': 'Arkansas', 'street_1': '600 E. CAPITOL STREET', 'street_2': 'P.O. BOX 57', 'treasurer_name': 'BARON, SHELLY', 'zip': '72202'}",C00905471,,,,,,,,,25.0,2026-02-10,,544.0,FAYETTEVILLE,U OF ARKANSAS,BETSY,,MONTGOMERY,,"MONTGOMERY, BETSY",ACADEMIC ADVISOR,,AR,1769 E PADDOCK RD,,,727014336,,P2026,,IND,INDIVIDUAL,PRIMARY,2026,1956215,F3,202603259856855685,,True,11AI,Contributions From Individuals/Persons Other Than Political Committees,4032520261425275010,2026-05-02T03:05:57,,,,False,,,https://docquery.fec.gov/cgi-bin/fecimg/?202603259856855685,15,CONTRIBUTION,,P,,S,12P,2026,SA,ITEMIZED RECEIPTS,4032620261433440442,7140728,2026,,C00905471,HALLIE SHOFFNER FOR ARKANSAS,"SHOFFNER, HALLIE",S6AR00199,AR,DEM,DEM,selected,True,highest_total_receipts,,True,2026,2026-05-03T14:08:22.021361+00:00
N,NO CHANGE,,,,,,,,,,,,,,,"{'affiliated_committee_name': 'NONE', 'candidate_ids': ['S6AR00199'], 'city': 'LITTLE ROCK', 'committee_id': 'C00905471', 'committee_type': 'S', 'committee_type_full': 'Senate', 'cycle': 2026, 'cycles': [2026], 'cycles_has_activity': [2026], 'cycles_has_financial': [2026], 'designated_agent_city': 'LITTLE ROCK', 'designated_agent_first_name': 'HALLIE', 'designated_agent_last_name': 'SHOFFNER', 'designated_agent_middle_name': None, 'designated_agent_name': 'SHOFFNER, HALLIE', 'designated_agent_phone_number': '8702173332', 'designated_agent_prefix': None, 'designated_agent_state': 'AR', 'designated_agent_street1': '600 E. CAPITOL', 'designated_agent_street2': None, 'designated_agent_suffix': None, 'designated_agent_title': 'CANDIDATE', 'designated_agent_zip': '72202', 'designation': 'P', 'designation_full': 'Principal campaign committee', 'filing_frequency': 'Q', 'first_f1_date': '2025-05-16', 'first_file_date': '2025-05-16', 'is_active': True, 'last_cycle_has_activity': 2026, 'last_cycle_has_financial': 2026, 'last_f1_date': '2025-09-10', 'last_file_date': '2026-04-15', 'name': 'HALLIE SHOFFNER FOR ARKANSAS', 'organization_type': None, 'organization_type_full': None, 'party': 'DEM', 'party_full': 'DEMOCRATIC PARTY', 'state': 'AR', 'state_full': 'Arkansas', 'street_1': '600 E. CAPITOL STREET', 'street_2': 'P.O. BOX 57', 'treasurer_name': 'BARON, SHELLY', 'zip': '72202'}",C00905471,,,,,,,,,250.0,2026-02-10,,250.0,NEWPORT,BOYCE AND BOYCE LAW FIRM,EDWARD,,BOYCE,,"BOYCE, EDWARD",ATTORNEY,,AR,515 SECOND ST,,,721123321,,P2026,,IND,INDIVIDUAL,PRIMARY,2026,1956215,F3,202603259856855681,,True,11AI,Contributions From Individuals/Persons Other Than Political Committees,4032520261425275010,2026-05-02T03:05:57,,,,False,,,https://docquery.fec.gov/cgi-bin/fecimg/?202603259856855681,15,CONTRIBUTION,,P,,S,12P,2026,SA,ITEMIZED RECEIPTS,4032620261433440431,7142618,2026,,C00905471,HALLIE SHOFFNER FOR ARKANSAS,"SHOFFNER, HALLIE",S6AR00199,AR,DEM,DEM,selected,True,highest_total_receipts,,True,2026,2026-05-03T14:08:22.021432+00:00
N,NO CHANGE,,,,,,,,,,,,,,,"{'affiliated_committee_name': 'NONE', 'candidate_ids': ['S6AR00199'], 'city': 'LITTLE ROCK', 'committee_id': 'C00905471', 'committee_type': 'S', 'committee_type_full': 'Senate', 'cycle': 2026, 'cycles': [2026], 'cycles_has_activity': [2026], 'cycles_has_financial': [2026], 'designated_agent_city': 'LITTLE ROCK', 'designated_agent_first_name': 'HALLIE', 'designated_agent_last_name': 'SHOFFNER', 'designated_agent_middle_name': None, 'designated_agent_name': 'SHOFFNER, HALLIE', 'designated_agent_phone_number': '8702173332', 'designated_agent_prefix': None, 'designated_agent_state': 'AR', 'designated_agent_street1': '600 E. CAPITOL', 'designated_agent_street2': None, 'designated_agent_suffix': None, 'designated_agent_title': 'CANDIDATE', 'designated_agent_zip': '72202', 'designation': 'P', 'designation_full': 'Principal campaign committee', 'filing_frequency': 'Q', 'first_f1_date': '2025-05-16', 'first_file_date': '2025-05-16', 'is_active': True, 'last_cycle_has_activity': 2026, 'last_cycle_has_financial': 2026, 'last_f1_date': '2025-09-10', 'last_file_date': '2026-04-15', 'name': 'HALLIE SHOFFNER FOR ARKANSAS', 'organization_type': None, 'organization_type_full': None, 'party': 'DEM', 'party_full': 'DEMOCRATIC PARTY', 'state': 'AR', 'state_full': 'Arkansas', 'street_1': '600 E. CAPITOL STREET', 'street_2': 'P.O. BOX 57', 'treasurer_name': 'BARON, SHELLY', 'zip': '72202'}",C00905471,,,,,,,,,1000.0,2026-02-10,,1000.0,JONESBORO,SOUTHERN PIONEER PROPERTY & CASUALTY I,BENJAMIN,,HYNEMAN,,"HYNEMAN, BENJAMIN",CHAIRMAN,,AR,3112 LACOSTE DR,,,724046841,,P2026,,IND,INDIVIDUAL,PRIMARY,2026,1956215,F3,202603259856855679,,True,11AI,Contributions From Individuals/Persons Other Than Political Committees,4032520261425275010,2026-05-02T03:05:57,,,,False,,,https://docquery.fec.gov/cgi-bin/fecimg/?202603259856855679,15,CONTRIBUTION,,P,,S,12P,2026,SA,ITEMIZED RECEIPTS,4032620261433440424,7142608,2026,,C00905471,HALLIE SHOFFNER FOR ARKANSAS,"SHOFFNER, HALLIE",S6AR00199,AR,DEM,DEM,selected,True,highest_total_receipts,,True,2026,2026-05-03T14:08:22.021507+00:00
N,NO CHANGE,,,,,,,,,,,,,,,"{'affiliated_committee_name': 'NONE', 'candidate_ids': ['S6AR00199'], 'city': 'LITTLE ROCK', 'committee_id': 'C00905471', 'committee_type': 'S', 'committee_type_full': 'Senate', 'cycle': 2026, 'cycles': [2026], 'cycles_has_activity': [2026], 'cycles_has_financial': [2026], 'designated_agent_city': 'LITTLE ROCK', 'designated_agent_first_name': 'HALLIE', 'designated_agent_last_name': 'SHOFFNER', 'designated_agent_middle_name': None, 'designated_agent_name': 'SHOFFNER, HALLIE', 'designated_agent_phone_number': '8702173332', 'designated_agent_prefix': None, 'designated_agent_state': 'AR', 'designated_agent_street1': '600 E. CAPITOL', 'designated_agent_street2': None, 'designated_agent_suffix': None, 'designated_agent_title': 'CANDIDATE', 'designated_agent_zip': '72202', 'designation': 'P', 'designation_full': 'Principal campaign committee', 'filing_frequency': 'Q', 'first_f1_date': '2025-05-16', 'first_file_date': '2025-05-16', 'is_active': True, 'last_cycle_has_activity': 2026, 'last_cycle_has_financial': 2026, 'last_f1_date': '2025-09-10', 'last_file_date': '2026-04-15', 'name': 'HALLIE SHOFFNER FOR ARKANSAS', 'organization_type': None, 'organization_type_full': None, 'party': 'DEM', 'party_full': 'DEMOCRATIC PARTY', 'state': 'AR', 'state_full': 'Arkansas', 'street_1': '600 E. CAPITOL STREET', 'street_2': 'P.O. BOX 57', 'treasurer_name': 'BARON, SHELLY', 'zip': '72202'}",C00905471,,,,,,,,,300.0,2026-02-10,,300.0,JONESBORO,WELLS & WELLS,BECKY,,WELLS,,"WELLS, BECKY",ACCOUNTANT,,AR,1204 PRINCETON DR,,,724016182,,P2026,,IND,INDIVIDUAL,PRIMARY,2026,1956215,F3,202603259856855659,,True,11AI,Contributions From Individuals/Persons Other Than Political Committees,4032520261425275010,2026-05-02T03:05:57,,,,False,,,https://docquery.fec.gov/cgi-bin/fecimg/?202603259856855659,15,CONTRIBUTION,,P,,S,12P,2026,SA,ITEMIZED RECEIPTS,4032620261433440364,7142647,2026,,C00905471,HALLIE SHOFFNER FOR ARKANSAS,"SHOFFNER, HALLIE",S6AR00199,AR,DEM,DEM,selected,True,highest_total_receipts,,True,2026,2026-05-03T14:08:22.021583+00:00
N,NO CHANGE,SA11AI,6890937E,,,,,,,,,,,,,"{'affiliated_committee_name': 'NONE', 'candidate_ids': ['S6AR00199'], 'city': 'LITTLE ROCK', 'committee_id': 'C00905471', 'committee_type': 'S', 'committee_type_full': 'Senate', 'cycle': 2026, 'cycles': [2026], 'cycles_has_activity': [2026], 'cycles_has_financial': [2026], 'designated_agent_city': 'LITTLE ROCK', 'designated_agent_first_name': 'HALLIE', 'designated_agent_last_name': 'SHOFFNER', 'designated_agent_middle_name': None, 'designated_agent_name': 'SHOFFNER, HALLIE', 'designated_agent_phone_number': '8702173332', 'designated_agent_prefix': None, 'designated_agent_state': 'AR', 'designated_agent_street1': '600 E. CAPITOL', 'designated_agent_street2': None, 'designated_agent_suffix': None, 'designated_agent_title': 'CANDIDATE', 'designated_agent_zip': '72202', 'designation': 'P', 'designation_full': 'Principal campaign committee', 'filing_frequency': 'Q', 'first_f1_date': '2025-05-16', 'first_file_date': '2025-05-16', 'is_active': True, 'last_cycle_has_activity': 2026, 'last_cycle_has_financial': 2026, 'last_f1_date': '2025-09-10', 'last_file_date': '2026-04-15', 'name': 'HALLIE SHOFFNER FOR ARKANSAS', 'organization_type': None, 'organization_type_full': None, 'party': 'DEM', 'party_full': 'DEMOCRATIC PARTY', 'state': 'AR', 'state_full': 'Arkansas', 'street_1': '600 E. CAPITOL STREET', 'street_2': 'P.O. BOX 57', 'treasurer_name': 'BARON, SHELLY', 'zip': '72202'}",C00905471,,,,,,,,,17.5,2026-02-10,"{'affiliated_committee_name': 'BLUE TO THE FUTURE 2024', 'candidate_ids': [], 'city': 'SOMERVILLE', 'committee_id': 'C00401224', 'committee_type': 'V', 'committee_type_full': 'Hybrid PAC (with Non-Contribution Account) - Nonqualified', 'cycle': 2026, 'cycles': [2004, 2006, 2008, 2010, 2012, 2014, 2016, 2018, 2020, 2022, 2024, 2026], 'cycles_has_activity': [2004, 2006, 2008, 2010, 2012, 2014, 2016, 2018, 2020, 2022, 2024, 2026], 'cycles_has_financial': [2004, 2006, 2008, 2010, 2012, 2014, 2016, 2018, 2020, 2022, 2024, 2026], 'designated_agent_city': None, 'designated_agent_first_name': None, 'designated_agent_last_name': None, 'designated_agent_middle_name': None, 'designated_agent_name': None, 'designated_agent_phone_number': None, 'designated_agent_prefix': None, 'designated_agent_state': None, 'designated_agent_street1': None, 'designated_agent_street2': None, 'designated_agent_suffix': None, 'designated_agent_title': None, 'designated_agent_zip': None, 'designation': 'U', 'designation_full': 'Unauthorized', 'filing_frequency': 'M', 'first_f1_date': '2004-05-17', 'first_file_date': '2004-05-17', 'is_active': True, 'last_cycle_has_activity': 2026, 'last_cycle_has_financial': 2026, 'last_f1_date': '2024-07-29', 'last_file_date': '2026-04-22', 'name': 'ACTBLUE', 'organization_type': None, 'organization_type_full': None, 'party': None, 'party_full': None, 'state': 'MA', 'state_full': 'Massachusetts', 'street_1': 'PO BOX 441146', 'street_2': None, 'treasurer_name': 'GILMER, GEORGE', 'zip': '02144'}",267.5,ANTIOCH,NOT EMPLOYED,CHARLIE,C00401224,KANSAKU,,"KANSAKU, CHARLIE",NOT EMPLOYED,,CA,49 GREENSBORO WAY,,,945096042,,P2026,,IND,INDIVIDUAL,PRIMARY,2026,1956215,F3,202603259856855657,,True,11AI,Contributions From Individuals/Persons Other Than Political Committees,4032520261425275010,2026-05-02T03:05:57,,,* EARMARKED CONTRIBUTION: SEE BELOW,False,,,https://docquery.fec.gov/cgi-bin/fecimg/?202603259856855657,15E,EARMARKED CONTRIBUTION,,P,,S,12P,2026,SA,ITEMIZED RECEIPTS,4032620261433440359,6890937,2026,C00401224,C00905471,HALLIE SHOFFNER FOR ARKANSAS,"SHOFFNER, HALLIE",S6AR00199,AR,DEM,DEM,selected,True,highest_total_receipts,,True,2026,2026-05-03T14:08:22.021656+00:00
N,NO CHANGE,,,,,,,,,,,,,,,"{'affiliated_committee_name': 'NONE', 'candidate_ids': ['S6AR00199'], 'city': 'LITTLE ROCK', 'committee_id': 'C00905471', 'committee_type': 'S', 'committee_type_full': 'Senate', 'cycle': 2026, 'cycles': [2026], 'cycles_has_activity': [2026], 'cycles_has_financial': [2026], 'designated_agent_city': 'LITTLE ROCK', 'designated_agent_first_name': 'HALLIE', 'designated_agent_last_name': 'SHOFFNER', 'designated_agent_middle_name': None, 'designated_agent_name': 'SHOFFNER, HALLIE', 'designated_agent_phone_number': '8702173332', 'designated_agent_prefix': None, 'designated_agent_state': 'AR', 'designated_agent_street1': '600 E. CAPITOL', 'designated_agent_street2': None, 'designated_agent_suffix': None, 'designated_agent_title': 'CANDIDATE', 'designated_agent_zip': '72202', 'designation': 'P', 'designation_full': 'Principal campaign committee', 'filing_frequency': 'Q', 'first_f1_date': '2025-05-16', 'first_file_date': '2025-05-16', 'is_active': True, 'last_cycle_has_activity': 2026, 'last_cycle_has_financial': 2026, 'last_f1_date': '2025-09-10', 'last_file_date': '2026-04-15', 'name': 'HALLIE SHOFFNER FOR ARKANSAS', 'organization_type': None, 'organization_type_full': None, 'party': 'DEM', 'party_full': 'DEMOCRATIC PARTY', 'state': 'AR', 'state_full': 'Arkansas', 'street_1': '600 E. CAPITOL STREET', 'street_2': 'P.O. BOX 57', 'treasurer_name': 'BARON, SHELLY', 'zip': '72202'}",C00905471,,,,,,,,,104.0,2026-02-10,,404.0,NASHVILLE,SELF,JOHN,,FAYARD,,"FAYARD, JOHN",FARMER,,TN,4737 POST RD,,,372052709,,P2026,,IND,INDIVIDUAL,PRIMARY,2026,1956215,F3,202603259856855652,,True,11AI,Contributions From Individuals/Persons Other Than Political Committees,4032520261425275010,2026-05-02T03:05:57,,,,False,,,https://docquery.fec.gov/cgi-bin/fecimg/?202603259856855652,15,CONTRIBUTION,,P,,S,12P,2026,SA,ITEMIZED RECEIPTS,4032620261433440344,7140727,2026,,C00905471,HALLIE SHOFFNER FOR ARKANSAS,"SHOFFNER, HALLIE",S6AR00199,AR,DEM,DEM,selected,True,highest_total_receipts,,True,2026,2026-05-03T14:08:22.021730+00:00
N,NO CHANGE,,,,,,,,,,,,,,,"{'affiliated_committee_name': 'NONE', 'candidate_ids': ['S6AR00199'], 'city': 'LITTLE ROCK', 'committee_id': 'C00905471', 'committee_type': 'S', 'committee_type_full': 'Senate', 'cycle': 2026, 'cycles': [2026], 'cycles_has_activity': [2026], 'cycles_has_financial': [2026], 'designated_agent_city': 'LITTLE ROCK', 'designated_agent_first_name': 'HALLIE', 'designated_agent_last_name': 'SHOFFNER', 'designated_agent_middle_name': None, 'designated_agent_name': 'SHOFFNER, HALLIE', 'designated_agent_phone_number': '8702173332', 'designated_agent_prefix': None, 'designated_agent_state': 'AR', 'designated_agent_street1': '600 E. CAPITOL', 'designated_agent_street2': None, 'designated_agent_suffix': None, 'designated_agent_title': 'CANDIDATE', 'designated_agent_zip': '72202', 'designation': 'P', 'designation_full': 'Principal campaign committee', 'filing_frequency': 'Q', 'first_f1_date': '2025-05-16', 'first_file_date': '2025-05-16', 'is_active': True, 'last_cycle_has_activity': 2026, 'last_cycle_has_financial': 2026, 'last_f1_date': '2025-09-10', 'last_file_date': '2026-04-15', 'name': 'HALLIE SHOFFNER FOR ARKANSAS', 'organization_type': None, 'organization_type_full': None, 'party': 'DEM', 'party_full': 'DEMOCRATIC PARTY', 'state': 'AR', 'state_full': 'Arkansas', 'street_1': '600 E. CAPITOL STREET', 'street_2': 'P.O. BOX 57', 'treasurer_name': 'BARON, SHELLY', 'zip': '72202'}",C00905471,,,,,,,,,500.0,2026-02-10,,1000.0,JONESBORO,GOLF NORTH HILLS,KELLY,,CRAFT,,"CRAFT, KELLY",OWNER,,AR,1004 FREEMAN ST,,,724013673,,P2026,,IND,INDIVIDUAL,PRIMARY,2026,1956215,F3,202603259856855650,,True,11AI,Contributions From Individuals/Persons Other Than Political Committees,4032520261425275010,2026-05-02T03:05:57,,,,False,,,https://docquery.fec.gov/cgi-bin/fecimg/?202603259856855650,15,CONTRIBUTION,,P,,S,12P,2026,SA,ITEMIZED RECEIPTS,4032620261433440338,7142617,2026,,C00905471,HALLIE SHOFFNER FOR ARKANSAS,"SHOFFNER, HALLIE",S6AR00199,AR,DEM,DEM,selected,True,highest_total_receipts,,True,2026,2026-05-03T14:08:22.021804+00:00
C,CHANGE,,,,,,,,,,,,,,,"{'affiliated_committee_name': 'NONE', 'candidate_ids': ['S6AR00199'], 'city': 'LITTLE ROCK', 'committee_id': 'C00905471', 'committee_type': 'S', 'committee_type_full': 'Senate', 'cycle': 2026, 'cycles': [2026], 'cycles_has_activity': [2026], 'cycles_has_financial': [2026], 'designated_agent_city': 'LITTLE ROCK', 'designated_agent_first_name': 'HALLIE', 'designated_agent_last_name': 'SHOFFNER', 'designated_agent_middle_name': None, 'designated_agent_name': 'SHOFFNER, HALLIE', 'designated_agent_phone_number': '8702173332', 'designated_agent_prefix': None, 'designated_agent_state': 'AR', 'designated_agent_street1': '600 E. CAPITOL', 'designated_agent_street2': None, 'designated_agent_suffix': None, 'designated_agent_title': 'CANDIDATE', 'designated_agent_zip': '72202', 'designation': 'P', 'designation_full': 'Principal campaign committee', 'filing_frequency': 'Q', 'first_f1_date': '2025-05-16', 'first_file_date': '2025-05-16', 'is_active': True, 'last_cycle_has_activity': 2026, 'last_cycle_has_financial': 2026, 'last_f1_date': '2025-09-10', 'last_file_date': '2026-04-15', 'name': 'HALLIE SHOFFNER FOR ARKANSAS', 'organization_type': None, 'organization_type_full': None, 'party': 'DEM', 'party_full': 'DEMOCRATIC PARTY', 'state': 'AR', 'state_full': 'Arkansas', 'street_1': '600 E. CAPITOL STREET', 'street_2': 'P.O. BOX 57', 'treasurer_name': 'BARON, SHELLY', 'zip': '72202'}",C00905471,,,,,,,,,1000.0,2026-02-10,,1200.0,JONESBORO,RETIRED,ANDY,,PEELER,,"PEELER, ANDY",RETIRED,,AR,217 WILKINS AVE,,,724015025,,P2026,,IND,INDIVIDUAL,PRIMARY,2026,1956215,F3,202603259856855646,,True,11AI,Contributions From Individuals/Persons Other Than Political Committees,4032520261425275010,2026-05-02T03:05:57,,,,False,,,https://docquery.fec.gov/cgi-bin/fecimg/?202603259856855646,15,CONTRIBUTION,,P,,S,12P,2026,SA,ITEMIZED RECEIPTS,4032620261433440327,7142607,2026,,C00905471,HALLIE SHOFFNER FOR ARKANSAS,"SHOFFNER, HALLIE",S6AR00199,AR,DEM,DEM,selected,True,highest_total_receipts,,True,2026,2026-05-03T14:08:22.021876+00:00
N,NO CHANGE,SA11AI,6890646E,,,,,,,,,,,,,"{'affiliated_committee_name': 'NONE', 'candidate_ids': ['S6AR00199'], 'city': 'LITTLE ROCK', 'committee_id': 'C00905471', 'committee_type': 'S', 'committee_type_full': 'Senate', 'cycle': 2026, 'cycles': [2026], 'cycles_has_activity': [2026], 'cycles_has_financial': [2026], 'designated_agent_city': 'LITTLE ROCK', 'designated_agent_first_name': 'HALLIE', 'designated_agent_last_name': 'SHOFFNER', 'designated_agent_middle_name': None, 'designated_agent_name': 'SHOFFNER, HALLIE', 'designated_agent_phone_number': '8702173332', 'designated_agent_prefix': None, 'designated_agent_state': 'AR', 'designated_agent_street1': '600 E. CAPITOL', 'designated_agent_street2': None, 'designated_agent_suffix': None, 'designated_agent_title': 'CANDIDATE', 'designated_agent_zip': '72202', 'designation': 'P', 'designation_full': 'Principal campaign committee', 'filing_frequency': 'Q', 'first_f1_date': '2025-05-16', 'first_file_date': '2025-05-16', 'is_active': True, 'last_cycle_has_activity': 2026, 'last_cycle_has_financial': 2026, 'last_f1_date': '2025-09-10', 'last_file_date': '2026-04-15', 'name': 'HALLIE SHOFFNER FOR ARKANSAS', 'organization_type': None, 'organization_type_full': None, 'party': 'DEM', 'party_full': 'DEMOCRATIC PARTY', 'state': 'AR', 'state_full': 'Arkansas', 'street_1': '600 E. CAPITOL STREET', 'street_2': 'P.O. BOX 57', 'treasurer_name': 'BARON, SHELLY', 'zip': '72202'}",C00905471,,,,,,,,,250.0,2026-02-10,"{'affiliated_committee_name': 'BLUE TO THE FUTURE 2024', 'candidate_ids': [], 'city': 'SOMERVILLE', 'committee_id': 'C00401224', 'committee_type': 'V', 'committee_type_full': 'Hybrid PAC (with Non-Contribution Account) - Nonqualified', 'cycle': 2026, 'cycles': [2004, 2006, 2008, 2010, 2012, 2014, 2016, 2018, 2020, 2022, 2024, 2026], 'cycles_has_activity': [2004, 2006, 2008, 2010, 2012, 2014, 2016, 2018, 2020, 2022, 2024, 2026], 'cycles_has_financial': [2004, 2006, 2008, 2010, 2012, 2014, 2016, 2018, 2020, 2022, 2024, 2026], 'designated_agent_city': None, 'designated_agent_first_name': None, 'designated_agent_last_name': None, 'designated_agent_middle_name': None, 'designated_agent_name': None, 'designated_agent_phone_number': None, 'designated_agent_prefix': None, 'designated_agent_state': None, 'designated_agent_street1': None, 'designated_agent_street2': None, 'designated_agent_suffix': None, 'designated_agent_title': None, 'designated_agent_zip': None, 'designation': 'U', 'designation_full': 'Unauthorized', 'filing_frequency': 'M', 'first_f1_date': '2004-05-17', 'first_file_date': '2004-05-17', 'is_active': True, 'last_cycle_has_activity': 2026, 'last_cycle_has_financial': 2026, 'last_f1_date': '2024-07-29', 'last_file_date': '2026-04-22', 'name': 'ACTBLUE', 'organization_type': None, 'organization_type_full': None, 'party': None, 'party_full': None, 'state': 'MA', 'state_full': 'Massachusetts', 'street_1': 'PO BOX 441146', 'street_2': None, 'treasurer_name': 'GILMER, GEORGE', 'zip': '02144'}",454.0,JONESBORO,SELF,MELANIE,C00401224,VERSER,,"VERSER, MELANIE",FARMING,,AR,PO BOX 1683,,,724031683,,P2026,,IND,INDIVIDUAL,PRIMARY,2026,1956215,F3,202603259856855626,,True,11AI,Contributions From Individuals/Persons Other Than Political Committees,4032520261425275010,2026-05-02T03:05:57,,,* EARMARKED CONTRIBUTION: SEE BELOW,False,,,https://docquery.fec.gov/cgi-bin/fecimg/?202603259856855626,15E,EARMARKED CONTRIBUTION,,P,,S,12P,2026,SA,ITEMIZED RECEIPTS,4032620261433440267,6890646,2026,C00401224,C00905471,HALLIE SHOFFNER FOR ARKANSAS,"SHOFFNER, HALLIE",S6AR00199,AR,DEM,DEM,selected,True,highest_total_receipts,,True,2026,2026-05-03T14:08:22.021951+00:00
C,CHANGE,,,,,,,,,,,,,,,"{'affiliated_committee_name': 'NONE', 'candidate_ids': ['S6AR00199'], 'city': 'LITTLE ROCK', 'committee_id': 'C00905471', 'committee_type': 'S', 'committee_type_full': 'Senate', 'cycle': 2026, 'cycles': [2026], 'cycles_has_activity': [2026], 'cycles_has_financial': [2026], 'designated_agent_city': 'LITTLE ROCK', 'designated_agent_first_name': 'HALLIE', 'designated_agent_last_name': 'SHOFFNER', 'designated_agent_middle_name': None, 'designated_agent_name': 'SHOFFNER, HALLIE', 'designated_agent_phone_number': '8702173332', 'designated_agent_prefix': None, 'designated_agent_state': 'AR', 'designated_agent_street1': '600 E. CAPITOL', 'designated_agent_street2': None, 'designated_agent_suffix': None, 'designated_agent_title': 'CANDIDATE', 'designated_agent_zip': '72202', 'designation': 'P', 'designation_full': 'Principal campaign committee', 'filing_frequency': 'Q', 'first_f1_date': '2025-05-16', 'first_file_date': '2025-05-16', 'is_active': True, 'last_cycle_has_activity': 2026, 'last_cycle_has_financial': 2026, 'last_f1_date': '2025-09-10', 'last_file_date': '2026-04-15', 'name': 'HALLIE SHOFFNER FOR ARKANSAS', 'organization_type': None, 'organization_type_full': None, 'party': 'DEM', 'party_full': 'DEMOCRATIC PARTY', 'state': 'AR', 'state_full': 'Arkansas', 'street_1': '600 E. CAPITOL STREET', 'street_2': 'P.O. BOX 57', 'treasurer_name': 'BARON, SHELLY', 'zip': '72202'}",C00905471,,,,,,,,,300.0,2026-02-10,,300.0,ENGLAND,RETIRED,BOBBY,,CLONINGER,,"CLONINGER, BOBBY",FARMER,,AR,15356 HIGHWAY 31 S,,,720469009,,P2026,,IND,INDIVIDUAL,PRIMARY,2026,1956215,F3,202603259856855625,,True,11AI,Contributions From Individuals/Persons Other Than Political Committees,4032520261425275010,2026-05-02T03:05:57,,,,False,,,https://docquery.fec.gov/cgi-bin/fecimg/?202603259856855625,15,CONTRIBUTION,,P,,S,12P,2026,SA,ITEMIZED RECEIPTS,4032620261433440263,7142646,2026,,C00905471,HALLIE SHOFFNER FOR ARKANSAS,"SHOFFNER, HALLIE",S6AR00199,AR,DEM,DEM,selected,True,highest_total_receipts,,True,2026,2026-05-03T14:08:22.022026+00:00
N,NO CHANGE,,,,,,,,,,,,,,,"{'affiliated_committee_name': 'NONE', 'candidate_ids': ['S6AR00199'], 'city': 'LITTLE ROCK', 'committee_id': 'C00905471', 'committee_type': 'S', 'committee_type_full': 'Senate', 'cycle': 2026, 'cycles': [2026], 'cycles_has_activity': [2026], 'cycles_has_financial': [2026], 'designated_agent_city': 'LITTLE ROCK', 'designated_agent_first_name': 'HALLIE', 'designated_agent_last_name': 'SHOFFNER', 'designated_agent_middle_name': None, 'designated_agent_name': 'SHOFFNER, HALLIE', 'designated_agent_phone_number': '8702173332', 'designated_agent_prefix': None, 'designated_agent_state': 'AR', 'designated_agent_street1': '600 E. CAPITOL', 'designated_agent_street2': None, 'designated_agent_suffix': None, 'designated_agent_title': 'CANDIDATE', 'designated_agent_zip': '72202', 'designation': 'P', 'designation_full': 'Principal campaign committee', 'filing_frequency': 'Q', 'first_f1_date': '2025-05-16', 'first_file_date': '2025-05-16', 'is_active': True, 'last_cycle_has_activity': 2026, 'last_cycle_has_financial': 2026, 'last_f1_date': '2025-09-10', 'last_file_date': '2026-04-15', 'name': 'HALLIE SHOFFNER FOR ARKANSAS', 'organization_type': None, 'organization_type_full': None, 'party': 'DEM', 'party_full': 'DEMOCRATIC PARTY', 'state': 'AR', 'state_full': 'Arkansas', 'street_1': '600 E. CAPITOL STREET', 'street_2': 'P.O. BOX 57', 'treasurer_name': 'BARON, SHELLY', 'zip': '72202'}",C00905471,,,,,,,,,250.0,2026-02-10,,250.0,JONESBORO,SELF,MARK,,SIFFORD,,"SIFFORD, MARK",HEALTHCARE / MEDICAL,,AR,1212 E COUNTRY CLUB TER,,,724014323,,P2026,,IND,INDIVIDUAL,PRIMARY,2026,1956215,F3,202603259856855621,,True,11AI,Contributions From Individuals/Persons Other Than Political Committees,4032520261425275010,2026-05-02T03:05:57,,,,False,,,https://docquery.fec.gov/cgi-bin/fecimg/?202603259856855621,15,CONTRIBUTION,,P,,S,12P,2026,SA,ITEMIZED RECEIPTS,4032620261433440251,7142626,2026,,C00905471,HALLIE SHOFFNER FOR ARKANSAS,"SHOFFNER, HALLIE",S6AR00199,AR,DEM,DEM,selected,True,highest_total_receipts,,True,2026,2026-05-03T14:08:22.022096+00:00
N,NO CHANGE,,,,,,,,,,,,,,,"{'affiliated_committee_name': 'NONE', 'candidate_ids': ['S6AR00199'], 'city': 'LITTLE ROCK', 'committee_id': 'C00905471', 'committee_type': 'S', 'committee_type_full': 'Senate', 'cycle': 2026, 'cycles': [2026], 'cycles_has_activity': [2026], 'cycles_has_financial': [2026], 'designated_agent_city': 'LITTLE ROCK', 'designated_agent_first_name': 'HALLIE', 'designated_agent_last_name': 'SHOFFNER', 'designated_agent_middle_name': None, 'designated_agent_name': 'SHOFFNER, HALLIE', 'designated_agent_phone_number': '8702173332', 'designated_agent_prefix': None, 'designated_agent_state': 'AR', 'designated_agent_street1': '600 E. CAPITOL', 'designated_agent_street2': None, 'designated_agent_suffix': None, 'designated_agent_title': 'CANDIDATE', 'designated_agent_zip': '72202', 'designation': 'P', 'designation_full': 'Principal campaign committee', 'filing_frequency': 'Q', 'first_f1_date': '2025-05-16', 'first_file_date': '2025-05-16', 'is_active': True, 'last_cycle_has_activity': 2026, 'last_cycle_has_financial': 2026, 'last_f1_date': '2025-09-10', 'last_file_date': '2026-04-15', 'name': 'HALLIE SHOFFNER FOR ARKANSAS', 'organization_type': None, 'organization_type_full': None, 'party': 'DEM', 'party_full': 'DEMOCRATIC PARTY', 'state': 'AR', 'state_full': 'Arkansas', 'street_1': '600 E. CAPITOL STREET', 'street_2': 'P.O. BOX 57', 'treasurer_name': 'BARON, SHELLY', 'zip': '72202'}",C00905471,,,,,,,,,100.0,2026-02-10,,408.76,CABOT,RETIRED,STEVE,,WISOTSKY,,"WISOTSKY, STEVE",RETIRED,,AR,46 HILLSBORO DR,,,720233968,,P2026,,IND,INDIVIDUAL,PRIMARY,2026,1956215,F3,202603259856855594,,True,11AI,Contributions From Individuals/Persons Other Than Political Committees,4032520261425275010,2026-05-02T03:05:57,,,,False,,,https://docquery.fec.gov/cgi-bin/fecimg/?202603259856855594,15,CONTRIBUTION,,P,,S,12P,2026,SA,ITEMIZED RECEIPTS,4032620261433440171,7140745,2026,,C00905471,HALLIE SHOFFNER FOR ARKANSAS,"SHOFFNER, HALLIE",S6AR00199,AR,DEM,DEM,selected,True,highest_total_receipts,,True,2026,2026-05-03T14:08:22.022167+00:00
N,NO CHANGE,,,,,,,,,,,,,,,"{'affiliated_committee_name': 'NONE', 'candidate_ids': ['S6AR00199'], 'city': 'LITTLE ROCK', 'committee_id': 'C00905471', 'committee_type': 'S', 'committee_type_full': 'Senate', 'cycle': 2026, 'cycles': [2026], 'cycles_has_activity': [2026], 'cycles_has_financial': [2026], 'designated_agent_city': 'LITTLE ROCK', 'designated_agent_first_name': 'HALLIE', 'designated_agent_last_name': 'SHOFFNER', 'designated_agent_middle_name': None, 'designated_agent_name': 'SHOFFNER, HALLIE', 'designated_agent_phone_number': '8702173332', 'designated_agent_prefix': None, 'designated_agent_state': 'AR', 'designated_agent_street1': '600 E. CAPITOL', 'designated_agent_street2': None, 'designated_agent_suffix': None, 'designated_agent_title': 'CANDIDATE', 'designated_agent_zip': '72202', 'designation': 'P', 'designation_full': 'Principal campaign committee', 'filing_frequency': 'Q', 'first_f1_date': '2025-05-16', 'first_file_date': '2025-05-16', 'is_active': True, 'last_cycle_has_activity': 2026, 'last_cycle_has_financial': 2026, 'last_f1_date': '2025-09-10', 'last_file_date': '2026-04-15', 'name': 'HALLIE SHOFFNER FOR ARKANSAS', 'organization_type': None, 'organization_type_full': None, 'party': 'DEM', 'party_full': 'DEMOCRATIC PARTY', 'state': 'AR', 'state_full': 'Arkansas', 'street_1': '600 E. CAPITOL STREET', 'street_2': 'P.O. BOX 57', 'treasurer_name': 'BARON, SHELLY', 'zip': '72202'}",C00905471,,,,,,,,,250.0,2026-02-10,,250.0,JONESBORO,NONE,HOLLIS,,INBODEN,,"INBODEN, HOLLIS",NONE,,AR,2621 ROSEWOOD CIR,,,724015975,,P2026,,IND,INDIVIDUAL,PRIMARY,2026,1956215,F3,202603259856855586,,True,11AI,Contributions From Individuals/Persons Other Than Political Committees,4032520261425275010,2026-05-02T03:05:57,,,,False,,,https://docquery.fec.gov/cgi-bin/fecimg/?202603259856855586,15,CONTRIBUTION,,P,,S,12P,2026,SA,ITEMIZED RECEIPTS,4032620261433440145,7142625,2026,,C00905471,HALLIE SHOFFNER FOR ARKANSAS,"SHOFFNER, HALLIE",S6AR00199,AR,DEM,DEM,selected,True,highest_total_receipts,,True,2026,2026-05-03T14:08:22.022238+00:00
N,NO CHANGE,,,,,,,,,,,,,,,"{'affiliated_committee_name': 'NONE', 'candidate_ids': ['S6AR00199'], 'city': 'LITTLE ROCK', 'committee_id': 'C00905471', 'committee_type': 'S', 'committee_type_full': 'Senate', 'cycle': 2026, 'cycles': [2026], 'cycles_has_activity': [2026], 'cycles_has_financial': [2026], 'designated_agent_city': 'LITTLE ROCK', 'designated_agent_first_name': 'HALLIE', 'designated_agent_last_name': 'SHOFFNER', 'designated_agent_middle_name': None, 'designated_agent_name': 'SHOFFNER, HALLIE', 'designated_agent_phone_number': '8702173332', 'designated_agent_prefix': None, 'designated_agent_state': 'AR', 'designated_agent_street1': '600 E. CAPITOL', 'designated_agent_street2': None, 'designated_agent_suffix': None, 'designated_agent_title': 'CANDIDATE', 'designated_agent_zip': '72202', 'designation': 'P', 'designation_full': 'Principal campaign committee', 'filing_frequency': 'Q', 'first_f1_date': '2025-05-16', 'first_file_date': '2025-05-16', 'is_active': True, 'last_cycle_has_activity': 2026, 'last_cycle_has_financial': 2026, 'last_f1_date': '2025-09-10', 'last_file_date': '2026-04-15', 'name': 'HALLIE SHOFFNER FOR ARKANSAS', 'organization_type': None, 'organization_type_full': None, 'party': 'DEM', 'party_full': 'DEMOCRATIC PARTY', 'state': 'AR', 'state_full': 'Arkansas', 'street_1': '600 E. CAPITOL STREET', 'street_2': 'P.O. BOX 57', 'treasurer_name': 'BARON, SHELLY', 'zip': '72202'}",C00905471,,,,,,,,,500.0,2026-02-10,,500.0,JONESBORO,NONE,DON,,VOLLMAN,,"VOLLMAN, DON",RETIRED,,AR,1315 LINDEN AVE,,,724015623,,P2026,,IND,INDIVIDUAL,PRIMARY,2026,1956215,F3,202603259856855582,,True,11AI,Contributions From Individuals/Persons Other Than Political Committees,4032520261425275010,2026-05-02T03:05:57,,,,False,,,https://docquery.fec.gov/cgi-bin/fecimg/?202603259856855582,15,CONTRIBUTION,,P,,S,12P,2026,SA,ITEMIZED RECEIPTS,4032620261433440135,7142615,2026,,C00905471,HALLIE SHOFFNER FOR ARKANSAS,"SHOFFNER, HALLIE",S6AR00199,AR,DEM,DEM,selected,True,highest_total_receipts,,True,2026,2026-05-03T14:08:22.022311+00:00
N,NO CHANGE,,,,,,,,,,,,,,,"{'affiliated_committee_name': 'NONE', 'candidate_ids': ['S6AR00199'], 'city': 'LITTLE ROCK', 'committee_id': 'C00905471', 'committee_type': 'S', 'committee_type_full': 'Senate', 'cycle': 2026, 'cycles': [2026], 'cycles_has_activity': [2026], 'cycles_has_financial': [2026], 'designated_agent_city': 'LITTLE ROCK', 'designated_agent_first_name': 'HALLIE', 'designated_agent_last_name': 'SHOFFNER', 'designated_agent_middle_name': None, 'designated_agent_name': 'SHOFFNER, HALLIE', 'designated_agent_phone_number': '8702173332', 'designated_agent_prefix': None, 'designated_agent_state': 'AR', 'designated_agent_street1': '600 E. CAPITOL', 'designated_agent_street2': None, 'designated_agent_suffix': None, 'designated_agent_title': 'CANDIDATE', 'designated_agent_zip': '72202', 'designation': 'P', 'designation_full': 'Principal campaign committee', 'filing_frequency': 'Q', 'first_f1_date': '2025-05-16', 'first_file_date': '2025-05-16', 'is_active': True, 'last_cycle_has_activity': 2026, 'last_cycle_has_financial': 2026, 'last_f1_date': '2025-09-10', 'last_file_date': '2026-04-15', 'name': 'HALLIE SHOFFNER FOR ARKANSAS', 'organization_type': None, 'organization_type_full': None, 'party': 'DEM', 'party_full': 'DEMOCRATIC PARTY', 'state': 'AR', 'state_full': 'Arkansas', 'street_1': '600 E. CAPITOL STREET', 'street_2': 'P.O. BOX 57', 'treasurer_name': 'BARON, SHELLY', 'zip': '72202'}",C00905471,,,,,,,,,26.19,2026-02-10,,576.19,URBANA,RETIRED,BRIAN,,MUSTAIN,,"MUSTAIN, BRIAN",RETIRED,,IL,407 W ILLINOIS ST,,,618013214,,P2026,,IND,INDIVIDUAL,PRIMARY,2026,1956215,F3,202603259856855569,,True,11AI,Contributions From Individuals/Persons Other Than Political Committees,4032520261425275010,2026-05-02T03:05:57,,,,False,,,https://docquery.fec.gov/cgi-bin/fecimg/?202603259856855569,15,CONTRIBUTION,,P,,S,12P,2026,SA,ITEMIZED RECEIPTS,4032620261433440096,7140754,2026,,C00905471,HALLIE SHOFFNER FOR ARKANSAS,"SHOFFNER, HALLIE",S6AR00199,AR,DEM,DEM,selected,True,highest_total_receipts,,True,2026,2026-05-03T14:08:22.022383+00:00
N,NO CHANGE,SA11AI,6869634E,,,,,,,,,,,,,"{'affiliated_committee_name': 'NONE', 'candidate_ids': ['S6AR00199'], 'city': 'LITTLE ROCK', 'committee_id': 'C00905471', 'committee_type': 'S', 'committee_type_full': 'Senate', 'cycle': 2026, 'cycles': [2026], 'cycles_has_activity': [2026], 'cycles_has_financial': [2026], 'designated_agent_city': 'LITTLE ROCK', 'designated_agent_first_name': 'HALLIE', 'designated_agent_last_name': 'SHOFFNER', 'designated_agent_middle_name': None, 'designated_agent_name': 'SHOFFNER, HALLIE', 'designated_agent_phone_number': '8702173332', 'designated_agent_prefix': None, 'designated_agent_state': 'AR', 'designated_agent_street1': '600 E. CAPITOL', 'designated_agent_street2': None, 'designated_agent_suffix': None, 'designated_agent_title': 'CANDIDATE', 'designated_agent_zip': '72202', 'designation': 'P', 'designation_full': 'Principal campaign committee', 'filing_frequency': 'Q', 'first_f1_date': '2025-05-16', 'first_file_date': '2025-05-16', 'is_active': True, 'last_cycle_has_activity': 2026, 'last_cycle_has_financial': 2026, 'last_f1_date': '2025-09-10', 'last_file_date': '2026-04-15', 'name': 'HALLIE SHOFFNER FOR ARKANSAS', 'organization_type': None, 'organization_type_full': None, 'party': 'DEM', 'party_full': 'DEMOCRATIC PARTY', 'state': 'AR', 'state_full': 'Arkansas', 'street_1': '600 E. CAPITOL STREET', 'street_2': 'P.O. BOX 57', 'treasurer_name': 'BARON, SHELLY', 'zip': '72202'}",C00905471,,,,,,,,,25.0,2026-02-10,"{'affiliated_committee_name': 'BLUE TO THE FUTURE 2024', 'candidate_ids': [], 'city': 'SOMERVILLE', 'committee_id': 'C00401224', 'committee_type': 'V', 'committee_type_full': 'Hybrid PAC (with Non-Contribution Account) - Nonqualified', 'cycle': 2026, 'cycles': [2004, 2006, 2008, 2010, 2012, 2014, 2016, 2018, 2020, 2022, 2024, 2026], 'cycles_has_activity': [2004, 2006, 2008, 2010, 2012, 2014, 2016, 2018, 2020, 2022, 2024, 2026], 'cycles_has_financial': [2004, 2006, 2008, 2010, 2012, 2014, 2016, 2018, 2020, 2022, 2024, 2026], 'designated_agent_city': None, 'designated_agent_first_name': None, 'designated_agent_last_name': None, 'designated_agent_middle_name': None, 'designated_agent_name': None, 'designated_agent_phone_number': None, 'designated_agent_prefix': None, 'designated_agent_state': None, 'designated_agent_street1': None, 'designated_agent_street2': None, 'designated_agent_suffix': None, 'designated_agent_title': None, 'designated_agent_zip': None, 'designation': 'U', 'designation_full': 'Unauthorized', 'filing_frequency': 'M', 'first_f1_date': '2004-05-17', 'first_file_date': '2004-05-17', 'is_active': True, 'last_cycle_has_activity': 2026, 'last_cycle_has_financial': 2026, 'last_f1_date': '2024-07-29', 'last_file_date': '2026-04-22', 'name': 'ACTBLUE', 'organization_type': None, 'organization_type_full': None, 'party': None, 'party_full': None, 'state': 'MA', 'state_full': 'Massachusetts', 'street_1': 'PO BOX 441146', 'street_2': None, 'treasurer_name': 'GILMER, GEORGE', 'zip': '02144'}",202.13,FAYETTEVILLE,NOT EMPLOYED,KIMBERLY,C00401224,BETTS,,"BETTS, KIMBERLY",NOT EMPLOYED,,AR,2595 N TOY DR,,,727045959,,P2026,,IND,INDIVIDUAL,PRIMARY,2026,1956215,F3,202603259856855564,,True,11AI,Contributions From Individuals/Persons Other Than Political Committees,4032520261425275010,2026-05-02T03:05:57,,,* EARMARKED CONTRIBUTION: SEE BELOW,False,,,https://docquery.fec.gov/cgi-bin/fecimg/?202603259856855564,15E,EARMARKED CONTRIBUTION,,P,,S,12P,2026,SA,ITEMIZED RECEIPTS,4032620261433440081,6869634,2026,C00401224,C00905471,HALLIE SHOFFNER FOR ARKANSAS,"SHOFFNER, HALLIE",S6AR00199,AR,DEM,DEM,selected,True,highest_total_receipts,,True,2026,2026-05-03T14:08:22.022456+00:00
N,NO CHANGE,,,,,,,,,,,,,,,"{'affiliated_committee_name': 'NONE', 'candidate_ids': ['S6AR00199'], 'city': 'LITTLE ROCK', 'committee_id': 'C00905471', 'committee_type': 'S', 'committee_type_full': 'Senate', 'cycle': 2026, 'cycles': [2026], 'cycles_has_activity': [2026], 'cycles_has_financial': [2026], 'designated_agent_city': 'LITTLE ROCK', 'designated_agent_first_name': 'HALLIE', 'designated_agent_last_name': 'SHOFFNER', 'designated_agent_middle_name': None, 'designated_agent_name': 'SHOFFNER, HALLIE', 'designated_agent_phone_number': '8702173332', 'designated_agent_prefix': None, 'designated_agent_state': 'AR', 'designated_agent_street1': '600 E. CAPITOL', 'designated_agent_street2': None, 'designated_agent_suffix': None, 'designated_agent_title': 'CANDIDATE', 'designated_agent_zip': '72202', 'designation': 'P', 'designation_full': 'Principal campaign committee', 'filing_frequency': 'Q', 'first_f1_date': '2025-05-16', 'first_file_date': '2025-05-16', 'is_active': True, 'last_cycle_has_activity': 2026, 'last_cycle_has_financial': 2026, 'last_f1_date': '2025-09-10', 'last_file_date': '2026-04-15', 'name': 'HALLIE SHOFFNER FOR ARKANSAS', 'organization_type': None, 'organization_type_full': None, 'party': 'DEM', 'party_full': 'DEMOCRATIC PARTY', 'state': 'AR', 'state_full': 'Arkansas', 'street_1': '600 E. CAPITOL STREET', 'street_2': 'P.O. BOX 57', 'treasurer_name': 'BARON, SHELLY', 'zip': '72202'}",C00905471,,,,,,,,,250.0,2026-02-10,,250.0,JONESBORO,"HYNEMAN & ASSOCIATES, INC.",BRIAN,,HYNEMAN,,"HYNEMAN, BRIAN",AGRICULTURE,,AR,1306 E COUNTRY CLUB TER,,,724014325,,P2026,,IND,INDIVIDUAL,PRIMARY,2026,1956215,F3,202603259856855564,,True,11AI,Contributions From Individuals/Persons Other Than Political Committees,4032520261425275010,2026-05-02T03:05:57,,,,False,,,https://docquery.fec.gov/cgi-bin/fecimg/?202603259856855564,15,CONTRIBUTION,,P,,S,12P,2026,SA,ITEMIZED RECEIPTS,4032620261433440080,7140734,2026,,C00905471,HALLIE SHOFFNER FOR ARKANSAS,"SHOFFNER, HALLIE",S6AR00199,AR,DEM,DEM,selected,True,highest_total_receipts,,True,2026,2026-05-03T14:08:22.022531+00:00
N,NO CHANGE,,,,,,,,,,,,,,,"{'affiliated_committee_name': 'NONE', 'candidate_ids': ['S6AR00199'], 'city': 'LITTLE ROCK', 'committee_id': 'C00905471', 'committee_type': 'S', 'committee_type_full': 'Senate', 'cycle': 2026, 'cycles': [2026], 'cycles_has_activity': [2026], 'cycles_has_financial': [2026], 'designated_agent_city': 'LITTLE ROCK', 'designated_agent_first_name': 'HALLIE', 'designated_agent_last_name': 'SHOFFNER', 'designated_agent_middle_name': None, 'designated_agent_name': 'SHOFFNER, HALLIE', 'designated_agent_phone_number': '8702173332', 'designated_agent_prefix': None, 'designated_agent_state': 'AR', 'designated_agent_street1': '600 E. CAPITOL', 'designated_agent_street2': None, 'designated_agent_suffix': None, 'designated_agent_title': 'CANDIDATE', 'designated_agent_zip': '72202', 'designation': 'P', 'designation_full': 'Principal campaign committee', 'filing_frequency': 'Q', 'first_f1_date': '2025-05-16', 'first_file_date': '2025-05-16', 'is_active': True, 'last_cycle_has_activity': 2026, 'last_cycle_has_financial': 2026, 'last_f1_date': '2025-09-10', 'last_file_date': '2026-04-15', 'name': 'HALLIE SHOFFNER FOR ARKANSAS', 'organization_type': None, 'organization_type_full': None, 'party': 'DEM', 'party_full': 'DEMOCRATIC PARTY', 'state': 'AR', 'state_full': 'Arkansas', 'street_1': '600 E. CAPITOL STREET', 'street_2': 'P.O. BOX 57', 'treasurer_name': 'BARON, SHELLY', 'zip': '72202'}",C00905471,,,,,,,,,250.0,2026-02-10,,250.0,JONESBORO,NONE,MARILYN,,HUMMELSTEIN,,"HUMMELSTEIN, MARILYN",RETIRED,,AR,906 FAIRWAY DR,,,724014383,,P2026,,IND,INDIVIDUAL,PRIMARY,2026,1956215,F3,202603259856855556,,True,11AI,Contributions From Individuals/Persons Other Than Political Committees,4032520261425275010,2026-05-02T03:05:57,,,,False,,,https://docquery.fec.gov/cgi-bin/fecimg/?202603259856855556,15,CONTRIBUTION,,P,,S,12P,2026,SA,ITEMIZED RECEIPTS,4032620261433440057,7142624,2026,,C00905471,HALLIE SHOFFNER FOR ARKANSAS,"SHOFFNER, HALLIE",S6AR00199,AR,DEM,DEM,selected,True,highest_total_receipts,,True,2026,2026-05-03T14:08:22.022606+00:00
N,NO CHANGE,,,,,,,,,,,,,,,"{'affiliated_committee_name': 'NONE', 'candidate_ids': ['S6AR00199'], 'city': 'LITTLE ROCK', 'committee_id': 'C00905471', 'committee_type': 'S', 'committee_type_full': 'Senate', 'cycle': 2026, 'cycles': [2026], 'cycles_has_activity': [2026], 'cycles_has_financial': [2026], 'designated_agent_city': 'LITTLE ROCK', 'designated_agent_first_name': 'HALLIE', 'designated_agent_last_name': 'SHOFFNER', 'designated_agent_middle_name': None, 'designated_agent_name': 'SHOFFNER, HALLIE', 'designated_agent_phone_number': '8702173332', 'designated_agent_prefix': None, 'designated_agent_state': 'AR', 'designated_agent_street1': '600 E. CAPITOL', 'designated_agent_street2': None, 'designated_agent_suffix': None, 'designated_agent_title': 'CANDIDATE', 'designated_agent_zip': '72202', 'designation': 'P', 'designation_full': 'Principal campaign committee', 'filing_frequency': 'Q', 'first_f1_date': '2025-05-16', 'first_file_date': '2025-05-16', 'is_active': True, 'last_cycle_has_activity': 2026, 'last_cycle_has_financial': 2026, 'last_f1_date': '2025-09-10', 'last_file_date': '2026-04-15', 'name': 'HALLIE SHOFFNER FOR ARKANSAS', 'organization_type': None, 'organization_type_full': None, 'party': 'DEM', 'party_full': 'DEMOCRATIC PARTY', 'state': 'AR', 'state_full': 'Arkansas', 'street_1': '600 E. CAPITOL STREET', 'street_2': 'P.O. BOX 57', 'treasurer_name': 'BARON, SHELLY', 'zip': '72202'}",C00905471,,,,,,,,,500.0,2026-02-10,,500.0,JONESBORO,EAST AR AREA AGENCY ON AGING,DEB,,ROBERTS,,"ROBERTS, DEB",BILLING MANAGER,,AR,805 FERNWOOD DR,,,724018502,,P2026,,IND,INDIVIDUAL,PRIMARY,2026,1956215,F3,202603259856855553,,True,11AI,Contributions From Individuals/Persons Other Than Political Committees,4032520261425275010,2026-05-02T03:05:57,,,,False,,,https://docquery.fec.gov/cgi-bin/fecimg/?202603259856855553,15,CONTRIBUTION,,P,,S,12P,2026,SA,ITEMIZED RECEIPTS,4032620261433440048,7142614,2026,,C00905471,HALLIE SHOFFNER FOR ARKANSAS,"SHOFFNER, HALLIE",S6AR00199,AR,DEM,DEM,selected,True,highest_total_receipts,,True,2026,2026-05-03T14:08:22.022677+00:00
N,NO CHANGE,,,,,,,,,,,,,,,"{'affiliated_committee_name': 'NONE', 'candidate_ids': ['S6AR00199'], 'city': 'LITTLE ROCK', 'committee_id': 'C00905471', 'committee_type': 'S', 'committee_type_full': 'Senate', 'cycle': 2026, 'cycles': [2026], 'cycles_has_activity': [2026], 'cycles_has_financial': [2026], 'designated_agent_city': 'LITTLE ROCK', 'designated_agent_first_name': 'HALLIE', 'designated_agent_last_name': 'SHOFFNER', 'designated_agent_middle_name': None, 'designated_agent_name': 'SHOFFNER, HALLIE', 'designated_agent_phone_number': '8702173332', 'designated_agent_prefix': None, 'designated_agent_state': 'AR', 'designated_agent_street1': '600 E. CAPITOL', 'designated_agent_street2': None, 'designated_agent_suffix': None, 'designated_agent_title': 'CANDIDATE', 'designated_agent_zip': '72202', 'designation': 'P', 'designation_full': 'Principal campaign committee', 'filing_frequency': 'Q', 'first_f1_date': '2025-05-16', 'first_file_date': '2025-05-16', 'is_active': True, 'last_cycle_has_activity': 2026, 'last_cycle_has_financial': 2026, 'last_f1_date': '2025-09-10', 'last_file_date': '2026-04-15', 'name': 'HALLIE SHOFFNER FOR ARKANSAS', 'organization_type': None, 'organization_type_full': None, 'party': 'DEM', 'party_full': 'DEMOCRATIC PARTY', 'state': 'AR', 'state_full': 'Arkansas', 'street_1': '600 E. CAPITOL STREET', 'street_2': 'P.O. BOX 57', 'treasurer_name': 'BARON, SHELLY', 'zip': '72202'}",C00905471,,,,,,,,,50.0,2026-02-10,,250.0,LITTLE ROCK,DHS,CHRISTIN,,HARPER,,"HARPER, CHRISTIN",STATE EMPLOYEE,,AR,517 N PINE ST,,,722053937,,P2026,,IND,INDIVIDUAL,PRIMARY,2026,1956215,F3,202603259856855529,,True,11AI,Contributions From Individuals/Persons Other Than Political Committees,4032520261425275010,2026-05-02T03:05:57,,,,False,,,https://docquery.fec.gov/cgi-bin/fecimg/?202603259856855529,15,CONTRIBUTION,,P,,S,12P,2026,SA,ITEMIZED RECEIPTS,4032620261433438975,7140733,2026,,C00905471,HALLIE SHOFFNER FOR ARKANSAS,"SHOFFNER, HALLIE",S6AR00199,AR,DEM,DEM,selected,True,highest_total_receipts,,True,2026,2026-05-03T14:08:22.022747+00:00
N,NO CHANGE,,,,,,,,,,,,,,,"{'affiliated_committee_name': 'NONE', 'candidate_ids': ['S6AR00199'], 'city': 'LITTLE ROCK', 'committee_id': 'C00905471', 'committee_type': 'S', 'committee_type_full': 'Senate', 'cycle': 2026, 'cycles': [2026], 'cycles_has_activity': [2026], 'cycles_has_financial': [2026], 'designated_agent_city': 'LITTLE ROCK', 'designated_agent_first_name': 'HALLIE', 'designated_agent_last_name': 'SHOFFNER', 'designated_agent_middle_name': None, 'designated_agent_name': 'SHOFFNER, HALLIE', 'designated_agent_phone_number': '8702173332', 'designated_agent_prefix': None, 'designated_agent_state': 'AR', 'designated_agent_street1': '600 E. CAPITOL', 'designated_agent_street2': None, 'designated_agent_suffix': None, 'designated_agent_title': 'CANDIDATE', 'designated_agent_zip': '72202', 'designation': 'P', 'designation_full': 'Principal campaign committee', 'filing_frequency': 'Q', 'first_f1_date': '2025-05-16', 'first_file_date': '2025-05-16', 'is_active': True, 'last_cycle_has_activity': 2026, 'last_cycle_has_financial': 2026, 'last_f1_date': '2025-09-10', 'last_file_date': '2026-04-15', 'name': 'HALLIE SHOFFNER FOR ARKANSAS', 'organization_type': None, 'organization_type_full': None, 'party': 'DEM', 'party_full': 'DEMOCRATIC PARTY', 'state': 'AR', 'state_full': 'Arkansas', 'street_1': '600 E. CAPITOL STREET', 'street_2': 'P.O. BOX 57', 'treasurer_name': 'BARON, SHELLY', 'zip': '72202'}",C00905471,,,,,,,,,500.0,2026-02-10,,500.0,JONESBORO,TEXAS ACCESS TO JUSTICE,LISA,,MELTON,,"MELTON, LISA",LAWYER,,AR,605 W COLLEGE AVE,,,724014945,,P2026,,IND,INDIVIDUAL,PRIMARY,2026,1956215,F3,202603259856855523,,True,11AI,Contributions From Individuals/Persons Other Than Political Committees,4032520261425275010,2026-05-02T03:05:57,,,,False,,,https://docquery.fec.gov/cgi-bin/fecimg/?202603259856855523,15,CONTRIBUTION,,P,,S,12P,2026,SA,ITEMIZED RECEIPTS,4032620261433438956,7142613,2026,,C00905471,HALLIE SHOFFNER FOR ARKANSAS,"SHOFFNER, HALLIE",S6AR00199,AR,DEM,DEM,selected,True,highest_total_receipts,,True,2026,2026-05-03T14:08:22.022818+00:00
N,NO CHANGE,,,,,,,,,,,,,,,"{'affiliated_committee_name': 'NONE', 'candidate_ids': ['S6AR00199'], 'city': 'LITTLE ROCK', 'committee_id': 'C00905471', 'committee_type': 'S', 'committee_type_full': 'Senate', 'cycle': 2026, 'cycles': [2026], 'cycles_has_activity': [2026], 'cycles_has_financial': [2026], 'designated_agent_city': 'LITTLE ROCK', 'designated_agent_first_name': 'HALLIE', 'designated_agent_last_name': 'SHOFFNER', 'designated_agent_middle_name': None, 'designated_agent_name': 'SHOFFNER, HALLIE', 'designated_agent_phone_number': '8702173332', 'designated_agent_prefix': None, 'designated_agent_state': 'AR', 'designated_agent_street1': '600 E. CAPITOL', 'designated_agent_street2': None, 'designated_agent_suffix': None, 'designated_agent_title': 'CANDIDATE', 'designated_agent_zip': '72202', 'designation': 'P', 'designation_full': 'Principal campaign committee', 'filing_frequency': 'Q', 'first_f1_date': '2025-05-16', 'first_file_date': '2025-05-16', 'is_active': True, 'last_cycle_has_activity': 2026, 'last_cycle_has_financial': 2026, 'last_f1_date': '2025-09-10', 'last_file_date': '2026-04-15', 'name': 'HALLIE SHOFFNER FOR ARKANSAS', 'organization_type': None, 'organization_type_full': None, 'party': 'DEM', 'party_full': 'DEMOCRATIC PARTY', 'state': 'AR', 'state_full': 'Arkansas', 'street_1': '600 E. CAPITOL STREET', 'street_2': 'P.O. BOX 57', 'treasurer_name': 'BARON, SHELLY', 'zip': '72202'}",C00905471,,,,,,,,,207.75,2026-02-10,,668.57,JONESBORO,JONESBORO PUBLIC SCHOOLS,MATT,,REDMON,,"REDMON, MATT",TEACHER,,AR,4109 STEPHANIE LN,,,724051862,,P2026,,IND,INDIVIDUAL,PRIMARY,2026,1956215,F3,202603259856855506,,True,11AI,Contributions From Individuals/Persons Other Than Political Committees,4032520261425275010,2026-05-02T03:05:57,,,,False,,,https://docquery.fec.gov/cgi-bin/fecimg/?202603259856855506,15,CONTRIBUTION,,P,,S,12P,2026,SA,ITEMIZED RECEIPTS,4032620261433438907,7140752,2026,,C00905471,HALLIE SHOFFNER FOR ARKANSAS,"SHOFFNER, HALLIE",S6AR00199,AR,DEM,DEM,selected,True,highest_total_receipts,,True,2026,2026-05-03T14:08:22.022891+00:00
N,NO CHANGE,,,,,,,,,,,,,,,"{'affiliated_committee_name': 'NONE', 'candidate_ids': ['S6AR00199'], 'city': 'LITTLE ROCK', 'committee_id': 'C00905471', 'committee_type': 'S', 'committee_type_full': 'Senate', 'cycle': 2026, 'cycles': [2026], 'cycles_has_activity': [2026], 'cycles_has_financial': [2026], 'designated_agent_city': 'LITTLE ROCK', 'designated_agent_first_name': 'HALLIE', 'designated_agent_last_name': 'SHOFFNER', 'designated_agent_middle_name': None, 'designated_agent_name': 'SHOFFNER, HALLIE', 'designated_agent_phone_number': '8702173332', 'designated_agent_prefix': None, 'designated_agent_state': 'AR', 'designated_agent_street1': '600 E. CAPITOL', 'designated_agent_street2': None, 'designated_agent_suffix': None, 'designated_agent_title': 'CANDIDATE', 'designated_agent_zip': '72202', 'designation': 'P', 'designation_full': 'Principal campaign committee', 'filing_frequency': 'Q', 'first_f1_date': '2025-05-16', 'first_file_date': '2025-05-16', 'is_active': True, 'last_cycle_has_activity': 2026, 'last_cycle_has_financial': 2026, 'last_f1_date': '2025-09-10', 'last_file_date': '2026-04-15', 'name': 'HALLIE SHOFFNER FOR ARKANSAS', 'organization_type': None, 'organization_type_full': None, 'party': 'DEM', 'party_full': 'DEMOCRATIC PARTY', 'state': 'AR', 'state_full': 'Arkansas', 'street_1': '600 E. CAPITOL STREET', 'street_2': 'P.O. BOX 57', 'treasurer_name': 'BARON, SHELLY', 'zip': '72202'}",C00905471,,,,,,,,,250.0,2026-02-10,,250.0,JONESBORO,NONE,SUSAN,,HARRIS,,"HARRIS, SUSAN",RETIRED,,AR,2508 HIDDEN HILL CIR,,,724046985,,P2026,,IND,INDIVIDUAL,PRIMARY,2026,1956215,F3,202603259856855499,,True,11AI,Contributions From Individuals/Persons Other Than Political Committees,4032520261425275010,2026-05-02T03:05:57,,,,False,,,https://docquery.fec.gov/cgi-bin/fecimg/?202603259856855499,15,CONTRIBUTION,,P,,S,12P,2026,SA,ITEMIZED RECEIPTS,4032620261433438886,7142622,2026,,C00905471,HALLIE SHOFFNER FOR ARKANSAS,"SHOFFNER, HALLIE",S6AR00199,AR,DEM,DEM,selected,True,highest_total_receipts,,True,2026,2026-05-03T14:08:22.022964+00:00
N,NO CHANGE,,,,,,,,,,,,,,,"{'affiliated_committee_name': 'NONE', 'candidate_ids': ['S6AR00199'], 'city': 'LITTLE ROCK', 'committee_id': 'C00905471', 'committee_type': 'S', 'committee_type_full': 'Senate', 'cycle': 2026, 'cycles': [2026], 'cycles_has_activity': [2026], 'cycles_has_financial': [2026], 'designated_agent_city': 'LITTLE ROCK', 'designated_agent_first_name': 'HALLIE', 'designated_agent_last_name': 'SHOFFNER', 'designated_agent_middle_name': None, 'designated_agent_name': 'SHOFFNER, HALLIE', 'designated_agent_phone_number': '8702173332', 'designated_agent_prefix': None, 'designated_agent_state': 'AR', 'designated_agent_street1': '600 E. CAPITOL', 'designated_agent_street2': None, 'designated_agent_suffix': None, 'designated_agent_title': 'CANDIDATE', 'designated_agent_zip': '72202', 'designation': 'P', 'designation_full': 'Principal campaign committee', 'filing_frequency': 'Q', 'first_f1_date': '2025-05-16', 'first_file_date': '2025-05-16', 'is_active': True, 'last_cycle_has_activity': 2026, 'last_cycle_has_financial': 2026, 'last_f1_date': '2025-09-10', 'last_file_date': '2026-04-15', 'name': 'HALLIE SHOFFNER FOR ARKANSAS', 'organization_type': None, 'organization_type_full': None, 'party': 'DEM', 'party_full': 'DEMOCRATIC PARTY', 'state': 'AR', 'state_full': 'Arkansas', 'street_1': '600 E. CAPITOL STREET', 'street_2': 'P.O. BOX 57', 'treasurer_name': 'BARON, SHELLY', 'zip': '72202'}",C00905471,,,,,,,,,500.0,2026-02-10,,515.0,JONESBORO,NOT EMPLOYED,SHARON,,JIU,,"JIU, SHARON",NOT EMPLOYED,,AR,2804 LANDS END CV,,,724015952,,P2026,,IND,INDIVIDUAL,PRIMARY,2026,1956215,F3,202603259856855497,,True,11AI,Contributions From Individuals/Persons Other Than Political Committees,4032520261425275010,2026-05-02T03:05:57,,,,False,,,https://docquery.fec.gov/cgi-bin/fecimg/?202603259856855497,15,CONTRIBUTION,,P,,S,12P,2026,SA,ITEMIZED RECEIPTS,4032620261433438880,7142612,2026,,C00905471,HALLIE SHOFFNER FOR ARKANSAS,"SHOFFNER, HALLIE",S6AR00199,AR,DEM,DEM,selected,True,highest_total_receipts,,True,2026,2026-05-03T14:08:22.023036+00:00
N,NO CHANGE,SA11AI,6874531E,,,,,,,,,,,,,"{'affiliated_committee_name': 'NONE', 'candidate_ids': ['S6AR00199'], 'city': 'LITTLE ROCK', 'committee_id': 'C00905471', 'committee_type': 'S', 'committee_type_full': 'Senate', 'cycle': 2026, 'cycles': [2026], 'cycles_has_activity': [2026], 'cycles_has_financial': [2026], 'designated_agent_city': 'LITTLE ROCK', 'designated_agent_first_name': 'HALLIE', 'designated_agent_last_name': 'SHOFFNER', 'designated_agent_middle_name': None, 'designated_agent_name': 'SHOFFNER, HALLIE', 'designated_agent_phone_number': '8702173332', 'designated_agent_prefix': None, 'designated_agent_state': 'AR', 'designated_agent_street1': '600 E. CAPITOL', 'designated_agent_street2': None, 'designated_agent_suffix': None, 'designated_agent_title': 'CANDIDATE', 'designated_agent_zip': '72202', 'designation': 'P', 'designation_full': 'Principal campaign committee', 'filing_frequency': 'Q', 'first_f1_date': '2025-05-16', 'first_file_date': '2025-05-16', 'is_active': True, 'last_cycle_has_activity': 2026, 'last_cycle_has_financial': 2026, 'last_f1_date': '2025-09-10', 'last_file_date': '2026-04-15', 'name': 'HALLIE SHOFFNER FOR ARKANSAS', 'organization_type': None, 'organization_type_full': None, 'party': 'DEM', 'party_full': 'DEMOCRATIC PARTY', 'state': 'AR', 'state_full': 'Arkansas', 'street_1': '600 E. CAPITOL STREET', 'street_2': 'P.O. BOX 57', 'treasurer_name': 'BARON, SHELLY', 'zip': '72202'}",C00905471,,,,,,,,,100.0,2026-02-10,"{'affiliated_committee_name': 'BLUE TO THE FUTURE 2024', 'candidate_ids': [], 'city': 'SOMERVILLE', 'committee_id': 'C00401224', 'committee_type': 'V', 'committee_type_full': 'Hybrid PAC (with Non-Contribution Account) - Nonqualified', 'cycle': 2026, 'cycles': [2004, 2006, 2008, 2010, 2012, 2014, 2016, 2018, 2020, 2022, 2024, 2026], 'cycles_has_activity': [2004, 2006, 2008, 2010, 2012, 2014, 2016, 2018, 2020, 2022, 2024, 2026], 'cycles_has_financial': [2004, 2006, 2008, 2010, 2012, 2014, 2016, 2018, 2020, 2022, 2024, 2026], 'designated_agent_city': None, 'designated_agent_first_name': None, 'designated_agent_last_name': None, 'designated_agent_middle_name': None, 'designated_agent_name': None, 'designated_agent_phone_number': None, 'designated_agent_prefix': None, 'designated_agent_state': None, 'designated_agent_street1': None, 'designated_agent_street2': None, 'designated_agent_suffix': None, 'designated_agent_title': None, 'designated_agent_zip': None, 'designation': 'U', 'designation_full': 'Unauthorized', 'filing_frequency': 'M', 'first_f1_date': '2004-05-17', 'first_file_date': '2004-05-17', 'is_active': True, 'last_cycle_has_activity': 2026, 'last_cycle_has_financial': 2026, 'last_f1_date': '2024-07-29', 'last_file_date': '2026-04-22', 'name': 'ACTBLUE', 'organization_type': None, 'organization_type_full': None, 'party': None, 'party_full': None, 'state': 'MA', 'state_full': 'Massachusetts', 'street_1': 'PO BOX 441146', 'street_2': None, 'treasurer_name': 'GILMER, GEORGE', 'zip': '02144'}",325.0,SOLGOHACHIA,NOT EMPLOYED,CATHY,C00401224,BARNES,,"BARNES, CATHY",NOT EMPLOYED,,AR,260 RANGER RD,,,721569522,,P2026,,IND,INDIVIDUAL,PRIMARY,2026,1956215,F3,202603259856855474,,True,11AI,Contributions From Individuals/Persons Other Than Political Committees,4032520261425275010,2026-05-02T03:05:57,,,* EARMARKED CONTRIBUTION: SEE BELOW,False,,,https://docquery.fec.gov/cgi-bin/fecimg/?202603259856855474,15E,EARMARKED CONTRIBUTION,,P,,S,12P,2026,SA,ITEMIZED RECEIPTS,4032620261433438810,6874531,2026,C00401224,C00905471,HALLIE SHOFFNER FOR ARKANSAS,"SHOFFNER, HALLIE",S6AR00199,AR,DEM,DEM,selected,True,highest_total_receipts,,True,2026,2026-05-03T14:08:22.023108+00:00
N,NO CHANGE,,,,,,,,,,,,,,,"{'affiliated_committee_name': 'NONE', 'candidate_ids': ['S6AR00199'], 'city': 'LITTLE ROCK', 'committee_id': 'C00905471', 'committee_type': 'S', 'committee_type_full': 'Senate', 'cycle': 2026, 'cycles': [2026], 'cycles_has_activity': [2026], 'cycles_has_financial': [2026], 'designated_agent_city': 'LITTLE ROCK', 'designated_agent_first_name': 'HALLIE', 'designated_agent_last_name': 'SHOFFNER', 'designated_agent_middle_name': None, 'designated_agent_name': 'SHOFFNER, HALLIE', 'designated_agent_phone_number': '8702173332', 'designated_agent_prefix': None, 'designated_agent_state': 'AR', 'designated_agent_street1': '600 E. CAPITOL', 'designated_agent_street2': None, 'designated_agent_suffix': None, 'designated_agent_title': 'CANDIDATE', 'designated_agent_zip': '72202', 'designation': 'P', 'designation_full': 'Principal campaign committee', 'filing_frequency': 'Q', 'first_f1_date': '2025-05-16', 'first_file_date': '2025-05-16', 'is_active': True, 'last_cycle_has_activity': 2026, 'last_cycle_has_financial': 2026, 'last_f1_date': '2025-09-10', 'last_file_date': '2026-04-15', 'name': 'HALLIE SHOFFNER FOR ARKANSAS', 'organization_type': None, 'organization_type_full': None, 'party': 'DEM', 'party_full': 'DEMOCRATIC PARTY', 'state': 'AR', 'state_full': 'Arkansas', 'street_1': '600 E. CAPITOL STREET', 'street_2': 'P.O. BOX 57', 'treasurer_name': 'BARON, SHELLY', 'zip': '72202'}",C00905471,,,,,,,,,250.0,2026-02-10,,250.0,JONESBORO,ARVEST,JOE,,VERSER,,"VERSER, JOE",COMMERCIAL LOAN MANAGER,,AR,4006 FRIENDLY HOPE RD,,,724049225,,P2026,,IND,INDIVIDUAL,PRIMARY,2026,1956215,F3,202603259856855471,,True,11AI,Contributions From Individuals/Persons Other Than Political Committees,4032520261425275010,2026-05-02T03:05:57,,,,False,,,https://docquery.fec.gov/cgi-bin/fecimg/?202603259856855471,15,CONTRIBUTION,,P,,S,12P,2026,SA,ITEMIZED RECEIPTS,4032620261433438802,7142621,2026,,C00905471,HALLIE SHOFFNER FOR ARKANSAS,"SHOFFNER, HALLIE",S6AR00199,AR,DEM,DEM,selected,True,highest_total_receipts,,True,2026,2026-05-03T14:08:22.023180+00:00
N,NO CHANGE,,,,,,,,,,,,,,,"{'affiliated_committee_name': 'NONE', 'candidate_ids': ['S6AR00199'], 'city': 'LITTLE ROCK', 'committee_id': 'C00905471', 'committee_type': 'S', 'committee_type_full': 'Senate', 'cycle': 2026, 'cycles': [2026], 'cycles_has_activity': [2026], 'cycles_has_financial': [2026], 'designated_agent_city': 'LITTLE ROCK', 'designated_agent_first_name': 'HALLIE', 'designated_agent_last_name': 'SHOFFNER', 'designated_agent_middle_name': None, 'designated_agent_name': 'SHOFFNER, HALLIE', 'designated_agent_phone_number': '8702173332', 'designated_agent_prefix': None, 'designated_agent_state': 'AR', 'designated_agent_street1': '600 E. CAPITOL', 'designated_agent_street2': None, 'designated_agent_suffix': None, 'designated_agent_title': 'CANDIDATE', 'designated_agent_zip': '72202', 'designation': 'P', 'designation_full': 'Principal campaign committee', 'filing_frequency': 'Q', 'first_f1_date': '2025-05-16', 'first_file_date': '2025-05-16', 'is_active': True, 'last_cycle_has_activity': 2026, 'last_cycle_has_financial': 2026, 'last_f1_date': '2025-09-10', 'last_file_date': '2026-04-15', 'name': 'HALLIE SHOFFNER FOR ARKANSAS', 'organization_type': None, 'organization_type_full': None, 'party': 'DEM', 'party_full': 'DEMOCRATIC PARTY', 'state': 'AR', 'state_full': 'Arkansas', 'street_1': '600 E. CAPITOL STREET', 'street_2': 'P.O. BOX 57', 'treasurer_name': 'BARON, SHELLY', 'zip': '72202'}",C00905471,,,,,,,,,500.0,2026-02-10,,500.0,LITTLE ROCK,NONE,JEANNE,,COLE,,"COLE, JEANNE",NONE,,AR,7000 KINGWOOD RD,,,722071727,,P2026,,IND,INDIVIDUAL,PRIMARY,2026,1956215,F3,202603259856855468,,True,11AI,Contributions From Individuals/Persons Other Than Political Committees,4032520261425275010,2026-05-02T03:05:57,,,,False,,,https://docquery.fec.gov/cgi-bin/fecimg/?202603259856855468,15,CONTRIBUTION,,P,,S,12P,2026,SA,ITEMIZED RECEIPTS,4032620261433438793,7142611,2026,,C00905471,HALLIE SHOFFNER FOR ARKANSAS,"SHOFFNER, HALLIE",S6AR00199,AR,DEM,DEM,selected,True,highest_total_receipts,,True,2026,2026-05-03T14:08:22.023254+00:00
N,NO CHANGE,,,,,,,,,,,,,,,"{'affiliated_committee_name': 'NONE', 'candidate_ids': ['S6AR00199'], 'city': 'LITTLE ROCK', 'committee_id': 'C00905471', 'committee_type': 'S', 'committee_type_full': 'Senate', 'cycle': 2026, 'cycles': [2026], 'cycles_has_activity': [2026], 'cycles_has_financial': [2026], 'designated_agent_city': 'LITTLE ROCK', 'designated_agent_first_name': 'HALLIE', 'designated_agent_last_name': 'SHOFFNER', 'designated_agent_middle_name': None, 'designated_agent_name': 'SHOFFNER, HALLIE', 'designated_agent_phone_number': '8702173332', 'designated_agent_prefix': None, 'designated_agent_state': 'AR', 'designated_agent_street1': '600 E. CAPITOL', 'designated_agent_street2': None, 'designated_agent_suffix': None, 'designated_agent_title': 'CANDIDATE', 'designated_agent_zip': '72202', 'designation': 'P', 'designation_full': 'Principal campaign committee', 'filing_frequency': 'Q', 'first_f1_date': '2025-05-16', 'first_file_date': '2025-05-16', 'is_active': True, 'last_cycle_has_activity': 2026, 'last_cycle_has_financial': 2026, 'last_f1_date': '2025-09-10', 'last_file_date': '2026-04-15', 'name': 'HALLIE SHOFFNER FOR ARKANSAS', 'organization_type': None, 'organization_type_full': None, 'party': 'DEM', 'party_full': 'DEMOCRATIC PARTY', 'state': 'AR', 'state_full': 'Arkansas', 'street_1': '600 E. CAPITOL STREET', 'street_2': 'P.O. BOX 57', 'treasurer_name': 'BARON, SHELLY', 'zip': '72202'}",C00905471,,,,,,,,,259.63,2026-02-10,,259.63,JONESBORO,MID-SOUTH LIONS,BRAD,,BAKER,,"BAKER, BRAD",NON-PROFIT CEO,,AR,1120 MEDALLION CV,,,724040606,,P2026,,IND,INDIVIDUAL,PRIMARY,2026,1956215,F3,202603259856855456,,True,11AI,Contributions From Individuals/Persons Other Than Political Committees,4032520261425275010,2026-05-02T03:05:57,,,,False,,,https://docquery.fec.gov/cgi-bin/fecimg/?202603259856855456,15,CONTRIBUTION,,P,,S,12P,2026,SA,ITEMIZED RECEIPTS,4032620261433438755,7140750,2026,,C00905471,HALLIE SHOFFNER FOR ARKANSAS,"SHOFFNER, HALLIE",S6AR00199,AR,DEM,DEM,selected,True,highest_total_receipts,,True,2026,2026-05-03T14:08:22.023323+00:00
N,NO CHANGE,,,,,,,,,,,,,,,"{'affiliated_committee_name': 'NONE', 'candidate_ids': ['S6AR00199'], 'city': 'LITTLE ROCK', 'committee_id': 'C00905471', 'committee_type': 'S', 'committee_type_full': 'Senate', 'cycle': 2026, 'cycles': [2026], 'cycles_has_activity': [2026], 'cycles_has_financial': [2026], 'designated_agent_city': 'LITTLE ROCK', 'designated_agent_first_name': 'HALLIE', 'designated_agent_last_name': 'SHOFFNER', 'designated_agent_middle_name': None, 'designated_agent_name': 'SHOFFNER, HALLIE', 'designated_agent_phone_number': '8702173332', 'designated_agent_prefix': None, 'designated_agent_state': 'AR', 'designated_agent_street1': '600 E. CAPITOL', 'designated_agent_street2': None, 'designated_agent_suffix': None, 'designated_agent_title': 'CANDIDATE', 'designated_agent_zip': '72202', 'designation': 'P', 'designation_full': 'Principal campaign committee', 'filing_frequency': 'Q', 'first_f1_date': '2025-05-16', 'first_file_date': '2025-05-16', 'is_active': True, 'last_cycle_has_activity': 2026, 'last_cycle_has_financial': 2026, 'last_f1_date': '2025-09-10', 'last_file_date': '2026-04-15', 'name': 'HALLIE SHOFFNER FOR ARKANSAS', 'organization_type': None, 'organization_type_full': None, 'party': 'DEM', 'party_full': 'DEMOCRATIC PARTY', 'state': 'AR', 'state_full': 'Arkansas', 'street_1': '600 E. CAPITOL STREET', 'street_2': 'P.O. BOX 57', 'treasurer_name': 'BARON, SHELLY', 'zip': '72202'}",C00905471,,,,,,,,,500.0,2026-02-10,,700.0,JONESBORO,ARISA,ASAD,,KHAN,,"KHAN, ASAD",MD,,AR,2806 COVEY DR,,,724046909,,P2026,,IND,INDIVIDUAL,PRIMARY,2026,1956215,F3,202603259856855452,,True,11AI,Contributions From Individuals/Persons Other Than Political Committees,4032520261425275010,2026-05-02T03:05:57,,,,False,,,https://docquery.fec.gov/cgi-bin/fecimg/?202603259856855452,15,CONTRIBUTION,,P,,S,12P,2026,SA,ITEMIZED RECEIPTS,4032620261433438743,7140730,2026,,C00905471,HALLIE SHOFFNER FOR ARKANSAS,"SHOFFNER, HALLIE",S6AR00199,AR,DEM,DEM,selected,True,highest_total_receipts,,True,2026,2026-05-03T14:08:22.023393+00:00
C,CHANGE,,,,,,,,,,,,,,,"{'affiliated_committee_name': 'NONE', 'candidate_ids': ['S6AR00199'], 'city': 'LITTLE ROCK', 'committee_id': 'C00905471', 'committee_type': 'S', 'committee_type_full': 'Senate', 'cycle': 2026, 'cycles': [2026], 'cycles_has_activity': [2026], 'cycles_has_financial': [2026], 'designated_agent_city': 'LITTLE ROCK', 'designated_agent_first_name': 'HALLIE', 'designated_agent_last_name': 'SHOFFNER', 'designated_agent_middle_name': None, 'designated_agent_name': 'SHOFFNER, HALLIE', 'designated_agent_phone_number': '8702173332', 'designated_agent_prefix': None, 'designated_agent_state': 'AR', 'designated_agent_street1': '600 E. CAPITOL', 'designated_agent_street2': None, 'designated_agent_suffix': None, 'designated_agent_title': 'CANDIDATE', 'designated_agent_zip': '72202', 'designation': 'P', 'designation_full': 'Principal campaign committee', 'filing_frequency': 'Q', 'first_f1_date': '2025-05-16', 'first_file_date': '2025-05-16', 'is_active': True, 'last_cycle_has_activity': 2026, 'last_cycle_has_financial': 2026, 'last_f1_date': '2025-09-10', 'last_file_date': '2026-04-15', 'name': 'HALLIE SHOFFNER FOR ARKANSAS', 'organization_type': None, 'organization_type_full': None, 'party': 'DEM', 'party_full': 'DEMOCRATIC PARTY', 'state': 'AR', 'state_full': 'Arkansas', 'street_1': '600 E. CAPITOL STREET', 'street_2': 'P.O. BOX 57', 'treasurer_name': 'BARON, SHELLY', 'zip': '72202'}",C00905471,,,,,,,,,300.0,2026-02-10,,900.0,JONESBORO,SELF,HOPE,,GILCHRIST,,"GILCHRIST, HOPE",PSYCHOLOGIST,,AR,701 OAK HOLLOW LN,,,724016079,,P2026,,IND,INDIVIDUAL,PRIMARY,2026,1956215,F3,202603259856855448,,True,11AI,Contributions From Individuals/Persons Other Than Political Committees,4032520261425275010,2026-05-02T03:05:57,,,,False,,,https://docquery.fec.gov/cgi-bin/fecimg/?202603259856855448,15,CONTRIBUTION,,P,,S,12P,2026,SA,ITEMIZED RECEIPTS,4032620261433438732,7142620,2026,,C00905471,HALLIE SHOFFNER FOR ARKANSAS,"SHOFFNER, HALLIE",S6AR00199,AR,DEM,DEM,selected,True,highest_total_receipts,,True,2026,2026-05-03T14:08:22.023463+00:00
N,NO CHANGE,,,,,,,,,,,,,,,"{'affiliated_committee_name': 'NONE', 'candidate_ids': ['S6AR00199'], 'city': 'LITTLE ROCK', 'committee_id': 'C00905471', 'committee_type': 'S', 'committee_type_full': 'Senate', 'cycle': 2026, 'cycles': [2026], 'cycles_has_activity': [2026], 'cycles_has_financial': [2026], 'designated_agent_city': 'LITTLE ROCK', 'designated_agent_first_name': 'HALLIE', 'designated_agent_last_name': 'SHOFFNER', 'designated_agent_middle_name': None, 'designated_agent_name': 'SHOFFNER, HALLIE', 'designated_agent_phone_number': '8702173332', 'designated_agent_prefix': None, 'designated_agent_state': 'AR', 'designated_agent_street1': '600 E. CAPITOL', 'designated_agent_street2': None, 'designated_agent_suffix': None, 'designated_agent_title': 'CANDIDATE', 'designated_agent_zip': '72202', 'designation': 'P', 'designation_full': 'Principal campaign committee', 'filing_frequency': 'Q', 'first_f1_date': '2025-05-16', 'first_file_date': '2025-05-16', 'is_active': True, 'last_cycle_has_activity': 2026, 'last_cycle_has_financial': 2026, 'last_f1_date': '2025-09-10', 'last_file_date': '2026-04-15', 'name': 'HALLIE SHOFFNER FOR ARKANSAS', 'organization_type': None, 'organization_type_full': None, 'party': 'DEM', 'party_full': 'DEMOCRATIC PARTY', 'state': 'AR', 'state_full': 'Arkansas', 'street_1': '600 E. CAPITOL STREET', 'street_2': 'P.O. BOX 57', 'treasurer_name': 'BARON, SHELLY', 'zip': '72202'}",C00905471,,,,,,,,,1000.0,2026-02-10,,1000.0,JONESBORO,NONE,MARY JO,,GIBSON,,"GIBSON, MARY JO",RETIRED,,AR,1007 FAIRWAY DR,,,724014335,,P2026,,IND,INDIVIDUAL,PRIMARY,2026,1956215,F3,202603259856855445,,True,11AI,Contributions From Individuals/Persons Other Than Political Committees,4032520261425275010,2026-05-02T03:05:57,,,,False,,,https://docquery.fec.gov/cgi-bin/fecimg/?202603259856855445,15,CONTRIBUTION,,P,,S,12P,2026,SA,ITEMIZED RECEIPTS,4032620261433438722,7142610,2026,,C00905471,HALLIE SHOFFNER FOR ARKANSAS,"SHOFFNER, HALLIE",S6AR00199,AR,DEM,DEM,selected,True,highest_total_receipts,,True,2026,2026-05-03T14:08:22.023535+00:00
N,NO CHANGE,,,,,,,,,,,,,,,"{'affiliated_committee_name': 'NONE', 'candidate_ids': ['S6AR00199'], 'city': 'LITTLE ROCK', 'committee_id': 'C00905471', 'committee_type': 'S', 'committee_type_full': 'Senate', 'cycle': 2026, 'cycles': [2026], 'cycles_has_activity': [2026], 'cycles_has_financial': [2026], 'designated_agent_city': 'LITTLE ROCK', 'designated_agent_first_name': 'HALLIE', 'designated_agent_last_name': 'SHOFFNER', 'designated_agent_middle_name': None, 'designated_agent_name': 'SHOFFNER, HALLIE', 'designated_agent_phone_number': '8702173332', 'designated_agent_prefix': None, 'designated_agent_state': 'AR', 'designated_agent_street1': '600 E. CAPITOL', 'designated_agent_street2': None, 'designated_agent_suffix': None, 'designated_agent_title': 'CANDIDATE', 'designated_agent_zip': '72202', 'designation': 'P', 'designation_full': 'Principal campaign committee', 'filing_frequency': 'Q', 'first_f1_date': '2025-05-16', 'first_file_date': '2025-05-16', 'is_active': True, 'last_cycle_has_activity': 2026, 'last_cycle_has_financial': 2026, 'last_f1_date': '2025-09-10', 'last_file_date': '2026-04-15', 'name': 'HALLIE SHOFFNER FOR ARKANSAS', 'organization_type': None, 'organization_type_full': None, 'party': 'DEM', 'party_full': 'DEMOCRATIC PARTY', 'state': 'AR', 'state_full': 'Arkansas', 'street_1': '600 E. CAPITOL STREET', 'street_2': 'P.O. BOX 57', 'treasurer_name': 'BARON, SHELLY', 'zip': '72202'}",C00905471,,,,,,,,,12.7,2026-02-09,,242.73,RUSSELLVILLE,NO,MARY,,YAMASHITA,,"YAMASHITA, MARY",NO,,AR,510 RANDALL CIR,,,728028068,,P2026,,IND,INDIVIDUAL,PRIMARY,2026,1956215,F3,202603259856855697,,True,11AI,Contributions From Individuals/Persons Other Than Political Committees,4032520261425275010,2026-05-02T03:05:57,,,,False,,,https://docquery.fec.gov/cgi-bin/fecimg/?202603259856855697,15,CONTRIBUTION,,P,,S,12P,2026,SA,ITEMIZED RECEIPTS,4032620261433440480,7140758,2026,,C00905471,HALLIE SHOFFNER FOR ARKANSAS,"SHOFFNER, HALLIE",S6AR00199,AR,DEM,DEM,selected,True,highest_total_receipts,,True,2026,2026-05-03T14:08:22.023605+00:00
N,NO CHANGE,SA11AI,6845297E,,,,,,,,,,,,,"{'affiliated_committee_name': 'NONE', 'candidate_ids': ['S6AR00199'], 'city': 'LITTLE ROCK', 'committee_id': 'C00905471', 'committee_type': 'S', 'committee_type_full': 'Senate', 'cycle': 2026, 'cycles': [2026], 'cycles_has_activity': [2026], 'cycles_has_financial': [2026], 'designated_agent_city': 'LITTLE ROCK', 'designated_agent_first_name': 'HALLIE', 'designated_agent_last_name': 'SHOFFNER', 'designated_agent_middle_name': None, 'designated_agent_name': 'SHOFFNER, HALLIE', 'designated_agent_phone_number': '8702173332', 'designated_agent_prefix': None, 'designated_agent_state': 'AR', 'designated_agent_street1': '600 E. CAPITOL', 'designated_agent_street2': None, 'designated_agent_suffix': None, 'designated_agent_title': 'CANDIDATE', 'designated_agent_zip': '72202', 'designation': 'P', 'designation_full': 'Principal campaign committee', 'filing_frequency': 'Q', 'first_f1_date': '2025-05-16', 'first_file_date': '2025-05-16', 'is_active': True, 'last_cycle_has_activity': 2026, 'last_cycle_has_financial': 2026, 'last_f1_date': '2025-09-10', 'last_file_date': '2026-04-15', 'name': 'HALLIE SHOFFNER FOR ARKANSAS', 'organization_type': None, 'organization_type_full': None, 'party': 'DEM', 'party_full': 'DEMOCRATIC PARTY', 'state': 'AR', 'state_full': 'Arkansas', 'street_1': '600 E. CAPITOL STREET', 'street_2': 'P.O. BOX 57', 'treasurer_name': 'BARON, SHELLY', 'zip': '72202'}",C00905471,,,,,,,,,10.0,2026-02-09,"{'affiliated_committee_name': 'BLUE TO THE FUTURE 2024', 'candidate_ids': [], 'city': 'SOMERVILLE', 'committee_id': 'C00401224', 'committee_type': 'V', 'committee_type_full': 'Hybrid PAC (with Non-Contribution Account) - Nonqualified', 'cycle': 2026, 'cycles': [2004, 2006, 2008, 2010, 2012, 2014, 2016, 2018, 2020, 2022, 2024, 2026], 'cycles_has_activity': [2004, 2006, 2008, 2010, 2012, 2014, 2016, 2018, 2020, 2022, 2024, 2026], 'cycles_has_financial': [2004, 2006, 2008, 2010, 2012, 2014, 2016, 2018, 2020, 2022, 2024, 2026], 'designated_agent_city': None, 'designated_agent_first_name': None, 'designated_agent_last_name': None, 'designated_agent_middle_name': None, 'designated_agent_name': None, 'designated_agent_phone_number': None, 'designated_agent_prefix': None, 'designated_agent_state': None, 'designated_agent_street1': None, 'designated_agent_street2': None, 'designated_agent_suffix': None, 'designated_agent_title': None, 'designated_agent_zip': None, 'designation': 'U', 'designation_full': 'Unauthorized', 'filing_frequency': 'M', 'first_f1_date': '2004-05-17', 'first_file_date': '2004-05-17', 'is_active': True, 'last_cycle_has_activity': 2026, 'last_cycle_has_financial': 2026, 'last_f1_date': '2024-07-29', 'last_file_date': '2026-04-22', 'name': 'ACTBLUE', 'organization_type': None, 'organization_type_full': None, 'party': None, 'party_full': None, 'state': 'MA', 'state_full': 'Massachusetts', 'street_1': 'PO BOX 441146', 'street_2': None, 'treasurer_name': 'GILMER, GEORGE', 'zip': '02144'}",790.0,CONWAY,NOT EMPLOYED,TERESA,C00401224,HUFF,,"HUFF, TERESA",NOT EMPLOYED,,AR,325 HANNAH DR,,,720347266,,P2026,,IND,INDIVIDUAL,PRIMARY,2026,1956215,F3,202603259856855678,,True,11AI,Contributions From Individuals/Persons Other Than Political Committees,4032520261425275010,2026-05-02T03:05:57,,,* EARMARKED CONTRIBUTION: SEE BELOW,False,,,https://docquery.fec.gov/cgi-bin/fecimg/?202603259856855678,15E,EARMARKED CONTRIBUTION,,P,,S,12P,2026,SA,ITEMIZED RECEIPTS,4032620261433440422,6845297,2026,C00401224,C00905471,HALLIE SHOFFNER FOR ARKANSAS,"SHOFFNER, HALLIE",S6AR00199,AR,DEM,DEM,selected,True,highest_total_receipts,,True,2026,2026-05-03T14:08:22.023676+00:00
N,NO CHANGE,,,,,,,,,,,,,,,"{'affiliated_committee_name': 'NONE', 'candidate_ids': ['S6AR00199'], 'city': 'LITTLE ROCK', 'committee_id': 'C00905471', 'committee_type': 'S', 'committee_type_full': 'Senate', 'cycle': 2026, 'cycles': [2026], 'cycles_has_activity': [2026], 'cycles_has_financial': [2026], 'designated_agent_city': 'LITTLE ROCK', 'designated_agent_first_name': 'HALLIE', 'designated_agent_last_name': 'SHOFFNER', 'designated_agent_middle_name': None, 'designated_agent_name': 'SHOFFNER, HALLIE', 'designated_agent_phone_number': '8702173332', 'designated_agent_prefix': None, 'designated_agent_state': 'AR', 'designated_agent_street1': '600 E. CAPITOL', 'designated_agent_street2': None, 'designated_agent_suffix': None, 'designated_agent_title': 'CANDIDATE', 'designated_agent_zip': '72202', 'designation': 'P', 'designation_full': 'Principal campaign committee', 'filing_frequency': 'Q', 'first_f1_date': '2025-05-16', 'first_file_date': '2025-05-16', 'is_active': True, 'last_cycle_has_activity': 2026, 'last_cycle_has_financial': 2026, 'last_f1_date': '2025-09-10', 'last_file_date': '2026-04-15', 'name': 'HALLIE SHOFFNER FOR ARKANSAS', 'organization_type': None, 'organization_type_full': None, 'party': 'DEM', 'party_full': 'DEMOCRATIC PARTY', 'state': 'AR', 'state_full': 'Arkansas', 'street_1': '600 E. CAPITOL STREET', 'street_2': 'P.O. BOX 57', 'treasurer_name': 'BARON, SHELLY', 'zip': '72202'}",C00905471,,,,,,,,,133.27,2026-02-09,,233.27,FAYETTEVILLE,THE NEW SCHOOL,LINDLEY,,HODGES,,"HODGES, LINDLEY",TEACHER,,AR,1208 E HOPE ST,,,727012328,,P2026,,IND,INDIVIDUAL,PRIMARY,2026,1956215,F3,202603259856855630,,True,11AI,Contributions From Individuals/Persons Other Than Political Committees,4032520261425275010,2026-05-02T03:05:57,,,,False,,,https://docquery.fec.gov/cgi-bin/fecimg/?202603259856855630,15,CONTRIBUTION,,P,,S,12P,2026,SA,ITEMIZED RECEIPTS,4032620261433440277,7140946,2026,,C00905471,HALLIE SHOFFNER FOR ARKANSAS,"SHOFFNER, HALLIE",S6AR00199,AR,DEM,DEM,selected,True,highest_total_receipts,,True,2026,2026-05-03T14:08:22.023750+00:00
N,NO CHANGE,SA11AI,6845936E,,,,,,,,,,,,,"{'affiliated_committee_name': 'NONE', 'candidate_ids': ['S6AR00199'], 'city': 'LITTLE ROCK', 'committee_id': 'C00905471', 'committee_type': 'S', 'committee_type_full': 'Senate', 'cycle': 2026, 'cycles': [2026], 'cycles_has_activity': [2026], 'cycles_has_financial': [2026], 'designated_agent_city': 'LITTLE ROCK', 'designated_agent_first_name': 'HALLIE', 'designated_agent_last_name': 'SHOFFNER', 'designated_agent_middle_name': None, 'designated_agent_name': 'SHOFFNER, HALLIE', 'designated_agent_phone_number': '8702173332', 'designated_agent_prefix': None, 'designated_agent_state': 'AR', 'designated_agent_street1': '600 E. CAPITOL', 'designated_agent_street2': None, 'designated_agent_suffix': None, 'designated_agent_title': 'CANDIDATE', 'designated_agent_zip': '72202', 'designation': 'P', 'designation_full': 'Principal campaign committee', 'filing_frequency': 'Q', 'first_f1_date': '2025-05-16', 'first_file_date': '2025-05-16', 'is_active': True, 'last_cycle_has_activity': 2026, 'last_cycle_has_financial': 2026, 'last_f1_date': '2025-09-10', 'last_file_date': '2026-04-15', 'name': 'HALLIE SHOFFNER FOR ARKANSAS', 'organization_type': None, 'organization_type_full': None, 'party': 'DEM', 'party_full': 'DEMOCRATIC PARTY', 'state': 'AR', 'state_full': 'Arkansas', 'street_1': '600 E. CAPITOL STREET', 'street_2': 'P.O. BOX 57', 'treasurer_name': 'BARON, SHELLY', 'zip': '72202'}",C00905471,,,,,,,,,100.0,2026-02-09,"{'affiliated_committee_name': 'BLUE TO THE FUTURE 2024', 'candidate_ids': [], 'city': 'SOMERVILLE', 'committee_id': 'C00401224', 'committee_type': 'V', 'committee_type_full': 'Hybrid PAC (with Non-Contribution Account) - Nonqualified', 'cycle': 2026, 'cycles': [2004, 2006, 2008, 2010, 2012, 2014, 2016, 2018, 2020, 2022, 2024, 2026], 'cycles_has_activity': [2004, 2006, 2008, 2010, 2012, 2014, 2016, 2018, 2020, 2022, 2024, 2026], 'cycles_has_financial': [2004, 2006, 2008, 2010, 2012, 2014, 2016, 2018, 2020, 2022, 2024, 2026], 'designated_agent_city': None, 'designated_agent_first_name': None, 'designated_agent_last_name': None, 'designated_agent_middle_name': None, 'designated_agent_name': None, 'designated_agent_phone_number': None, 'designated_agent_prefix': None, 'designated_agent_state': None, 'designated_agent_street1': None, 'designated_agent_street2': None, 'designated_agent_suffix': None, 'designated_agent_title': None, 'designated_agent_zip': None, 'designation': 'U', 'designation_full': 'Unauthorized', 'filing_frequency': 'M', 'first_f1_date': '2004-05-17', 'first_file_date': '2004-05-17', 'is_active': True, 'last_cycle_has_activity': 2026, 'last_cycle_has_financial': 2026, 'last_f1_date': '2024-07-29', 'last_file_date': '2026-04-22', 'name': 'ACTBLUE', 'organization_type': None, 'organization_type_full': None, 'party': None, 'party_full': None, 'state': 'MA', 'state_full': 'Massachusetts', 'street_1': 'PO BOX 441146', 'street_2': None, 'treasurer_name': 'GILMER, GEORGE', 'zip': '02144'}",600.0,EL DORADO,SOUTH ARKANSAS REGIONAL HOSPITAL,ALISON,C00401224,BURROFF,,"BURROFF, ALISON",PHARMACIST,,AR,179 QUINN HILL DR,,,717308869,,P2026,,IND,INDIVIDUAL,PRIMARY,2026,1956215,F3,202603259856855623,,True,11AI,Contributions From Individuals/Persons Other Than Political Committees,4032520261425275010,2026-05-02T03:05:57,,,* EARMARKED CONTRIBUTION: SEE BELOW,False,,,https://docquery.fec.gov/cgi-bin/fecimg/?202603259856855623,15E,EARMARKED CONTRIBUTION,,P,,S,12P,2026,SA,ITEMIZED RECEIPTS,4032620261433440256,6845936,2026,C00401224,C00905471,HALLIE SHOFFNER FOR ARKANSAS,"SHOFFNER, HALLIE",S6AR00199,AR,DEM,DEM,selected,True,highest_total_receipts,,True,2026,2026-05-03T14:08:22.023824+00:00
N,NO CHANGE,,,,,,,,,,,,,,,"{'affiliated_committee_name': 'NONE', 'candidate_ids': ['S6AR00199'], 'city': 'LITTLE ROCK', 'committee_id': 'C00905471', 'committee_type': 'S', 'committee_type_full': 'Senate', 'cycle': 2026, 'cycles': [2026], 'cycles_has_activity': [2026], 'cycles_has_financial': [2026], 'designated_agent_city': 'LITTLE ROCK', 'designated_agent_first_name': 'HALLIE', 'designated_agent_last_name': 'SHOFFNER', 'designated_agent_middle_name': None, 'designated_agent_name': 'SHOFFNER, HALLIE', 'designated_agent_phone_number': '8702173332', 'designated_agent_prefix': None, 'designated_agent_state': 'AR', 'designated_agent_street1': '600 E. CAPITOL', 'designated_agent_street2': None, 'designated_agent_suffix': None, 'designated_agent_title': 'CANDIDATE', 'designated_agent_zip': '72202', 'designation': 'P', 'designation_full': 'Principal campaign committee', 'filing_frequency': 'Q', 'first_f1_date': '2025-05-16', 'first_file_date': '2025-05-16', 'is_active': True, 'last_cycle_has_activity': 2026, 'last_cycle_has_financial': 2026, 'last_f1_date': '2025-09-10', 'last_file_date': '2026-04-15', 'name': 'HALLIE SHOFFNER FOR ARKANSAS', 'organization_type': None, 'organization_type_full': None, 'party': 'DEM', 'party_full': 'DEMOCRATIC PARTY', 'state': 'AR', 'state_full': 'Arkansas', 'street_1': '600 E. CAPITOL STREET', 'street_2': 'P.O. BOX 57', 'treasurer_name': 'BARON, SHELLY', 'zip': '72202'}",C00905471,,,,,,,,,1000.0,2026-02-09,,1100.0,FISHER,LONE WOLF FARM,PENNY,,WOLF,,"WOLF, PENNY",FARMER,,AR,6164 LOGAN LN,,,724299766,,P2026,,IND,INDIVIDUAL,PRIMARY,2026,1956215,F3,202603259856855582,,True,11AI,Contributions From Individuals/Persons Other Than Political Committees,4032520261425275010,2026-05-02T03:05:57,,,,False,,,https://docquery.fec.gov/cgi-bin/fecimg/?202603259856855582,15,CONTRIBUTION,,P,,S,12P,2026,SA,ITEMIZED RECEIPTS,4032620261433440134,7142605,2026,,C00905471,HALLIE SHOFFNER FOR ARKANSAS,"SHOFFNER, HALLIE",S6AR00199,AR,DEM,DEM,selected,True,highest_total_receipts,,True,2026,2026-05-03T14:08:22.023906+00:00
N,NO CHANGE,SA11AI,6868394E,,,,,,,,,,,,,"{'affiliated_committee_name': 'NONE', 'candidate_ids': ['S6AR00199'], 'city': 'LITTLE ROCK', 'committee_id': 'C00905471', 'committee_type': 'S', 'committee_type_full': 'Senate', 'cycle': 2026, 'cycles': [2026], 'cycles_has_activity': [2026], 'cycles_has_financial': [2026], 'designated_agent_city': 'LITTLE ROCK', 'designated_agent_first_name': 'HALLIE', 'designated_agent_last_name': 'SHOFFNER', 'designated_agent_middle_name': None, 'designated_agent_name': 'SHOFFNER, HALLIE', 'designated_agent_phone_number': '8702173332', 'designated_agent_prefix': None, 'designated_agent_state': 'AR', 'designated_agent_street1': '600 E. CAPITOL', 'designated_agent_street2': None, 'designated_agent_suffix': None, 'designated_agent_title': 'CANDIDATE', 'designated_agent_zip': '72202', 'designation': 'P', 'designation_full': 'Principal campaign committee', 'filing_frequency': 'Q', 'first_f1_date': '2025-05-16', 'first_file_date': '2025-05-16', 'is_active': True, 'last_cycle_has_activity': 2026, 'last_cycle_has_financial': 2026, 'last_f1_date': '2025-09-10', 'last_file_date': '2026-04-15', 'name': 'HALLIE SHOFFNER FOR ARKANSAS', 'organization_type': None, 'organization_type_full': None, 'party': 'DEM', 'party_full': 'DEMOCRATIC PARTY', 'state': 'AR', 'state_full': 'Arkansas', 'street_1': '600 E. CAPITOL STREET', 'street_2': 'P.O. BOX 57', 'treasurer_name': 'BARON, SHELLY', 'zip': '72202'}",C00905471,,,,,,,,,250.0,2026-02-09,"{'affiliated_committee_name': 'BLUE TO THE FUTURE 2024', 'candidate_ids': [], 'city': 'SOMERVILLE', 'committee_id': 'C00401224', 'committee_type': 'V', 'committee_type_full': 'Hybrid PAC (with Non-Contribution Account) - Nonqualified', 'cycle': 2026, 'cycles': [2004, 2006, 2008, 2010, 2012, 2014, 2016, 2018, 2020, 2022, 2024, 2026], 'cycles_has_activity': [2004, 2006, 2008, 2010, 2012, 2014, 2016, 2018, 2020, 2022, 2024, 2026], 'cycles_has_financial': [2004, 2006, 2008, 2010, 2012, 2014, 2016, 2018, 2020, 2022, 2024, 2026], 'designated_agent_city': None, 'designated_agent_first_name': None, 'designated_agent_last_name': None, 'designated_agent_middle_name': None, 'designated_agent_name': None, 'designated_agent_phone_number': None, 'designated_agent_prefix': None, 'designated_agent_state': None, 'designated_agent_street1': None, 'designated_agent_street2': None, 'designated_agent_suffix': None, 'designated_agent_title': None, 'designated_agent_zip': None, 'designation': 'U', 'designation_full': 'Unauthorized', 'filing_frequency': 'M', 'first_f1_date': '2004-05-17', 'first_file_date': '2004-05-17', 'is_active': True, 'last_cycle_has_activity': 2026, 'last_cycle_has_financial': 2026, 'last_f1_date': '2024-07-29', 'last_file_date': '2026-04-22', 'name': 'ACTBLUE', 'organization_type': None, 'organization_type_full': None, 'party': None, 'party_full': None, 'state': 'MA', 'state_full': 'Massachusetts', 'street_1': 'PO BOX 441146', 'street_2': None, 'treasurer_name': 'GILMER, GEORGE', 'zip': '02144'}",450.0,SAN FRANCISCO,NOT EMPLOYED,ELIZABETH,C00401224,COLTON,,"COLTON, ELIZABETH",NOT EMPLOYED,,CA,1848 PINE ST,,,941094422,,P2026,,IND,INDIVIDUAL,PRIMARY,2026,1956215,F3,202603259856855578,,True,11AI,Contributions From Individuals/Persons Other Than Political Committees,4032520261425275010,2026-05-02T03:05:57,,,* EARMARKED CONTRIBUTION: SEE BELOW,False,,,https://docquery.fec.gov/cgi-bin/fecimg/?202603259856855578,15E,EARMARKED CONTRIBUTION,,P,,S,12P,2026,SA,ITEMIZED RECEIPTS,4032620261433440123,6868394,2026,C00401224,C00905471,HALLIE SHOFFNER FOR ARKANSAS,"SHOFFNER, HALLIE",S6AR00199,AR,DEM,DEM,selected,True,highest_total_receipts,,True,2026,2026-05-03T14:08:22.023985+00:00
N,NO CHANGE,,,,,,,,,,,,,,,"{'affiliated_committee_name': 'NONE', 'candidate_ids': ['S6AR00199'], 'city': 'LITTLE ROCK', 'committee_id': 'C00905471', 'committee_type': 'S', 'committee_type_full': 'Senate', 'cycle': 2026, 'cycles': [2026], 'cycles_has_activity': [2026], 'cycles_has_financial': [2026], 'designated_agent_city': 'LITTLE ROCK', 'designated_agent_first_name': 'HALLIE', 'designated_agent_last_name': 'SHOFFNER', 'designated_agent_middle_name': None, 'designated_agent_name': 'SHOFFNER, HALLIE', 'designated_agent_phone_number': '8702173332', 'designated_agent_prefix': None, 'designated_agent_state': 'AR', 'designated_agent_street1': '600 E. CAPITOL', 'designated_agent_street2': None, 'designated_agent_suffix': None, 'designated_agent_title': 'CANDIDATE', 'designated_agent_zip': '72202', 'designation': 'P', 'designation_full': 'Principal campaign committee', 'filing_frequency': 'Q', 'first_f1_date': '2025-05-16', 'first_file_date': '2025-05-16', 'is_active': True, 'last_cycle_has_activity': 2026, 'last_cycle_has_financial': 2026, 'last_f1_date': '2025-09-10', 'last_file_date': '2026-04-15', 'name': 'HALLIE SHOFFNER FOR ARKANSAS', 'organization_type': None, 'organization_type_full': None, 'party': 'DEM', 'party_full': 'DEMOCRATIC PARTY', 'state': 'AR', 'state_full': 'Arkansas', 'street_1': '600 E. CAPITOL STREET', 'street_2': 'P.O. BOX 57', 'treasurer_name': 'BARON, SHELLY', 'zip': '72202'}",C00905471,,,,,,,,,92.2,2026-02-09,,598.33,LITTLE ROCK,RETIRED,BEVERLY,,VILLINES,,"VILLINES, BEVERLY",RETIRED,,AR,38 SHERRILL RD,,,72202,,P2026,,IND,INDIVIDUAL,PRIMARY,2026,1956215,F3,202603259856855569,,True,11AI,Contributions From Individuals/Persons Other Than Political Committees,4032520261425275010,2026-05-02T03:05:57,,,,False,,,https://docquery.fec.gov/cgi-bin/fecimg/?202603259856855569,15,CONTRIBUTION,,P,,S,12P,2026,SA,ITEMIZED RECEIPTS,4032620261433440095,7140944,2026,,C00905471,HALLIE SHOFFNER FOR ARKANSAS,"SHOFFNER, HALLIE",S6AR00199,AR,DEM,DEM,selected,True,highest_total_receipts,,True,2026,2026-05-03T14:08:22.024060+00:00
N,NO CHANGE,SA11AI,6846563E,,,,,,,,,,,,,"{'affiliated_committee_name': 'NONE', 'candidate_ids': ['S6AR00199'], 'city': 'LITTLE ROCK', 'committee_id': 'C00905471', 'committee_type': 'S', 'committee_type_full': 'Senate', 'cycle': 2026, 'cycles': [2026], 'cycles_has_activity': [2026], 'cycles_has_financial': [2026], 'designated_agent_city': 'LITTLE ROCK', 'designated_agent_first_name': 'HALLIE', 'designated_agent_last_name': 'SHOFFNER', 'designated_agent_middle_name': None, 'designated_agent_name': 'SHOFFNER, HALLIE', 'designated_agent_phone_number': '8702173332', 'designated_agent_prefix': None, 'designated_agent_state': 'AR', 'designated_agent_street1': '600 E. CAPITOL', 'designated_agent_street2': None, 'designated_agent_suffix': None, 'designated_agent_title': 'CANDIDATE', 'designated_agent_zip': '72202', 'designation': 'P', 'designation_full': 'Principal campaign committee', 'filing_frequency': 'Q', 'first_f1_date': '2025-05-16', 'first_file_date': '2025-05-16', 'is_active': True, 'last_cycle_has_activity': 2026, 'last_cycle_has_financial': 2026, 'last_f1_date': '2025-09-10', 'last_file_date': '2026-04-15', 'name': 'HALLIE SHOFFNER FOR ARKANSAS', 'organization_type': None, 'organization_type_full': None, 'party': 'DEM', 'party_full': 'DEMOCRATIC PARTY', 'state': 'AR', 'state_full': 'Arkansas', 'street_1': '600 E. CAPITOL STREET', 'street_2': 'P.O. BOX 57', 'treasurer_name': 'BARON, SHELLY', 'zip': '72202'}",C00905471,,,,,,,,,50.0,2026-02-09,"{'affiliated_committee_name': 'BLUE TO THE FUTURE 2024', 'candidate_ids': [], 'city': 'SOMERVILLE', 'committee_id': 'C00401224', 'committee_type': 'V', 'committee_type_full': 'Hybrid PAC (with Non-Contribution Account) - Nonqualified', 'cycle': 2026, 'cycles': [2004, 2006, 2008, 2010, 2012, 2014, 2016, 2018, 2020, 2022, 2024, 2026], 'cycles_has_activity': [2004, 2006, 2008, 2010, 2012, 2014, 2016, 2018, 2020, 2022, 2024, 2026], 'cycles_has_financial': [2004, 2006, 2008, 2010, 2012, 2014, 2016, 2018, 2020, 2022, 2024, 2026], 'designated_agent_city': None, 'designated_agent_first_name': None, 'designated_agent_last_name': None, 'designated_agent_middle_name': None, 'designated_agent_name': None, 'designated_agent_phone_number': None, 'designated_agent_prefix': None, 'designated_agent_state': None, 'designated_agent_street1': None, 'designated_agent_street2': None, 'designated_agent_suffix': None, 'designated_agent_title': None, 'designated_agent_zip': None, 'designation': 'U', 'designation_full': 'Unauthorized', 'filing_frequency': 'M', 'first_f1_date': '2004-05-17', 'first_file_date': '2004-05-17', 'is_active': True, 'last_cycle_has_activity': 2026, 'last_cycle_has_financial': 2026, 'last_f1_date': '2024-07-29', 'last_file_date': '2026-04-22', 'name': 'ACTBLUE', 'organization_type': None, 'organization_type_full': None, 'party': None, 'party_full': None, 'state': 'MA', 'state_full': 'Massachusetts', 'street_1': 'PO BOX 441146', 'street_2': None, 'treasurer_name': 'GILMER, GEORGE', 'zip': '02144'}",300.0,SILOAM SPRINGS,FAYETTEVILLE PUBLIC SCHOOLS,MEGAN,C00401224,DENISON,,"DENISON, MEGAN",TEACHER,,AR,19081 FISHER FORD RD,,,727615319,,P2026,,IND,INDIVIDUAL,PRIMARY,2026,1956215,F3,202603259856855538,,True,11AI,Contributions From Individuals/Persons Other Than Political Committees,4032520261425275010,2026-05-02T03:05:57,,,* EARMARKED CONTRIBUTION: SEE BELOW,False,,,https://docquery.fec.gov/cgi-bin/fecimg/?202603259856855538,15E,EARMARKED CONTRIBUTION,,P,,S,12P,2026,SA,ITEMIZED RECEIPTS,4032620261433440003,6846563,2026,C00401224,C00905471,HALLIE SHOFFNER FOR ARKANSAS,"SHOFFNER, HALLIE",S6AR00199,AR,DEM,DEM,selected,True,highest_total_receipts,,True,2026,2026-05-03T14:08:22.024138+00:00
N,NO CHANGE,SA11AI,6869081E,,,,,,,,,,,,,"{'affiliated_committee_name': 'NONE', 'candidate_ids': ['S6AR00199'], 'city': 'LITTLE ROCK', 'committee_id': 'C00905471', 'committee_type': 'S', 'committee_type_full': 'Senate', 'cycle': 2026, 'cycles': [2026], 'cycles_has_activity': [2026], 'cycles_has_financial': [2026], 'designated_agent_city': 'LITTLE ROCK', 'designated_agent_first_name': 'HALLIE', 'designated_agent_last_name': 'SHOFFNER', 'designated_agent_middle_name': None, 'designated_agent_name': 'SHOFFNER, HALLIE', 'designated_agent_phone_number': '8702173332', 'designated_agent_prefix': None, 'designated_agent_state': 'AR', 'designated_agent_street1': '600 E. CAPITOL', 'designated_agent_street2': None, 'designated_agent_suffix': None, 'designated_agent_title': 'CANDIDATE', 'designated_agent_zip': '72202', 'designation': 'P', 'designation_full': 'Principal campaign committee', 'filing_frequency': 'Q', 'first_f1_date': '2025-05-16', 'first_file_date': '2025-05-16', 'is_active': True, 'last_cycle_has_activity': 2026, 'last_cycle_has_financial': 2026, 'last_f1_date': '2025-09-10', 'last_file_date': '2026-04-15', 'name': 'HALLIE SHOFFNER FOR ARKANSAS', 'organization_type': None, 'organization_type_full': None, 'party': 'DEM', 'party_full': 'DEMOCRATIC PARTY', 'state': 'AR', 'state_full': 'Arkansas', 'street_1': '600 E. CAPITOL STREET', 'street_2': 'P.O. BOX 57', 'treasurer_name': 'BARON, SHELLY', 'zip': '72202'}",C00905471,,,,,,,,,10.0,2026-02-09,"{'affiliated_committee_name': 'BLUE TO THE FUTURE 2024', 'candidate_ids': [], 'city': 'SOMERVILLE', 'committee_id': 'C00401224', 'committee_type': 'V', 'committee_type_full': 'Hybrid PAC (with Non-Contribution Account) - Nonqualified', 'cycle': 2026, 'cycles': [2004, 2006, 2008, 2010, 2012, 2014, 2016, 2018, 2020, 2022, 2024, 2026], 'cycles_has_activity': [2004, 2006, 2008, 2010, 2012, 2014, 2016, 2018, 2020, 2022, 2024, 2026], 'cycles_has_financial': [2004, 2006, 2008, 2010, 2012, 2014, 2016, 2018, 2020, 2022, 2024, 2026], 'designated_agent_city': None, 'designated_agent_first_name': None, 'designated_agent_last_name': None, 'designated_agent_middle_name': None, 'designated_agent_name': None, 'designated_agent_phone_number': None, 'designated_agent_prefix': None, 'designated_agent_state': None, 'designated_agent_street1': None, 'designated_agent_street2': None, 'designated_agent_suffix': None, 'designated_agent_title': None, 'designated_agent_zip': None, 'designation': 'U', 'designation_full': 'Unauthorized', 'filing_frequency': 'M', 'first_f1_date': '2004-05-17', 'first_file_date': '2004-05-17', 'is_active': True, 'last_cycle_has_activity': 2026, 'last_cycle_has_financial': 2026, 'last_f1_date': '2024-07-29', 'last_file_date': '2026-04-22', 'name': 'ACTBLUE', 'organization_type': None, 'organization_type_full': None, 'party': None, 'party_full': None, 'state': 'MA', 'state_full': 'Massachusetts', 'street_1': 'PO BOX 441146', 'street_2': None, 'treasurer_name': 'GILMER, GEORGE', 'zip': '02144'}",201.0,LODI,NOT EMPLOYED,MARY ELLEN,C00401224,RUESCH,,"RUESCH, MARY ELLEN",NOT EMPLOYED,,WI,215 STRANGEWAY AVE,,,535551309,,P2026,,IND,INDIVIDUAL,PRIMARY,2026,1956215,F3,202603259856855489,,True,11AI,Contributions From Individuals/Persons Other Than Political Committees,4032520261425275010,2026-05-02T03:05:57,,,* EARMARKED CONTRIBUTION: SEE BELOW,False,,,https://docquery.fec.gov/cgi-bin/fecimg/?202603259856855489,15E,EARMARKED CONTRIBUTION,,P,,S,12P,2026,SA,ITEMIZED RECEIPTS,4032620261433438855,6869081,2026,C00401224,C00905471,HALLIE SHOFFNER FOR ARKANSAS,"SHOFFNER, HALLIE",S6AR00199,AR,DEM,DEM,selected,True,highest_total_receipts,,True,2026,2026-05-03T14:08:22.024215+00:00
N,NO CHANGE,SA11AI,6856850E,,,,,,,,,,,,,"{'affiliated_committee_name': 'NONE', 'candidate_ids': ['S6AR00199'], 'city': 'LITTLE ROCK', 'committee_id': 'C00905471', 'committee_type': 'S', 'committee_type_full': 'Senate', 'cycle': 2026, 'cycles': [2026], 'cycles_has_activity': [2026], 'cycles_has_financial': [2026], 'designated_agent_city': 'LITTLE ROCK', 'designated_agent_first_name': 'HALLIE', 'designated_agent_last_name': 'SHOFFNER', 'designated_agent_middle_name': None, 'designated_agent_name': 'SHOFFNER, HALLIE', 'designated_agent_phone_number': '8702173332', 'designated_agent_prefix': None, 'designated_agent_state': 'AR', 'designated_agent_street1': '600 E. CAPITOL', 'designated_agent_street2': None, 'designated_agent_suffix': None, 'designated_agent_title': 'CANDIDATE', 'designated_agent_zip': '72202', 'designation': 'P', 'designation_full': 'Principal campaign committee', 'filing_frequency': 'Q', 'first_f1_date': '2025-05-16', 'first_file_date': '2025-05-16', 'is_active': True, 'last_cycle_has_activity': 2026, 'last_cycle_has_financial': 2026, 'last_f1_date': '2025-09-10', 'last_file_date': '2026-04-15', 'name': 'HALLIE SHOFFNER FOR ARKANSAS', 'organization_type': None, 'organization_type_full': None, 'party': 'DEM', 'party_full': 'DEMOCRATIC PARTY', 'state': 'AR', 'state_full': 'Arkansas', 'street_1': '600 E. CAPITOL STREET', 'street_2': 'P.O. BOX 57', 'treasurer_name': 'BARON, SHELLY', 'zip': '72202'}",C00905471,,,,,,,,,500.0,2026-02-09,"{'affiliated_committee_name': 'BLUE TO THE FUTURE 2024', 'candidate_ids': [], 'city': 'SOMERVILLE', 'committee_id': 'C00401224', 'committee_type': 'V', 'committee_type_full': 'Hybrid PAC (with Non-Contribution Account) - Nonqualified', 'cycle': 2026, 'cycles': [2004, 2006, 2008, 2010, 2012, 2014, 2016, 2018, 2020, 2022, 2024, 2026], 'cycles_has_activity': [2004, 2006, 2008, 2010, 2012, 2014, 2016, 2018, 2020, 2022, 2024, 2026], 'cycles_has_financial': [2004, 2006, 2008, 2010, 2012, 2014, 2016, 2018, 2020, 2022, 2024, 2026], 'designated_agent_city': None, 'designated_agent_first_name': None, 'designated_agent_last_name': None, 'designated_agent_middle_name': None, 'designated_agent_name': None, 'designated_agent_phone_number': None, 'designated_agent_prefix': None, 'designated_agent_state': None, 'designated_agent_street1': None, 'designated_agent_street2': None, 'designated_agent_suffix': None, 'designated_agent_title': None, 'designated_agent_zip': None, 'designation': 'U', 'designation_full': 'Unauthorized', 'filing_frequency': 'M', 'first_f1_date': '2004-05-17', 'first_file_date': '2004-05-17', 'is_active': True, 'last_cycle_has_activity': 2026, 'last_cycle_has_financial': 2026, 'last_f1_date': '2024-07-29', 'last_file_date': '2026-04-22', 'name': 'ACTBLUE', 'organization_type': None, 'organization_type_full': None, 'party': None, 'party_full': None, 'state': 'MA', 'state_full': 'Massachusetts', 'street_1': 'PO BOX 441146', 'street_2': None, 'treasurer_name': 'GILMER, GEORGE', 'zip': '02144'}",1500.0,NEW YORK,SELF,SAMUEL,C00401224,WEISMAN,,"WEISMAN, SAMUEL",PSYCHOLOGIST,,NY,225 CENTRAL PARK W,APT 605,,100246032,,P2026,,IND,INDIVIDUAL,PRIMARY,2026,1956215,F3,202603259856855456,,True,11AI,Contributions From Individuals/Persons Other Than Political Committees,4032520261425275010,2026-05-02T03:05:57,,,* EARMARKED CONTRIBUTION: SEE BELOW,False,,,https://docquery.fec.gov/cgi-bin/fecimg/?202603259856855456,15E,EARMARKED CONTRIBUTION,,P,,S,12P,2026,SA,ITEMIZED RECEIPTS,4032620261433438757,6856850,2026,C00401224,C00905471,HALLIE SHOFFNER FOR ARKANSAS,"SHOFFNER, HALLIE",S6AR00199,AR,DEM,DEM,selected,True,highest_total_receipts,,True,2026,2026-05-03T14:08:22.024300+00:00
N,NO CHANGE,,,,,,,,,,,,,,,"{'affiliated_committee_name': 'NONE', 'candidate_ids': ['S6AR00199'], 'city': 'LITTLE ROCK', 'committee_id': 'C00905471', 'committee_type': 'S', 'committee_type_full': 'Senate', 'cycle': 2026, 'cycles': [2026], 'cycles_has_activity': [2026], 'cycles_has_financial': [2026], 'designated_agent_city': 'LITTLE ROCK', 'designated_agent_first_name': 'HALLIE', 'designated_agent_last_name': 'SHOFFNER', 'designated_agent_middle_name': None, 'designated_agent_name': 'SHOFFNER, HALLIE', 'designated_agent_phone_number': '8702173332', 'designated_agent_prefix': None, 'designated_agent_state': 'AR', 'designated_agent_street1': '600 E. CAPITOL', 'designated_agent_street2': None, 'designated_agent_suffix': None, 'designated_agent_title': 'CANDIDATE', 'designated_agent_zip': '72202', 'designation': 'P', 'designation_full': 'Principal campaign committee', 'filing_frequency': 'Q', 'first_f1_date': '2025-05-16', 'first_file_date': '2025-05-16', 'is_active': True, 'last_cycle_has_activity': 2026, 'last_cycle_has_financial': 2026, 'last_f1_date': '2025-09-10', 'last_file_date': '2026-04-15', 'name': 'HALLIE SHOFFNER FOR ARKANSAS', 'organization_type': None, 'organization_type_full': None, 'party': 'DEM', 'party_full': 'DEMOCRATIC PARTY', 'state': 'AR', 'state_full': 'Arkansas', 'street_1': '600 E. CAPITOL STREET', 'street_2': 'P.O. BOX 57', 'treasurer_name': 'BARON, SHELLY', 'zip': '72202'}",C00905471,,,,,,,,,26.19,2026-02-08,,317.59,ROGERS,FULCRUM COLLECTIVE,FAYE,,RIDPATH,,"RIDPATH, FAYE",ACCOUNTANT,,AR,2724 W WHITE OAK DR,,,727584864,,P2026,,IND,INDIVIDUAL,PRIMARY,2026,1956215,F3,202603259856855699,,True,11AI,Contributions From Individuals/Persons Other Than Political Committees,4032520261425275010,2026-05-02T03:05:57,,,,False,,,https://docquery.fec.gov/cgi-bin/fecimg/?202603259856855699,15,CONTRIBUTION,,P,,S,12P,2026,SA,ITEMIZED RECEIPTS,4032620261433440486,7140768,2026,,C00905471,HALLIE SHOFFNER FOR ARKANSAS,"SHOFFNER, HALLIE",S6AR00199,AR,DEM,DEM,selected,True,highest_total_receipts,,True,2026,2026-05-03T14:08:22.024376+00:00
N,NO CHANGE,,,,,,,,,,,,,,,"{'affiliated_committee_name': 'NONE', 'candidate_ids': ['S6AR00199'], 'city': 'LITTLE ROCK', 'committee_id': 'C00905471', 'committee_type': 'S', 'committee_type_full': 'Senate', 'cycle': 2026, 'cycles': [2026], 'cycles_has_activity': [2026], 'cycles_has_financial': [2026], 'designated_agent_city': 'LITTLE ROCK', 'designated_agent_first_name': 'HALLIE', 'designated_agent_last_name': 'SHOFFNER', 'designated_agent_middle_name': None, 'designated_agent_name': 'SHOFFNER, HALLIE', 'designated_agent_phone_number': '8702173332', 'designated_agent_prefix': None, 'designated_agent_state': 'AR', 'designated_agent_street1': '600 E. CAPITOL', 'designated_agent_street2': None, 'designated_agent_suffix': None, 'designated_agent_title': 'CANDIDATE', 'designated_agent_zip': '72202', 'designation': 'P', 'designation_full': 'Principal campaign committee', 'filing_frequency': 'Q', 'first_f1_date': '2025-05-16', 'first_file_date': '2025-05-16', 'is_active': True, 'last_cycle_has_activity': 2026, 'last_cycle_has_financial': 2026, 'last_f1_date': '2025-09-10', 'last_file_date': '2026-04-15', 'name': 'HALLIE SHOFFNER FOR ARKANSAS', 'organization_type': None, 'organization_type_full': None, 'party': 'DEM', 'party_full': 'DEMOCRATIC PARTY', 'state': 'AR', 'state_full': 'Arkansas', 'street_1': '600 E. CAPITOL STREET', 'street_2': 'P.O. BOX 57', 'treasurer_name': 'BARON, SHELLY', 'zip': '72202'}",C00905471,,,,,,,,,519.0,2026-02-08,,769.0,LITTLE ROCK,RETIRED,LOWELL,,JUMPER,,"JUMPER, LOWELL",RETIRED,,AR,66 RIVER RIDGE RD,,,722271526,,P2026,,IND,INDIVIDUAL,PRIMARY,2026,1956215,F3,202603259856855669,,True,11AI,Contributions From Individuals/Persons Other Than Political Committees,4032520261425275010,2026-05-02T03:05:57,,,,False,,,https://docquery.fec.gov/cgi-bin/fecimg/?202603259856855669,15,CONTRIBUTION,,P,,S,12P,2026,SA,ITEMIZED RECEIPTS,4032620261433440396,7140767,2026,,C00905471,HALLIE SHOFFNER FOR ARKANSAS,"SHOFFNER, HALLIE",S6AR00199,AR,DEM,DEM,selected,True,highest_total_receipts,,True,2026,2026-05-03T14:08:22.024453+00:00
N,NO CHANGE,SA11AI,6838365E,,,,,,,,,,,,,"{'affiliated_committee_name': 'NONE', 'candidate_ids': ['S6AR00199'], 'city': 'LITTLE ROCK', 'committee_id': 'C00905471', 'committee_type': 'S', 'committee_type_full': 'Senate', 'cycle': 2026, 'cycles': [2026], 'cycles_has_activity': [2026], 'cycles_has_financial': [2026], 'designated_agent_city': 'LITTLE ROCK', 'designated_agent_first_name': 'HALLIE', 'designated_agent_last_name': 'SHOFFNER', 'designated_agent_middle_name': None, 'designated_agent_name': 'SHOFFNER, HALLIE', 'designated_agent_phone_number': '8702173332', 'designated_agent_prefix': None, 'designated_agent_state': 'AR', 'designated_agent_street1': '600 E. CAPITOL', 'designated_agent_street2': None, 'designated_agent_suffix': None, 'designated_agent_title': 'CANDIDATE', 'designated_agent_zip': '72202', 'designation': 'P', 'designation_full': 'Principal campaign committee', 'filing_frequency': 'Q', 'first_f1_date': '2025-05-16', 'first_file_date': '2025-05-16', 'is_active': True, 'last_cycle_has_activity': 2026, 'last_cycle_has_financial': 2026, 'last_f1_date': '2025-09-10', 'last_file_date': '2026-04-15', 'name': 'HALLIE SHOFFNER FOR ARKANSAS', 'organization_type': None, 'organization_type_full': None, 'party': 'DEM', 'party_full': 'DEMOCRATIC PARTY', 'state': 'AR', 'state_full': 'Arkansas', 'street_1': '600 E. CAPITOL STREET', 'street_2': 'P.O. BOX 57', 'treasurer_name': 'BARON, SHELLY', 'zip': '72202'}",C00905471,,,,,,,,,100.0,2026-02-08,"{'affiliated_committee_name': 'BLUE TO THE FUTURE 2024', 'candidate_ids': [], 'city': 'SOMERVILLE', 'committee_id': 'C00401224', 'committee_type': 'V', 'committee_type_full': 'Hybrid PAC (with Non-Contribution Account) - Nonqualified', 'cycle': 2026, 'cycles': [2004, 2006, 2008, 2010, 2012, 2014, 2016, 2018, 2020, 2022, 2024, 2026], 'cycles_has_activity': [2004, 2006, 2008, 2010, 2012, 2014, 2016, 2018, 2020, 2022, 2024, 2026], 'cycles_has_financial': [2004, 2006, 2008, 2010, 2012, 2014, 2016, 2018, 2020, 2022, 2024, 2026], 'designated_agent_city': None, 'designated_agent_first_name': None, 'designated_agent_last_name': None, 'designated_agent_middle_name': None, 'designated_agent_name': None, 'designated_agent_phone_number': None, 'designated_agent_prefix': None, 'designated_agent_state': None, 'designated_agent_street1': None, 'designated_agent_street2': None, 'designated_agent_suffix': None, 'designated_agent_title': None, 'designated_agent_zip': None, 'designation': 'U', 'designation_full': 'Unauthorized', 'filing_frequency': 'M', 'first_f1_date': '2004-05-17', 'first_file_date': '2004-05-17', 'is_active': True, 'last_cycle_has_activity': 2026, 'last_cycle_has_financial': 2026, 'last_f1_date': '2024-07-29', 'last_file_date': '2026-04-22', 'name': 'ACTBLUE', 'organization_type': None, 'organization_type_full': None, 'party': None, 'party_full': None, 'state': 'MA', 'state_full': 'Massachusetts', 'street_1': 'PO BOX 441146', 'street_2': None, 'treasurer_name': 'GILMER, GEORGE', 'zip': '02144'}",700.0,BENTONVILLE,NOT EMPLOYED,TOM,C00401224,HARDING,,"HARDING, TOM",NOT EMPLOYED,,AR,705 DEWOODY DR,,,727124010,,P2026,,IND,INDIVIDUAL,PRIMARY,2026,1956215,F3,202603259856855605,,True,11AI,Contributions From Individuals/Persons Other Than Political Committees,4032520261425275010,2026-05-02T03:05:57,,,* EARMARKED CONTRIBUTION: SEE BELOW,False,,,https://docquery.fec.gov/cgi-bin/fecimg/?202603259856855605,15E,EARMARKED CONTRIBUTION,,P,,S,12P,2026,SA,ITEMIZED RECEIPTS,4032620261433440202,6838365,2026,C00401224,C00905471,HALLIE SHOFFNER FOR ARKANSAS,"SHOFFNER, HALLIE",S6AR00199,AR,DEM,DEM,selected,True,highest_total_receipts,,True,2026,2026-05-03T14:08:22.024527+00:00
N,NO CHANGE,SA11AI,6838574E,,,,,,,,,,,,,"{'affiliated_committee_name': 'NONE', 'candidate_ids': ['S6AR00199'], 'city': 'LITTLE ROCK', 'committee_id': 'C00905471', 'committee_type': 'S', 'committee_type_full': 'Senate', 'cycle': 2026, 'cycles': [2026], 'cycles_has_activity': [2026], 'cycles_has_financial': [2026], 'designated_agent_city': 'LITTLE ROCK', 'designated_agent_first_name': 'HALLIE', 'designated_agent_last_name': 'SHOFFNER', 'designated_agent_middle_name': None, 'designated_agent_name': 'SHOFFNER, HALLIE', 'designated_agent_phone_number': '8702173332', 'designated_agent_prefix': None, 'designated_agent_state': 'AR', 'designated_agent_street1': '600 E. CAPITOL', 'designated_agent_street2': None, 'designated_agent_suffix': None, 'designated_agent_title': 'CANDIDATE', 'designated_agent_zip': '72202', 'designation': 'P', 'designation_full': 'Principal campaign committee', 'filing_frequency': 'Q', 'first_f1_date': '2025-05-16', 'first_file_date': '2025-05-16', 'is_active': True, 'last_cycle_has_activity': 2026, 'last_cycle_has_financial': 2026, 'last_f1_date': '2025-09-10', 'last_file_date': '2026-04-15', 'name': 'HALLIE SHOFFNER FOR ARKANSAS', 'organization_type': None, 'organization_type_full': None, 'party': 'DEM', 'party_full': 'DEMOCRATIC PARTY', 'state': 'AR', 'state_full': 'Arkansas', 'street_1': '600 E. CAPITOL STREET', 'street_2': 'P.O. BOX 57', 'treasurer_name': 'BARON, SHELLY', 'zip': '72202'}",C00905471,,,,,,,,,25.0,2026-02-08,"{'affiliated_committee_name': 'BLUE TO THE FUTURE 2024', 'candidate_ids': [], 'city': 'SOMERVILLE', 'committee_id': 'C00401224', 'committee_type': 'V', 'committee_type_full': 'Hybrid PAC (with Non-Contribution Account) - Nonqualified', 'cycle': 2026, 'cycles': [2004, 2006, 2008, 2010, 2012, 2014, 2016, 2018, 2020, 2022, 2024, 2026], 'cycles_has_activity': [2004, 2006, 2008, 2010, 2012, 2014, 2016, 2018, 2020, 2022, 2024, 2026], 'cycles_has_financial': [2004, 2006, 2008, 2010, 2012, 2014, 2016, 2018, 2020, 2022, 2024, 2026], 'designated_agent_city': None, 'designated_agent_first_name': None, 'designated_agent_last_name': None, 'designated_agent_middle_name': None, 'designated_agent_name': None, 'designated_agent_phone_number': None, 'designated_agent_prefix': None, 'designated_agent_state': None, 'designated_agent_street1': None, 'designated_agent_street2': None, 'designated_agent_suffix': None, 'designated_agent_title': None, 'designated_agent_zip': None, 'designation': 'U', 'designation_full': 'Unauthorized', 'filing_frequency': 'M', 'first_f1_date': '2004-05-17', 'first_file_date': '2004-05-17', 'is_active': True, 'last_cycle_has_activity': 2026, 'last_cycle_has_financial': 2026, 'last_f1_date': '2024-07-29', 'last_file_date': '2026-04-22', 'name': 'ACTBLUE', 'organization_type': None, 'organization_type_full': None, 'party': None, 'party_full': None, 'state': 'MA', 'state_full': 'Massachusetts', 'street_1': 'PO BOX 441146', 'street_2': None, 'treasurer_name': 'GILMER, GEORGE', 'zip': '02144'}",225.0,ROGERS,RETIRED,ANGELA,C00401224,DURBON,,"DURBON, ANGELA",AUDIOLOGIST,,AR,8638 S PARK RD,,,727567470,,P2026,,IND,INDIVIDUAL,PRIMARY,2026,1956215,F3,202603259856855576,,True,11AI,Contributions From Individuals/Persons Other Than Political Committees,4032520261425275010,2026-05-02T03:05:57,,,* EARMARKED CONTRIBUTION: SEE BELOW,False,,,https://docquery.fec.gov/cgi-bin/fecimg/?202603259856855576,15E,EARMARKED CONTRIBUTION,,P,,S,12P,2026,SA,ITEMIZED RECEIPTS,4032620261433440116,6838574,2026,C00401224,C00905471,HALLIE SHOFFNER FOR ARKANSAS,"SHOFFNER, HALLIE",S6AR00199,AR,DEM,DEM,selected,True,highest_total_receipts,,True,2026,2026-05-03T14:08:22.024611+00:00
N,NO CHANGE,SA11AI,6837704E,,,,,,,,,,,,,"{'affiliated_committee_name': 'NONE', 'candidate_ids': ['S6AR00199'], 'city': 'LITTLE ROCK', 'committee_id': 'C00905471', 'committee_type': 'S', 'committee_type_full': 'Senate', 'cycle': 2026, 'cycles': [2026], 'cycles_has_activity': [2026], 'cycles_has_financial': [2026], 'designated_agent_city': 'LITTLE ROCK', 'designated_agent_first_name': 'HALLIE', 'designated_agent_last_name': 'SHOFFNER', 'designated_agent_middle_name': None, 'designated_agent_name': 'SHOFFNER, HALLIE', 'designated_agent_phone_number': '8702173332', 'designated_agent_prefix': None, 'designated_agent_state': 'AR', 'designated_agent_street1': '600 E. CAPITOL', 'designated_agent_street2': None, 'designated_agent_suffix': None, 'designated_agent_title': 'CANDIDATE', 'designated_agent_zip': '72202', 'designation': 'P', 'designation_full': 'Principal campaign committee', 'filing_frequency': 'Q', 'first_f1_date': '2025-05-16', 'first_file_date': '2025-05-16', 'is_active': True, 'last_cycle_has_activity': 2026, 'last_cycle_has_financial': 2026, 'last_f1_date': '2025-09-10', 'last_file_date': '2026-04-15', 'name': 'HALLIE SHOFFNER FOR ARKANSAS', 'organization_type': None, 'organization_type_full': None, 'party': 'DEM', 'party_full': 'DEMOCRATIC PARTY', 'state': 'AR', 'state_full': 'Arkansas', 'street_1': '600 E. CAPITOL STREET', 'street_2': 'P.O. BOX 57', 'treasurer_name': 'BARON, SHELLY', 'zip': '72202'}",C00905471,,,,,,,,,15.0,2026-02-08,"{'affiliated_committee_name': 'BLUE TO THE FUTURE 2024', 'candidate_ids': [], 'city': 'SOMERVILLE', 'committee_id': 'C00401224', 'committee_type': 'V', 'committee_type_full': 'Hybrid PAC (with Non-Contribution Account) - Nonqualified', 'cycle': 2026, 'cycles': [2004, 2006, 2008, 2010, 2012, 2014, 2016, 2018, 2020, 2022, 2024, 2026], 'cycles_has_activity': [2004, 2006, 2008, 2010, 2012, 2014, 2016, 2018, 2020, 2022, 2024, 2026], 'cycles_has_financial': [2004, 2006, 2008, 2010, 2012, 2014, 2016, 2018, 2020, 2022, 2024, 2026], 'designated_agent_city': None, 'designated_agent_first_name': None, 'designated_agent_last_name': None, 'designated_agent_middle_name': None, 'designated_agent_name': None, 'designated_agent_phone_number': None, 'designated_agent_prefix': None, 'designated_agent_state': None, 'designated_agent_street1': None, 'designated_agent_street2': None, 'designated_agent_suffix': None, 'designated_agent_title': None, 'designated_agent_zip': None, 'designation': 'U', 'designation_full': 'Unauthorized', 'filing_frequency': 'M', 'first_f1_date': '2004-05-17', 'first_file_date': '2004-05-17', 'is_active': True, 'last_cycle_has_activity': 2026, 'last_cycle_has_financial': 2026, 'last_f1_date': '2024-07-29', 'last_file_date': '2026-04-22', 'name': 'ACTBLUE', 'organization_type': None, 'organization_type_full': None, 'party': None, 'party_full': None, 'state': 'MA', 'state_full': 'Massachusetts', 'street_1': 'PO BOX 441146', 'street_2': None, 'treasurer_name': 'GILMER, GEORGE', 'zip': '02144'}",280.0,ROLAND,NOT EMPLOYED,MERRY HELEN,C00401224,HEDGES,,"HEDGES, MERRY HELEN",NOT EMPLOYED,,AR,8201 HOOD RD,,,721359312,,P2026,,IND,INDIVIDUAL,PRIMARY,2026,1956215,F3,202603259856855552,,True,11AI,Contributions From Individuals/Persons Other Than Political Committees,4032520261425275010,2026-05-02T03:05:57,,,* EARMARKED CONTRIBUTION: SEE BELOW,False,,,https://docquery.fec.gov/cgi-bin/fecimg/?202603259856855552,15E,EARMARKED CONTRIBUTION,,P,,S,12P,2026,SA,ITEMIZED RECEIPTS,4032620261433440045,6837704,2026,C00401224,C00905471,HALLIE SHOFFNER FOR ARKANSAS,"SHOFFNER, HALLIE",S6AR00199,AR,DEM,DEM,selected,True,highest_total_receipts,,True,2026,2026-05-03T14:08:22.024696+00:00
C,CHANGE,SA11AI,6837963E,,,,,,,,,,,,,"{'affiliated_committee_name': 'NONE', 'candidate_ids': ['S6AR00199'], 'city': 'LITTLE ROCK', 'committee_id': 'C00905471', 'committee_type': 'S', 'committee_type_full': 'Senate', 'cycle': 2026, 'cycles': [2026], 'cycles_has_activity': [2026], 'cycles_has_financial': [2026], 'designated_agent_city': 'LITTLE ROCK', 'designated_agent_first_name': 'HALLIE', 'designated_agent_last_name': 'SHOFFNER', 'designated_agent_middle_name': None, 'designated_agent_name': 'SHOFFNER, HALLIE', 'designated_agent_phone_number': '8702173332', 'designated_agent_prefix': None, 'designated_agent_state': 'AR', 'designated_agent_street1': '600 E. CAPITOL', 'designated_agent_street2': None, 'designated_agent_suffix': None, 'designated_agent_title': 'CANDIDATE', 'designated_agent_zip': '72202', 'designation': 'P', 'designation_full': 'Principal campaign committee', 'filing_frequency': 'Q', 'first_f1_date': '2025-05-16', 'first_file_date': '2025-05-16', 'is_active': True, 'last_cycle_has_activity': 2026, 'last_cycle_has_financial': 2026, 'last_f1_date': '2025-09-10', 'last_file_date': '2026-04-15', 'name': 'HALLIE SHOFFNER FOR ARKANSAS', 'organization_type': None, 'organization_type_full': None, 'party': 'DEM', 'party_full': 'DEMOCRATIC PARTY', 'state': 'AR', 'state_full': 'Arkansas', 'street_1': '600 E. CAPITOL STREET', 'street_2': 'P.O. BOX 57', 'treasurer_name': 'BARON, SHELLY', 'zip': '72202'}",C00905471,,,,,,,,,50.0,2026-02-08,"{'affiliated_committee_name': 'BLUE TO THE FUTURE 2024', 'candidate_ids': [], 'city': 'SOMERVILLE', 'committee_id': 'C00401224', 'committee_type': 'V', 'committee_type_full': 'Hybrid PAC (with Non-Contribution Account) - Nonqualified', 'cycle': 2026, 'cycles': [2004, 2006, 2008, 2010, 2012, 2014, 2016, 2018, 2020, 2022, 2024, 2026], 'cycles_has_activity': [2004, 2006, 2008, 2010, 2012, 2014, 2016, 2018, 2020, 2022, 2024, 2026], 'cycles_has_financial': [2004, 2006, 2008, 2010, 2012, 2014, 2016, 2018, 2020, 2022, 2024, 2026], 'designated_agent_city': None, 'designated_agent_first_name': None, 'designated_agent_last_name': None, 'designated_agent_middle_name': None, 'designated_agent_name': None, 'designated_agent_phone_number': None, 'designated_agent_prefix': None, 'designated_agent_state': None, 'designated_agent_street1': None, 'designated_agent_street2': None, 'designated_agent_suffix': None, 'designated_agent_title': None, 'designated_agent_zip': None, 'designation': 'U', 'designation_full': 'Unauthorized', 'filing_frequency': 'M', 'first_f1_date': '2004-05-17', 'first_file_date': '2004-05-17', 'is_active': True, 'last_cycle_has_activity': 2026, 'last_cycle_has_financial': 2026, 'last_f1_date': '2024-07-29', 'last_file_date': '2026-04-22', 'name': 'ACTBLUE', 'organization_type': None, 'organization_type_full': None, 'party': None, 'party_full': None, 'state': 'MA', 'state_full': 'Massachusetts', 'street_1': 'PO BOX 441146', 'street_2': None, 'treasurer_name': 'GILMER, GEORGE', 'zip': '02144'}",550.0,ROGERS,NOTYOURBUSINESS,CHARITY,C00401224,ACOACH,,"ACOACH, CHARITY",NO,,AR,4433 W COLLINS CIR,,,727589040,,P2026,,IND,INDIVIDUAL,PRIMARY,2026,1956215,F3,202603259856855541,,True,11AI,Contributions From Individuals/Persons Other Than Political Committees,4032520261425275010,2026-05-02T03:05:57,,,* EARMARKED CONTRIBUTION: SEE BELOW,False,,,https://docquery.fec.gov/cgi-bin/fecimg/?202603259856855541,15E,EARMARKED CONTRIBUTION,,P,,S,12P,2026,SA,ITEMIZED RECEIPTS,4032620261433440011,6837963,2026,C00401224,C00905471,HALLIE SHOFFNER FOR ARKANSAS,"SHOFFNER, HALLIE",S6AR00199,AR,DEM,DEM,selected,True,highest_total_receipts,,True,2026,2026-05-03T14:08:22.024784+00:00
N,NO CHANGE,SA11AI,6838933E,,,,,,,,,,,,,"{'affiliated_committee_name': 'NONE', 'candidate_ids': ['S6AR00199'], 'city': 'LITTLE ROCK', 'committee_id': 'C00905471', 'committee_type': 'S', 'committee_type_full': 'Senate', 'cycle': 2026, 'cycles': [2026], 'cycles_has_activity': [2026], 'cycles_has_financial': [2026], 'designated_agent_city': 'LITTLE ROCK', 'designated_agent_first_name': 'HALLIE', 'designated_agent_last_name': 'SHOFFNER', 'designated_agent_middle_name': None, 'designated_agent_name': 'SHOFFNER, HALLIE', 'designated_agent_phone_number': '8702173332', 'designated_agent_prefix': None, 'designated_agent_state': 'AR', 'designated_agent_street1': '600 E. CAPITOL', 'designated_agent_street2': None, 'designated_agent_suffix': None, 'designated_agent_title': 'CANDIDATE', 'designated_agent_zip': '72202', 'designation': 'P', 'designation_full': 'Principal campaign committee', 'filing_frequency': 'Q', 'first_f1_date': '2025-05-16', 'first_file_date': '2025-05-16', 'is_active': True, 'last_cycle_has_activity': 2026, 'last_cycle_has_financial': 2026, 'last_f1_date': '2025-09-10', 'last_file_date': '2026-04-15', 'name': 'HALLIE SHOFFNER FOR ARKANSAS', 'organization_type': None, 'organization_type_full': None, 'party': 'DEM', 'party_full': 'DEMOCRATIC PARTY', 'state': 'AR', 'state_full': 'Arkansas', 'street_1': '600 E. CAPITOL STREET', 'street_2': 'P.O. BOX 57', 'treasurer_name': 'BARON, SHELLY', 'zip': '72202'}",C00905471,,,,,,,,,6.0,2026-02-08,"{'affiliated_committee_name': 'BLUE TO THE FUTURE 2024', 'candidate_ids': [], 'city': 'SOMERVILLE', 'committee_id': 'C00401224', 'committee_type': 'V', 'committee_type_full': 'Hybrid PAC (with Non-Contribution Account) - Nonqualified', 'cycle': 2026, 'cycles': [2004, 2006, 2008, 2010, 2012, 2014, 2016, 2018, 2020, 2022, 2024, 2026], 'cycles_has_activity': [2004, 2006, 2008, 2010, 2012, 2014, 2016, 2018, 2020, 2022, 2024, 2026], 'cycles_has_financial': [2004, 2006, 2008, 2010, 2012, 2014, 2016, 2018, 2020, 2022, 2024, 2026], 'designated_agent_city': None, 'designated_agent_first_name': None, 'designated_agent_last_name': None, 'designated_agent_middle_name': None, 'designated_agent_name': None, 'designated_agent_phone_number': None, 'designated_agent_prefix': None, 'designated_agent_state': None, 'designated_agent_street1': None, 'designated_agent_street2': None, 'designated_agent_suffix': None, 'designated_agent_title': None, 'designated_agent_zip': None, 'designation': 'U', 'designation_full': 'Unauthorized', 'filing_frequency': 'M', 'first_f1_date': '2004-05-17', 'first_file_date': '2004-05-17', 'is_active': True, 'last_cycle_has_activity': 2026, 'last_cycle_has_financial': 2026, 'last_f1_date': '2024-07-29', 'last_file_date': '2026-04-22', 'name': 'ACTBLUE', 'organization_type': None, 'organization_type_full': None, 'party': None, 'party_full': None, 'state': 'MA', 'state_full': 'Massachusetts', 'street_1': 'PO BOX 441146', 'street_2': None, 'treasurer_name': 'GILMER, GEORGE', 'zip': '02144'}",420.0,LITTLE ROCK,CHI ST VINCENT,RHETTA,C00401224,BENNETT,,"BENNETT, RHETTA",RN,,AR,26001 KANIS RD,,,722239591,,P2026,,IND,INDIVIDUAL,PRIMARY,2026,1956215,F3,202603259856855532,,True,11AI,Contributions From Individuals/Persons Other Than Political Committees,4032520261425275010,2026-05-02T03:05:57,,,* EARMARKED CONTRIBUTION: SEE BELOW,False,,,https://docquery.fec.gov/cgi-bin/fecimg/?202603259856855532,15E,EARMARKED CONTRIBUTION,,P,,S,12P,2026,SA,ITEMIZED RECEIPTS,4032620261433438984,6838933,2026,C00401224,C00905471,HALLIE SHOFFNER FOR ARKANSAS,"SHOFFNER, HALLIE",S6AR00199,AR,DEM,DEM,selected,True,highest_total_receipts,,True,2026,2026-05-03T14:08:22.024860+00:00
N,NO CHANGE,,,,,,,,,,,,,,,"{'affiliated_committee_name': 'NONE', 'candidate_ids': ['S6AR00199'], 'city': 'LITTLE ROCK', 'committee_id': 'C00905471', 'committee_type': 'S', 'committee_type_full': 'Senate', 'cycle': 2026, 'cycles': [2026], 'cycles_has_activity': [2026], 'cycles_has_financial': [2026], 'designated_agent_city': 'LITTLE ROCK', 'designated_agent_first_name': 'HALLIE', 'designated_agent_last_name': 'SHOFFNER', 'designated_agent_middle_name': None, 'designated_agent_name': 'SHOFFNER, HALLIE', 'designated_agent_phone_number': '8702173332', 'designated_agent_prefix': None, 'designated_agent_state': 'AR', 'designated_agent_street1': '600 E. CAPITOL', 'designated_agent_street2': None, 'designated_agent_suffix': None, 'designated_agent_title': 'CANDIDATE', 'designated_agent_zip': '72202', 'designation': 'P', 'designation_full': 'Principal campaign committee', 'filing_frequency': 'Q', 'first_f1_date': '2025-05-16', 'first_file_date': '2025-05-16', 'is_active': True, 'last_cycle_has_activity': 2026, 'last_cycle_has_financial': 2026, 'last_f1_date': '2025-09-10', 'last_file_date': '2026-04-15', 'name': 'HALLIE SHOFFNER FOR ARKANSAS', 'organization_type': None, 'organization_type_full': None, 'party': 'DEM', 'party_full': 'DEMOCRATIC PARTY', 'state': 'AR', 'state_full': 'Arkansas', 'street_1': '600 E. CAPITOL STREET', 'street_2': 'P.O. BOX 57', 'treasurer_name': 'BARON, SHELLY', 'zip': '72202'}",C00905471,,,,,,,,,500.0,2026-02-08,,4000.0,WEST MEMPHIS,SELF,KEITH,,INGRAM,,"INGRAM, KEITH",BUSINESSMAN,,AR,300 COUNTRY CLUB RD,,,723013821,,G2026,,IND,INDIVIDUAL,GENERAL,2026,1956215,F3,202603259856855497,,True,11AI,Contributions From Individuals/Persons Other Than Political Committees,4032520261425275010,2026-05-02T03:05:57,,,,False,,,https://docquery.fec.gov/cgi-bin/fecimg/?202603259856855497,15,CONTRIBUTION,,P,,S,12P,2026,SA,ITEMIZED RECEIPTS,4032620261433438879,7144302,2026,,C00905471,HALLIE SHOFFNER FOR ARKANSAS,"SHOFFNER, HALLIE",S6AR00199,AR,DEM,DEM,selected,True,highest_total_receipts,,True,2026,2026-05-03T14:08:22.024933+00:00
N,NO CHANGE,,,,,,,,,,,,,,,"{'affiliated_committee_name': 'NONE', 'candidate_ids': ['S6AR00199'], 'city': 'LITTLE ROCK', 'committee_id': 'C00905471', 'committee_type': 'S', 'committee_type_full': 'Senate', 'cycle': 2026, 'cycles': [2026], 'cycles_has_activity': [2026], 'cycles_has_financial': [2026], 'designated_agent_city': 'LITTLE ROCK', 'designated_agent_first_name': 'HALLIE', 'designated_agent_last_name': 'SHOFFNER', 'designated_agent_middle_name': None, 'designated_agent_name': 'SHOFFNER, HALLIE', 'designated_agent_phone_number': '8702173332', 'designated_agent_prefix': None, 'designated_agent_state': 'AR', 'designated_agent_street1': '600 E. CAPITOL', 'designated_agent_street2': None, 'designated_agent_suffix': None, 'designated_agent_title': 'CANDIDATE', 'designated_agent_zip': '72202', 'designation': 'P', 'designation_full': 'Principal campaign committee', 'filing_frequency': 'Q', 'first_f1_date': '2025-05-16', 'first_file_date': '2025-05-16', 'is_active': True, 'last_cycle_has_activity': 2026, 'last_cycle_has_financial': 2026, 'last_f1_date': '2025-09-10', 'last_file_date': '2026-04-15', 'name': 'HALLIE SHOFFNER FOR ARKANSAS', 'organization_type': None, 'organization_type_full': None, 'party': 'DEM', 'party_full': 'DEMOCRATIC PARTY', 'state': 'AR', 'state_full': 'Arkansas', 'street_1': '600 E. CAPITOL STREET', 'street_2': 'P.O. BOX 57', 'treasurer_name': 'BARON, SHELLY', 'zip': '72202'}",C00905471,,,,,,,,,1000.0,2026-02-08,,4000.0,WEST MEMPHIS,SELF,KEITH,,INGRAM,,"INGRAM, KEITH",BUSINESSMAN,,AR,300 COUNTRY CLUB RD,,,723013821,,P2026,,IND,INDIVIDUAL,PRIMARY,2026,1956215,F3,202603259856855484,,True,11AI,Contributions From Individuals/Persons Other Than Political Committees,4032520261425275010,2026-05-02T03:05:57,,,,False,,,https://docquery.fec.gov/cgi-bin/fecimg/?202603259856855484,15,CONTRIBUTION,,P,,S,12P,2026,SA,ITEMIZED RECEIPTS,4032620261433438840,7140761,2026,,C00905471,HALLIE SHOFFNER FOR ARKANSAS,"SHOFFNER, HALLIE",S6AR00199,AR,DEM,DEM,selected,True,highest_total_receipts,,True,2026,2026-05-03T14:08:22.025008+00:00
N,NO CHANGE,SA11AI,6837890E,,,,,,,,,,,,,"{'affiliated_committee_name': 'NONE', 'candidate_ids': ['S6AR00199'], 'city': 'LITTLE ROCK', 'committee_id': 'C00905471', 'committee_type': 'S', 'committee_type_full': 'Senate', 'cycle': 2026, 'cycles': [2026], 'cycles_has_activity': [2026], 'cycles_has_financial': [2026], 'designated_agent_city': 'LITTLE ROCK', 'designated_agent_first_name': 'HALLIE', 'designated_agent_last_name': 'SHOFFNER', 'designated_agent_middle_name': None, 'designated_agent_name': 'SHOFFNER, HALLIE', 'designated_agent_phone_number': '8702173332', 'designated_agent_prefix': None, 'designated_agent_state': 'AR', 'designated_agent_street1': '600 E. CAPITOL', 'designated_agent_street2': None, 'designated_agent_suffix': None, 'designated_agent_title': 'CANDIDATE', 'designated_agent_zip': '72202', 'designation': 'P', 'designation_full': 'Principal campaign committee', 'filing_frequency': 'Q', 'first_f1_date': '2025-05-16', 'first_file_date': '2025-05-16', 'is_active': True, 'last_cycle_has_activity': 2026, 'last_cycle_has_financial': 2026, 'last_f1_date': '2025-09-10', 'last_file_date': '2026-04-15', 'name': 'HALLIE SHOFFNER FOR ARKANSAS', 'organization_type': None, 'organization_type_full': None, 'party': 'DEM', 'party_full': 'DEMOCRATIC PARTY', 'state': 'AR', 'state_full': 'Arkansas', 'street_1': '600 E. CAPITOL STREET', 'street_2': 'P.O. BOX 57', 'treasurer_name': 'BARON, SHELLY', 'zip': '72202'}",C00905471,,,,,,,,,25.0,2026-02-08,"{'affiliated_committee_name': 'BLUE TO THE FUTURE 2024', 'candidate_ids': [], 'city': 'SOMERVILLE', 'committee_id': 'C00401224', 'committee_type': 'V', 'committee_type_full': 'Hybrid PAC (with Non-Contribution Account) - Nonqualified', 'cycle': 2026, 'cycles': [2004, 2006, 2008, 2010, 2012, 2014, 2016, 2018, 2020, 2022, 2024, 2026], 'cycles_has_activity': [2004, 2006, 2008, 2010, 2012, 2014, 2016, 2018, 2020, 2022, 2024, 2026], 'cycles_has_financial': [2004, 2006, 2008, 2010, 2012, 2014, 2016, 2018, 2020, 2022, 2024, 2026], 'designated_agent_city': None, 'designated_agent_first_name': None, 'designated_agent_last_name': None, 'designated_agent_middle_name': None, 'designated_agent_name': None, 'designated_agent_phone_number': None, 'designated_agent_prefix': None, 'designated_agent_state': None, 'designated_agent_street1': None, 'designated_agent_street2': None, 'designated_agent_suffix': None, 'designated_agent_title': None, 'designated_agent_zip': None, 'designation': 'U', 'designation_full': 'Unauthorized', 'filing_frequency': 'M', 'first_f1_date': '2004-05-17', 'first_file_date': '2004-05-17', 'is_active': True, 'last_cycle_has_activity': 2026, 'last_cycle_has_financial': 2026, 'last_f1_date': '2024-07-29', 'last_file_date': '2026-04-22', 'name': 'ACTBLUE', 'organization_type': None, 'organization_type_full': None, 'party': None, 'party_full': None, 'state': 'MA', 'state_full': 'Massachusetts', 'street_1': 'PO BOX 441146', 'street_2': None, 'treasurer_name': 'GILMER, GEORGE', 'zip': '02144'}",225.0,PACIFIC PALISADES,NOT EMPLOYED,EDWARD,C00401224,HIERONYMUS,,"HIERONYMUS, EDWARD",NOT EMPLOYED,,CA,551 SPOLETO DR,,,902724517,,P2026,,IND,INDIVIDUAL,PRIMARY,2026,1956215,F3,202603259856855466,,True,11AI,Contributions From Individuals/Persons Other Than Political Committees,4032520261425275010,2026-05-02T03:05:57,,,* EARMARKED CONTRIBUTION: SEE BELOW,False,,,https://docquery.fec.gov/cgi-bin/fecimg/?202603259856855466,15E,EARMARKED CONTRIBUTION,,P,,S,12P,2026,SA,ITEMIZED RECEIPTS,4032620261433438785,6837890,2026,C00401224,C00905471,HALLIE SHOFFNER FOR ARKANSAS,"SHOFFNER, HALLIE",S6AR00199,AR,DEM,DEM,selected,True,highest_total_receipts,,True,2026,2026-05-03T14:08:22.025086+00:00
N,NO CHANGE,SA11AI,6821189E,,,,,,,,,,,,,"{'affiliated_committee_name': 'NONE', 'candidate_ids': ['S6AR00199'], 'city': 'LITTLE ROCK', 'committee_id': 'C00905471', 'committee_type': 'S', 'committee_type_full': 'Senate', 'cycle': 2026, 'cycles': [2026], 'cycles_has_activity': [2026], 'cycles_has_financial': [2026], 'designated_agent_city': 'LITTLE ROCK', 'designated_agent_first_name': 'HALLIE', 'designated_agent_last_name': 'SHOFFNER', 'designated_agent_middle_name': None, 'designated_agent_name': 'SHOFFNER, HALLIE', 'designated_agent_phone_number': '8702173332', 'designated_agent_prefix': None, 'designated_agent_state': 'AR', 'designated_agent_street1': '600 E. CAPITOL', 'designated_agent_street2': None, 'designated_agent_suffix': None, 'designated_agent_title': 'CANDIDATE', 'designated_agent_zip': '72202', 'designation': 'P', 'designation_full': 'Principal campaign committee', 'filing_frequency': 'Q', 'first_f1_date': '2025-05-16', 'first_file_date': '2025-05-16', 'is_active': True, 'last_cycle_has_activity': 2026, 'last_cycle_has_financial': 2026, 'last_f1_date': '2025-09-10', 'last_file_date': '2026-04-15', 'name': 'HALLIE SHOFFNER FOR ARKANSAS', 'organization_type': None, 'organization_type_full': None, 'party': 'DEM', 'party_full': 'DEMOCRATIC PARTY', 'state': 'AR', 'state_full': 'Arkansas', 'street_1': '600 E. CAPITOL STREET', 'street_2': 'P.O. BOX 57', 'treasurer_name': 'BARON, SHELLY', 'zip': '72202'}",C00905471,,,,,,,,,50.0,2026-02-07,"{'affiliated_committee_name': 'BLUE TO THE FUTURE 2024', 'candidate_ids': [], 'city': 'SOMERVILLE', 'committee_id': 'C00401224', 'committee_type': 'V', 'committee_type_full': 'Hybrid PAC (with Non-Contribution Account) - Nonqualified', 'cycle': 2026, 'cycles': [2004, 2006, 2008, 2010, 2012, 2014, 2016, 2018, 2020, 2022, 2024, 2026], 'cycles_has_activity': [2004, 2006, 2008, 2010, 2012, 2014, 2016, 2018, 2020, 2022, 2024, 2026], 'cycles_has_financial': [2004, 2006, 2008, 2010, 2012, 2014, 2016, 2018, 2020, 2022, 2024, 2026], 'designated_agent_city': None, 'designated_agent_first_name': None, 'designated_agent_last_name': None, 'designated_agent_middle_name': None, 'designated_agent_name': None, 'designated_agent_phone_number': None, 'designated_agent_prefix': None, 'designated_agent_state': None, 'designated_agent_street1': None, 'designated_agent_street2': None, 'designated_agent_suffix': None, 'designated_agent_title': None, 'designated_agent_zip': None, 'designation': 'U', 'designation_full': 'Unauthorized', 'filing_frequency': 'M', 'first_f1_date': '2004-05-17', 'first_file_date': '2004-05-17', 'is_active': True, 'last_cycle_has_activity': 2026, 'last_cycle_has_financial': 2026, 'last_f1_date': '2024-07-29', 'last_file_date': '2026-04-22', 'name': 'ACTBLUE', 'organization_type': None, 'organization_type_full': None, 'party': None, 'party_full': None, 'state': 'MA', 'state_full': 'Massachusetts', 'street_1': 'PO BOX 441146', 'street_2': None, 'treasurer_name': 'GILMER, GEORGE', 'zip': '02144'}",350.0,NORTH LITTLE ROCK,NOT EMPLOYED,CHERYL,C00401224,WELCH,,"WELCH, CHERYL",NOT EMPLOYED,,AR,3505 N HILLS BLVD,,,721168590,,P2026,,IND,INDIVIDUAL,PRIMARY,2026,1956215,F3,202603259856855737,,True,11AI,Contributions From Individuals/Persons Other Than Political Committees,4032520261425275010,2026-05-02T03:05:57,,,* EARMARKED CONTRIBUTION: SEE BELOW,False,,,https://docquery.fec.gov/cgi-bin/fecimg/?202603259856855737,15E,EARMARKED CONTRIBUTION,,P,,S,12P,2026,SA,ITEMIZED RECEIPTS,4032620261433440598,6821189,2026,C00401224,C00905471,HALLIE SHOFFNER FOR ARKANSAS,"SHOFFNER, HALLIE",S6AR00199,AR,DEM,DEM,selected,True,highest_total_receipts,,True,2026,2026-05-03T14:08:22.025162+00:00
N,NO CHANGE,SA11AI,6836755E,,,,,,,,,,,,,"{'affiliated_committee_name': 'NONE', 'candidate_ids': ['S6AR00199'], 'city': 'LITTLE ROCK', 'committee_id': 'C00905471', 'committee_type': 'S', 'committee_type_full': 'Senate', 'cycle': 2026, 'cycles': [2026], 'cycles_has_activity': [2026], 'cycles_has_financial': [2026], 'designated_agent_city': 'LITTLE ROCK', 'designated_agent_first_name': 'HALLIE', 'designated_agent_last_name': 'SHOFFNER', 'designated_agent_middle_name': None, 'designated_agent_name': 'SHOFFNER, HALLIE', 'designated_agent_phone_number': '8702173332', 'designated_agent_prefix': None, 'designated_agent_state': 'AR', 'designated_agent_street1': '600 E. CAPITOL', 'designated_agent_street2': None, 'designated_agent_suffix': None, 'designated_agent_title': 'CANDIDATE', 'designated_agent_zip': '72202', 'designation': 'P', 'designation_full': 'Principal campaign committee', 'filing_frequency': 'Q', 'first_f1_date': '2025-05-16', 'first_file_date': '2025-05-16', 'is_active': True, 'last_cycle_has_activity': 2026, 'last_cycle_has_financial': 2026, 'last_f1_date': '2025-09-10', 'last_file_date': '2026-04-15', 'name': 'HALLIE SHOFFNER FOR ARKANSAS', 'organization_type': None, 'organization_type_full': None, 'party': 'DEM', 'party_full': 'DEMOCRATIC PARTY', 'state': 'AR', 'state_full': 'Arkansas', 'street_1': '600 E. CAPITOL STREET', 'street_2': 'P.O. BOX 57', 'treasurer_name': 'BARON, SHELLY', 'zip': '72202'}",C00905471,,,,,,,,,50.0,2026-02-07,"{'affiliated_committee_name': 'BLUE TO THE FUTURE 2024', 'candidate_ids': [], 'city': 'SOMERVILLE', 'committee_id': 'C00401224', 'committee_type': 'V', 'committee_type_full': 'Hybrid PAC (with Non-Contribution Account) - Nonqualified', 'cycle': 2026, 'cycles': [2004, 2006, 2008, 2010, 2012, 2014, 2016, 2018, 2020, 2022, 2024, 2026], 'cycles_has_activity': [2004, 2006, 2008, 2010, 2012, 2014, 2016, 2018, 2020, 2022, 2024, 2026], 'cycles_has_financial': [2004, 2006, 2008, 2010, 2012, 2014, 2016, 2018, 2020, 2022, 2024, 2026], 'designated_agent_city': None, 'designated_agent_first_name': None, 'designated_agent_last_name': None, 'designated_agent_middle_name': None, 'designated_agent_name': None, 'designated_agent_phone_number': None, 'designated_agent_prefix': None, 'designated_agent_state': None, 'designated_agent_street1': None, 'designated_agent_street2': None, 'designated_agent_suffix': None, 'designated_agent_title': None, 'designated_agent_zip': None, 'designation': 'U', 'designation_full': 'Unauthorized', 'filing_frequency': 'M', 'first_f1_date': '2004-05-17', 'first_file_date': '2004-05-17', 'is_active': True, 'last_cycle_has_activity': 2026, 'last_cycle_has_financial': 2026, 'last_f1_date': '2024-07-29', 'last_file_date': '2026-04-22', 'name': 'ACTBLUE', 'organization_type': None, 'organization_type_full': None, 'party': None, 'party_full': None, 'state': 'MA', 'state_full': 'Massachusetts', 'street_1': 'PO BOX 441146', 'street_2': None, 'treasurer_name': 'GILMER, GEORGE', 'zip': '02144'}",600.0,TAMPA,NOT EMPLOYED,CRYSTAL,C00401224,WHITESCARVER,,"WHITESCARVER, CRYSTAL",NOT EMPLOYED,,FL,17001 MADRES DE AVILA,,,336135234,,P2026,,IND,INDIVIDUAL,PRIMARY,2026,1956215,F3,202603259856855600,,True,11AI,Contributions From Individuals/Persons Other Than Political Committees,4032520261425275010,2026-05-02T03:05:57,,,* EARMARKED CONTRIBUTION: SEE BELOW,False,,,https://docquery.fec.gov/cgi-bin/fecimg/?202603259856855600,15E,EARMARKED CONTRIBUTION,,P,,S,12P,2026,SA,ITEMIZED RECEIPTS,4032620261433440188,6836755,2026,C00401224,C00905471,HALLIE SHOFFNER FOR ARKANSAS,"SHOFFNER, HALLIE",S6AR00199,AR,DEM,DEM,selected,True,highest_total_receipts,,True,2026,2026-05-03T14:08:22.025242+00:00
N,NO CHANGE,,,,,,,,,,,,,,,"{'affiliated_committee_name': 'NONE', 'candidate_ids': ['S6AR00199'], 'city': 'LITTLE ROCK', 'committee_id': 'C00905471', 'committee_type': 'S', 'committee_type_full': 'Senate', 'cycle': 2026, 'cycles': [2026], 'cycles_has_activity': [2026], 'cycles_has_financial': [2026], 'designated_agent_city': 'LITTLE ROCK', 'designated_agent_first_name': 'HALLIE', 'designated_agent_last_name': 'SHOFFNER', 'designated_agent_middle_name': None, 'designated_agent_name': 'SHOFFNER, HALLIE', 'designated_agent_phone_number': '8702173332', 'designated_agent_prefix': None, 'designated_agent_state': 'AR', 'designated_agent_street1': '600 E. CAPITOL', 'designated_agent_street2': None, 'designated_agent_suffix': None, 'designated_agent_title': 'CANDIDATE', 'designated_agent_zip': '72202', 'designation': 'P', 'designation_full': 'Principal campaign committee', 'filing_frequency': 'Q', 'first_f1_date': '2025-05-16', 'first_file_date': '2025-05-16', 'is_active': True, 'last_cycle_has_activity': 2026, 'last_cycle_has_financial': 2026, 'last_f1_date': '2025-09-10', 'last_file_date': '2026-04-15', 'name': 'HALLIE SHOFFNER FOR ARKANSAS', 'organization_type': None, 'organization_type_full': None, 'party': 'DEM', 'party_full': 'DEMOCRATIC PARTY', 'state': 'AR', 'state_full': 'Arkansas', 'street_1': '600 E. CAPITOL STREET', 'street_2': 'P.O. BOX 57', 'treasurer_name': 'BARON, SHELLY', 'zip': '72202'}",C00905471,,,,,,,,,259.63,2026-02-07,,1759.63,ROGERS,RETIRED,SUSAN,,ESCHE,,"ESCHE, SUSAN",RETIRED,,AR,10021 OKLAHOMA DR,,,727587510,,P2026,,IND,INDIVIDUAL,PRIMARY,2026,1956215,F3,202603259856855576,,True,11AI,Contributions From Individuals/Persons Other Than Political Committees,4032520261425275010,2026-05-02T03:05:57,,,,False,,,https://docquery.fec.gov/cgi-bin/fecimg/?202603259856855576,15,CONTRIBUTION,,P,,S,12P,2026,SA,ITEMIZED RECEIPTS,4032620261433440115,7140774,2026,,C00905471,HALLIE SHOFFNER FOR ARKANSAS,"SHOFFNER, HALLIE",S6AR00199,AR,DEM,DEM,selected,True,highest_total_receipts,,True,2026,2026-05-03T14:08:22.025313+00:00
N,NO CHANGE,SA11AI,6821754E,,,,,,,,,,,,,"{'affiliated_committee_name': 'NONE', 'candidate_ids': ['S6AR00199'], 'city': 'LITTLE ROCK', 'committee_id': 'C00905471', 'committee_type': 'S', 'committee_type_full': 'Senate', 'cycle': 2026, 'cycles': [2026], 'cycles_has_activity': [2026], 'cycles_has_financial': [2026], 'designated_agent_city': 'LITTLE ROCK', 'designated_agent_first_name': 'HALLIE', 'designated_agent_last_name': 'SHOFFNER', 'designated_agent_middle_name': None, 'designated_agent_name': 'SHOFFNER, HALLIE', 'designated_agent_phone_number': '8702173332', 'designated_agent_prefix': None, 'designated_agent_state': 'AR', 'designated_agent_street1': '600 E. CAPITOL', 'designated_agent_street2': None, 'designated_agent_suffix': None, 'designated_agent_title': 'CANDIDATE', 'designated_agent_zip': '72202', 'designation': 'P', 'designation_full': 'Principal campaign committee', 'filing_frequency': 'Q', 'first_f1_date': '2025-05-16', 'first_file_date': '2025-05-16', 'is_active': True, 'last_cycle_has_activity': 2026, 'last_cycle_has_financial': 2026, 'last_f1_date': '2025-09-10', 'last_file_date': '2026-04-15', 'name': 'HALLIE SHOFFNER FOR ARKANSAS', 'organization_type': None, 'organization_type_full': None, 'party': 'DEM', 'party_full': 'DEMOCRATIC PARTY', 'state': 'AR', 'state_full': 'Arkansas', 'street_1': '600 E. CAPITOL STREET', 'street_2': 'P.O. BOX 57', 'treasurer_name': 'BARON, SHELLY', 'zip': '72202'}",C00905471,,,,,,,,,50.0,2026-02-07,"{'affiliated_committee_name': 'BLUE TO THE FUTURE 2024', 'candidate_ids': [], 'city': 'SOMERVILLE', 'committee_id': 'C00401224', 'committee_type': 'V', 'committee_type_full': 'Hybrid PAC (with Non-Contribution Account) - Nonqualified', 'cycle': 2026, 'cycles': [2004, 2006, 2008, 2010, 2012, 2014, 2016, 2018, 2020, 2022, 2024, 2026], 'cycles_has_activity': [2004, 2006, 2008, 2010, 2012, 2014, 2016, 2018, 2020, 2022, 2024, 2026], 'cycles_has_financial': [2004, 2006, 2008, 2010, 2012, 2014, 2016, 2018, 2020, 2022, 2024, 2026], 'designated_agent_city': None, 'designated_agent_first_name': None, 'designated_agent_last_name': None, 'designated_agent_middle_name': None, 'designated_agent_name': None, 'designated_agent_phone_number': None, 'designated_agent_prefix': None, 'designated_agent_state': None, 'designated_agent_street1': None, 'designated_agent_street2': None, 'designated_agent_suffix': None, 'designated_agent_title': None, 'designated_agent_zip': None, 'designation': 'U', 'designation_full': 'Unauthorized', 'filing_frequency': 'M', 'first_f1_date': '2004-05-17', 'first_file_date': '2004-05-17', 'is_active': True, 'last_cycle_has_activity': 2026, 'last_cycle_has_financial': 2026, 'last_f1_date': '2024-07-29', 'last_file_date': '2026-04-22', 'name': 'ACTBLUE', 'organization_type': None, 'organization_type_full': None, 'party': None, 'party_full': None, 'state': 'MA', 'state_full': 'Massachusetts', 'street_1': 'PO BOX 441146', 'street_2': None, 'treasurer_name': 'GILMER, GEORGE', 'zip': '02144'}",1750.0,LITTLE ROCK,NOT EMPLOYED,GARY,C00401224,SHELTON,,"SHELTON, GARY",NOT EMPLOYED,,AR,36 DUQUESNE DR,,,722233917,,P2026,,IND,INDIVIDUAL,PRIMARY,2026,1956215,F3,202603259856855571,,True,11AI,Contributions From Individuals/Persons Other Than Political Committees,4032520261425275010,2026-05-02T03:05:57,,,* EARMARKED CONTRIBUTION: SEE BELOW,False,,,https://docquery.fec.gov/cgi-bin/fecimg/?202603259856855571,15E,EARMARKED CONTRIBUTION,,P,,S,12P,2026,SA,ITEMIZED RECEIPTS,4032620261433440102,6821754,2026,C00401224,C00905471,HALLIE SHOFFNER FOR ARKANSAS,"SHOFFNER, HALLIE",S6AR00199,AR,DEM,DEM,selected,True,highest_total_receipts,,True,2026,2026-05-03T14:08:22.025391+00:00
N,NO CHANGE,,,,,,,,,,,,,,,"{'affiliated_committee_name': 'NONE', 'candidate_ids': ['S6AR00199'], 'city': 'LITTLE ROCK', 'committee_id': 'C00905471', 'committee_type': 'S', 'committee_type_full': 'Senate', 'cycle': 2026, 'cycles': [2026], 'cycles_has_activity': [2026], 'cycles_has_financial': [2026], 'designated_agent_city': 'LITTLE ROCK', 'designated_agent_first_name': 'HALLIE', 'designated_agent_last_name': 'SHOFFNER', 'designated_agent_middle_name': None, 'designated_agent_name': 'SHOFFNER, HALLIE', 'designated_agent_phone_number': '8702173332', 'designated_agent_prefix': None, 'designated_agent_state': 'AR', 'designated_agent_street1': '600 E. CAPITOL', 'designated_agent_street2': None, 'designated_agent_suffix': None, 'designated_agent_title': 'CANDIDATE', 'designated_agent_zip': '72202', 'designation': 'P', 'designation_full': 'Principal campaign committee', 'filing_frequency': 'Q', 'first_f1_date': '2025-05-16', 'first_file_date': '2025-05-16', 'is_active': True, 'last_cycle_has_activity': 2026, 'last_cycle_has_financial': 2026, 'last_f1_date': '2025-09-10', 'last_file_date': '2026-04-15', 'name': 'HALLIE SHOFFNER FOR ARKANSAS', 'organization_type': None, 'organization_type_full': None, 'party': 'DEM', 'party_full': 'DEMOCRATIC PARTY', 'state': 'AR', 'state_full': 'Arkansas', 'street_1': '600 E. CAPITOL STREET', 'street_2': 'P.O. BOX 57', 'treasurer_name': 'BARON, SHELLY', 'zip': '72202'}",C00905471,,,,,,,,,10.63,2026-02-07,,206.26,PINE BLUFF,NONE,NANCY,,MITCHELL-EDWARDS,,"MITCHELL-EDWARDS, NANCY",RETIRED,,AR,2920 S CHERRY ST,,,716035350,,P2026,,IND,INDIVIDUAL,PRIMARY,2026,1956215,F3,202603259856855543,,True,11AI,Contributions From Individuals/Persons Other Than Political Committees,4032520261425275010,2026-05-02T03:05:57,,,,False,,,https://docquery.fec.gov/cgi-bin/fecimg/?202603259856855543,15,CONTRIBUTION,,P,,S,12P,2026,SA,ITEMIZED RECEIPTS,4032620261433440018,7140773,2026,,C00905471,HALLIE SHOFFNER FOR ARKANSAS,"SHOFFNER, HALLIE",S6AR00199,AR,DEM,DEM,selected,True,highest_total_receipts,,True,2026,2026-05-03T14:08:22.025462+00:00
N,NO CHANGE,SA11AI,6822043E,,,,,,,,,,,,,"{'affiliated_committee_name': 'NONE', 'candidate_ids': ['S6AR00199'], 'city': 'LITTLE ROCK', 'committee_id': 'C00905471', 'committee_type': 'S', 'committee_type_full': 'Senate', 'cycle': 2026, 'cycles': [2026], 'cycles_has_activity': [2026], 'cycles_has_financial': [2026], 'designated_agent_city': 'LITTLE ROCK', 'designated_agent_first_name': 'HALLIE', 'designated_agent_last_name': 'SHOFFNER', 'designated_agent_middle_name': None, 'designated_agent_name': 'SHOFFNER, HALLIE', 'designated_agent_phone_number': '8702173332', 'designated_agent_prefix': None, 'designated_agent_state': 'AR', 'designated_agent_street1': '600 E. CAPITOL', 'designated_agent_street2': None, 'designated_agent_suffix': None, 'designated_agent_title': 'CANDIDATE', 'designated_agent_zip': '72202', 'designation': 'P', 'designation_full': 'Principal campaign committee', 'filing_frequency': 'Q', 'first_f1_date': '2025-05-16', 'first_file_date': '2025-05-16', 'is_active': True, 'last_cycle_has_activity': 2026, 'last_cycle_has_financial': 2026, 'last_f1_date': '2025-09-10', 'last_file_date': '2026-04-15', 'name': 'HALLIE SHOFFNER FOR ARKANSAS', 'organization_type': None, 'organization_type_full': None, 'party': 'DEM', 'party_full': 'DEMOCRATIC PARTY', 'state': 'AR', 'state_full': 'Arkansas', 'street_1': '600 E. CAPITOL STREET', 'street_2': 'P.O. BOX 57', 'treasurer_name': 'BARON, SHELLY', 'zip': '72202'}",C00905471,,,,,,,,,250.0,2026-02-07,"{'affiliated_committee_name': 'BLUE TO THE FUTURE 2024', 'candidate_ids': [], 'city': 'SOMERVILLE', 'committee_id': 'C00401224', 'committee_type': 'V', 'committee_type_full': 'Hybrid PAC (with Non-Contribution Account) - Nonqualified', 'cycle': 2026, 'cycles': [2004, 2006, 2008, 2010, 2012, 2014, 2016, 2018, 2020, 2022, 2024, 2026], 'cycles_has_activity': [2004, 2006, 2008, 2010, 2012, 2014, 2016, 2018, 2020, 2022, 2024, 2026], 'cycles_has_financial': [2004, 2006, 2008, 2010, 2012, 2014, 2016, 2018, 2020, 2022, 2024, 2026], 'designated_agent_city': None, 'designated_agent_first_name': None, 'designated_agent_last_name': None, 'designated_agent_middle_name': None, 'designated_agent_name': None, 'designated_agent_phone_number': None, 'designated_agent_prefix': None, 'designated_agent_state': None, 'designated_agent_street1': None, 'designated_agent_street2': None, 'designated_agent_suffix': None, 'designated_agent_title': None, 'designated_agent_zip': None, 'designation': 'U', 'designation_full': 'Unauthorized', 'filing_frequency': 'M', 'first_f1_date': '2004-05-17', 'first_file_date': '2004-05-17', 'is_active': True, 'last_cycle_has_activity': 2026, 'last_cycle_has_financial': 2026, 'last_f1_date': '2024-07-29', 'last_file_date': '2026-04-22', 'name': 'ACTBLUE', 'organization_type': None, 'organization_type_full': None, 'party': None, 'party_full': None, 'state': 'MA', 'state_full': 'Massachusetts', 'street_1': 'PO BOX 441146', 'street_2': None, 'treasurer_name': 'GILMER, GEORGE', 'zip': '02144'}",256.0,WASHINGTON,EUROFINS PSS,JORDAN,C00401224,DAVIS,,"DAVIS, JORDAN",SCIENTIST,,DC,1435 HOWARD RD SE,,,200204406,,P2026,,IND,INDIVIDUAL,PRIMARY,2026,1956215,F3,202603259856855535,,True,11AI,Contributions From Individuals/Persons Other Than Political Committees,4032520261425275010,2026-05-02T03:05:57,,,* EARMARKED CONTRIBUTION: SEE BELOW,False,,,https://docquery.fec.gov/cgi-bin/fecimg/?202603259856855535,15E,EARMARKED CONTRIBUTION,,P,,S,12P,2026,SA,ITEMIZED RECEIPTS,4032620261433438992,6822043,2026,C00401224,C00905471,HALLIE SHOFFNER FOR ARKANSAS,"SHOFFNER, HALLIE",S6AR00199,AR,DEM,DEM,selected,True,highest_total_receipts,,True,2026,2026-05-03T14:08:22.025537+00:00
N,NO CHANGE,SA11AI,6820792E,,,,,,,,,,,,,"{'affiliated_committee_name': 'NONE', 'candidate_ids': ['S6AR00199'], 'city': 'LITTLE ROCK', 'committee_id': 'C00905471', 'committee_type': 'S', 'committee_type_full': 'Senate', 'cycle': 2026, 'cycles': [2026], 'cycles_has_activity': [2026], 'cycles_has_financial': [2026], 'designated_agent_city': 'LITTLE ROCK', 'designated_agent_first_name': 'HALLIE', 'designated_agent_last_name': 'SHOFFNER', 'designated_agent_middle_name': None, 'designated_agent_name': 'SHOFFNER, HALLIE', 'designated_agent_phone_number': '8702173332', 'designated_agent_prefix': None, 'designated_agent_state': 'AR', 'designated_agent_street1': '600 E. CAPITOL', 'designated_agent_street2': None, 'designated_agent_suffix': None, 'designated_agent_title': 'CANDIDATE', 'designated_agent_zip': '72202', 'designation': 'P', 'designation_full': 'Principal campaign committee', 'filing_frequency': 'Q', 'first_f1_date': '2025-05-16', 'first_file_date': '2025-05-16', 'is_active': True, 'last_cycle_has_activity': 2026, 'last_cycle_has_financial': 2026, 'last_f1_date': '2025-09-10', 'last_file_date': '2026-04-15', 'name': 'HALLIE SHOFFNER FOR ARKANSAS', 'organization_type': None, 'organization_type_full': None, 'party': 'DEM', 'party_full': 'DEMOCRATIC PARTY', 'state': 'AR', 'state_full': 'Arkansas', 'street_1': '600 E. CAPITOL STREET', 'street_2': 'P.O. BOX 57', 'treasurer_name': 'BARON, SHELLY', 'zip': '72202'}",C00905471,,,,,,,,,25.0,2026-02-07,"{'affiliated_committee_name': 'BLUE TO THE FUTURE 2024', 'candidate_ids': [], 'city': 'SOMERVILLE', 'committee_id': 'C00401224', 'committee_type': 'V', 'committee_type_full': 'Hybrid PAC (with Non-Contribution Account) - Nonqualified', 'cycle': 2026, 'cycles': [2004, 2006, 2008, 2010, 2012, 2014, 2016, 2018, 2020, 2022, 2024, 2026], 'cycles_has_activity': [2004, 2006, 2008, 2010, 2012, 2014, 2016, 2018, 2020, 2022, 2024, 2026], 'cycles_has_financial': [2004, 2006, 2008, 2010, 2012, 2014, 2016, 2018, 2020, 2022, 2024, 2026], 'designated_agent_city': None, 'designated_agent_first_name': None, 'designated_agent_last_name': None, 'designated_agent_middle_name': None, 'designated_agent_name': None, 'designated_agent_phone_number': None, 'designated_agent_prefix': None, 'designated_agent_state': None, 'designated_agent_street1': None, 'designated_agent_street2': None, 'designated_agent_suffix': None, 'designated_agent_title': None, 'designated_agent_zip': None, 'designation': 'U', 'designation_full': 'Unauthorized', 'filing_frequency': 'M', 'first_f1_date': '2004-05-17', 'first_file_date': '2004-05-17', 'is_active': True, 'last_cycle_has_activity': 2026, 'last_cycle_has_financial': 2026, 'last_f1_date': '2024-07-29', 'last_file_date': '2026-04-22', 'name': 'ACTBLUE', 'organization_type': None, 'organization_type_full': None, 'party': None, 'party_full': None, 'state': 'MA', 'state_full': 'Massachusetts', 'street_1': 'PO BOX 441146', 'street_2': None, 'treasurer_name': 'GILMER, GEORGE', 'zip': '02144'}",225.0,SAMMAMISH,TMO,MARK,C00401224,ADKINS,,"ADKINS, MARK",ANALYST,,WA,24021 SE 46TH PL,,,980297590,,P2026,,IND,INDIVIDUAL,PRIMARY,2026,1956215,F3,202603259856855521,,True,11AI,Contributions From Individuals/Persons Other Than Political Committees,4032520261425275010,2026-05-02T03:05:57,,,* EARMARKED CONTRIBUTION: SEE BELOW,False,,,https://docquery.fec.gov/cgi-bin/fecimg/?202603259856855521,15E,EARMARKED CONTRIBUTION,,P,,S,12P,2026,SA,ITEMIZED RECEIPTS,4032620261433438950,6820792,2026,C00401224,C00905471,HALLIE SHOFFNER FOR ARKANSAS,"SHOFFNER, HALLIE",S6AR00199,AR,DEM,DEM,selected,True,highest_total_receipts,,True,2026,2026-05-03T14:08:22.025608+00:00
N,NO CHANGE,,,,,,,,,,,,,,,"{'affiliated_committee_name': 'NONE', 'candidate_ids': ['S6AR00199'], 'city': 'LITTLE ROCK', 'committee_id': 'C00905471', 'committee_type': 'S', 'committee_type_full': 'Senate', 'cycle': 2026, 'cycles': [2026], 'cycles_has_activity': [2026], 'cycles_has_financial': [2026], 'designated_agent_city': 'LITTLE ROCK', 'designated_agent_first_name': 'HALLIE', 'designated_agent_last_name': 'SHOFFNER', 'designated_agent_middle_name': None, 'designated_agent_name': 'SHOFFNER, HALLIE', 'designated_agent_phone_number': '8702173332', 'designated_agent_prefix': None, 'designated_agent_state': 'AR', 'designated_agent_street1': '600 E. CAPITOL', 'designated_agent_street2': None, 'designated_agent_suffix': None, 'designated_agent_title': 'CANDIDATE', 'designated_agent_zip': '72202', 'designation': 'P', 'designation_full': 'Principal campaign committee', 'filing_frequency': 'Q', 'first_f1_date': '2025-05-16', 'first_file_date': '2025-05-16', 'is_active': True, 'last_cycle_has_activity': 2026, 'last_cycle_has_financial': 2026, 'last_f1_date': '2025-09-10', 'last_file_date': '2026-04-15', 'name': 'HALLIE SHOFFNER FOR ARKANSAS', 'organization_type': None, 'organization_type_full': None, 'party': 'DEM', 'party_full': 'DEMOCRATIC PARTY', 'state': 'AR', 'state_full': 'Arkansas', 'street_1': '600 E. CAPITOL STREET', 'street_2': 'P.O. BOX 57', 'treasurer_name': 'BARON, SHELLY', 'zip': '72202'}",C00905471,,,,,,,,,519.0,2026-02-07,,1269.0,SEARCY,REAPER FARMS,JACK,,REAPER,,"REAPER, JACK",FARMER,,AR,141 B W DAVIS RD,,,721439231,,P2026,,IND,INDIVIDUAL,PRIMARY,2026,1956215,F3,202603259856855459,,True,11AI,Contributions From Individuals/Persons Other Than Political Committees,4032520261425275010,2026-05-02T03:05:57,,,,False,,,https://docquery.fec.gov/cgi-bin/fecimg/?202603259856855459,15,CONTRIBUTION,,P,,S,12P,2026,SA,ITEMIZED RECEIPTS,4032620261433438766,7140770,2026,,C00905471,HALLIE SHOFFNER FOR ARKANSAS,"SHOFFNER, HALLIE",S6AR00199,AR,DEM,DEM,selected,True,highest_total_receipts,,True,2026,2026-05-03T14:08:22.025684+00:00
N,NO CHANGE,SA11AI,6818948E,,,,,,,,,,,,,"{'affiliated_committee_name': 'NONE', 'candidate_ids': ['S6AR00199'], 'city': 'LITTLE ROCK', 'committee_id': 'C00905471', 'committee_type': 'S', 'committee_type_full': 'Senate', 'cycle': 2026, 'cycles': [2026], 'cycles_has_activity': [2026], 'cycles_has_financial': [2026], 'designated_agent_city': 'LITTLE ROCK', 'designated_agent_first_name': 'HALLIE', 'designated_agent_last_name': 'SHOFFNER', 'designated_agent_middle_name': None, 'designated_agent_name': 'SHOFFNER, HALLIE', 'designated_agent_phone_number': '8702173332', 'designated_agent_prefix': None, 'designated_agent_state': 'AR', 'designated_agent_street1': '600 E. CAPITOL', 'designated_agent_street2': None, 'designated_agent_suffix': None, 'designated_agent_title': 'CANDIDATE', 'designated_agent_zip': '72202', 'designation': 'P', 'designation_full': 'Principal campaign committee', 'filing_frequency': 'Q', 'first_f1_date': '2025-05-16', 'first_file_date': '2025-05-16', 'is_active': True, 'last_cycle_has_activity': 2026, 'last_cycle_has_financial': 2026, 'last_f1_date': '2025-09-10', 'last_file_date': '2026-04-15', 'name': 'HALLIE SHOFFNER FOR ARKANSAS', 'organization_type': None, 'organization_type_full': None, 'party': 'DEM', 'party_full': 'DEMOCRATIC PARTY', 'state': 'AR', 'state_full': 'Arkansas', 'street_1': '600 E. CAPITOL STREET', 'street_2': 'P.O. BOX 57', 'treasurer_name': 'BARON, SHELLY', 'zip': '72202'}",C00905471,,,,,,,,,250.0,2026-02-06,"{'affiliated_committee_name': 'BLUE TO THE FUTURE 2024', 'candidate_ids': [], 'city': 'SOMERVILLE', 'committee_id': 'C00401224', 'committee_type': 'V', 'committee_type_full': 'Hybrid PAC (with Non-Contribution Account) - Nonqualified', 'cycle': 2026, 'cycles': [2004, 2006, 2008, 2010, 2012, 2014, 2016, 2018, 2020, 2022, 2024, 2026], 'cycles_has_activity': [2004, 2006, 2008, 2010, 2012, 2014, 2016, 2018, 2020, 2022, 2024, 2026], 'cycles_has_financial': [2004, 2006, 2008, 2010, 2012, 2014, 2016, 2018, 2020, 2022, 2024, 2026], 'designated_agent_city': None, 'designated_agent_first_name': None, 'designated_agent_last_name': None, 'designated_agent_middle_name': None, 'designated_agent_name': None, 'designated_agent_phone_number': None, 'designated_agent_prefix': None, 'designated_agent_state': None, 'designated_agent_street1': None, 'designated_agent_street2': None, 'designated_agent_suffix': None, 'designated_agent_title': None, 'designated_agent_zip': None, 'designation': 'U', 'designation_full': 'Unauthorized', 'filing_frequency': 'M', 'first_f1_date': '2004-05-17', 'first_file_date': '2004-05-17', 'is_active': True, 'last_cycle_has_activity': 2026, 'last_cycle_has_financial': 2026, 'last_f1_date': '2024-07-29', 'last_file_date': '2026-04-22', 'name': 'ACTBLUE', 'organization_type': None, 'organization_type_full': None, 'party': None, 'party_full': None, 'state': 'MA', 'state_full': 'Massachusetts', 'street_1': 'PO BOX 441146', 'street_2': None, 'treasurer_name': 'GILMER, GEORGE', 'zip': '02144'}",250.0,HOT SPRINGS VILLAGE,NOT EMPLOYED,WILLIAM,C00401224,NETTLES,,"NETTLES, WILLIAM",NOT EMPLOYED,,AR,36 PILLAR LN,,,719097959,,P2026,,IND,INDIVIDUAL,PRIMARY,2026,1956215,F3,202603259856855694,,True,11AI,Contributions From Individuals/Persons Other Than Political Committees,4032520261425275010,2026-05-02T03:05:57,,,* EARMARKED CONTRIBUTION: SEE BELOW,False,,,https://docquery.fec.gov/cgi-bin/fecimg/?202603259856855694,15E,EARMARKED CONTRIBUTION,,P,,S,12P,2026,SA,ITEMIZED RECEIPTS,4032620261433440469,6818948,2026,C00401224,C00905471,HALLIE SHOFFNER FOR ARKANSAS,"SHOFFNER, HALLIE",S6AR00199,AR,DEM,DEM,selected,True,highest_total_receipts,,True,2026,2026-05-03T14:08:22.025756+00:00
N,NO CHANGE,,,,,,,,,,,,,,,"{'affiliated_committee_name': 'NONE', 'candidate_ids': ['S6AR00199'], 'city': 'LITTLE ROCK', 'committee_id': 'C00905471', 'committee_type': 'S', 'committee_type_full': 'Senate', 'cycle': 2026, 'cycles': [2026], 'cycles_has_activity': [2026], 'cycles_has_financial': [2026], 'designated_agent_city': 'LITTLE ROCK', 'designated_agent_first_name': 'HALLIE', 'designated_agent_last_name': 'SHOFFNER', 'designated_agent_middle_name': None, 'designated_agent_name': 'SHOFFNER, HALLIE', 'designated_agent_phone_number': '8702173332', 'designated_agent_prefix': None, 'designated_agent_state': 'AR', 'designated_agent_street1': '600 E. CAPITOL', 'designated_agent_street2': None, 'designated_agent_suffix': None, 'designated_agent_title': 'CANDIDATE', 'designated_agent_zip': '72202', 'designation': 'P', 'designation_full': 'Principal campaign committee', 'filing_frequency': 'Q', 'first_f1_date': '2025-05-16', 'first_file_date': '2025-05-16', 'is_active': True, 'last_cycle_has_activity': 2026, 'last_cycle_has_financial': 2026, 'last_f1_date': '2025-09-10', 'last_file_date': '2026-04-15', 'name': 'HALLIE SHOFFNER FOR ARKANSAS', 'organization_type': None, 'organization_type_full': None, 'party': 'DEM', 'party_full': 'DEMOCRATIC PARTY', 'state': 'AR', 'state_full': 'Arkansas', 'street_1': '600 E. CAPITOL STREET', 'street_2': 'P.O. BOX 57', 'treasurer_name': 'BARON, SHELLY', 'zip': '72202'}",C00905471,,,,,,,,,259.63,2026-02-06,,259.63,FAYETTEVILLE,RETIRED,WILLIAM,,ETGES,,"ETGES, WILLIAM",RETIRED,,AR,1132 N EASTWOOD DR,,,727012320,,P2026,,IND,INDIVIDUAL,PRIMARY,2026,1956215,F3,202603259856855638,,True,11AI,Contributions From Individuals/Persons Other Than Political Committees,4032520261425275010,2026-05-02T03:05:57,,,,False,,,https://docquery.fec.gov/cgi-bin/fecimg/?202603259856855638,15,CONTRIBUTION,,P,,S,12P,2026,SA,ITEMIZED RECEIPTS,4032620261433440301,6982276,2026,,C00905471,HALLIE SHOFFNER FOR ARKANSAS,"SHOFFNER, HALLIE",S6AR00199,AR,DEM,DEM,selected,True,highest_total_receipts,,True,2026,2026-05-03T14:08:22.025829+00:00
N,NO CHANGE,SA11AI,6817216E,,,,,,,,,,,,,"{'affiliated_committee_name': 'NONE', 'candidate_ids': ['S6AR00199'], 'city': 'LITTLE ROCK', 'committee_id': 'C00905471', 'committee_type': 'S', 'committee_type_full': 'Senate', 'cycle': 2026, 'cycles': [2026], 'cycles_has_activity': [2026], 'cycles_has_financial': [2026], 'designated_agent_city': 'LITTLE ROCK', 'designated_agent_first_name': 'HALLIE', 'designated_agent_last_name': 'SHOFFNER', 'designated_agent_middle_name': None, 'designated_agent_name': 'SHOFFNER, HALLIE', 'designated_agent_phone_number': '8702173332', 'designated_agent_prefix': None, 'designated_agent_state': 'AR', 'designated_agent_street1': '600 E. CAPITOL', 'designated_agent_street2': None, 'designated_agent_suffix': None, 'designated_agent_title': 'CANDIDATE', 'designated_agent_zip': '72202', 'designation': 'P', 'designation_full': 'Principal campaign committee', 'filing_frequency': 'Q', 'first_f1_date': '2025-05-16', 'first_file_date': '2025-05-16', 'is_active': True, 'last_cycle_has_activity': 2026, 'last_cycle_has_financial': 2026, 'last_f1_date': '2025-09-10', 'last_file_date': '2026-04-15', 'name': 'HALLIE SHOFFNER FOR ARKANSAS', 'organization_type': None, 'organization_type_full': None, 'party': 'DEM', 'party_full': 'DEMOCRATIC PARTY', 'state': 'AR', 'state_full': 'Arkansas', 'street_1': '600 E. CAPITOL STREET', 'street_2': 'P.O. BOX 57', 'treasurer_name': 'BARON, SHELLY', 'zip': '72202'}",C00905471,,,,,,,,,50.0,2026-02-06,"{'affiliated_committee_name': 'BLUE TO THE FUTURE 2024', 'candidate_ids': [], 'city': 'SOMERVILLE', 'committee_id': 'C00401224', 'committee_type': 'V', 'committee_type_full': 'Hybrid PAC (with Non-Contribution Account) - Nonqualified', 'cycle': 2026, 'cycles': [2004, 2006, 2008, 2010, 2012, 2014, 2016, 2018, 2020, 2022, 2024, 2026], 'cycles_has_activity': [2004, 2006, 2008, 2010, 2012, 2014, 2016, 2018, 2020, 2022, 2024, 2026], 'cycles_has_financial': [2004, 2006, 2008, 2010, 2012, 2014, 2016, 2018, 2020, 2022, 2024, 2026], 'designated_agent_city': None, 'designated_agent_first_name': None, 'designated_agent_last_name': None, 'designated_agent_middle_name': None, 'designated_agent_name': None, 'designated_agent_phone_number': None, 'designated_agent_prefix': None, 'designated_agent_state': None, 'designated_agent_street1': None, 'designated_agent_street2': None, 'designated_agent_suffix': None, 'designated_agent_title': None, 'designated_agent_zip': None, 'designation': 'U', 'designation_full': 'Unauthorized', 'filing_frequency': 'M', 'first_f1_date': '2004-05-17', 'first_file_date': '2004-05-17', 'is_active': True, 'last_cycle_has_activity': 2026, 'last_cycle_has_financial': 2026, 'last_f1_date': '2024-07-29', 'last_file_date': '2026-04-22', 'name': 'ACTBLUE', 'organization_type': None, 'organization_type_full': None, 'party': None, 'party_full': None, 'state': 'MA', 'state_full': 'Massachusetts', 'street_1': 'PO BOX 441146', 'street_2': None, 'treasurer_name': 'GILMER, GEORGE', 'zip': '02144'}",450.0,RIFLE,NOT EMPLOYED,JEAN,C00401224,BODDY,,"BODDY, JEAN",NOT EMPLOYED,,CO,241 E 3RD ST,,,816502319,,P2026,,IND,INDIVIDUAL,PRIMARY,2026,1956215,F3,202603259856855620,,True,11AI,Contributions From Individuals/Persons Other Than Political Committees,4032520261425275010,2026-05-02T03:05:57,,,* EARMARKED CONTRIBUTION: SEE BELOW,False,,,https://docquery.fec.gov/cgi-bin/fecimg/?202603259856855620,15E,EARMARKED CONTRIBUTION,,P,,S,12P,2026,SA,ITEMIZED RECEIPTS,4032620261433440248,6817216,2026,C00401224,C00905471,HALLIE SHOFFNER FOR ARKANSAS,"SHOFFNER, HALLIE",S6AR00199,AR,DEM,DEM,selected,True,highest_total_receipts,,True,2026,2026-05-03T14:08:22.025904+00:00
N,NO CHANGE,,,,,,,,,,,,,,,"{'affiliated_committee_name': 'NONE', 'candidate_ids': ['S6AR00199'], 'city': 'LITTLE ROCK', 'committee_id': 'C00905471', 'committee_type': 'S', 'committee_type_full': 'Senate', 'cycle': 2026, 'cycles': [2026], 'cycles_has_activity': [2026], 'cycles_has_financial': [2026], 'designated_agent_city': 'LITTLE ROCK', 'designated_agent_first_name': 'HALLIE', 'designated_agent_last_name': 'SHOFFNER', 'designated_agent_middle_name': None, 'designated_agent_name': 'SHOFFNER, HALLIE', 'designated_agent_phone_number': '8702173332', 'designated_agent_prefix': None, 'designated_agent_state': 'AR', 'designated_agent_street1': '600 E. CAPITOL', 'designated_agent_street2': None, 'designated_agent_suffix': None, 'designated_agent_title': 'CANDIDATE', 'designated_agent_zip': '72202', 'designation': 'P', 'designation_full': 'Principal campaign committee', 'filing_frequency': 'Q', 'first_f1_date': '2025-05-16', 'first_file_date': '2025-05-16', 'is_active': True, 'last_cycle_has_activity': 2026, 'last_cycle_has_financial': 2026, 'last_f1_date': '2025-09-10', 'last_file_date': '2026-04-15', 'name': 'HALLIE SHOFFNER FOR ARKANSAS', 'organization_type': None, 'organization_type_full': None, 'party': 'DEM', 'party_full': 'DEMOCRATIC PARTY', 'state': 'AR', 'state_full': 'Arkansas', 'street_1': '600 E. CAPITOL STREET', 'street_2': 'P.O. BOX 57', 'treasurer_name': 'BARON, SHELLY', 'zip': '72202'}",C00905471,,,,,,,,,1000.0,2026-02-06,,1000.0,JONESBORO,"HYNEMAN & ASSOCIATES, INC",MATT,,HYNEMAN,,"HYNEMAN, MATT",VP,,AR,1803 WOODSPOINT CV,,,724015176,,P2026,,IND,INDIVIDUAL,PRIMARY,2026,1956215,F3,202603259856855614,,True,11AI,Contributions From Individuals/Persons Other Than Political Committees,4032520261425275010,2026-05-02T03:05:57,,,,False,,,https://docquery.fec.gov/cgi-bin/fecimg/?202603259856855614,15,CONTRIBUTION,,P,,S,12P,2026,SA,ITEMIZED RECEIPTS,4032620261433440231,7142606,2026,,C00905471,HALLIE SHOFFNER FOR ARKANSAS,"SHOFFNER, HALLIE",S6AR00199,AR,DEM,DEM,selected,True,highest_total_receipts,,True,2026,2026-05-03T14:08:22.025982+00:00
N,NO CHANGE,SA11AI,6819145E,,,,,,,,,,,,,"{'affiliated_committee_name': 'NONE', 'candidate_ids': ['S6AR00199'], 'city': 'LITTLE ROCK', 'committee_id': 'C00905471', 'committee_type': 'S', 'committee_type_full': 'Senate', 'cycle': 2026, 'cycles': [2026], 'cycles_has_activity': [2026], 'cycles_has_financial': [2026], 'designated_agent_city': 'LITTLE ROCK', 'designated_agent_first_name': 'HALLIE', 'designated_agent_last_name': 'SHOFFNER', 'designated_agent_middle_name': None, 'designated_agent_name': 'SHOFFNER, HALLIE', 'designated_agent_phone_number': '8702173332', 'designated_agent_prefix': None, 'designated_agent_state': 'AR', 'designated_agent_street1': '600 E. CAPITOL', 'designated_agent_street2': None, 'designated_agent_suffix': None, 'designated_agent_title': 'CANDIDATE', 'designated_agent_zip': '72202', 'designation': 'P', 'designation_full': 'Principal campaign committee', 'filing_frequency': 'Q', 'first_f1_date': '2025-05-16', 'first_file_date': '2025-05-16', 'is_active': True, 'last_cycle_has_activity': 2026, 'last_cycle_has_financial': 2026, 'last_f1_date': '2025-09-10', 'last_file_date': '2026-04-15', 'name': 'HALLIE SHOFFNER FOR ARKANSAS', 'organization_type': None, 'organization_type_full': None, 'party': 'DEM', 'party_full': 'DEMOCRATIC PARTY', 'state': 'AR', 'state_full': 'Arkansas', 'street_1': '600 E. CAPITOL STREET', 'street_2': 'P.O. BOX 57', 'treasurer_name': 'BARON, SHELLY', 'zip': '72202'}",C00905471,,,,,,,,,250.0,2026-02-06,"{'affiliated_committee_name': 'BLUE TO THE FUTURE 2024', 'candidate_ids': [], 'city': 'SOMERVILLE', 'committee_id': 'C00401224', 'committee_type': 'V', 'committee_type_full': 'Hybrid PAC (with Non-Contribution Account) - Nonqualified', 'cycle': 2026, 'cycles': [2004, 2006, 2008, 2010, 2012, 2014, 2016, 2018, 2020, 2022, 2024, 2026], 'cycles_has_activity': [2004, 2006, 2008, 2010, 2012, 2014, 2016, 2018, 2020, 2022, 2024, 2026], 'cycles_has_financial': [2004, 2006, 2008, 2010, 2012, 2014, 2016, 2018, 2020, 2022, 2024, 2026], 'designated_agent_city': None, 'designated_agent_first_name': None, 'designated_agent_last_name': None, 'designated_agent_middle_name': None, 'designated_agent_name': None, 'designated_agent_phone_number': None, 'designated_agent_prefix': None, 'designated_agent_state': None, 'designated_agent_street1': None, 'designated_agent_street2': None, 'designated_agent_suffix': None, 'designated_agent_title': None, 'designated_agent_zip': None, 'designation': 'U', 'designation_full': 'Unauthorized', 'filing_frequency': 'M', 'first_f1_date': '2004-05-17', 'first_file_date': '2004-05-17', 'is_active': True, 'last_cycle_has_activity': 2026, 'last_cycle_has_financial': 2026, 'last_f1_date': '2024-07-29', 'last_file_date': '2026-04-22', 'name': 'ACTBLUE', 'organization_type': None, 'organization_type_full': None, 'party': None, 'party_full': None, 'state': 'MA', 'state_full': 'Massachusetts', 'street_1': 'PO BOX 441146', 'street_2': None, 'treasurer_name': 'GILMER, GEORGE', 'zip': '02144'}",250.0,ENCINO,SELF,HOLLAND,C00401224,TAYLOR,,"TAYLOR, HOLLAND",PERFORMER,,CA,15821 VENTURA BLVD,STE 500,,914362945,,P2026,,IND,INDIVIDUAL,PRIMARY,2026,1956215,F3,202603259856855597,,True,11AI,Contributions From Individuals/Persons Other Than Political Committees,4032520261425275010,2026-05-02T03:05:57,,,* EARMARKED CONTRIBUTION: SEE BELOW,False,,,https://docquery.fec.gov/cgi-bin/fecimg/?202603259856855597,15E,EARMARKED CONTRIBUTION,,P,,S,12P,2026,SA,ITEMIZED RECEIPTS,4032620261433440180,6819145,2026,C00401224,C00905471,HALLIE SHOFFNER FOR ARKANSAS,"SHOFFNER, HALLIE",S6AR00199,AR,DEM,DEM,selected,True,highest_total_receipts,,True,2026,2026-05-03T14:08:22.026054+00:00
C,CHANGE,SA11AI,6811744E,,,,,,,,,,,,,"{'affiliated_committee_name': 'NONE', 'candidate_ids': ['S6AR00199'], 'city': 'LITTLE ROCK', 'committee_id': 'C00905471', 'committee_type': 'S', 'committee_type_full': 'Senate', 'cycle': 2026, 'cycles': [2026], 'cycles_has_activity': [2026], 'cycles_has_financial': [2026], 'designated_agent_city': 'LITTLE ROCK', 'designated_agent_first_name': 'HALLIE', 'designated_agent_last_name': 'SHOFFNER', 'designated_agent_middle_name': None, 'designated_agent_name': 'SHOFFNER, HALLIE', 'designated_agent_phone_number': '8702173332', 'designated_agent_prefix': None, 'designated_agent_state': 'AR', 'designated_agent_street1': '600 E. CAPITOL', 'designated_agent_street2': None, 'designated_agent_suffix': None, 'designated_agent_title': 'CANDIDATE', 'designated_agent_zip': '72202', 'designation': 'P', 'designation_full': 'Principal campaign committee', 'filing_frequency': 'Q', 'first_f1_date': '2025-05-16', 'first_file_date': '2025-05-16', 'is_active': True, 'last_cycle_has_activity': 2026, 'last_cycle_has_financial': 2026, 'last_f1_date': '2025-09-10', 'last_file_date': '2026-04-15', 'name': 'HALLIE SHOFFNER FOR ARKANSAS', 'organization_type': None, 'organization_type_full': None, 'party': 'DEM', 'party_full': 'DEMOCRATIC PARTY', 'state': 'AR', 'state_full': 'Arkansas', 'street_1': '600 E. CAPITOL STREET', 'street_2': 'P.O. BOX 57', 'treasurer_name': 'BARON, SHELLY', 'zip': '72202'}",C00905471,,,,,,,,,10.0,2026-02-06,"{'affiliated_committee_name': 'BLUE TO THE FUTURE 2024', 'candidate_ids': [], 'city': 'SOMERVILLE', 'committee_id': 'C00401224', 'committee_type': 'V', 'committee_type_full': 'Hybrid PAC (with Non-Contribution Account) - Nonqualified', 'cycle': 2026, 'cycles': [2004, 2006, 2008, 2010, 2012, 2014, 2016, 2018, 2020, 2022, 2024, 2026], 'cycles_has_activity': [2004, 2006, 2008, 2010, 2012, 2014, 2016, 2018, 2020, 2022, 2024, 2026], 'cycles_has_financial': [2004, 2006, 2008, 2010, 2012, 2014, 2016, 2018, 2020, 2022, 2024, 2026], 'designated_agent_city': None, 'designated_agent_first_name': None, 'designated_agent_last_name': None, 'designated_agent_middle_name': None, 'designated_agent_name': None, 'designated_agent_phone_number': None, 'designated_agent_prefix': None, 'designated_agent_state': None, 'designated_agent_street1': None, 'designated_agent_street2': None, 'designated_agent_suffix': None, 'designated_agent_title': None, 'designated_agent_zip': None, 'designation': 'U', 'designation_full': 'Unauthorized', 'filing_frequency': 'M', 'first_f1_date': '2004-05-17', 'first_file_date': '2004-05-17', 'is_active': True, 'last_cycle_has_activity': 2026, 'last_cycle_has_financial': 2026, 'last_f1_date': '2024-07-29', 'last_file_date': '2026-04-22', 'name': 'ACTBLUE', 'organization_type': None, 'organization_type_full': None, 'party': None, 'party_full': None, 'state': 'MA', 'state_full': 'Massachusetts', 'street_1': 'PO BOX 441146', 'street_2': None, 'treasurer_name': 'GILMER, GEORGE', 'zip': '02144'}",278.27,LITTLE ROCK,HILLCREST,TOMMY,C00401224,BETHEA,,"BETHEA, TOMMY",CNC MACHINIST,,AR,617 W24TH ST,,,72206,,P2026,,IND,INDIVIDUAL,PRIMARY,2026,1956215,F3,202603259856855568,,True,11AI,Contributions From Individuals/Persons Other Than Political Committees,4032520261425275010,2026-05-02T03:05:57,,,* EARMARKED CONTRIBUTION: SEE BELOW,False,,,https://docquery.fec.gov/cgi-bin/fecimg/?202603259856855568,15E,EARMARKED CONTRIBUTION,,P,,S,12P,2026,SA,ITEMIZED RECEIPTS,4032620261433440093,6811744,2026,C00401224,C00905471,HALLIE SHOFFNER FOR ARKANSAS,"SHOFFNER, HALLIE",S6AR00199,AR,DEM,DEM,selected,True,highest_total_receipts,,True,2026,2026-05-03T14:08:22.026122+00:00
C,CHANGE,SA11AI,6819363E,,,,,,,,,,,,,"{'affiliated_committee_name': 'NONE', 'candidate_ids': ['S6AR00199'], 'city': 'LITTLE ROCK', 'committee_id': 'C00905471', 'committee_type': 'S', 'committee_type_full': 'Senate', 'cycle': 2026, 'cycles': [2026], 'cycles_has_activity': [2026], 'cycles_has_financial': [2026], 'designated_agent_city': 'LITTLE ROCK', 'designated_agent_first_name': 'HALLIE', 'designated_agent_last_name': 'SHOFFNER', 'designated_agent_middle_name': None, 'designated_agent_name': 'SHOFFNER, HALLIE', 'designated_agent_phone_number': '8702173332', 'designated_agent_prefix': None, 'designated_agent_state': 'AR', 'designated_agent_street1': '600 E. CAPITOL', 'designated_agent_street2': None, 'designated_agent_suffix': None, 'designated_agent_title': 'CANDIDATE', 'designated_agent_zip': '72202', 'designation': 'P', 'designation_full': 'Principal campaign committee', 'filing_frequency': 'Q', 'first_f1_date': '2025-05-16', 'first_file_date': '2025-05-16', 'is_active': True, 'last_cycle_has_activity': 2026, 'last_cycle_has_financial': 2026, 'last_f1_date': '2025-09-10', 'last_file_date': '2026-04-15', 'name': 'HALLIE SHOFFNER FOR ARKANSAS', 'organization_type': None, 'organization_type_full': None, 'party': 'DEM', 'party_full': 'DEMOCRATIC PARTY', 'state': 'AR', 'state_full': 'Arkansas', 'street_1': '600 E. CAPITOL STREET', 'street_2': 'P.O. BOX 57', 'treasurer_name': 'BARON, SHELLY', 'zip': '72202'}",C00905471,,,,,,,,,100.0,2026-02-06,"{'affiliated_committee_name': 'BLUE TO THE FUTURE 2024', 'candidate_ids': [], 'city': 'SOMERVILLE', 'committee_id': 'C00401224', 'committee_type': 'V', 'committee_type_full': 'Hybrid PAC (with Non-Contribution Account) - Nonqualified', 'cycle': 2026, 'cycles': [2004, 2006, 2008, 2010, 2012, 2014, 2016, 2018, 2020, 2022, 2024, 2026], 'cycles_has_activity': [2004, 2006, 2008, 2010, 2012, 2014, 2016, 2018, 2020, 2022, 2024, 2026], 'cycles_has_financial': [2004, 2006, 2008, 2010, 2012, 2014, 2016, 2018, 2020, 2022, 2024, 2026], 'designated_agent_city': None, 'designated_agent_first_name': None, 'designated_agent_last_name': None, 'designated_agent_middle_name': None, 'designated_agent_name': None, 'designated_agent_phone_number': None, 'designated_agent_prefix': None, 'designated_agent_state': None, 'designated_agent_street1': None, 'designated_agent_street2': None, 'designated_agent_suffix': None, 'designated_agent_title': None, 'designated_agent_zip': None, 'designation': 'U', 'designation_full': 'Unauthorized', 'filing_frequency': 'M', 'first_f1_date': '2004-05-17', 'first_file_date': '2004-05-17', 'is_active': True, 'last_cycle_has_activity': 2026, 'last_cycle_has_financial': 2026, 'last_f1_date': '2024-07-29', 'last_file_date': '2026-04-22', 'name': 'ACTBLUE', 'organization_type': None, 'organization_type_full': None, 'party': None, 'party_full': None, 'state': 'MA', 'state_full': 'Massachusetts', 'street_1': 'PO BOX 441146', 'street_2': None, 'treasurer_name': 'GILMER, GEORGE', 'zip': '02144'}",250.0,LITTLE ROCK,RETIRED,SHARLIE,C00401224,RIGBY,,"RIGBY, SHARLIE",RETIRED,,AR,201 MIRAMAR BLVD,,,722233200,,P2026,,IND,INDIVIDUAL,PRIMARY,2026,1956215,F3,202603259856855540,,True,11AI,Contributions From Individuals/Persons Other Than Political Committees,4032520261425275010,2026-05-02T03:05:57,,,* EARMARKED CONTRIBUTION: SEE BELOW,False,,,https://docquery.fec.gov/cgi-bin/fecimg/?202603259856855540,15E,EARMARKED CONTRIBUTION,,P,,S,12P,2026,SA,ITEMIZED RECEIPTS,4032620261433440009,6819363,2026,C00401224,C00905471,HALLIE SHOFFNER FOR ARKANSAS,"SHOFFNER, HALLIE",S6AR00199,AR,DEM,DEM,selected,True,highest_total_receipts,,True,2026,2026-05-03T14:08:22.026186+00:00
N,NO CHANGE,SA11AI,6811452E,,,,,,,,,,,,,"{'affiliated_committee_name': 'NONE', 'candidate_ids': ['S6AR00199'], 'city': 'LITTLE ROCK', 'committee_id': 'C00905471', 'committee_type': 'S', 'committee_type_full': 'Senate', 'cycle': 2026, 'cycles': [2026], 'cycles_has_activity': [2026], 'cycles_has_financial': [2026], 'designated_agent_city': 'LITTLE ROCK', 'designated_agent_first_name': 'HALLIE', 'designated_agent_last_name': 'SHOFFNER', 'designated_agent_middle_name': None, 'designated_agent_name': 'SHOFFNER, HALLIE', 'designated_agent_phone_number': '8702173332', 'designated_agent_prefix': None, 'designated_agent_state': 'AR', 'designated_agent_street1': '600 E. CAPITOL', 'designated_agent_street2': None, 'designated_agent_suffix': None, 'designated_agent_title': 'CANDIDATE', 'designated_agent_zip': '72202', 'designation': 'P', 'designation_full': 'Principal campaign committee', 'filing_frequency': 'Q', 'first_f1_date': '2025-05-16', 'first_file_date': '2025-05-16', 'is_active': True, 'last_cycle_has_activity': 2026, 'last_cycle_has_financial': 2026, 'last_f1_date': '2025-09-10', 'last_file_date': '2026-04-15', 'name': 'HALLIE SHOFFNER FOR ARKANSAS', 'organization_type': None, 'organization_type_full': None, 'party': 'DEM', 'party_full': 'DEMOCRATIC PARTY', 'state': 'AR', 'state_full': 'Arkansas', 'street_1': '600 E. CAPITOL STREET', 'street_2': 'P.O. BOX 57', 'treasurer_name': 'BARON, SHELLY', 'zip': '72202'}",C00905471,,,,,,,,,50.0,2026-02-06,"{'affiliated_committee_name': 'BLUE TO THE FUTURE 2024', 'candidate_ids': [], 'city': 'SOMERVILLE', 'committee_id': 'C00401224', 'committee_type': 'V', 'committee_type_full': 'Hybrid PAC (with Non-Contribution Account) - Nonqualified', 'cycle': 2026, 'cycles': [2004, 2006, 2008, 2010, 2012, 2014, 2016, 2018, 2020, 2022, 2024, 2026], 'cycles_has_activity': [2004, 2006, 2008, 2010, 2012, 2014, 2016, 2018, 2020, 2022, 2024, 2026], 'cycles_has_financial': [2004, 2006, 2008, 2010, 2012, 2014, 2016, 2018, 2020, 2022, 2024, 2026], 'designated_agent_city': None, 'designated_agent_first_name': None, 'designated_agent_last_name': None, 'designated_agent_middle_name': None, 'designated_agent_name': None, 'designated_agent_phone_number': None, 'designated_agent_prefix': None, 'designated_agent_state': None, 'designated_agent_street1': None, 'designated_agent_street2': None, 'designated_agent_suffix': None, 'designated_agent_title': None, 'designated_agent_zip': None, 'designation': 'U', 'designation_full': 'Unauthorized', 'filing_frequency': 'M', 'first_f1_date': '2004-05-17', 'first_file_date': '2004-05-17', 'is_active': True, 'last_cycle_has_activity': 2026, 'last_cycle_has_financial': 2026, 'last_f1_date': '2024-07-29', 'last_file_date': '2026-04-22', 'name': 'ACTBLUE', 'organization_type': None, 'organization_type_full': None, 'party': None, 'party_full': None, 'state': 'MA', 'state_full': 'Massachusetts', 'street_1': 'PO BOX 441146', 'street_2': None, 'treasurer_name': 'GILMER, GEORGE', 'zip': '02144'}",1300.0,LITTLE ROCK,NOT EMPLOYED,BOB,C00401224,RAZER,,"RAZER, BOB",NOT EMPLOYED,,AR,1709 N TYLER ST,,,722075339,,P2026,,IND,INDIVIDUAL,PRIMARY,2026,1956215,F3,202603259856855509,,True,11AI,Contributions From Individuals/Persons Other Than Political Committees,4032520261425275010,2026-05-02T03:05:57,,,* EARMARKED CONTRIBUTION: SEE BELOW,False,,,https://docquery.fec.gov/cgi-bin/fecimg/?202603259856855509,15E,EARMARKED CONTRIBUTION,,P,,S,12P,2026,SA,ITEMIZED RECEIPTS,4032620261433438916,6811452,2026,C00401224,C00905471,HALLIE SHOFFNER FOR ARKANSAS,"SHOFFNER, HALLIE",S6AR00199,AR,DEM,DEM,selected,True,highest_total_receipts,,True,2026,2026-05-03T14:08:22.026261+00:00
N,NO CHANGE,SA11AI,6815912E,,,,,,,,,,,,,"{'affiliated_committee_name': 'NONE', 'candidate_ids': ['S6AR00199'], 'city': 'LITTLE ROCK', 'committee_id': 'C00905471', 'committee_type': 'S', 'committee_type_full': 'Senate', 'cycle': 2026, 'cycles': [2026], 'cycles_has_activity': [2026], 'cycles_has_financial': [2026], 'designated_agent_city': 'LITTLE ROCK', 'designated_agent_first_name': 'HALLIE', 'designated_agent_last_name': 'SHOFFNER', 'designated_agent_middle_name': None, 'designated_agent_name': 'SHOFFNER, HALLIE', 'designated_agent_phone_number': '8702173332', 'designated_agent_prefix': None, 'designated_agent_state': 'AR', 'designated_agent_street1': '600 E. CAPITOL', 'designated_agent_street2': None, 'designated_agent_suffix': None, 'designated_agent_title': 'CANDIDATE', 'designated_agent_zip': '72202', 'designation': 'P', 'designation_full': 'Principal campaign committee', 'filing_frequency': 'Q', 'first_f1_date': '2025-05-16', 'first_file_date': '2025-05-16', 'is_active': True, 'last_cycle_has_activity': 2026, 'last_cycle_has_financial': 2026, 'last_f1_date': '2025-09-10', 'last_file_date': '2026-04-15', 'name': 'HALLIE SHOFFNER FOR ARKANSAS', 'organization_type': None, 'organization_type_full': None, 'party': 'DEM', 'party_full': 'DEMOCRATIC PARTY', 'state': 'AR', 'state_full': 'Arkansas', 'street_1': '600 E. CAPITOL STREET', 'street_2': 'P.O. BOX 57', 'treasurer_name': 'BARON, SHELLY', 'zip': '72202'}",C00905471,,,,,,,,,250.0,2026-02-06,"{'affiliated_committee_name': 'BLUE TO THE FUTURE 2024', 'candidate_ids': [], 'city': 'SOMERVILLE', 'committee_id': 'C00401224', 'committee_type': 'V', 'committee_type_full': 'Hybrid PAC (with Non-Contribution Account) - Nonqualified', 'cycle': 2026, 'cycles': [2004, 2006, 2008, 2010, 2012, 2014, 2016, 2018, 2020, 2022, 2024, 2026], 'cycles_has_activity': [2004, 2006, 2008, 2010, 2012, 2014, 2016, 2018, 2020, 2022, 2024, 2026], 'cycles_has_financial': [2004, 2006, 2008, 2010, 2012, 2014, 2016, 2018, 2020, 2022, 2024, 2026], 'designated_agent_city': None, 'designated_agent_first_name': None, 'designated_agent_last_name': None, 'designated_agent_middle_name': None, 'designated_agent_name': None, 'designated_agent_phone_number': None, 'designated_agent_prefix': None, 'designated_agent_state': None, 'designated_agent_street1': None, 'designated_agent_street2': None, 'designated_agent_suffix': None, 'designated_agent_title': None, 'designated_agent_zip': None, 'designation': 'U', 'designation_full': 'Unauthorized', 'filing_frequency': 'M', 'first_f1_date': '2004-05-17', 'first_file_date': '2004-05-17', 'is_active': True, 'last_cycle_has_activity': 2026, 'last_cycle_has_financial': 2026, 'last_f1_date': '2024-07-29', 'last_file_date': '2026-04-22', 'name': 'ACTBLUE', 'organization_type': None, 'organization_type_full': None, 'party': None, 'party_full': None, 'state': 'MA', 'state_full': 'Massachusetts', 'street_1': 'PO BOX 441146', 'street_2': None, 'treasurer_name': 'GILMER, GEORGE', 'zip': '02144'}",250.0,BATESVILLE,WHITE RIVER HEALTH,MELODY,C00401224,MOODY,,"MOODY, MELODY",PEDIATRICIAN,,AR,715 E MAIN ST,,,725013436,,P2026,,IND,INDIVIDUAL,PRIMARY,2026,1956215,F3,202603259856855499,,True,11AI,Contributions From Individuals/Persons Other Than Political Committees,4032520261425275010,2026-05-02T03:05:57,,,* EARMARKED CONTRIBUTION: SEE BELOW,False,,,https://docquery.fec.gov/cgi-bin/fecimg/?202603259856855499,15E,EARMARKED CONTRIBUTION,,P,,S,12P,2026,SA,ITEMIZED RECEIPTS,4032620261433438884,6815912,2026,C00401224,C00905471,HALLIE SHOFFNER FOR ARKANSAS,"SHOFFNER, HALLIE",S6AR00199,AR,DEM,DEM,selected,True,highest_total_receipts,,True,2026,2026-05-03T14:08:22.026326+00:00
C,CHANGE,,,,,,,,,,,,,,,"{'affiliated_committee_name': 'NONE', 'candidate_ids': ['S6AR00199'], 'city': 'LITTLE ROCK', 'committee_id': 'C00905471', 'committee_type': 'S', 'committee_type_full': 'Senate', 'cycle': 2026, 'cycles': [2026], 'cycles_has_activity': [2026], 'cycles_has_financial': [2026], 'designated_agent_city': 'LITTLE ROCK', 'designated_agent_first_name': 'HALLIE', 'designated_agent_last_name': 'SHOFFNER', 'designated_agent_middle_name': None, 'designated_agent_name': 'SHOFFNER, HALLIE', 'designated_agent_phone_number': '8702173332', 'designated_agent_prefix': None, 'designated_agent_state': 'AR', 'designated_agent_street1': '600 E. CAPITOL', 'designated_agent_street2': None, 'designated_agent_suffix': None, 'designated_agent_title': 'CANDIDATE', 'designated_agent_zip': '72202', 'designation': 'P', 'designation_full': 'Principal campaign committee', 'filing_frequency': 'Q', 'first_f1_date': '2025-05-16', 'first_file_date': '2025-05-16', 'is_active': True, 'last_cycle_has_activity': 2026, 'last_cycle_has_financial': 2026, 'last_f1_date': '2025-09-10', 'last_file_date': '2026-04-15', 'name': 'HALLIE SHOFFNER FOR ARKANSAS', 'organization_type': None, 'organization_type_full': None, 'party': 'DEM', 'party_full': 'DEMOCRATIC PARTY', 'state': 'AR', 'state_full': 'Arkansas', 'street_1': '600 E. CAPITOL STREET', 'street_2': 'P.O. BOX 57', 'treasurer_name': 'BARON, SHELLY', 'zip': '72202'}",C00905471,,,,,,,,,33.27,2026-02-06,,383.27,LITTLE ROCK,UNIVERSITY OF ARKANSAS FOR MEDICAL SCI,LOUISE,,MONTGOMERY,,"MONTGOMERY, LOUISE",LIBRARIAN,,AR,11105 WESTPOINT CT,,,722112540,,P2026,,IND,INDIVIDUAL,PRIMARY,2026,1956215,F3,202603259856855458,,True,11AI,Contributions From Individuals/Persons Other Than Political Committees,4032520261425275010,2026-05-02T03:05:57,,,,False,,,https://docquery.fec.gov/cgi-bin/fecimg/?202603259856855458,15,CONTRIBUTION,,P,,S,12P,2026,SA,ITEMIZED RECEIPTS,4032620261433438761,7140960,2026,,C00905471,HALLIE SHOFFNER FOR ARKANSAS,"SHOFFNER, HALLIE",S6AR00199,AR,DEM,DEM,selected,True,highest_total_receipts,,True,2026,2026-05-03T14:08:22.026389+00:00
N,NO CHANGE,SA11AI,6818420E,,,,,,,,,,,,,"{'affiliated_committee_name': 'NONE', 'candidate_ids': ['S6AR00199'], 'city': 'LITTLE ROCK', 'committee_id': 'C00905471', 'committee_type': 'S', 'committee_type_full': 'Senate', 'cycle': 2026, 'cycles': [2026], 'cycles_has_activity': [2026], 'cycles_has_financial': [2026], 'designated_agent_city': 'LITTLE ROCK', 'designated_agent_first_name': 'HALLIE', 'designated_agent_last_name': 'SHOFFNER', 'designated_agent_middle_name': None, 'designated_agent_name': 'SHOFFNER, HALLIE', 'designated_agent_phone_number': '8702173332', 'designated_agent_prefix': None, 'designated_agent_state': 'AR', 'designated_agent_street1': '600 E. CAPITOL', 'designated_agent_street2': None, 'designated_agent_suffix': None, 'designated_agent_title': 'CANDIDATE', 'designated_agent_zip': '72202', 'designation': 'P', 'designation_full': 'Principal campaign committee', 'filing_frequency': 'Q', 'first_f1_date': '2025-05-16', 'first_file_date': '2025-05-16', 'is_active': True, 'last_cycle_has_activity': 2026, 'last_cycle_has_financial': 2026, 'last_f1_date': '2025-09-10', 'last_file_date': '2026-04-15', 'name': 'HALLIE SHOFFNER FOR ARKANSAS', 'organization_type': None, 'organization_type_full': None, 'party': 'DEM', 'party_full': 'DEMOCRATIC PARTY', 'state': 'AR', 'state_full': 'Arkansas', 'street_1': '600 E. CAPITOL STREET', 'street_2': 'P.O. BOX 57', 'treasurer_name': 'BARON, SHELLY', 'zip': '72202'}",C00905471,,,,,,,,,50.0,2026-02-06,"{'affiliated_committee_name': 'BLUE TO THE FUTURE 2024', 'candidate_ids': [], 'city': 'SOMERVILLE', 'committee_id': 'C00401224', 'committee_type': 'V', 'committee_type_full': 'Hybrid PAC (with Non-Contribution Account) - Nonqualified', 'cycle': 2026, 'cycles': [2004, 2006, 2008, 2010, 2012, 2014, 2016, 2018, 2020, 2022, 2024, 2026], 'cycles_has_activity': [2004, 2006, 2008, 2010, 2012, 2014, 2016, 2018, 2020, 2022, 2024, 2026], 'cycles_has_financial': [2004, 2006, 2008, 2010, 2012, 2014, 2016, 2018, 2020, 2022, 2024, 2026], 'designated_agent_city': None, 'designated_agent_first_name': None, 'designated_agent_last_name': None, 'designated_agent_middle_name': None, 'designated_agent_name': None, 'designated_agent_phone_number': None, 'designated_agent_prefix': None, 'designated_agent_state': None, 'designated_agent_street1': None, 'designated_agent_street2': None, 'designated_agent_suffix': None, 'designated_agent_title': None, 'designated_agent_zip': None, 'designation': 'U', 'designation_full': 'Unauthorized', 'filing_frequency': 'M', 'first_f1_date': '2004-05-17', 'first_file_date': '2004-05-17', 'is_active': True, 'last_cycle_has_activity': 2026, 'last_cycle_has_financial': 2026, 'last_f1_date': '2024-07-29', 'last_file_date': '2026-04-22', 'name': 'ACTBLUE', 'organization_type': None, 'organization_type_full': None, 'party': None, 'party_full': None, 'state': 'MA', 'state_full': 'Massachusetts', 'street_1': 'PO BOX 441146', 'street_2': None, 'treasurer_name': 'GILMER, GEORGE', 'zip': '02144'}",400.0,RIVERSIDE,NOT EMPLOYED,WILLIAM,C00401224,HARRIS,,"HARRIS, WILLIAM",NOT EMPLOYED,,CA,3046 HAVERHILL CT,,,925064412,,P2026,,IND,INDIVIDUAL,PRIMARY,2026,1956215,F3,202603259856855451,,True,11AI,Contributions From Individuals/Persons Other Than Political Committees,4032520261425275010,2026-05-02T03:05:57,,,* EARMARKED CONTRIBUTION: SEE BELOW,False,,,https://docquery.fec.gov/cgi-bin/fecimg/?202603259856855451,15E,EARMARKED CONTRIBUTION,,P,,S,12P,2026,SA,ITEMIZED RECEIPTS,4032620261433438741,6818420,2026,C00401224,C00905471,HALLIE SHOFFNER FOR ARKANSAS,"SHOFFNER, HALLIE",S6AR00199,AR,DEM,DEM,selected,True,highest_total_receipts,,True,2026,2026-05-03T14:08:22.026454+00:00
N,NO CHANGE,,,,,,,,,,,,,,,"{'affiliated_committee_name': 'NONE', 'candidate_ids': ['S6AR00199'], 'city': 'LITTLE ROCK', 'committee_id': 'C00905471', 'committee_type': 'S', 'committee_type_full': 'Senate', 'cycle': 2026, 'cycles': [2026], 'cycles_has_activity': [2026], 'cycles_has_financial': [2026], 'designated_agent_city': 'LITTLE ROCK', 'designated_agent_first_name': 'HALLIE', 'designated_agent_last_name': 'SHOFFNER', 'designated_agent_middle_name': None, 'designated_agent_name': 'SHOFFNER, HALLIE', 'designated_agent_phone_number': '8702173332', 'designated_agent_prefix': None, 'designated_agent_state': 'AR', 'designated_agent_street1': '600 E. CAPITOL', 'designated_agent_street2': None, 'designated_agent_suffix': None, 'designated_agent_title': 'CANDIDATE', 'designated_agent_zip': '72202', 'designation': 'P', 'designation_full': 'Principal campaign committee', 'filing_frequency': 'Q', 'first_f1_date': '2025-05-16', 'first_file_date': '2025-05-16', 'is_active': True, 'last_cycle_has_activity': 2026, 'last_cycle_has_financial': 2026, 'last_f1_date': '2025-09-10', 'last_file_date': '2026-04-15', 'name': 'HALLIE SHOFFNER FOR ARKANSAS', 'organization_type': None, 'organization_type_full': None, 'party': 'DEM', 'party_full': 'DEMOCRATIC PARTY', 'state': 'AR', 'state_full': 'Arkansas', 'street_1': '600 E. CAPITOL STREET', 'street_2': 'P.O. BOX 57', 'treasurer_name': 'BARON, SHELLY', 'zip': '72202'}",C00905471,,,,,,,,,519.0,2026-02-05,,519.0,SEARCY,ROAPA,CHERYL,,PAYNE,,"PAYNE, CHERYL",PHYSICIAN,,AR,2961 W COUNTRY CLUB RD,,,721439466,,P2026,,IND,INDIVIDUAL,PRIMARY,2026,1956215,F3,202603259856855731,,True,11AI,Contributions From Individuals/Persons Other Than Political Committees,4032520261425275010,2026-05-02T03:05:57,,,,False,,,https://docquery.fec.gov/cgi-bin/fecimg/?202603259856855731,15,CONTRIBUTION,,P,,S,12P,2026,SA,ITEMIZED RECEIPTS,4032620261433440581,6982279,2026,,C00905471,HALLIE SHOFFNER FOR ARKANSAS,"SHOFFNER, HALLIE",S6AR00199,AR,DEM,DEM,selected,True,highest_total_receipts,,True,2026,2026-05-03T14:08:22.026517+00:00
N,NO CHANGE,SA11AI,6802659E,,,,,,,,,,,,,"{'affiliated_committee_name': 'NONE', 'candidate_ids': ['S6AR00199'], 'city': 'LITTLE ROCK', 'committee_id': 'C00905471', 'committee_type': 'S', 'committee_type_full': 'Senate', 'cycle': 2026, 'cycles': [2026], 'cycles_has_activity': [2026], 'cycles_has_financial': [2026], 'designated_agent_city': 'LITTLE ROCK', 'designated_agent_first_name': 'HALLIE', 'designated_agent_last_name': 'SHOFFNER', 'designated_agent_middle_name': None, 'designated_agent_name': 'SHOFFNER, HALLIE', 'designated_agent_phone_number': '8702173332', 'designated_agent_prefix': None, 'designated_agent_state': 'AR', 'designated_agent_street1': '600 E. CAPITOL', 'designated_agent_street2': None, 'designated_agent_suffix': None, 'designated_agent_title': 'CANDIDATE', 'designated_agent_zip': '72202', 'designation': 'P', 'designation_full': 'Principal campaign committee', 'filing_frequency': 'Q', 'first_f1_date': '2025-05-16', 'first_file_date': '2025-05-16', 'is_active': True, 'last_cycle_has_activity': 2026, 'last_cycle_has_financial': 2026, 'last_f1_date': '2025-09-10', 'last_file_date': '2026-04-15', 'name': 'HALLIE SHOFFNER FOR ARKANSAS', 'organization_type': None, 'organization_type_full': None, 'party': 'DEM', 'party_full': 'DEMOCRATIC PARTY', 'state': 'AR', 'state_full': 'Arkansas', 'street_1': '600 E. CAPITOL STREET', 'street_2': 'P.O. BOX 57', 'treasurer_name': 'BARON, SHELLY', 'zip': '72202'}",C00905471,,,,,,,,,200.0,2026-02-05,"{'affiliated_committee_name': 'BLUE TO THE FUTURE 2024', 'candidate_ids': [], 'city': 'SOMERVILLE', 'committee_id': 'C00401224', 'committee_type': 'V', 'committee_type_full': 'Hybrid PAC (with Non-Contribution Account) - Nonqualified', 'cycle': 2026, 'cycles': [2004, 2006, 2008, 2010, 2012, 2014, 2016, 2018, 2020, 2022, 2024, 2026], 'cycles_has_activity': [2004, 2006, 2008, 2010, 2012, 2014, 2016, 2018, 2020, 2022, 2024, 2026], 'cycles_has_financial': [2004, 2006, 2008, 2010, 2012, 2014, 2016, 2018, 2020, 2022, 2024, 2026], 'designated_agent_city': None, 'designated_agent_first_name': None, 'designated_agent_last_name': None, 'designated_agent_middle_name': None, 'designated_agent_name': None, 'designated_agent_phone_number': None, 'designated_agent_prefix': None, 'designated_agent_state': None, 'designated_agent_street1': None, 'designated_agent_street2': None, 'designated_agent_suffix': None, 'designated_agent_title': None, 'designated_agent_zip': None, 'designation': 'U', 'designation_full': 'Unauthorized', 'filing_frequency': 'M', 'first_f1_date': '2004-05-17', 'first_file_date': '2004-05-17', 'is_active': True, 'last_cycle_has_activity': 2026, 'last_cycle_has_financial': 2026, 'last_f1_date': '2024-07-29', 'last_file_date': '2026-04-22', 'name': 'ACTBLUE', 'organization_type': None, 'organization_type_full': None, 'party': None, 'party_full': None, 'state': 'MA', 'state_full': 'Massachusetts', 'street_1': 'PO BOX 441146', 'street_2': None, 'treasurer_name': 'GILMER, GEORGE', 'zip': '02144'}",850.0,BELLA VISTA,RETIRED,LEE,C00401224,WILLIAMS,,"WILLIAMS, LEE",BA VOLUNTEER YOGA TEACHER,,AR,15 SHELLY DR,,,727145210,,P2026,,IND,INDIVIDUAL,PRIMARY,2026,1956215,F3,202603259856855725,,True,11AI,Contributions From Individuals/Persons Other Than Political Committees,4032520261425275010,2026-05-02T03:05:57,,,* EARMARKED CONTRIBUTION: SEE BELOW,False,,,https://docquery.fec.gov/cgi-bin/fecimg/?202603259856855725,15E,EARMARKED CONTRIBUTION,,P,,S,12P,2026,SA,ITEMIZED RECEIPTS,4032620261433440564,6802659,2026,C00401224,C00905471,HALLIE SHOFFNER FOR ARKANSAS,"SHOFFNER, HALLIE",S6AR00199,AR,DEM,DEM,selected,True,highest_total_receipts,,True,2026,2026-05-03T14:08:22.026579+00:00
N,NO CHANGE,,,,,,,,,,,,,,,"{'affiliated_committee_name': 'NONE', 'candidate_ids': ['S6AR00199'], 'city': 'LITTLE ROCK', 'committee_id': 'C00905471', 'committee_type': 'S', 'committee_type_full': 'Senate', 'cycle': 2026, 'cycles': [2026], 'cycles_has_activity': [2026], 'cycles_has_financial': [2026], 'designated_agent_city': 'LITTLE ROCK', 'designated_agent_first_name': 'HALLIE', 'designated_agent_last_name': 'SHOFFNER', 'designated_agent_middle_name': None, 'designated_agent_name': 'SHOFFNER, HALLIE', 'designated_agent_phone_number': '8702173332', 'designated_agent_prefix': None, 'designated_agent_state': 'AR', 'designated_agent_street1': '600 E. CAPITOL', 'designated_agent_street2': None, 'designated_agent_suffix': None, 'designated_agent_title': 'CANDIDATE', 'designated_agent_zip': '72202', 'designation': 'P', 'designation_full': 'Principal campaign committee', 'filing_frequency': 'Q', 'first_f1_date': '2025-05-16', 'first_file_date': '2025-05-16', 'is_active': True, 'last_cycle_has_activity': 2026, 'last_cycle_has_financial': 2026, 'last_f1_date': '2025-09-10', 'last_file_date': '2026-04-15', 'name': 'HALLIE SHOFFNER FOR ARKANSAS', 'organization_type': None, 'organization_type_full': None, 'party': 'DEM', 'party_full': 'DEMOCRATIC PARTY', 'state': 'AR', 'state_full': 'Arkansas', 'street_1': '600 E. CAPITOL STREET', 'street_2': 'P.O. BOX 57', 'treasurer_name': 'BARON, SHELLY', 'zip': '72202'}",C00905471,,,,,,,,,33.27,2026-02-05,,308.27,NORTH LITTLE ROCK,AR CHILDREN'S HOSP,SARA,,BOWLING,,"BOWLING, SARA",EDUCATOR,,AR,4207 WESTRIDGE DR,,,721168156,,P2026,,IND,INDIVIDUAL,PRIMARY,2026,1956215,F3,202603259856855713,,True,11AI,Contributions From Individuals/Persons Other Than Political Committees,4032520261425275010,2026-05-02T03:05:57,,,,False,,,https://docquery.fec.gov/cgi-bin/fecimg/?202603259856855713,15,CONTRIBUTION,,P,,S,12P,2026,SA,ITEMIZED RECEIPTS,4032620261433440527,6983919,2026,,C00905471,HALLIE SHOFFNER FOR ARKANSAS,"SHOFFNER, HALLIE",S6AR00199,AR,DEM,DEM,selected,True,highest_total_receipts,,True,2026,2026-05-03T14:08:22.026646+00:00
N,NO CHANGE,,,,,,,,,,,,,,,"{'affiliated_committee_name': 'NONE', 'candidate_ids': ['S6AR00199'], 'city': 'LITTLE ROCK', 'committee_id': 'C00905471', 'committee_type': 'S', 'committee_type_full': 'Senate', 'cycle': 2026, 'cycles': [2026], 'cycles_has_activity': [2026], 'cycles_has_financial': [2026], 'designated_agent_city': 'LITTLE ROCK', 'designated_agent_first_name': 'HALLIE', 'designated_agent_last_name': 'SHOFFNER', 'designated_agent_middle_name': None, 'designated_agent_name': 'SHOFFNER, HALLIE', 'designated_agent_phone_number': '8702173332', 'designated_agent_prefix': None, 'designated_agent_state': 'AR', 'designated_agent_street1': '600 E. CAPITOL', 'designated_agent_street2': None, 'designated_agent_suffix': None, 'designated_agent_title': 'CANDIDATE', 'designated_agent_zip': '72202', 'designation': 'P', 'designation_full': 'Principal campaign committee', 'filing_frequency': 'Q', 'first_f1_date': '2025-05-16', 'first_file_date': '2025-05-16', 'is_active': True, 'last_cycle_has_activity': 2026, 'last_cycle_has_financial': 2026, 'last_f1_date': '2025-09-10', 'last_file_date': '2026-04-15', 'name': 'HALLIE SHOFFNER FOR ARKANSAS', 'organization_type': None, 'organization_type_full': None, 'party': 'DEM', 'party_full': 'DEMOCRATIC PARTY', 'state': 'AR', 'state_full': 'Arkansas', 'street_1': '600 E. CAPITOL STREET', 'street_2': 'P.O. BOX 57', 'treasurer_name': 'BARON, SHELLY', 'zip': '72202'}",C00905471,,,,,,,,,50.0,2026-02-05,,200.0,LITTLE ROCK,RETIRED,JENNIPHER,,BOONE,,"BOONE, JENNIPHER",SOCIAL WORKER,,AR,16201 PRIDE VALLEY RD,,,722234821,,P2026,,IND,INDIVIDUAL,PRIMARY,2026,1956215,F3,202603259856855703,,True,11AI,Contributions From Individuals/Persons Other Than Political Committees,4032520261425275010,2026-05-02T03:05:57,,,,False,,,https://docquery.fec.gov/cgi-bin/fecimg/?202603259856855703,,,,P,,S,12P,2026,SA,ITEMIZED RECEIPTS,4032620261433440498,6982288,2026,,C00905471,HALLIE SHOFFNER FOR ARKANSAS,"SHOFFNER, HALLIE",S6AR00199,AR,DEM,DEM,selected,True,highest_total_receipts,,True,2026,2026-05-03T14:08:22.026709+00:00
N,NO CHANGE,SA11AI,6796978E,,,,,,,,,,,,,"{'affiliated_committee_name': 'NONE', 'candidate_ids': ['S6AR00199'], 'city': 'LITTLE ROCK', 'committee_id': 'C00905471', 'committee_type': 'S', 'committee_type_full': 'Senate', 'cycle': 2026, 'cycles': [2026], 'cycles_has_activity': [2026], 'cycles_has_financial': [2026], 'designated_agent_city': 'LITTLE ROCK', 'designated_agent_first_name': 'HALLIE', 'designated_agent_last_name': 'SHOFFNER', 'designated_agent_middle_name': None, 'designated_agent_name': 'SHOFFNER, HALLIE', 'designated_agent_phone_number': '8702173332', 'designated_agent_prefix': None, 'designated_agent_state': 'AR', 'designated_agent_street1': '600 E. CAPITOL', 'designated_agent_street2': None, 'designated_agent_suffix': None, 'designated_agent_title': 'CANDIDATE', 'designated_agent_zip': '72202', 'designation': 'P', 'designation_full': 'Principal campaign committee', 'filing_frequency': 'Q', 'first_f1_date': '2025-05-16', 'first_file_date': '2025-05-16', 'is_active': True, 'last_cycle_has_activity': 2026, 'last_cycle_has_financial': 2026, 'last_f1_date': '2025-09-10', 'last_file_date': '2026-04-15', 'name': 'HALLIE SHOFFNER FOR ARKANSAS', 'organization_type': None, 'organization_type_full': None, 'party': 'DEM', 'party_full': 'DEMOCRATIC PARTY', 'state': 'AR', 'state_full': 'Arkansas', 'street_1': '600 E. CAPITOL STREET', 'street_2': 'P.O. BOX 57', 'treasurer_name': 'BARON, SHELLY', 'zip': '72202'}",C00905471,,,,,,,,,10.0,2026-02-05,"{'affiliated_committee_name': 'BLUE TO THE FUTURE 2024', 'candidate_ids': [], 'city': 'SOMERVILLE', 'committee_id': 'C00401224', 'committee_type': 'V', 'committee_type_full': 'Hybrid PAC (with Non-Contribution Account) - Nonqualified', 'cycle': 2026, 'cycles': [2004, 2006, 2008, 2010, 2012, 2014, 2016, 2018, 2020, 2022, 2024, 2026], 'cycles_has_activity': [2004, 2006, 2008, 2010, 2012, 2014, 2016, 2018, 2020, 2022, 2024, 2026], 'cycles_has_financial': [2004, 2006, 2008, 2010, 2012, 2014, 2016, 2018, 2020, 2022, 2024, 2026], 'designated_agent_city': None, 'designated_agent_first_name': None, 'designated_agent_last_name': None, 'designated_agent_middle_name': None, 'designated_agent_name': None, 'designated_agent_phone_number': None, 'designated_agent_prefix': None, 'designated_agent_state': None, 'designated_agent_street1': None, 'designated_agent_street2': None, 'designated_agent_suffix': None, 'designated_agent_title': None, 'designated_agent_zip': None, 'designation': 'U', 'designation_full': 'Unauthorized', 'filing_frequency': 'M', 'first_f1_date': '2004-05-17', 'first_file_date': '2004-05-17', 'is_active': True, 'last_cycle_has_activity': 2026, 'last_cycle_has_financial': 2026, 'last_f1_date': '2024-07-29', 'last_file_date': '2026-04-22', 'name': 'ACTBLUE', 'organization_type': None, 'organization_type_full': None, 'party': None, 'party_full': None, 'state': 'MA', 'state_full': 'Massachusetts', 'street_1': 'PO BOX 441146', 'street_2': None, 'treasurer_name': 'GILMER, GEORGE', 'zip': '02144'}",375.0,HOMOSASSA,NOT EMPLOYED,DAVID,C00401224,KALLAHER,,"KALLAHER, DAVID",NOT EMPLOYED,,FL,91 GOLFVIEW DR,,,344464269,,P2026,,IND,INDIVIDUAL,PRIMARY,2026,1956215,F3,202603259856855701,,True,11AI,Contributions From Individuals/Persons Other Than Political Committees,4032520261425275010,2026-05-02T03:05:57,,,* EARMARKED CONTRIBUTION: SEE BELOW,False,,,https://docquery.fec.gov/cgi-bin/fecimg/?202603259856855701,15E,EARMARKED CONTRIBUTION,,P,,S,12P,2026,SA,ITEMIZED RECEIPTS,4032620261433440492,6796978,2026,C00401224,C00905471,HALLIE SHOFFNER FOR ARKANSAS,"SHOFFNER, HALLIE",S6AR00199,AR,DEM,DEM,selected,True,highest_total_receipts,,True,2026,2026-05-03T14:08:22.026774+00:00
N,NO CHANGE,,,,,,,,,,,,,,,"{'affiliated_committee_name': 'NONE', 'candidate_ids': ['S6AR00199'], 'city': 'LITTLE ROCK', 'committee_id': 'C00905471', 'committee_type': 'S', 'committee_type_full': 'Senate', 'cycle': 2026, 'cycles': [2026], 'cycles_has_activity': [2026], 'cycles_has_financial': [2026], 'designated_agent_city': 'LITTLE ROCK', 'designated_agent_first_name': 'HALLIE', 'designated_agent_last_name': 'SHOFFNER', 'designated_agent_middle_name': None, 'designated_agent_name': 'SHOFFNER, HALLIE', 'designated_agent_phone_number': '8702173332', 'designated_agent_prefix': None, 'designated_agent_state': 'AR', 'designated_agent_street1': '600 E. CAPITOL', 'designated_agent_street2': None, 'designated_agent_suffix': None, 'designated_agent_title': 'CANDIDATE', 'designated_agent_zip': '72202', 'designation': 'P', 'designation_full': 'Principal campaign committee', 'filing_frequency': 'Q', 'first_f1_date': '2025-05-16', 'first_file_date': '2025-05-16', 'is_active': True, 'last_cycle_has_activity': 2026, 'last_cycle_has_financial': 2026, 'last_f1_date': '2025-09-10', 'last_file_date': '2026-04-15', 'name': 'HALLIE SHOFFNER FOR ARKANSAS', 'organization_type': None, 'organization_type_full': None, 'party': 'DEM', 'party_full': 'DEMOCRATIC PARTY', 'state': 'AR', 'state_full': 'Arkansas', 'street_1': '600 E. CAPITOL STREET', 'street_2': 'P.O. BOX 57', 'treasurer_name': 'BARON, SHELLY', 'zip': '72202'}",C00905471,,,,,,,,,259.63,2026-02-05,,259.63,PEACH ORCHARD,HALL IRRIGATION,KEITH,,HALL,,"HALL, KEITH",INSTALL IRRIGATION PIPELINES ON FARMS,,AR,97 HIGHWAY 280 97 SPUR,,,72453,,P2026,,IND,INDIVIDUAL,PRIMARY,2026,1956215,F3,202603259856855675,,True,11AI,Contributions From Individuals/Persons Other Than Political Committees,4032520261425275010,2026-05-02T03:05:57,,,,False,,,https://docquery.fec.gov/cgi-bin/fecimg/?202603259856855675,15,CONTRIBUTION,,P,,S,12P,2026,SA,ITEMIZED RECEIPTS,4032620261433440412,6982287,2026,,C00905471,HALLIE SHOFFNER FOR ARKANSAS,"SHOFFNER, HALLIE",S6AR00199,AR,DEM,DEM,selected,True,highest_total_receipts,,True,2026,2026-05-03T14:08:22.026838+00:00
N,NO CHANGE,,,,,,,,,,,,,,,"{'affiliated_committee_name': 'NONE', 'candidate_ids': ['S6AR00199'], 'city': 'LITTLE ROCK', 'committee_id': 'C00905471', 'committee_type': 'S', 'committee_type_full': 'Senate', 'cycle': 2026, 'cycles': [2026], 'cycles_has_activity': [2026], 'cycles_has_financial': [2026], 'designated_agent_city': 'LITTLE ROCK', 'designated_agent_first_name': 'HALLIE', 'designated_agent_last_name': 'SHOFFNER', 'designated_agent_middle_name': None, 'designated_agent_name': 'SHOFFNER, HALLIE', 'designated_agent_phone_number': '8702173332', 'designated_agent_prefix': None, 'designated_agent_state': 'AR', 'designated_agent_street1': '600 E. CAPITOL', 'designated_agent_street2': None, 'designated_agent_suffix': None, 'designated_agent_title': 'CANDIDATE', 'designated_agent_zip': '72202', 'designation': 'P', 'designation_full': 'Principal campaign committee', 'filing_frequency': 'Q', 'first_f1_date': '2025-05-16', 'first_file_date': '2025-05-16', 'is_active': True, 'last_cycle_has_activity': 2026, 'last_cycle_has_financial': 2026, 'last_f1_date': '2025-09-10', 'last_file_date': '2026-04-15', 'name': 'HALLIE SHOFFNER FOR ARKANSAS', 'organization_type': None, 'organization_type_full': None, 'party': 'DEM', 'party_full': 'DEMOCRATIC PARTY', 'state': 'AR', 'state_full': 'Arkansas', 'street_1': '600 E. CAPITOL STREET', 'street_2': 'P.O. BOX 57', 'treasurer_name': 'BARON, SHELLY', 'zip': '72202'}",C00905471,,,,,,,,,100.0,2026-02-05,,800.0,ROGERS,SELF,JOHN,,MACK,,"MACK, JOHN",ARCHITECT,,AR,617 S 6TH ST,,,727564413,,P2026,,IND,INDIVIDUAL,PRIMARY,2026,1956215,F3,202603259856855646,,True,11AI,Contributions From Individuals/Persons Other Than Political Committees,4032520261425275010,2026-05-02T03:05:57,,,,False,,,https://docquery.fec.gov/cgi-bin/fecimg/?202603259856855646,15,CONTRIBUTION,,P,,S,12P,2026,SA,ITEMIZED RECEIPTS,4032620261433440326,7142596,2026,,C00905471,HALLIE SHOFFNER FOR ARKANSAS,"SHOFFNER, HALLIE",S6AR00199,AR,DEM,DEM,selected,True,highest_total_receipts,,True,2026,2026-05-03T14:08:22.026902+00:00
N,NO CHANGE,,,,,,,,,,,,,,,"{'affiliated_committee_name': 'NONE', 'candidate_ids': ['S6AR00199'], 'city': 'LITTLE ROCK', 'committee_id': 'C00905471', 'committee_type': 'S', 'committee_type_full': 'Senate', 'cycle': 2026, 'cycles': [2026], 'cycles_has_activity': [2026], 'cycles_has_financial': [2026], 'designated_agent_city': 'LITTLE ROCK', 'designated_agent_first_name': 'HALLIE', 'designated_agent_last_name': 'SHOFFNER', 'designated_agent_middle_name': None, 'designated_agent_name': 'SHOFFNER, HALLIE', 'designated_agent_phone_number': '8702173332', 'designated_agent_prefix': None, 'designated_agent_state': 'AR', 'designated_agent_street1': '600 E. CAPITOL', 'designated_agent_street2': None, 'designated_agent_suffix': None, 'designated_agent_title': 'CANDIDATE', 'designated_agent_zip': '72202', 'designation': 'P', 'designation_full': 'Principal campaign committee', 'filing_frequency': 'Q', 'first_f1_date': '2025-05-16', 'first_file_date': '2025-05-16', 'is_active': True, 'last_cycle_has_activity': 2026, 'last_cycle_has_financial': 2026, 'last_f1_date': '2025-09-10', 'last_file_date': '2026-04-15', 'name': 'HALLIE SHOFFNER FOR ARKANSAS', 'organization_type': None, 'organization_type_full': None, 'party': 'DEM', 'party_full': 'DEMOCRATIC PARTY', 'state': 'AR', 'state_full': 'Arkansas', 'street_1': '600 E. CAPITOL STREET', 'street_2': 'P.O. BOX 57', 'treasurer_name': 'BARON, SHELLY', 'zip': '72202'}",C00905471,,,,,,,,,33.27,2026-02-05,,292.9,LITTLE ROCK,BAPTIST HEALTH,HERBERT,,HAHN,,"HAHN, HERBERT",PHYSICIAN,,AR,14 PIEDMONT LN,,,722232232,,P2026,,IND,INDIVIDUAL,PRIMARY,2026,1956215,F3,202603259856855619,,True,11AI,Contributions From Individuals/Persons Other Than Political Committees,4032520261425275010,2026-05-02T03:05:57,,,,False,,,https://docquery.fec.gov/cgi-bin/fecimg/?202603259856855619,15,CONTRIBUTION,,P,,S,12P,2026,SA,ITEMIZED RECEIPTS,4032620261433440245,6983916,2026,,C00905471,HALLIE SHOFFNER FOR ARKANSAS,"SHOFFNER, HALLIE",S6AR00199,AR,DEM,DEM,selected,True,highest_total_receipts,,True,2026,2026-05-03T14:08:22.026969+00:00
N,NO CHANGE,,,,,,,,,,,,,,,"{'affiliated_committee_name': 'NONE', 'candidate_ids': ['S6AR00199'], 'city': 'LITTLE ROCK', 'committee_id': 'C00905471', 'committee_type': 'S', 'committee_type_full': 'Senate', 'cycle': 2026, 'cycles': [2026], 'cycles_has_activity': [2026], 'cycles_has_financial': [2026], 'designated_agent_city': 'LITTLE ROCK', 'designated_agent_first_name': 'HALLIE', 'designated_agent_last_name': 'SHOFFNER', 'designated_agent_middle_name': None, 'designated_agent_name': 'SHOFFNER, HALLIE', 'designated_agent_phone_number': '8702173332', 'designated_agent_prefix': None, 'designated_agent_state': 'AR', 'designated_agent_street1': '600 E. CAPITOL', 'designated_agent_street2': None, 'designated_agent_suffix': None, 'designated_agent_title': 'CANDIDATE', 'designated_agent_zip': '72202', 'designation': 'P', 'designation_full': 'Principal campaign committee', 'filing_frequency': 'Q', 'first_f1_date': '2025-05-16', 'first_file_date': '2025-05-16', 'is_active': True, 'last_cycle_has_activity': 2026, 'last_cycle_has_financial': 2026, 'last_f1_date': '2025-09-10', 'last_file_date': '2026-04-15', 'name': 'HALLIE SHOFFNER FOR ARKANSAS', 'organization_type': None, 'organization_type_full': None, 'party': 'DEM', 'party_full': 'DEMOCRATIC PARTY', 'state': 'AR', 'state_full': 'Arkansas', 'street_1': '600 E. CAPITOL STREET', 'street_2': 'P.O. BOX 57', 'treasurer_name': 'BARON, SHELLY', 'zip': '72202'}",C00905471,,,,,,,,,250.0,2026-02-05,,1250.0,ARKANSAS CITY,SELF,ROBERT,,MOORE,,"MOORE, ROBERT",RETIRED,,AR,PO BOX 446,,,716300446,,P2026,,IND,INDIVIDUAL,PRIMARY,2026,1956215,F3,202603259856855597,,True,11AI,Contributions From Individuals/Persons Other Than Political Committees,4032520261425275010,2026-05-02T03:05:57,,,,False,,,https://docquery.fec.gov/cgi-bin/fecimg/?202603259856855597,15,CONTRIBUTION,,P,,S,12P,2026,SA,ITEMIZED RECEIPTS,4032620261433440178,7142645,2026,,C00905471,HALLIE SHOFFNER FOR ARKANSAS,"SHOFFNER, HALLIE",S6AR00199,AR,DEM,DEM,selected,True,highest_total_receipts,,True,2026,2026-05-03T14:08:22.027031+00:00
N,NO CHANGE,,,,,,,,,,,,,,,"{'affiliated_committee_name': 'NONE', 'candidate_ids': ['S6AR00199'], 'city': 'LITTLE ROCK', 'committee_id': 'C00905471', 'committee_type': 'S', 'committee_type_full': 'Senate', 'cycle': 2026, 'cycles': [2026], 'cycles_has_activity': [2026], 'cycles_has_financial': [2026], 'designated_agent_city': 'LITTLE ROCK', 'designated_agent_first_name': 'HALLIE', 'designated_agent_last_name': 'SHOFFNER', 'designated_agent_middle_name': None, 'designated_agent_name': 'SHOFFNER, HALLIE', 'designated_agent_phone_number': '8702173332', 'designated_agent_prefix': None, 'designated_agent_state': 'AR', 'designated_agent_street1': '600 E. CAPITOL', 'designated_agent_street2': None, 'designated_agent_suffix': None, 'designated_agent_title': 'CANDIDATE', 'designated_agent_zip': '72202', 'designation': 'P', 'designation_full': 'Principal campaign committee', 'filing_frequency': 'Q', 'first_f1_date': '2025-05-16', 'first_file_date': '2025-05-16', 'is_active': True, 'last_cycle_has_activity': 2026, 'last_cycle_has_financial': 2026, 'last_f1_date': '2025-09-10', 'last_file_date': '2026-04-15', 'name': 'HALLIE SHOFFNER FOR ARKANSAS', 'organization_type': None, 'organization_type_full': None, 'party': 'DEM', 'party_full': 'DEMOCRATIC PARTY', 'state': 'AR', 'state_full': 'Arkansas', 'street_1': '600 E. CAPITOL STREET', 'street_2': 'P.O. BOX 57', 'treasurer_name': 'BARON, SHELLY', 'zip': '72202'}",C00905471,,,,,,,,,778.38,2026-02-11,,778.38,ROGERS,COX AUTO,KIRK,,GUTHRIE,,"GUTHRIE, KIRK",SR. DIRECTOR HR,,AR,811 SUMMIT LOOP,,,727563056,,P2026,,IND,INDIVIDUAL,PRIMARY,2026,1956215,F3,202603259856855739,,True,11AI,Contributions From Individuals/Persons Other Than Political Committees,4032520261425275010,2026-05-02T03:05:57,,,,False,,,https://docquery.fec.gov/cgi-bin/fecimg/?202603259856855739,15,CONTRIBUTION,,P,,S,12P,2026,SA,ITEMIZED RECEIPTS,4032620261433440604,7140699,2026,,C00905471,HALLIE SHOFFNER FOR ARKANSAS,"SHOFFNER, HALLIE",S6AR00199,AR,DEM,DEM,selected,True,highest_total_receipts,,True,2026,2026-05-03T14:08:37.169728+00:00
N,NO CHANGE,,,,,,,,,,,,,,,"{'affiliated_committee_name': 'NONE', 'candidate_ids': ['S6AR00199'], 'city': 'LITTLE ROCK', 'committee_id': 'C00905471', 'committee_type': 'S', 'committee_type_full': 'Senate', 'cycle': 2026, 'cycles': [2026], 'cycles_has_activity': [2026], 'cycles_has_financial': [2026], 'designated_agent_city': 'LITTLE ROCK', 'designated_agent_first_name': 'HALLIE', 'designated_agent_last_name': 'SHOFFNER', 'designated_agent_middle_name': None, 'designated_agent_name': 'SHOFFNER, HALLIE', 'designated_agent_phone_number': '8702173332', 'designated_agent_prefix': None, 'designated_agent_state': 'AR', 'designated_agent_street1': '600 E. CAPITOL', 'designated_agent_street2': None, 'designated_agent_suffix': None, 'designated_agent_title': 'CANDIDATE', 'designated_agent_zip': '72202', 'designation': 'P', 'designation_full': 'Principal campaign committee', 'filing_frequency': 'Q', 'first_f1_date': '2025-05-16', 'first_file_date': '2025-05-16', 'is_active': True, 'last_cycle_has_activity': 2026, 'last_cycle_has_financial': 2026, 'last_f1_date': '2025-09-10', 'last_file_date': '2026-04-15', 'name': 'HALLIE SHOFFNER FOR ARKANSAS', 'organization_type': None, 'organization_type_full': None, 'party': 'DEM', 'party_full': 'DEMOCRATIC PARTY', 'state': 'AR', 'state_full': 'Arkansas', 'street_1': '600 E. CAPITOL STREET', 'street_2': 'P.O. BOX 57', 'treasurer_name': 'BARON, SHELLY', 'zip': '72202'}",C00905471,,,,,,,,,519.0,2026-02-11,,519.0,LITTLE ROCK,RETIRED,TOM,,SWEARINGEN,,"SWEARINGEN, TOM",RETIRED,,AR,17 MISTY CT,,,722273135,,P2026,,IND,INDIVIDUAL,PRIMARY,2026,1956215,F3,202603259856855651,,True,11AI,Contributions From Individuals/Persons Other Than Political Committees,4032520261425275010,2026-05-02T03:05:57,,,,False,,,https://docquery.fec.gov/cgi-bin/fecimg/?202603259856855651,15,CONTRIBUTION,,P,,S,12P,2026,SA,ITEMIZED RECEIPTS,4032620261433440341,7140717,2026,,C00905471,HALLIE SHOFFNER FOR ARKANSAS,"SHOFFNER, HALLIE",S6AR00199,AR,DEM,DEM,selected,True,highest_total_receipts,,True,2026,2026-05-03T14:08:37.169864+00:00
C,CHANGE,,,,,,,,,,,,,,,"{'affiliated_committee_name': 'NONE', 'candidate_ids': ['S6AR00199'], 'city': 'LITTLE ROCK', 'committee_id': 'C00905471', 'committee_type': 'S', 'committee_type_full': 'Senate', 'cycle': 2026, 'cycles': [2026], 'cycles_has_activity': [2026], 'cycles_has_financial': [2026], 'designated_agent_city': 'LITTLE ROCK', 'designated_agent_first_name': 'HALLIE', 'designated_agent_last_name': 'SHOFFNER', 'designated_agent_middle_name': None, 'designated_agent_name': 'SHOFFNER, HALLIE', 'designated_agent_phone_number': '8702173332', 'designated_agent_prefix': None, 'designated_agent_state': 'AR', 'designated_agent_street1': '600 E. CAPITOL', 'designated_agent_street2': None, 'designated_agent_suffix': None, 'designated_agent_title': 'CANDIDATE', 'designated_agent_zip': '72202', 'designation': 'P', 'designation_full': 'Principal campaign committee', 'filing_frequency': 'Q', 'first_f1_date': '2025-05-16', 'first_file_date': '2025-05-16', 'is_active': True, 'last_cycle_has_activity': 2026, 'last_cycle_has_financial': 2026, 'last_f1_date': '2025-09-10', 'last_file_date': '2026-04-15', 'name': 'HALLIE SHOFFNER FOR ARKANSAS', 'organization_type': None, 'organization_type_full': None, 'party': 'DEM', 'party_full': 'DEMOCRATIC PARTY', 'state': 'AR', 'state_full': 'Arkansas', 'street_1': '600 E. CAPITOL STREET', 'street_2': 'P.O. BOX 57', 'treasurer_name': 'BARON, SHELLY', 'zip': '72202'}",C00905471,,,,,,,,,26.19,2026-02-11,,304.46,LITTLE ROCK,HILLCREST,TOMMY,,BETHEA,,"BETHEA, TOMMY",CNC MACHINIST,,AR,617 W24TH ST,,,72206,,P2026,,IND,INDIVIDUAL,PRIMARY,2026,1956215,F3,202603259856855645,,True,11AI,Contributions From Individuals/Persons Other Than Political Committees,4032520261425275010,2026-05-02T03:05:57,,,,False,,,https://docquery.fec.gov/cgi-bin/fecimg/?202603259856855645,15,CONTRIBUTION,,P,,S,12P,2026,SA,ITEMIZED RECEIPTS,4032620261433440323,7140696,2026,,C00905471,HALLIE SHOFFNER FOR ARKANSAS,"SHOFFNER, HALLIE",S6AR00199,AR,DEM,DEM,selected,True,highest_total_receipts,,True,2026,2026-05-03T14:08:37.169939+00:00
N,NO CHANGE,SA11AI,6937846E,,,,,,,,,,,,,"{'affiliated_committee_name': 'NONE', 'candidate_ids': ['S6AR00199'], 'city': 'LITTLE ROCK', 'committee_id': 'C00905471', 'committee_type': 'S', 'committee_type_full': 'Senate', 'cycle': 2026, 'cycles': [2026], 'cycles_has_activity': [2026], 'cycles_has_financial': [2026], 'designated_agent_city': 'LITTLE ROCK', 'designated_agent_first_name': 'HALLIE', 'designated_agent_last_name': 'SHOFFNER', 'designated_agent_middle_name': None, 'designated_agent_name': 'SHOFFNER, HALLIE', 'designated_agent_phone_number': '8702173332', 'designated_agent_prefix': None, 'designated_agent_state': 'AR', 'designated_agent_street1': '600 E. CAPITOL', 'designated_agent_street2': None, 'designated_agent_suffix': None, 'designated_agent_title': 'CANDIDATE', 'designated_agent_zip': '72202', 'designation': 'P', 'designation_full': 'Principal campaign committee', 'filing_frequency': 'Q', 'first_f1_date': '2025-05-16', 'first_file_date': '2025-05-16', 'is_active': True, 'last_cycle_has_activity': 2026, 'last_cycle_has_financial': 2026, 'last_f1_date': '2025-09-10', 'last_file_date': '2026-04-15', 'name': 'HALLIE SHOFFNER FOR ARKANSAS', 'organization_type': None, 'organization_type_full': None, 'party': 'DEM', 'party_full': 'DEMOCRATIC PARTY', 'state': 'AR', 'state_full': 'Arkansas', 'street_1': '600 E. CAPITOL STREET', 'street_2': 'P.O. BOX 57', 'treasurer_name': 'BARON, SHELLY', 'zip': '72202'}",C00905471,,,,,,,,,100.0,2026-02-11,"{'affiliated_committee_name': 'BLUE TO THE FUTURE 2024', 'candidate_ids': [], 'city': 'SOMERVILLE', 'committee_id': 'C00401224', 'committee_type': 'V', 'committee_type_full': 'Hybrid PAC (with Non-Contribution Account) - Nonqualified', 'cycle': 2026, 'cycles': [2004, 2006, 2008, 2010, 2012, 2014, 2016, 2018, 2020, 2022, 2024, 2026], 'cycles_has_activity': [2004, 2006, 2008, 2010, 2012, 2014, 2016, 2018, 2020, 2022, 2024, 2026], 'cycles_has_financial': [2004, 2006, 2008, 2010, 2012, 2014, 2016, 2018, 2020, 2022, 2024, 2026], 'designated_agent_city': None, 'designated_agent_first_name': None, 'designated_agent_last_name': None, 'designated_agent_middle_name': None, 'designated_agent_name': None, 'designated_agent_phone_number': None, 'designated_agent_prefix': None, 'designated_agent_state': None, 'designated_agent_street1': None, 'designated_agent_street2': None, 'designated_agent_suffix': None, 'designated_agent_title': None, 'designated_agent_zip': None, 'designation': 'U', 'designation_full': 'Unauthorized', 'filing_frequency': 'M', 'first_f1_date': '2004-05-17', 'first_file_date': '2004-05-17', 'is_active': True, 'last_cycle_has_activity': 2026, 'last_cycle_has_financial': 2026, 'last_f1_date': '2024-07-29', 'last_file_date': '2026-04-22', 'name': 'ACTBLUE', 'organization_type': None, 'organization_type_full': None, 'party': None, 'party_full': None, 'state': 'MA', 'state_full': 'Massachusetts', 'street_1': 'PO BOX 441146', 'street_2': None, 'treasurer_name': 'GILMER, GEORGE', 'zip': '02144'}",500.0,GEPP,VIOLA PUBLIC SCHOOLS,HEATH,C00401224,SHRABLE,,"SHRABLE, HEATH",TEACHER,,AR,7830 MOUNT CALM RD,,,725389020,,P2026,,IND,INDIVIDUAL,PRIMARY,2026,1956215,F3,202603259856855627,,True,11AI,Contributions From Individuals/Persons Other Than Political Committees,4032520261425275010,2026-05-02T03:05:57,,,* EARMARKED CONTRIBUTION: SEE BELOW,False,,,https://docquery.fec.gov/cgi-bin/fecimg/?202603259856855627,15E,EARMARKED CONTRIBUTION,,P,,S,12P,2026,SA,ITEMIZED RECEIPTS,4032620261433440269,6937846,2026,C00401224,C00905471,HALLIE SHOFFNER FOR ARKANSAS,"SHOFFNER, HALLIE",S6AR00199,AR,DEM,DEM,selected,True,highest_total_receipts,,True,2026,2026-05-03T14:08:37.170015+00:00
N,NO CHANGE,,,,,,,,,,,,,,,"{'affiliated_committee_name': 'NONE', 'candidate_ids': ['S6AR00199'], 'city': 'LITTLE ROCK', 'committee_id': 'C00905471', 'committee_type': 'S', 'committee_type_full': 'Senate', 'cycle': 2026, 'cycles': [2026], 'cycles_has_activity': [2026], 'cycles_has_financial': [2026], 'designated_agent_city': 'LITTLE ROCK', 'designated_agent_first_name': 'HALLIE', 'designated_agent_last_name': 'SHOFFNER', 'designated_agent_middle_name': None, 'designated_agent_name': 'SHOFFNER, HALLIE', 'designated_agent_phone_number': '8702173332', 'designated_agent_prefix': None, 'designated_agent_state': 'AR', 'designated_agent_street1': '600 E. CAPITOL', 'designated_agent_street2': None, 'designated_agent_suffix': None, 'designated_agent_title': 'CANDIDATE', 'designated_agent_zip': '72202', 'designation': 'P', 'designation_full': 'Principal campaign committee', 'filing_frequency': 'Q', 'first_f1_date': '2025-05-16', 'first_file_date': '2025-05-16', 'is_active': True, 'last_cycle_has_activity': 2026, 'last_cycle_has_financial': 2026, 'last_f1_date': '2025-09-10', 'last_file_date': '2026-04-15', 'name': 'HALLIE SHOFFNER FOR ARKANSAS', 'organization_type': None, 'organization_type_full': None, 'party': 'DEM', 'party_full': 'DEMOCRATIC PARTY', 'state': 'AR', 'state_full': 'Arkansas', 'street_1': '600 E. CAPITOL STREET', 'street_2': 'P.O. BOX 57', 'treasurer_name': 'BARON, SHELLY', 'zip': '72202'}",C00905471,,,,,,,,,201.64,2026-02-11,,745.64,FAYETTEVILLE,U OF ARKANSAS,BETSY,,MONTGOMERY,,"MONTGOMERY, BETSY",ACADEMIC ADVISOR,,AR,1769 E PADDOCK RD,,,727014336,,P2026,,IND,INDIVIDUAL,PRIMARY,2026,1956215,F3,202603259856855624,,True,11AI,Contributions From Individuals/Persons Other Than Political Committees,4032520261425275010,2026-05-02T03:05:57,,,,False,,,https://docquery.fec.gov/cgi-bin/fecimg/?202603259856855624,15,CONTRIBUTION,,P,,S,12P,2026,SA,ITEMIZED RECEIPTS,4032620261433440259,7140936,2026,,C00905471,HALLIE SHOFFNER FOR ARKANSAS,"SHOFFNER, HALLIE",S6AR00199,AR,DEM,DEM,selected,True,highest_total_receipts,,True,2026,2026-05-03T14:08:37.170087+00:00
N,NO CHANGE,SA11AI,6967395E,,,,,,,,,,,,,"{'affiliated_committee_name': 'NONE', 'candidate_ids': ['S6AR00199'], 'city': 'LITTLE ROCK', 'committee_id': 'C00905471', 'committee_type': 'S', 'committee_type_full': 'Senate', 'cycle': 2026, 'cycles': [2026], 'cycles_has_activity': [2026], 'cycles_has_financial': [2026], 'designated_agent_city': 'LITTLE ROCK', 'designated_agent_first_name': 'HALLIE', 'designated_agent_last_name': 'SHOFFNER', 'designated_agent_middle_name': None, 'designated_agent_name': 'SHOFFNER, HALLIE', 'designated_agent_phone_number': '8702173332', 'designated_agent_prefix': None, 'designated_agent_state': 'AR', 'designated_agent_street1': '600 E. CAPITOL', 'designated_agent_street2': None, 'designated_agent_suffix': None, 'designated_agent_title': 'CANDIDATE', 'designated_agent_zip': '72202', 'designation': 'P', 'designation_full': 'Principal campaign committee', 'filing_frequency': 'Q', 'first_f1_date': '2025-05-16', 'first_file_date': '2025-05-16', 'is_active': True, 'last_cycle_has_activity': 2026, 'last_cycle_has_financial': 2026, 'last_f1_date': '2025-09-10', 'last_file_date': '2026-04-15', 'name': 'HALLIE SHOFFNER FOR ARKANSAS', 'organization_type': None, 'organization_type_full': None, 'party': 'DEM', 'party_full': 'DEMOCRATIC PARTY', 'state': 'AR', 'state_full': 'Arkansas', 'street_1': '600 E. CAPITOL STREET', 'street_2': 'P.O. BOX 57', 'treasurer_name': 'BARON, SHELLY', 'zip': '72202'}",C00905471,,,,,,,,,1000.0,2026-02-11,"{'affiliated_committee_name': 'BLUE TO THE FUTURE 2024', 'candidate_ids': [], 'city': 'SOMERVILLE', 'committee_id': 'C00401224', 'committee_type': 'V', 'committee_type_full': 'Hybrid PAC (with Non-Contribution Account) - Nonqualified', 'cycle': 2026, 'cycles': [2004, 2006, 2008, 2010, 2012, 2014, 2016, 2018, 2020, 2022, 2024, 2026], 'cycles_has_activity': [2004, 2006, 2008, 2010, 2012, 2014, 2016, 2018, 2020, 2022, 2024, 2026], 'cycles_has_financial': [2004, 2006, 2008, 2010, 2012, 2014, 2016, 2018, 2020, 2022, 2024, 2026], 'designated_agent_city': None, 'designated_agent_first_name': None, 'designated_agent_last_name': None, 'designated_agent_middle_name': None, 'designated_agent_name': None, 'designated_agent_phone_number': None, 'designated_agent_prefix': None, 'designated_agent_state': None, 'designated_agent_street1': None, 'designated_agent_street2': None, 'designated_agent_suffix': None, 'designated_agent_title': None, 'designated_agent_zip': None, 'designation': 'U', 'designation_full': 'Unauthorized', 'filing_frequency': 'M', 'first_f1_date': '2004-05-17', 'first_file_date': '2004-05-17', 'is_active': True, 'last_cycle_has_activity': 2026, 'last_cycle_has_financial': 2026, 'last_f1_date': '2024-07-29', 'last_file_date': '2026-04-22', 'name': 'ACTBLUE', 'organization_type': None, 'organization_type_full': None, 'party': None, 'party_full': None, 'state': 'MA', 'state_full': 'Massachusetts', 'street_1': 'PO BOX 441146', 'street_2': None, 'treasurer_name': 'GILMER, GEORGE', 'zip': '02144'}",1000.0,NEW YORK,NOT EMPLOYED,JILL,C00401224,KRAUS,,"KRAUS, JILL",NOT EMPLOYED,,NY,720 PARK AVE,,,100214954,,P2026,,IND,INDIVIDUAL,PRIMARY,2026,1956215,F3,202603259856855611,,True,11AI,Contributions From Individuals/Persons Other Than Political Committees,4032520261425275010,2026-05-02T03:05:57,,,* EARMARKED CONTRIBUTION: SEE BELOW,False,,,https://docquery.fec.gov/cgi-bin/fecimg/?202603259856855611,15E,EARMARKED CONTRIBUTION,,P,,S,12P,2026,SA,ITEMIZED RECEIPTS,4032620261433440220,6967395,2026,C00401224,C00905471,HALLIE SHOFFNER FOR ARKANSAS,"SHOFFNER, HALLIE",S6AR00199,AR,DEM,DEM,selected,True,highest_total_receipts,,True,2026,2026-05-03T14:08:37.170159+00:00
N,NO CHANGE,SA11AI,6991665E,,,,,,,,,,,,,"{'affiliated_committee_name': 'NONE', 'candidate_ids': ['S6AR00199'], 'city': 'LITTLE ROCK', 'committee_id': 'C00905471', 'committee_type': 'S', 'committee_type_full': 'Senate', 'cycle': 2026, 'cycles': [2026], 'cycles_has_activity': [2026], 'cycles_has_financial': [2026], 'designated_agent_city': 'LITTLE ROCK', 'designated_agent_first_name': 'HALLIE', 'designated_agent_last_name': 'SHOFFNER', 'designated_agent_middle_name': None, 'designated_agent_name': 'SHOFFNER, HALLIE', 'designated_agent_phone_number': '8702173332', 'designated_agent_prefix': None, 'designated_agent_state': 'AR', 'designated_agent_street1': '600 E. CAPITOL', 'designated_agent_street2': None, 'designated_agent_suffix': None, 'designated_agent_title': 'CANDIDATE', 'designated_agent_zip': '72202', 'designation': 'P', 'designation_full': 'Principal campaign committee', 'filing_frequency': 'Q', 'first_f1_date': '2025-05-16', 'first_file_date': '2025-05-16', 'is_active': True, 'last_cycle_has_activity': 2026, 'last_cycle_has_financial': 2026, 'last_f1_date': '2025-09-10', 'last_file_date': '2026-04-15', 'name': 'HALLIE SHOFFNER FOR ARKANSAS', 'organization_type': None, 'organization_type_full': None, 'party': 'DEM', 'party_full': 'DEMOCRATIC PARTY', 'state': 'AR', 'state_full': 'Arkansas', 'street_1': '600 E. CAPITOL STREET', 'street_2': 'P.O. BOX 57', 'treasurer_name': 'BARON, SHELLY', 'zip': '72202'}",C00905471,,,,,,,,,250.0,2026-02-11,"{'affiliated_committee_name': 'BLUE TO THE FUTURE 2024', 'candidate_ids': [], 'city': 'SOMERVILLE', 'committee_id': 'C00401224', 'committee_type': 'V', 'committee_type_full': 'Hybrid PAC (with Non-Contribution Account) - Nonqualified', 'cycle': 2026, 'cycles': [2004, 2006, 2008, 2010, 2012, 2014, 2016, 2018, 2020, 2022, 2024, 2026], 'cycles_has_activity': [2004, 2006, 2008, 2010, 2012, 2014, 2016, 2018, 2020, 2022, 2024, 2026], 'cycles_has_financial': [2004, 2006, 2008, 2010, 2012, 2014, 2016, 2018, 2020, 2022, 2024, 2026], 'designated_agent_city': None, 'designated_agent_first_name': None, 'designated_agent_last_name': None, 'designated_agent_middle_name': None, 'designated_agent_name': None, 'designated_agent_phone_number': None, 'designated_agent_prefix': None, 'designated_agent_state': None, 'designated_agent_street1': None, 'designated_agent_street2': None, 'designated_agent_suffix': None, 'designated_agent_title': None, 'designated_agent_zip': None, 'designation': 'U', 'designation_full': 'Unauthorized', 'filing_frequency': 'M', 'first_f1_date': '2004-05-17', 'first_file_date': '2004-05-17', 'is_active': True, 'last_cycle_has_activity': 2026, 'last_cycle_has_financial': 2026, 'last_f1_date': '2024-07-29', 'last_file_date': '2026-04-22', 'name': 'ACTBLUE', 'organization_type': None, 'organization_type_full': None, 'party': None, 'party_full': None, 'state': 'MA', 'state_full': 'Massachusetts', 'street_1': 'PO BOX 441146', 'street_2': None, 'treasurer_name': 'GILMER, GEORGE', 'zip': '02144'}",250.0,NASHVILLE,SELF,CURT,C00401224,PATTON,,"PATTON, CURT",PHYSICIAN,,TN,6666 BROOKMONT TER,APT 604,,372054624,,P2026,,IND,INDIVIDUAL,PRIMARY,2026,1956215,F3,202603259856855602,,True,11AI,Contributions From Individuals/Persons Other Than Political Committees,4032520261425275010,2026-05-02T03:05:57,,,* EARMARKED CONTRIBUTION: SEE BELOW,False,,,https://docquery.fec.gov/cgi-bin/fecimg/?202603259856855602,15E,EARMARKED CONTRIBUTION,,P,,S,12P,2026,SA,ITEMIZED RECEIPTS,4032620261433440194,6991665,2026,C00401224,C00905471,HALLIE SHOFFNER FOR ARKANSAS,"SHOFFNER, HALLIE",S6AR00199,AR,DEM,DEM,selected,True,highest_total_receipts,,True,2026,2026-05-03T14:08:37.170232+00:00
N,NO CHANGE,,,,,,,,,,,,,,,"{'affiliated_committee_name': 'NONE', 'candidate_ids': ['S6AR00199'], 'city': 'LITTLE ROCK', 'committee_id': 'C00905471', 'committee_type': 'S', 'committee_type_full': 'Senate', 'cycle': 2026, 'cycles': [2026], 'cycles_has_activity': [2026], 'cycles_has_financial': [2026], 'designated_agent_city': 'LITTLE ROCK', 'designated_agent_first_name': 'HALLIE', 'designated_agent_last_name': 'SHOFFNER', 'designated_agent_middle_name': None, 'designated_agent_name': 'SHOFFNER, HALLIE', 'designated_agent_phone_number': '8702173332', 'designated_agent_prefix': None, 'designated_agent_state': 'AR', 'designated_agent_street1': '600 E. CAPITOL', 'designated_agent_street2': None, 'designated_agent_suffix': None, 'designated_agent_title': 'CANDIDATE', 'designated_agent_zip': '72202', 'designation': 'P', 'designation_full': 'Principal campaign committee', 'filing_frequency': 'Q', 'first_f1_date': '2025-05-16', 'first_file_date': '2025-05-16', 'is_active': True, 'last_cycle_has_activity': 2026, 'last_cycle_has_financial': 2026, 'last_f1_date': '2025-09-10', 'last_file_date': '2026-04-15', 'name': 'HALLIE SHOFFNER FOR ARKANSAS', 'organization_type': None, 'organization_type_full': None, 'party': 'DEM', 'party_full': 'DEMOCRATIC PARTY', 'state': 'AR', 'state_full': 'Arkansas', 'street_1': '600 E. CAPITOL STREET', 'street_2': 'P.O. BOX 57', 'treasurer_name': 'BARON, SHELLY', 'zip': '72202'}",C00905471,,,,,,,,,71.2,2026-02-11,,211.2,MISSION VIEJO,DELTA AIR LINES,JAMES,,DAVIDSON,,"DAVIDSON, JAMES",AIRLINE PILOT,,CA,27385 PADILLA,,,926911020,,P2026,,IND,INDIVIDUAL,PRIMARY,2026,1956215,F3,202603259856855591,,True,11AI,Contributions From Individuals/Persons Other Than Political Committees,4032520261425275010,2026-05-02T03:05:57,,,,False,,,https://docquery.fec.gov/cgi-bin/fecimg/?202603259856855591,15,CONTRIBUTION,,P,,S,12P,2026,SA,ITEMIZED RECEIPTS,4032620261433440162,7140935,2026,,C00905471,HALLIE SHOFFNER FOR ARKANSAS,"SHOFFNER, HALLIE",S6AR00199,AR,DEM,DEM,selected,True,highest_total_receipts,,True,2026,2026-05-03T14:08:37.170306+00:00
N,NO CHANGE,SA11AI,6893915E,,,,,,,,,,,,,"{'affiliated_committee_name': 'NONE', 'candidate_ids': ['S6AR00199'], 'city': 'LITTLE ROCK', 'committee_id': 'C00905471', 'committee_type': 'S', 'committee_type_full': 'Senate', 'cycle': 2026, 'cycles': [2026], 'cycles_has_activity': [2026], 'cycles_has_financial': [2026], 'designated_agent_city': 'LITTLE ROCK', 'designated_agent_first_name': 'HALLIE', 'designated_agent_last_name': 'SHOFFNER', 'designated_agent_middle_name': None, 'designated_agent_name': 'SHOFFNER, HALLIE', 'designated_agent_phone_number': '8702173332', 'designated_agent_prefix': None, 'designated_agent_state': 'AR', 'designated_agent_street1': '600 E. CAPITOL', 'designated_agent_street2': None, 'designated_agent_suffix': None, 'designated_agent_title': 'CANDIDATE', 'designated_agent_zip': '72202', 'designation': 'P', 'designation_full': 'Principal campaign committee', 'filing_frequency': 'Q', 'first_f1_date': '2025-05-16', 'first_file_date': '2025-05-16', 'is_active': True, 'last_cycle_has_activity': 2026, 'last_cycle_has_financial': 2026, 'last_f1_date': '2025-09-10', 'last_file_date': '2026-04-15', 'name': 'HALLIE SHOFFNER FOR ARKANSAS', 'organization_type': None, 'organization_type_full': None, 'party': 'DEM', 'party_full': 'DEMOCRATIC PARTY', 'state': 'AR', 'state_full': 'Arkansas', 'street_1': '600 E. CAPITOL STREET', 'street_2': 'P.O. BOX 57', 'treasurer_name': 'BARON, SHELLY', 'zip': '72202'}",C00905471,,,,,,,,,50.0,2026-02-11,"{'affiliated_committee_name': 'BLUE TO THE FUTURE 2024', 'candidate_ids': [], 'city': 'SOMERVILLE', 'committee_id': 'C00401224', 'committee_type': 'V', 'committee_type_full': 'Hybrid PAC (with Non-Contribution Account) - Nonqualified', 'cycle': 2026, 'cycles': [2004, 2006, 2008, 2010, 2012, 2014, 2016, 2018, 2020, 2022, 2024, 2026], 'cycles_has_activity': [2004, 2006, 2008, 2010, 2012, 2014, 2016, 2018, 2020, 2022, 2024, 2026], 'cycles_has_financial': [2004, 2006, 2008, 2010, 2012, 2014, 2016, 2018, 2020, 2022, 2024, 2026], 'designated_agent_city': None, 'designated_agent_first_name': None, 'designated_agent_last_name': None, 'designated_agent_middle_name': None, 'designated_agent_name': None, 'designated_agent_phone_number': None, 'designated_agent_prefix': None, 'designated_agent_state': None, 'designated_agent_street1': None, 'designated_agent_street2': None, 'designated_agent_suffix': None, 'designated_agent_title': None, 'designated_agent_zip': None, 'designation': 'U', 'designation_full': 'Unauthorized', 'filing_frequency': 'M', 'first_f1_date': '2004-05-17', 'first_file_date': '2004-05-17', 'is_active': True, 'last_cycle_has_activity': 2026, 'last_cycle_has_financial': 2026, 'last_f1_date': '2024-07-29', 'last_file_date': '2026-04-22', 'name': 'ACTBLUE', 'organization_type': None, 'organization_type_full': None, 'party': None, 'party_full': None, 'state': 'MA', 'state_full': 'Massachusetts', 'street_1': 'PO BOX 441146', 'street_2': None, 'treasurer_name': 'GILMER, GEORGE', 'zip': '02144'}",250.0,MUNCIE,NOT EMPLOYED,ELAINE,C00401224,FISHER,,"FISHER, ELAINE",NOT EMPLOYED,,IN,5801 W BETHEL AVE,APT 636,,473049549,,P2026,,IND,INDIVIDUAL,PRIMARY,2026,1956215,F3,202603259856855583,,True,11AI,Contributions From Individuals/Persons Other Than Political Committees,4032520261425275010,2026-05-02T03:05:57,,,* EARMARKED CONTRIBUTION: SEE BELOW,False,,,https://docquery.fec.gov/cgi-bin/fecimg/?202603259856855583,15E,EARMARKED CONTRIBUTION,,P,,S,12P,2026,SA,ITEMIZED RECEIPTS,4032620261433440136,6893915,2026,C00401224,C00905471,HALLIE SHOFFNER FOR ARKANSAS,"SHOFFNER, HALLIE",S6AR00199,AR,DEM,DEM,selected,True,highest_total_receipts,,True,2026,2026-05-03T14:08:37.170378+00:00
N,NO CHANGE,,,,,,,,,,,,,,,"{'affiliated_committee_name': 'NONE', 'candidate_ids': ['S6AR00199'], 'city': 'LITTLE ROCK', 'committee_id': 'C00905471', 'committee_type': 'S', 'committee_type_full': 'Senate', 'cycle': 2026, 'cycles': [2026], 'cycles_has_activity': [2026], 'cycles_has_financial': [2026], 'designated_agent_city': 'LITTLE ROCK', 'designated_agent_first_name': 'HALLIE', 'designated_agent_last_name': 'SHOFFNER', 'designated_agent_middle_name': None, 'designated_agent_name': 'SHOFFNER, HALLIE', 'designated_agent_phone_number': '8702173332', 'designated_agent_prefix': None, 'designated_agent_state': 'AR', 'designated_agent_street1': '600 E. CAPITOL', 'designated_agent_street2': None, 'designated_agent_suffix': None, 'designated_agent_title': 'CANDIDATE', 'designated_agent_zip': '72202', 'designation': 'P', 'designation_full': 'Principal campaign committee', 'filing_frequency': 'Q', 'first_f1_date': '2025-05-16', 'first_file_date': '2025-05-16', 'is_active': True, 'last_cycle_has_activity': 2026, 'last_cycle_has_financial': 2026, 'last_f1_date': '2025-09-10', 'last_file_date': '2026-04-15', 'name': 'HALLIE SHOFFNER FOR ARKANSAS', 'organization_type': None, 'organization_type_full': None, 'party': 'DEM', 'party_full': 'DEMOCRATIC PARTY', 'state': 'AR', 'state_full': 'Arkansas', 'street_1': '600 E. CAPITOL STREET', 'street_2': 'P.O. BOX 57', 'treasurer_name': 'BARON, SHELLY', 'zip': '72202'}",C00905471,,,,,,,,,500.0,2026-02-11,,500.0,FAYETTEVILLE,BAYER,ROBERT,,CHANEY,,"CHANEY, ROBERT",AGRONOMIST,,AR,2704 E COPPER OAKS PLZ,,,727033237,,P2026,,IND,INDIVIDUAL,PRIMARY,2026,1956215,F3,202603259856855551,,True,11AI,Contributions From Individuals/Persons Other Than Political Committees,4032520261425275010,2026-05-02T03:05:57,,,,False,,,https://docquery.fec.gov/cgi-bin/fecimg/?202603259856855551,15,CONTRIBUTION,,P,,S,12P,2026,SA,ITEMIZED RECEIPTS,4032620261433440040,7142604,2026,,C00905471,HALLIE SHOFFNER FOR ARKANSAS,"SHOFFNER, HALLIE",S6AR00199,AR,DEM,DEM,selected,True,highest_total_receipts,,True,2026,2026-05-03T14:08:37.170457+00:00
N,NO CHANGE,SA11AI,6894423E,,,,,,,,,,,,,"{'affiliated_committee_name': 'NONE', 'candidate_ids': ['S6AR00199'], 'city': 'LITTLE ROCK', 'committee_id': 'C00905471', 'committee_type': 'S', 'committee_type_full': 'Senate', 'cycle': 2026, 'cycles': [2026], 'cycles_has_activity': [2026], 'cycles_has_financial': [2026], 'designated_agent_city': 'LITTLE ROCK', 'designated_agent_first_name': 'HALLIE', 'designated_agent_last_name': 'SHOFFNER', 'designated_agent_middle_name': None, 'designated_agent_name': 'SHOFFNER, HALLIE', 'designated_agent_phone_number': '8702173332', 'designated_agent_prefix': None, 'designated_agent_state': 'AR', 'designated_agent_street1': '600 E. CAPITOL', 'designated_agent_street2': None, 'designated_agent_suffix': None, 'designated_agent_title': 'CANDIDATE', 'designated_agent_zip': '72202', 'designation': 'P', 'designation_full': 'Principal campaign committee', 'filing_frequency': 'Q', 'first_f1_date': '2025-05-16', 'first_file_date': '2025-05-16', 'is_active': True, 'last_cycle_has_activity': 2026, 'last_cycle_has_financial': 2026, 'last_f1_date': '2025-09-10', 'last_file_date': '2026-04-15', 'name': 'HALLIE SHOFFNER FOR ARKANSAS', 'organization_type': None, 'organization_type_full': None, 'party': 'DEM', 'party_full': 'DEMOCRATIC PARTY', 'state': 'AR', 'state_full': 'Arkansas', 'street_1': '600 E. CAPITOL STREET', 'street_2': 'P.O. BOX 57', 'treasurer_name': 'BARON, SHELLY', 'zip': '72202'}",C00905471,,,,,,,,,50.0,2026-02-11,"{'affiliated_committee_name': 'BLUE TO THE FUTURE 2024', 'candidate_ids': [], 'city': 'SOMERVILLE', 'committee_id': 'C00401224', 'committee_type': 'V', 'committee_type_full': 'Hybrid PAC (with Non-Contribution Account) - Nonqualified', 'cycle': 2026, 'cycles': [2004, 2006, 2008, 2010, 2012, 2014, 2016, 2018, 2020, 2022, 2024, 2026], 'cycles_has_activity': [2004, 2006, 2008, 2010, 2012, 2014, 2016, 2018, 2020, 2022, 2024, 2026], 'cycles_has_financial': [2004, 2006, 2008, 2010, 2012, 2014, 2016, 2018, 2020, 2022, 2024, 2026], 'designated_agent_city': None, 'designated_agent_first_name': None, 'designated_agent_last_name': None, 'designated_agent_middle_name': None, 'designated_agent_name': None, 'designated_agent_phone_number': None, 'designated_agent_prefix': None, 'designated_agent_state': None, 'designated_agent_street1': None, 'designated_agent_street2': None, 'designated_agent_suffix': None, 'designated_agent_title': None, 'designated_agent_zip': None, 'designation': 'U', 'designation_full': 'Unauthorized', 'filing_frequency': 'M', 'first_f1_date': '2004-05-17', 'first_file_date': '2004-05-17', 'is_active': True, 'last_cycle_has_activity': 2026, 'last_cycle_has_financial': 2026, 'last_f1_date': '2024-07-29', 'last_file_date': '2026-04-22', 'name': 'ACTBLUE', 'organization_type': None, 'organization_type_full': None, 'party': None, 'party_full': None, 'state': 'MA', 'state_full': 'Massachusetts', 'street_1': 'PO BOX 441146', 'street_2': None, 'treasurer_name': 'GILMER, GEORGE', 'zip': '02144'}",350.0,HACKETT,NOT EMPLOYED,ANN,C00401224,ADKINS,,"ADKINS, ANN",NOT EMPLOYED,,AR,8706 SOUTHSHORE DR,,,729375564,,P2026,,IND,INDIVIDUAL,PRIMARY,2026,1956215,F3,202603259856855526,,True,11AI,Contributions From Individuals/Persons Other Than Political Committees,4032520261425275010,2026-05-02T03:05:57,,,* EARMARKED CONTRIBUTION: SEE BELOW,False,,,https://docquery.fec.gov/cgi-bin/fecimg/?202603259856855526,15E,EARMARKED CONTRIBUTION,,P,,S,12P,2026,SA,ITEMIZED RECEIPTS,4032620261433438965,6894423,2026,C00401224,C00905471,HALLIE SHOFFNER FOR ARKANSAS,"SHOFFNER, HALLIE",S6AR00199,AR,DEM,DEM,selected,True,highest_total_receipts,,True,2026,2026-05-03T14:08:37.170531+00:00
C,CHANGE,,,,,,,,,,,,,,,"{'affiliated_committee_name': 'NONE', 'candidate_ids': ['S6AR00199'], 'city': 'LITTLE ROCK', 'committee_id': 'C00905471', 'committee_type': 'S', 'committee_type_full': 'Senate', 'cycle': 2026, 'cycles': [2026], 'cycles_has_activity': [2026], 'cycles_has_financial': [2026], 'designated_agent_city': 'LITTLE ROCK', 'designated_agent_first_name': 'HALLIE', 'designated_agent_last_name': 'SHOFFNER', 'designated_agent_middle_name': None, 'designated_agent_name': 'SHOFFNER, HALLIE', 'designated_agent_phone_number': '8702173332', 'designated_agent_prefix': None, 'designated_agent_state': 'AR', 'designated_agent_street1': '600 E. CAPITOL', 'designated_agent_street2': None, 'designated_agent_suffix': None, 'designated_agent_title': 'CANDIDATE', 'designated_agent_zip': '72202', 'designation': 'P', 'designation_full': 'Principal campaign committee', 'filing_frequency': 'Q', 'first_f1_date': '2025-05-16', 'first_file_date': '2025-05-16', 'is_active': True, 'last_cycle_has_activity': 2026, 'last_cycle_has_financial': 2026, 'last_f1_date': '2025-09-10', 'last_file_date': '2026-04-15', 'name': 'HALLIE SHOFFNER FOR ARKANSAS', 'organization_type': None, 'organization_type_full': None, 'party': 'DEM', 'party_full': 'DEMOCRATIC PARTY', 'state': 'AR', 'state_full': 'Arkansas', 'street_1': '600 E. CAPITOL STREET', 'street_2': 'P.O. BOX 57', 'treasurer_name': 'BARON, SHELLY', 'zip': '72202'}",C00905471,,,,,,,,,26.19,2026-02-11,,403.32,CHARLESTON,NOT EMPLOYED,STANFORD,,COREY,,"COREY, STANFORD",NOT EMPLOYED,,AR,1217 S COUNTY LINE RD,,,729333324,,P2026,,IND,INDIVIDUAL,PRIMARY,2026,1956215,F3,202603259856855498,,True,11AI,Contributions From Individuals/Persons Other Than Political Committees,4032520261425275010,2026-05-02T03:05:57,,,,False,,,https://docquery.fec.gov/cgi-bin/fecimg/?202603259856855498,15,CONTRIBUTION,,P,,S,12P,2026,SA,ITEMIZED RECEIPTS,4032620261433438881,7140712,2026,,C00905471,HALLIE SHOFFNER FOR ARKANSAS,"SHOFFNER, HALLIE",S6AR00199,AR,DEM,DEM,selected,True,highest_total_receipts,,True,2026,2026-05-03T14:08:37.170599+00:00
N,NO CHANGE,,,,,,,,,,,,,,,"{'affiliated_committee_name': 'NONE', 'candidate_ids': ['S6AR00199'], 'city': 'LITTLE ROCK', 'committee_id': 'C00905471', 'committee_type': 'S', 'committee_type_full': 'Senate', 'cycle': 2026, 'cycles': [2026], 'cycles_has_activity': [2026], 'cycles_has_financial': [2026], 'designated_agent_city': 'LITTLE ROCK', 'designated_agent_first_name': 'HALLIE', 'designated_agent_last_name': 'SHOFFNER', 'designated_agent_middle_name': None, 'designated_agent_name': 'SHOFFNER, HALLIE', 'designated_agent_phone_number': '8702173332', 'designated_agent_prefix': None, 'designated_agent_state': 'AR', 'designated_agent_street1': '600 E. CAPITOL', 'designated_agent_street2': None, 'designated_agent_suffix': None, 'designated_agent_title': 'CANDIDATE', 'designated_agent_zip': '72202', 'designation': 'P', 'designation_full': 'Principal campaign committee', 'filing_frequency': 'Q', 'first_f1_date': '2025-05-16', 'first_file_date': '2025-05-16', 'is_active': True, 'last_cycle_has_activity': 2026, 'last_cycle_has_financial': 2026, 'last_f1_date': '2025-09-10', 'last_file_date': '2026-04-15', 'name': 'HALLIE SHOFFNER FOR ARKANSAS', 'organization_type': None, 'organization_type_full': None, 'party': 'DEM', 'party_full': 'DEMOCRATIC PARTY', 'state': 'AR', 'state_full': 'Arkansas', 'street_1': '600 E. CAPITOL STREET', 'street_2': 'P.O. BOX 57', 'treasurer_name': 'BARON, SHELLY', 'zip': '72202'}",C00905471,,,,,,,,,100.0,2026-02-11,,900.0,ROGERS,SELF,JOHN,,MACK,,"MACK, JOHN",ARCHITECT,,AR,617 S 6TH ST,,,727564413,,P2026,,IND,INDIVIDUAL,PRIMARY,2026,1956215,F3,202603259856855496,,True,11AI,Contributions From Individuals/Persons Other Than Political Committees,4032520261425275010,2026-05-02T03:05:57,,,,False,,,https://docquery.fec.gov/cgi-bin/fecimg/?202603259856855496,15,CONTRIBUTION,,P,,S,12P,2026,SA,ITEMIZED RECEIPTS,4032620261433438875,7142602,2026,,C00905471,HALLIE SHOFFNER FOR ARKANSAS,"SHOFFNER, HALLIE",S6AR00199,AR,DEM,DEM,selected,True,highest_total_receipts,,True,2026,2026-05-03T14:08:37.170672+00:00
N,NO CHANGE,,,,,,,,,,,,,,,"{'affiliated_committee_name': 'NONE', 'candidate_ids': ['S6AR00199'], 'city': 'LITTLE ROCK', 'committee_id': 'C00905471', 'committee_type': 'S', 'committee_type_full': 'Senate', 'cycle': 2026, 'cycles': [2026], 'cycles_has_activity': [2026], 'cycles_has_financial': [2026], 'designated_agent_city': 'LITTLE ROCK', 'designated_agent_first_name': 'HALLIE', 'designated_agent_last_name': 'SHOFFNER', 'designated_agent_middle_name': None, 'designated_agent_name': 'SHOFFNER, HALLIE', 'designated_agent_phone_number': '8702173332', 'designated_agent_prefix': None, 'designated_agent_state': 'AR', 'designated_agent_street1': '600 E. CAPITOL', 'designated_agent_street2': None, 'designated_agent_suffix': None, 'designated_agent_title': 'CANDIDATE', 'designated_agent_zip': '72202', 'designation': 'P', 'designation_full': 'Principal campaign committee', 'filing_frequency': 'Q', 'first_f1_date': '2025-05-16', 'first_file_date': '2025-05-16', 'is_active': True, 'last_cycle_has_activity': 2026, 'last_cycle_has_financial': 2026, 'last_f1_date': '2025-09-10', 'last_file_date': '2026-04-15', 'name': 'HALLIE SHOFFNER FOR ARKANSAS', 'organization_type': None, 'organization_type_full': None, 'party': 'DEM', 'party_full': 'DEMOCRATIC PARTY', 'state': 'AR', 'state_full': 'Arkansas', 'street_1': '600 E. CAPITOL STREET', 'street_2': 'P.O. BOX 57', 'treasurer_name': 'BARON, SHELLY', 'zip': '72202'}",C00905471,,,,,,,,,104.0,2026-02-11,,589.82,LITTLE ROCK,RETIRED,PAULA,,JOHNSON,,"JOHNSON, PAULA",RETIRED,,AR,3515 HILL RD,APT 2,,722054185,,P2026,,IND,INDIVIDUAL,PRIMARY,2026,1956215,F3,202603259856855469,,True,11AI,Contributions From Individuals/Persons Other Than Political Committees,4032520261425275010,2026-05-02T03:05:57,,,,False,,,https://docquery.fec.gov/cgi-bin/fecimg/?202603259856855469,15,CONTRIBUTION,,P,,S,12P,2026,SA,ITEMIZED RECEIPTS,4032620261433438795,7140711,2026,,C00905471,HALLIE SHOFFNER FOR ARKANSAS,"SHOFFNER, HALLIE",S6AR00199,AR,DEM,DEM,selected,True,highest_total_receipts,,True,2026,2026-05-03T14:08:37.170755+00:00
N,NO CHANGE,,,,,,,,,,,,,,,"{'affiliated_committee_name': 'NONE', 'candidate_ids': ['S6AR00199'], 'city': 'LITTLE ROCK', 'committee_id': 'C00905471', 'committee_type': 'S', 'committee_type_full': 'Senate', 'cycle': 2026, 'cycles': [2026], 'cycles_has_activity': [2026], 'cycles_has_financial': [2026], 'designated_agent_city': 'LITTLE ROCK', 'designated_agent_first_name': 'HALLIE', 'designated_agent_last_name': 'SHOFFNER', 'designated_agent_middle_name': None, 'designated_agent_name': 'SHOFFNER, HALLIE', 'designated_agent_phone_number': '8702173332', 'designated_agent_prefix': None, 'designated_agent_state': 'AR', 'designated_agent_street1': '600 E. CAPITOL', 'designated_agent_street2': None, 'designated_agent_suffix': None, 'designated_agent_title': 'CANDIDATE', 'designated_agent_zip': '72202', 'designation': 'P', 'designation_full': 'Principal campaign committee', 'filing_frequency': 'Q', 'first_f1_date': '2025-05-16', 'first_file_date': '2025-05-16', 'is_active': True, 'last_cycle_has_activity': 2026, 'last_cycle_has_financial': 2026, 'last_f1_date': '2025-09-10', 'last_file_date': '2026-04-15', 'name': 'HALLIE SHOFFNER FOR ARKANSAS', 'organization_type': None, 'organization_type_full': None, 'party': 'DEM', 'party_full': 'DEMOCRATIC PARTY', 'state': 'AR', 'state_full': 'Arkansas', 'street_1': '600 E. CAPITOL STREET', 'street_2': 'P.O. BOX 57', 'treasurer_name': 'BARON, SHELLY', 'zip': '72202'}",C00905471,,,,,,,,,207.75,2026-02-11,,967.38,LITTLE ROCK,RETIRED,RUTH,,JOHNSTON,,"JOHNSTON, RUTH",REGISTERED DIETITIAN NUTRITIONIST,,AR,306 CAMBRIDGE PLACE DR,,,722272106,,P2026,,IND,INDIVIDUAL,PRIMARY,2026,1956215,F3,202603259856855448,,True,11AI,Contributions From Individuals/Persons Other Than Political Committees,4032520261425275010,2026-05-02T03:05:57,,,,False,,,https://docquery.fec.gov/cgi-bin/fecimg/?202603259856855448,15,CONTRIBUTION,,P,,S,12P,2026,SA,ITEMIZED RECEIPTS,4032620261433438733,7140720,2026,,C00905471,HALLIE SHOFFNER FOR ARKANSAS,"SHOFFNER, HALLIE",S6AR00199,AR,DEM,DEM,selected,True,highest_total_receipts,,True,2026,2026-05-03T14:08:37.170828+00:00
N,NO CHANGE,,,,,,,,,,,,,,,"{'affiliated_committee_name': 'NONE', 'candidate_ids': ['S6AR00199'], 'city': 'LITTLE ROCK', 'committee_id': 'C00905471', 'committee_type': 'S', 'committee_type_full': 'Senate', 'cycle': 2026, 'cycles': [2026], 'cycles_has_activity': [2026], 'cycles_has_financial': [2026], 'designated_agent_city': 'LITTLE ROCK', 'designated_agent_first_name': 'HALLIE', 'designated_agent_last_name': 'SHOFFNER', 'designated_agent_middle_name': None, 'designated_agent_name': 'SHOFFNER, HALLIE', 'designated_agent_phone_number': '8702173332', 'designated_agent_prefix': None, 'designated_agent_state': 'AR', 'designated_agent_street1': '600 E. CAPITOL', 'designated_agent_street2': None, 'designated_agent_suffix': None, 'designated_agent_title': 'CANDIDATE', 'designated_agent_zip': '72202', 'designation': 'P', 'designation_full': 'Principal campaign committee', 'filing_frequency': 'Q', 'first_f1_date': '2025-05-16', 'first_file_date': '2025-05-16', 'is_active': True, 'last_cycle_has_activity': 2026, 'last_cycle_has_financial': 2026, 'last_f1_date': '2025-09-10', 'last_file_date': '2026-04-15', 'name': 'HALLIE SHOFFNER FOR ARKANSAS', 'organization_type': None, 'organization_type_full': None, 'party': 'DEM', 'party_full': 'DEMOCRATIC PARTY', 'state': 'AR', 'state_full': 'Arkansas', 'street_1': '600 E. CAPITOL STREET', 'street_2': 'P.O. BOX 57', 'treasurer_name': 'BARON, SHELLY', 'zip': '72202'}",C00905471,,,,,,,,,300.0,2026-02-11,,300.0,ROGERS,NONE,DAVID,,CAULDWELL,,"CAULDWELL, DAVID",RETIRED,,AR,8171 OLD WHITE RIVER RD,,,727567663,,P2026,,IND,INDIVIDUAL,PRIMARY,2026,1956215,F3,202603259856855443,,True,11AI,Contributions From Individuals/Persons Other Than Political Committees,4032520261425275010,2026-05-02T03:05:57,,,,False,,,https://docquery.fec.gov/cgi-bin/fecimg/?202603259856855443,15,CONTRIBUTION,,P,,S,12P,2026,SA,ITEMIZED RECEIPTS,4032620261433438716,7142600,2026,,C00905471,HALLIE SHOFFNER FOR ARKANSAS,"SHOFFNER, HALLIE",S6AR00199,AR,DEM,DEM,selected,True,highest_total_receipts,,True,2026,2026-05-03T14:08:37.170898+00:00
N,NO CHANGE,,,,,,,,,,,,,,,"{'affiliated_committee_name': 'NONE', 'candidate_ids': ['S6AR00199'], 'city': 'LITTLE ROCK', 'committee_id': 'C00905471', 'committee_type': 'S', 'committee_type_full': 'Senate', 'cycle': 2026, 'cycles': [2026], 'cycles_has_activity': [2026], 'cycles_has_financial': [2026], 'designated_agent_city': 'LITTLE ROCK', 'designated_agent_first_name': 'HALLIE', 'designated_agent_last_name': 'SHOFFNER', 'designated_agent_middle_name': None, 'designated_agent_name': 'SHOFFNER, HALLIE', 'designated_agent_phone_number': '8702173332', 'designated_agent_prefix': None, 'designated_agent_state': 'AR', 'designated_agent_street1': '600 E. CAPITOL', 'designated_agent_street2': None, 'designated_agent_suffix': None, 'designated_agent_title': 'CANDIDATE', 'designated_agent_zip': '72202', 'designation': 'P', 'designation_full': 'Principal campaign committee', 'filing_frequency': 'Q', 'first_f1_date': '2025-05-16', 'first_file_date': '2025-05-16', 'is_active': True, 'last_cycle_has_activity': 2026, 'last_cycle_has_financial': 2026, 'last_f1_date': '2025-09-10', 'last_file_date': '2026-04-15', 'name': 'HALLIE SHOFFNER FOR ARKANSAS', 'organization_type': None, 'organization_type_full': None, 'party': 'DEM', 'party_full': 'DEMOCRATIC PARTY', 'state': 'AR', 'state_full': 'Arkansas', 'street_1': '600 E. CAPITOL STREET', 'street_2': 'P.O. BOX 57', 'treasurer_name': 'BARON, SHELLY', 'zip': '72202'}",C00905471,,,,,,,,,104.0,2026-02-11,,454.0,FRANKLIN,WOMBLE,RONALD,,HARRIS,,"HARRIS, RONALD",ATTORNEY,,TN,2717 LONGWOOD DR,,,370697013,,P2026,,IND,INDIVIDUAL,PRIMARY,2026,1956215,F3,202603259856855442,,True,11AI,Contributions From Individuals/Persons Other Than Political Committees,4032520261425275010,2026-05-02T03:05:57,,,,False,,,https://docquery.fec.gov/cgi-bin/fecimg/?202603259856855442,15,CONTRIBUTION,,P,,S,12P,2026,SA,ITEMIZED RECEIPTS,4032620261433438715,7140700,2026,,C00905471,HALLIE SHOFFNER FOR ARKANSAS,"SHOFFNER, HALLIE",S6AR00199,AR,DEM,DEM,selected,True,highest_total_receipts,,True,2026,2026-05-03T14:08:37.170969+00:00
N,NO CHANGE,,,,,,,,,,,,,,,"{'affiliated_committee_name': 'NONE', 'candidate_ids': ['S6AR00199'], 'city': 'LITTLE ROCK', 'committee_id': 'C00905471', 'committee_type': 'S', 'committee_type_full': 'Senate', 'cycle': 2026, 'cycles': [2026], 'cycles_has_activity': [2026], 'cycles_has_financial': [2026], 'designated_agent_city': 'LITTLE ROCK', 'designated_agent_first_name': 'HALLIE', 'designated_agent_last_name': 'SHOFFNER', 'designated_agent_middle_name': None, 'designated_agent_name': 'SHOFFNER, HALLIE', 'designated_agent_phone_number': '8702173332', 'designated_agent_prefix': None, 'designated_agent_state': 'AR', 'designated_agent_street1': '600 E. CAPITOL', 'designated_agent_street2': None, 'designated_agent_suffix': None, 'designated_agent_title': 'CANDIDATE', 'designated_agent_zip': '72202', 'designation': 'P', 'designation_full': 'Principal campaign committee', 'filing_frequency': 'Q', 'first_f1_date': '2025-05-16', 'first_file_date': '2025-05-16', 'is_active': True, 'last_cycle_has_activity': 2026, 'last_cycle_has_financial': 2026, 'last_f1_date': '2025-09-10', 'last_file_date': '2026-04-15', 'name': 'HALLIE SHOFFNER FOR ARKANSAS', 'organization_type': None, 'organization_type_full': None, 'party': 'DEM', 'party_full': 'DEMOCRATIC PARTY', 'state': 'AR', 'state_full': 'Arkansas', 'street_1': '600 E. CAPITOL STREET', 'street_2': 'P.O. BOX 57', 'treasurer_name': 'BARON, SHELLY', 'zip': '72202'}",C00905471,,,,,,,,,259.63,2026-02-10,,509.63,LITTLE ROCK,RETIRED,JO ANN,,COLEMAN,,"COLEMAN, JO ANN",RETIRED,,AR,108 BERRY ST,,,722054302,,P2026,,IND,INDIVIDUAL,PRIMARY,2026,1956215,F3,202603259856855715,,True,11AI,Contributions From Individuals/Persons Other Than Political Committees,4032520261425275010,2026-05-02T03:05:57,,,,False,,,https://docquery.fec.gov/cgi-bin/fecimg/?202603259856855715,15,CONTRIBUTION,,P,,S,12P,2026,SA,ITEMIZED RECEIPTS,4032620261433440533,7140739,2026,,C00905471,HALLIE SHOFFNER FOR ARKANSAS,"SHOFFNER, HALLIE",S6AR00199,AR,DEM,DEM,selected,True,highest_total_receipts,,True,2026,2026-05-03T14:08:37.171040+00:00
N,NO CHANGE,,,,,,,,,,,,,,,"{'affiliated_committee_name': 'NONE', 'candidate_ids': ['S6AR00199'], 'city': 'LITTLE ROCK', 'committee_id': 'C00905471', 'committee_type': 'S', 'committee_type_full': 'Senate', 'cycle': 2026, 'cycles': [2026], 'cycles_has_activity': [2026], 'cycles_has_financial': [2026], 'designated_agent_city': 'LITTLE ROCK', 'designated_agent_first_name': 'HALLIE', 'designated_agent_last_name': 'SHOFFNER', 'designated_agent_middle_name': None, 'designated_agent_name': 'SHOFFNER, HALLIE', 'designated_agent_phone_number': '8702173332', 'designated_agent_prefix': None, 'designated_agent_state': 'AR', 'designated_agent_street1': '600 E. CAPITOL', 'designated_agent_street2': None, 'designated_agent_suffix': None, 'designated_agent_title': 'CANDIDATE', 'designated_agent_zip': '72202', 'designation': 'P', 'designation_full': 'Principal campaign committee', 'filing_frequency': 'Q', 'first_f1_date': '2025-05-16', 'first_file_date': '2025-05-16', 'is_active': True, 'last_cycle_has_activity': 2026, 'last_cycle_has_financial': 2026, 'last_f1_date': '2025-09-10', 'last_file_date': '2026-04-15', 'name': 'HALLIE SHOFFNER FOR ARKANSAS', 'organization_type': None, 'organization_type_full': None, 'party': 'DEM', 'party_full': 'DEMOCRATIC PARTY', 'state': 'AR', 'state_full': 'Arkansas', 'street_1': '600 E. CAPITOL STREET', 'street_2': 'P.O. BOX 57', 'treasurer_name': 'BARON, SHELLY', 'zip': '72202'}",C00905471,,,,,,,,,300.0,2026-02-10,,300.0,TUCKERMAN,SELF,JAMIE,,DARLING,,"DARLING, JAMIE",BUSINESS OWNER,,AR,132 GREENHAW ST,,,72473,,P2026,,IND,INDIVIDUAL,PRIMARY,2026,1956215,F3,202603259856855711,,True,11AI,Contributions From Individuals/Persons Other Than Political Committees,4032520261425275010,2026-05-02T03:05:57,,,,False,,,https://docquery.fec.gov/cgi-bin/fecimg/?202603259856855711,15,CONTRIBUTION,,P,,S,12P,2026,SA,ITEMIZED RECEIPTS,4032620261433440521,7142619,2026,,C00905471,HALLIE SHOFFNER FOR ARKANSAS,"SHOFFNER, HALLIE",S6AR00199,AR,DEM,DEM,selected,True,highest_total_receipts,,True,2026,2026-05-03T14:08:37.171113+00:00
N,NO CHANGE,,,,,,,,,,,,,,,"{'affiliated_committee_name': 'NONE', 'candidate_ids': ['S6AR00199'], 'city': 'LITTLE ROCK', 'committee_id': 'C00905471', 'committee_type': 'S', 'committee_type_full': 'Senate', 'cycle': 2026, 'cycles': [2026], 'cycles_has_activity': [2026], 'cycles_has_financial': [2026], 'designated_agent_city': 'LITTLE ROCK', 'designated_agent_first_name': 'HALLIE', 'designated_agent_last_name': 'SHOFFNER', 'designated_agent_middle_name': None, 'designated_agent_name': 'SHOFFNER, HALLIE', 'designated_agent_phone_number': '8702173332', 'designated_agent_prefix': None, 'designated_agent_state': 'AR', 'designated_agent_street1': '600 E. CAPITOL', 'designated_agent_street2': None, 'designated_agent_suffix': None, 'designated_agent_title': 'CANDIDATE', 'designated_agent_zip': '72202', 'designation': 'P', 'designation_full': 'Principal campaign committee', 'filing_frequency': 'Q', 'first_f1_date': '2025-05-16', 'first_file_date': '2025-05-16', 'is_active': True, 'last_cycle_has_activity': 2026, 'last_cycle_has_financial': 2026, 'last_f1_date': '2025-09-10', 'last_file_date': '2026-04-15', 'name': 'HALLIE SHOFFNER FOR ARKANSAS', 'organization_type': None, 'organization_type_full': None, 'party': 'DEM', 'party_full': 'DEMOCRATIC PARTY', 'state': 'AR', 'state_full': 'Arkansas', 'street_1': '600 E. CAPITOL STREET', 'street_2': 'P.O. BOX 57', 'treasurer_name': 'BARON, SHELLY', 'zip': '72202'}",C00905471,,,,,,,,,2000.0,2026-02-10,,2000.0,JONESBORO,NONE,JOAN,,CASH,,"CASH, JOAN",RETIRED,,AR,1301 THRUSH RD,,,724015268,,P2026,,IND,INDIVIDUAL,PRIMARY,2026,1956215,F3,202603259856855707,,True,11AI,Contributions From Individuals/Persons Other Than Political Committees,4032520261425275010,2026-05-02T03:05:57,,,,False,,,https://docquery.fec.gov/cgi-bin/fecimg/?202603259856855707,15,CONTRIBUTION,,P,,S,12P,2026,SA,ITEMIZED RECEIPTS,4032620261433440509,7142609,2026,,C00905471,HALLIE SHOFFNER FOR ARKANSAS,"SHOFFNER, HALLIE",S6AR00199,AR,DEM,DEM,selected,True,highest_total_receipts,,True,2026,2026-05-03T14:08:37.171187+00:00
N,NO CHANGE,SA11AI,6888798E,,,,,,,,,,,,,"{'affiliated_committee_name': 'NONE', 'candidate_ids': ['S6AR00199'], 'city': 'LITTLE ROCK', 'committee_id': 'C00905471', 'committee_type': 'S', 'committee_type_full': 'Senate', 'cycle': 2026, 'cycles': [2026], 'cycles_has_activity': [2026], 'cycles_has_financial': [2026], 'designated_agent_city': 'LITTLE ROCK', 'designated_agent_first_name': 'HALLIE', 'designated_agent_last_name': 'SHOFFNER', 'designated_agent_middle_name': None, 'designated_agent_name': 'SHOFFNER, HALLIE', 'designated_agent_phone_number': '8702173332', 'designated_agent_prefix': None, 'designated_agent_state': 'AR', 'designated_agent_street1': '600 E. CAPITOL', 'designated_agent_street2': None, 'designated_agent_suffix': None, 'designated_agent_title': 'CANDIDATE', 'designated_agent_zip': '72202', 'designation': 'P', 'designation_full': 'Principal campaign committee', 'filing_frequency': 'Q', 'first_f1_date': '2025-05-16', 'first_file_date': '2025-05-16', 'is_active': True, 'last_cycle_has_activity': 2026, 'last_cycle_has_financial': 2026, 'last_f1_date': '2025-09-10', 'last_file_date': '2026-04-15', 'name': 'HALLIE SHOFFNER FOR ARKANSAS', 'organization_type': None, 'organization_type_full': None, 'party': 'DEM', 'party_full': 'DEMOCRATIC PARTY', 'state': 'AR', 'state_full': 'Arkansas', 'street_1': '600 E. CAPITOL STREET', 'street_2': 'P.O. BOX 57', 'treasurer_name': 'BARON, SHELLY', 'zip': '72202'}",C00905471,,,,,,,,,500.0,2026-02-10,"{'affiliated_committee_name': 'BLUE TO THE FUTURE 2024', 'candidate_ids': [], 'city': 'SOMERVILLE', 'committee_id': 'C00401224', 'committee_type': 'V', 'committee_type_full': 'Hybrid PAC (with Non-Contribution Account) - Nonqualified', 'cycle': 2026, 'cycles': [2004, 2006, 2008, 2010, 2012, 2014, 2016, 2018, 2020, 2022, 2024, 2026], 'cycles_has_activity': [2004, 2006, 2008, 2010, 2012, 2014, 2016, 2018, 2020, 2022, 2024, 2026], 'cycles_has_financial': [2004, 2006, 2008, 2010, 2012, 2014, 2016, 2018, 2020, 2022, 2024, 2026], 'designated_agent_city': None, 'designated_agent_first_name': None, 'designated_agent_last_name': None, 'designated_agent_middle_name': None, 'designated_agent_name': None, 'designated_agent_phone_number': None, 'designated_agent_prefix': None, 'designated_agent_state': None, 'designated_agent_street1': None, 'designated_agent_street2': None, 'designated_agent_suffix': None, 'designated_agent_title': None, 'designated_agent_zip': None, 'designation': 'U', 'designation_full': 'Unauthorized', 'filing_frequency': 'M', 'first_f1_date': '2004-05-17', 'first_file_date': '2004-05-17', 'is_active': True, 'last_cycle_has_activity': 2026, 'last_cycle_has_financial': 2026, 'last_f1_date': '2024-07-29', 'last_file_date': '2026-04-22', 'name': 'ACTBLUE', 'organization_type': None, 'organization_type_full': None, 'party': None, 'party_full': None, 'state': 'MA', 'state_full': 'Massachusetts', 'street_1': 'PO BOX 441146', 'street_2': None, 'treasurer_name': 'GILMER, GEORGE', 'zip': '02144'}",500.0,LITTLE ROCK,NOT EMPLOYED,MARTHA,C00401224,RIMMER,,"RIMMER, MARTHA",NOT EMPLOYED,,AR,40 PINE MANOR DR,,,722075137,,P2026,,IND,INDIVIDUAL,PRIMARY,2026,1956215,F3,202603259856855705,,True,11AI,Contributions From Individuals/Persons Other Than Political Committees,4032520261425275010,2026-05-02T03:05:57,,,* EARMARKED CONTRIBUTION: SEE BELOW,False,,,https://docquery.fec.gov/cgi-bin/fecimg/?202603259856855705,15E,EARMARKED CONTRIBUTION,,P,,S,12P,2026,SA,ITEMIZED RECEIPTS,4032620261433440502,6888798,2026,C00401224,C00905471,HALLIE SHOFFNER FOR ARKANSAS,"SHOFFNER, HALLIE",S6AR00199,AR,DEM,DEM,selected,True,highest_total_receipts,,True,2026,2026-05-03T14:08:37.171260+00:00
N,NO CHANGE,,,,,,,,,,,,,,,"{'affiliated_committee_name': 'NONE', 'candidate_ids': ['S6AR00199'], 'city': 'LITTLE ROCK', 'committee_id': 'C00905471', 'committee_type': 'S', 'committee_type_full': 'Senate', 'cycle': 2026, 'cycles': [2026], 'cycles_has_activity': [2026], 'cycles_has_financial': [2026], 'designated_agent_city': 'LITTLE ROCK', 'designated_agent_first_name': 'HALLIE', 'designated_agent_last_name': 'SHOFFNER', 'designated_agent_middle_name': None, 'designated_agent_name': 'SHOFFNER, HALLIE', 'designated_agent_phone_number': '8702173332', 'designated_agent_prefix': None, 'designated_agent_state': 'AR', 'designated_agent_street1': '600 E. CAPITOL', 'designated_agent_street2': None, 'designated_agent_suffix': None, 'designated_agent_title': 'CANDIDATE', 'designated_agent_zip': '72202', 'designation': 'P', 'designation_full': 'Principal campaign committee', 'filing_frequency': 'Q', 'first_f1_date': '2025-05-16', 'first_file_date': '2025-05-16', 'is_active': True, 'last_cycle_has_activity': 2026, 'last_cycle_has_financial': 2026, 'last_f1_date': '2025-09-10', 'last_file_date': '2026-04-15', 'name': 'HALLIE SHOFFNER FOR ARKANSAS', 'organization_type': None, 'organization_type_full': None, 'party': 'DEM', 'party_full': 'DEMOCRATIC PARTY', 'state': 'AR', 'state_full': 'Arkansas', 'street_1': '600 E. CAPITOL STREET', 'street_2': 'P.O. BOX 57', 'treasurer_name': 'BARON, SHELLY', 'zip': '72202'}",C00905471,,,,,,,,,25.0,2026-02-10,,544.0,FAYETTEVILLE,U OF ARKANSAS,BETSY,,MONTGOMERY,,"MONTGOMERY, BETSY",ACADEMIC ADVISOR,,AR,1769 E PADDOCK RD,,,727014336,,P2026,,IND,INDIVIDUAL,PRIMARY,2026,1956215,F3,202603259856855685,,True,11AI,Contributions From Individuals/Persons Other Than Political Committees,4032520261425275010,2026-05-02T03:05:57,,,,False,,,https://docquery.fec.gov/cgi-bin/fecimg/?202603259856855685,15,CONTRIBUTION,,P,,S,12P,2026,SA,ITEMIZED RECEIPTS,4032620261433440442,7140728,2026,,C00905471,HALLIE SHOFFNER FOR ARKANSAS,"SHOFFNER, HALLIE",S6AR00199,AR,DEM,DEM,selected,True,highest_total_receipts,,True,2026,2026-05-03T14:08:37.171333+00:00
N,NO CHANGE,,,,,,,,,,,,,,,"{'affiliated_committee_name': 'NONE', 'candidate_ids': ['S6AR00199'], 'city': 'LITTLE ROCK', 'committee_id': 'C00905471', 'committee_type': 'S', 'committee_type_full': 'Senate', 'cycle': 2026, 'cycles': [2026], 'cycles_has_activity': [2026], 'cycles_has_financial': [2026], 'designated_agent_city': 'LITTLE ROCK', 'designated_agent_first_name': 'HALLIE', 'designated_agent_last_name': 'SHOFFNER', 'designated_agent_middle_name': None, 'designated_agent_name': 'SHOFFNER, HALLIE', 'designated_agent_phone_number': '8702173332', 'designated_agent_prefix': None, 'designated_agent_state': 'AR', 'designated_agent_street1': '600 E. CAPITOL', 'designated_agent_street2': None, 'designated_agent_suffix': None, 'designated_agent_title': 'CANDIDATE', 'designated_agent_zip': '72202', 'designation': 'P', 'designation_full': 'Principal campaign committee', 'filing_frequency': 'Q', 'first_f1_date': '2025-05-16', 'first_file_date': '2025-05-16', 'is_active': True, 'last_cycle_has_activity': 2026, 'last_cycle_has_financial': 2026, 'last_f1_date': '2025-09-10', 'last_file_date': '2026-04-15', 'name': 'HALLIE SHOFFNER FOR ARKANSAS', 'organization_type': None, 'organization_type_full': None, 'party': 'DEM', 'party_full': 'DEMOCRATIC PARTY', 'state': 'AR', 'state_full': 'Arkansas', 'street_1': '600 E. CAPITOL STREET', 'street_2': 'P.O. BOX 57', 'treasurer_name': 'BARON, SHELLY', 'zip': '72202'}",C00905471,,,,,,,,,250.0,2026-02-10,,250.0,NEWPORT,BOYCE AND BOYCE LAW FIRM,EDWARD,,BOYCE,,"BOYCE, EDWARD",ATTORNEY,,AR,515 SECOND ST,,,721123321,,P2026,,IND,INDIVIDUAL,PRIMARY,2026,1956215,F3,202603259856855681,,True,11AI,Contributions From Individuals/Persons Other Than Political Committees,4032520261425275010,2026-05-02T03:05:57,,,,False,,,https://docquery.fec.gov/cgi-bin/fecimg/?202603259856855681,15,CONTRIBUTION,,P,,S,12P,2026,SA,ITEMIZED RECEIPTS,4032620261433440431,7142618,2026,,C00905471,HALLIE SHOFFNER FOR ARKANSAS,"SHOFFNER, HALLIE",S6AR00199,AR,DEM,DEM,selected,True,highest_total_receipts,,True,2026,2026-05-03T14:08:37.171405+00:00
N,NO CHANGE,,,,,,,,,,,,,,,"{'affiliated_committee_name': 'NONE', 'candidate_ids': ['S6AR00199'], 'city': 'LITTLE ROCK', 'committee_id': 'C00905471', 'committee_type': 'S', 'committee_type_full': 'Senate', 'cycle': 2026, 'cycles': [2026], 'cycles_has_activity': [2026], 'cycles_has_financial': [2026], 'designated_agent_city': 'LITTLE ROCK', 'designated_agent_first_name': 'HALLIE', 'designated_agent_last_name': 'SHOFFNER', 'designated_agent_middle_name': None, 'designated_agent_name': 'SHOFFNER, HALLIE', 'designated_agent_phone_number': '8702173332', 'designated_agent_prefix': None, 'designated_agent_state': 'AR', 'designated_agent_street1': '600 E. CAPITOL', 'designated_agent_street2': None, 'designated_agent_suffix': None, 'designated_agent_title': 'CANDIDATE', 'designated_agent_zip': '72202', 'designation': 'P', 'designation_full': 'Principal campaign committee', 'filing_frequency': 'Q', 'first_f1_date': '2025-05-16', 'first_file_date': '2025-05-16', 'is_active': True, 'last_cycle_has_activity': 2026, 'last_cycle_has_financial': 2026, 'last_f1_date': '2025-09-10', 'last_file_date': '2026-04-15', 'name': 'HALLIE SHOFFNER FOR ARKANSAS', 'organization_type': None, 'organization_type_full': None, 'party': 'DEM', 'party_full': 'DEMOCRATIC PARTY', 'state': 'AR', 'state_full': 'Arkansas', 'street_1': '600 E. CAPITOL STREET', 'street_2': 'P.O. BOX 57', 'treasurer_name': 'BARON, SHELLY', 'zip': '72202'}",C00905471,,,,,,,,,1000.0,2026-02-10,,1000.0,JONESBORO,SOUTHERN PIONEER PROPERTY & CASUALTY I,BENJAMIN,,HYNEMAN,,"HYNEMAN, BENJAMIN",CHAIRMAN,,AR,3112 LACOSTE DR,,,724046841,,P2026,,IND,INDIVIDUAL,PRIMARY,2026,1956215,F3,202603259856855679,,True,11AI,Contributions From Individuals/Persons Other Than Political Committees,4032520261425275010,2026-05-02T03:05:57,,,,False,,,https://docquery.fec.gov/cgi-bin/fecimg/?202603259856855679,15,CONTRIBUTION,,P,,S,12P,2026,SA,ITEMIZED RECEIPTS,4032620261433440424,7142608,2026,,C00905471,HALLIE SHOFFNER FOR ARKANSAS,"SHOFFNER, HALLIE",S6AR00199,AR,DEM,DEM,selected,True,highest_total_receipts,,True,2026,2026-05-03T14:08:37.171474+00:00
N,NO CHANGE,,,,,,,,,,,,,,,"{'affiliated_committee_name': 'NONE', 'candidate_ids': ['S6AR00199'], 'city': 'LITTLE ROCK', 'committee_id': 'C00905471', 'committee_type': 'S', 'committee_type_full': 'Senate', 'cycle': 2026, 'cycles': [2026], 'cycles_has_activity': [2026], 'cycles_has_financial': [2026], 'designated_agent_city': 'LITTLE ROCK', 'designated_agent_first_name': 'HALLIE', 'designated_agent_last_name': 'SHOFFNER', 'designated_agent_middle_name': None, 'designated_agent_name': 'SHOFFNER, HALLIE', 'designated_agent_phone_number': '8702173332', 'designated_agent_prefix': None, 'designated_agent_state': 'AR', 'designated_agent_street1': '600 E. CAPITOL', 'designated_agent_street2': None, 'designated_agent_suffix': None, 'designated_agent_title': 'CANDIDATE', 'designated_agent_zip': '72202', 'designation': 'P', 'designation_full': 'Principal campaign committee', 'filing_frequency': 'Q', 'first_f1_date': '2025-05-16', 'first_file_date': '2025-05-16', 'is_active': True, 'last_cycle_has_activity': 2026, 'last_cycle_has_financial': 2026, 'last_f1_date': '2025-09-10', 'last_file_date': '2026-04-15', 'name': 'HALLIE SHOFFNER FOR ARKANSAS', 'organization_type': None, 'organization_type_full': None, 'party': 'DEM', 'party_full': 'DEMOCRATIC PARTY', 'state': 'AR', 'state_full': 'Arkansas', 'street_1': '600 E. CAPITOL STREET', 'street_2': 'P.O. BOX 57', 'treasurer_name': 'BARON, SHELLY', 'zip': '72202'}",C00905471,,,,,,,,,300.0,2026-02-10,,300.0,JONESBORO,WELLS & WELLS,BECKY,,WELLS,,"WELLS, BECKY",ACCOUNTANT,,AR,1204 PRINCETON DR,,,724016182,,P2026,,IND,INDIVIDUAL,PRIMARY,2026,1956215,F3,202603259856855659,,True,11AI,Contributions From Individuals/Persons Other Than Political Committees,4032520261425275010,2026-05-02T03:05:57,,,,False,,,https://docquery.fec.gov/cgi-bin/fecimg/?202603259856855659,15,CONTRIBUTION,,P,,S,12P,2026,SA,ITEMIZED RECEIPTS,4032620261433440364,7142647,2026,,C00905471,HALLIE SHOFFNER FOR ARKANSAS,"SHOFFNER, HALLIE",S6AR00199,AR,DEM,DEM,selected,True,highest_total_receipts,,True,2026,2026-05-03T14:08:37.171551+00:00
N,NO CHANGE,SA11AI,6890937E,,,,,,,,,,,,,"{'affiliated_committee_name': 'NONE', 'candidate_ids': ['S6AR00199'], 'city': 'LITTLE ROCK', 'committee_id': 'C00905471', 'committee_type': 'S', 'committee_type_full': 'Senate', 'cycle': 2026, 'cycles': [2026], 'cycles_has_activity': [2026], 'cycles_has_financial': [2026], 'designated_agent_city': 'LITTLE ROCK', 'designated_agent_first_name': 'HALLIE', 'designated_agent_last_name': 'SHOFFNER', 'designated_agent_middle_name': None, 'designated_agent_name': 'SHOFFNER, HALLIE', 'designated_agent_phone_number': '8702173332', 'designated_agent_prefix': None, 'designated_agent_state': 'AR', 'designated_agent_street1': '600 E. CAPITOL', 'designated_agent_street2': None, 'designated_agent_suffix': None, 'designated_agent_title': 'CANDIDATE', 'designated_agent_zip': '72202', 'designation': 'P', 'designation_full': 'Principal campaign committee', 'filing_frequency': 'Q', 'first_f1_date': '2025-05-16', 'first_file_date': '2025-05-16', 'is_active': True, 'last_cycle_has_activity': 2026, 'last_cycle_has_financial': 2026, 'last_f1_date': '2025-09-10', 'last_file_date': '2026-04-15', 'name': 'HALLIE SHOFFNER FOR ARKANSAS', 'organization_type': None, 'organization_type_full': None, 'party': 'DEM', 'party_full': 'DEMOCRATIC PARTY', 'state': 'AR', 'state_full': 'Arkansas', 'street_1': '600 E. CAPITOL STREET', 'street_2': 'P.O. BOX 57', 'treasurer_name': 'BARON, SHELLY', 'zip': '72202'}",C00905471,,,,,,,,,17.5,2026-02-10,"{'affiliated_committee_name': 'BLUE TO THE FUTURE 2024', 'candidate_ids': [], 'city': 'SOMERVILLE', 'committee_id': 'C00401224', 'committee_type': 'V', 'committee_type_full': 'Hybrid PAC (with Non-Contribution Account) - Nonqualified', 'cycle': 2026, 'cycles': [2004, 2006, 2008, 2010, 2012, 2014, 2016, 2018, 2020, 2022, 2024, 2026], 'cycles_has_activity': [2004, 2006, 2008, 2010, 2012, 2014, 2016, 2018, 2020, 2022, 2024, 2026], 'cycles_has_financial': [2004, 2006, 2008, 2010, 2012, 2014, 2016, 2018, 2020, 2022, 2024, 2026], 'designated_agent_city': None, 'designated_agent_first_name': None, 'designated_agent_last_name': None, 'designated_agent_middle_name': None, 'designated_agent_name': None, 'designated_agent_phone_number': None, 'designated_agent_prefix': None, 'designated_agent_state': None, 'designated_agent_street1': None, 'designated_agent_street2': None, 'designated_agent_suffix': None, 'designated_agent_title': None, 'designated_agent_zip': None, 'designation': 'U', 'designation_full': 'Unauthorized', 'filing_frequency': 'M', 'first_f1_date': '2004-05-17', 'first_file_date': '2004-05-17', 'is_active': True, 'last_cycle_has_activity': 2026, 'last_cycle_has_financial': 2026, 'last_f1_date': '2024-07-29', 'last_file_date': '2026-04-22', 'name': 'ACTBLUE', 'organization_type': None, 'organization_type_full': None, 'party': None, 'party_full': None, 'state': 'MA', 'state_full': 'Massachusetts', 'street_1': 'PO BOX 441146', 'street_2': None, 'treasurer_name': 'GILMER, GEORGE', 'zip': '02144'}",267.5,ANTIOCH,NOT EMPLOYED,CHARLIE,C00401224,KANSAKU,,"KANSAKU, CHARLIE",NOT EMPLOYED,,CA,49 GREENSBORO WAY,,,945096042,,P2026,,IND,INDIVIDUAL,PRIMARY,2026,1956215,F3,202603259856855657,,True,11AI,Contributions From Individuals/Persons Other Than Political Committees,4032520261425275010,2026-05-02T03:05:57,,,* EARMARKED CONTRIBUTION: SEE BELOW,False,,,https://docquery.fec.gov/cgi-bin/fecimg/?202603259856855657,15E,EARMARKED CONTRIBUTION,,P,,S,12P,2026,SA,ITEMIZED RECEIPTS,4032620261433440359,6890937,2026,C00401224,C00905471,HALLIE SHOFFNER FOR ARKANSAS,"SHOFFNER, HALLIE",S6AR00199,AR,DEM,DEM,selected,True,highest_total_receipts,,True,2026,2026-05-03T14:08:37.171623+00:00
N,NO CHANGE,,,,,,,,,,,,,,,"{'affiliated_committee_name': 'NONE', 'candidate_ids': ['S6AR00199'], 'city': 'LITTLE ROCK', 'committee_id': 'C00905471', 'committee_type': 'S', 'committee_type_full': 'Senate', 'cycle': 2026, 'cycles': [2026], 'cycles_has_activity': [2026], 'cycles_has_financial': [2026], 'designated_agent_city': 'LITTLE ROCK', 'designated_agent_first_name': 'HALLIE', 'designated_agent_last_name': 'SHOFFNER', 'designated_agent_middle_name': None, 'designated_agent_name': 'SHOFFNER, HALLIE', 'designated_agent_phone_number': '8702173332', 'designated_agent_prefix': None, 'designated_agent_state': 'AR', 'designated_agent_street1': '600 E. CAPITOL', 'designated_agent_street2': None, 'designated_agent_suffix': None, 'designated_agent_title': 'CANDIDATE', 'designated_agent_zip': '72202', 'designation': 'P', 'designation_full': 'Principal campaign committee', 'filing_frequency': 'Q', 'first_f1_date': '2025-05-16', 'first_file_date': '2025-05-16', 'is_active': True, 'last_cycle_has_activity': 2026, 'last_cycle_has_financial': 2026, 'last_f1_date': '2025-09-10', 'last_file_date': '2026-04-15', 'name': 'HALLIE SHOFFNER FOR ARKANSAS', 'organization_type': None, 'organization_type_full': None, 'party': 'DEM', 'party_full': 'DEMOCRATIC PARTY', 'state': 'AR', 'state_full': 'Arkansas', 'street_1': '600 E. CAPITOL STREET', 'street_2': 'P.O. BOX 57', 'treasurer_name': 'BARON, SHELLY', 'zip': '72202'}",C00905471,,,,,,,,,104.0,2026-02-10,,404.0,NASHVILLE,SELF,JOHN,,FAYARD,,"FAYARD, JOHN",FARMER,,TN,4737 POST RD,,,372052709,,P2026,,IND,INDIVIDUAL,PRIMARY,2026,1956215,F3,202603259856855652,,True,11AI,Contributions From Individuals/Persons Other Than Political Committees,4032520261425275010,2026-05-02T03:05:57,,,,False,,,https://docquery.fec.gov/cgi-bin/fecimg/?202603259856855652,15,CONTRIBUTION,,P,,S,12P,2026,SA,ITEMIZED RECEIPTS,4032620261433440344,7140727,2026,,C00905471,HALLIE SHOFFNER FOR ARKANSAS,"SHOFFNER, HALLIE",S6AR00199,AR,DEM,DEM,selected,True,highest_total_receipts,,True,2026,2026-05-03T14:08:37.171697+00:00
N,NO CHANGE,,,,,,,,,,,,,,,"{'affiliated_committee_name': 'NONE', 'candidate_ids': ['S6AR00199'], 'city': 'LITTLE ROCK', 'committee_id': 'C00905471', 'committee_type': 'S', 'committee_type_full': 'Senate', 'cycle': 2026, 'cycles': [2026], 'cycles_has_activity': [2026], 'cycles_has_financial': [2026], 'designated_agent_city': 'LITTLE ROCK', 'designated_agent_first_name': 'HALLIE', 'designated_agent_last_name': 'SHOFFNER', 'designated_agent_middle_name': None, 'designated_agent_name': 'SHOFFNER, HALLIE', 'designated_agent_phone_number': '8702173332', 'designated_agent_prefix': None, 'designated_agent_state': 'AR', 'designated_agent_street1': '600 E. CAPITOL', 'designated_agent_street2': None, 'designated_agent_suffix': None, 'designated_agent_title': 'CANDIDATE', 'designated_agent_zip': '72202', 'designation': 'P', 'designation_full': 'Principal campaign committee', 'filing_frequency': 'Q', 'first_f1_date': '2025-05-16', 'first_file_date': '2025-05-16', 'is_active': True, 'last_cycle_has_activity': 2026, 'last_cycle_has_financial': 2026, 'last_f1_date': '2025-09-10', 'last_file_date': '2026-04-15', 'name': 'HALLIE SHOFFNER FOR ARKANSAS', 'organization_type': None, 'organization_type_full': None, 'party': 'DEM', 'party_full': 'DEMOCRATIC PARTY', 'state': 'AR', 'state_full': 'Arkansas', 'street_1': '600 E. CAPITOL STREET', 'street_2': 'P.O. BOX 57', 'treasurer_name': 'BARON, SHELLY', 'zip': '72202'}",C00905471,,,,,,,,,500.0,2026-02-10,,1000.0,JONESBORO,GOLF NORTH HILLS,KELLY,,CRAFT,,"CRAFT, KELLY",OWNER,,AR,1004 FREEMAN ST,,,724013673,,P2026,,IND,INDIVIDUAL,PRIMARY,2026,1956215,F3,202603259856855650,,True,11AI,Contributions From Individuals/Persons Other Than Political Committees,4032520261425275010,2026-05-02T03:05:57,,,,False,,,https://docquery.fec.gov/cgi-bin/fecimg/?202603259856855650,15,CONTRIBUTION,,P,,S,12P,2026,SA,ITEMIZED RECEIPTS,4032620261433440338,7142617,2026,,C00905471,HALLIE SHOFFNER FOR ARKANSAS,"SHOFFNER, HALLIE",S6AR00199,AR,DEM,DEM,selected,True,highest_total_receipts,,True,2026,2026-05-03T14:08:37.171768+00:00
C,CHANGE,,,,,,,,,,,,,,,"{'affiliated_committee_name': 'NONE', 'candidate_ids': ['S6AR00199'], 'city': 'LITTLE ROCK', 'committee_id': 'C00905471', 'committee_type': 'S', 'committee_type_full': 'Senate', 'cycle': 2026, 'cycles': [2026], 'cycles_has_activity': [2026], 'cycles_has_financial': [2026], 'designated_agent_city': 'LITTLE ROCK', 'designated_agent_first_name': 'HALLIE', 'designated_agent_last_name': 'SHOFFNER', 'designated_agent_middle_name': None, 'designated_agent_name': 'SHOFFNER, HALLIE', 'designated_agent_phone_number': '8702173332', 'designated_agent_prefix': None, 'designated_agent_state': 'AR', 'designated_agent_street1': '600 E. CAPITOL', 'designated_agent_street2': None, 'designated_agent_suffix': None, 'designated_agent_title': 'CANDIDATE', 'designated_agent_zip': '72202', 'designation': 'P', 'designation_full': 'Principal campaign committee', 'filing_frequency': 'Q', 'first_f1_date': '2025-05-16', 'first_file_date': '2025-05-16', 'is_active': True, 'last_cycle_has_activity': 2026, 'last_cycle_has_financial': 2026, 'last_f1_date': '2025-09-10', 'last_file_date': '2026-04-15', 'name': 'HALLIE SHOFFNER FOR ARKANSAS', 'organization_type': None, 'organization_type_full': None, 'party': 'DEM', 'party_full': 'DEMOCRATIC PARTY', 'state': 'AR', 'state_full': 'Arkansas', 'street_1': '600 E. CAPITOL STREET', 'street_2': 'P.O. BOX 57', 'treasurer_name': 'BARON, SHELLY', 'zip': '72202'}",C00905471,,,,,,,,,1000.0,2026-02-10,,1200.0,JONESBORO,RETIRED,ANDY,,PEELER,,"PEELER, ANDY",RETIRED,,AR,217 WILKINS AVE,,,724015025,,P2026,,IND,INDIVIDUAL,PRIMARY,2026,1956215,F3,202603259856855646,,True,11AI,Contributions From Individuals/Persons Other Than Political Committees,4032520261425275010,2026-05-02T03:05:57,,,,False,,,https://docquery.fec.gov/cgi-bin/fecimg/?202603259856855646,15,CONTRIBUTION,,P,,S,12P,2026,SA,ITEMIZED RECEIPTS,4032620261433440327,7142607,2026,,C00905471,HALLIE SHOFFNER FOR ARKANSAS,"SHOFFNER, HALLIE",S6AR00199,AR,DEM,DEM,selected,True,highest_total_receipts,,True,2026,2026-05-03T14:08:37.171840+00:00
N,NO CHANGE,SA11AI,6890646E,,,,,,,,,,,,,"{'affiliated_committee_name': 'NONE', 'candidate_ids': ['S6AR00199'], 'city': 'LITTLE ROCK', 'committee_id': 'C00905471', 'committee_type': 'S', 'committee_type_full': 'Senate', 'cycle': 2026, 'cycles': [2026], 'cycles_has_activity': [2026], 'cycles_has_financial': [2026], 'designated_agent_city': 'LITTLE ROCK', 'designated_agent_first_name': 'HALLIE', 'designated_agent_last_name': 'SHOFFNER', 'designated_agent_middle_name': None, 'designated_agent_name': 'SHOFFNER, HALLIE', 'designated_agent_phone_number': '8702173332', 'designated_agent_prefix': None, 'designated_agent_state': 'AR', 'designated_agent_street1': '600 E. CAPITOL', 'designated_agent_street2': None, 'designated_agent_suffix': None, 'designated_agent_title': 'CANDIDATE', 'designated_agent_zip': '72202', 'designation': 'P', 'designation_full': 'Principal campaign committee', 'filing_frequency': 'Q', 'first_f1_date': '2025-05-16', 'first_file_date': '2025-05-16', 'is_active': True, 'last_cycle_has_activity': 2026, 'last_cycle_has_financial': 2026, 'last_f1_date': '2025-09-10', 'last_file_date': '2026-04-15', 'name': 'HALLIE SHOFFNER FOR ARKANSAS', 'organization_type': None, 'organization_type_full': None, 'party': 'DEM', 'party_full': 'DEMOCRATIC PARTY', 'state': 'AR', 'state_full': 'Arkansas', 'street_1': '600 E. CAPITOL STREET', 'street_2': 'P.O. BOX 57', 'treasurer_name': 'BARON, SHELLY', 'zip': '72202'}",C00905471,,,,,,,,,250.0,2026-02-10,"{'affiliated_committee_name': 'BLUE TO THE FUTURE 2024', 'candidate_ids': [], 'city': 'SOMERVILLE', 'committee_id': 'C00401224', 'committee_type': 'V', 'committee_type_full': 'Hybrid PAC (with Non-Contribution Account) - Nonqualified', 'cycle': 2026, 'cycles': [2004, 2006, 2008, 2010, 2012, 2014, 2016, 2018, 2020, 2022, 2024, 2026], 'cycles_has_activity': [2004, 2006, 2008, 2010, 2012, 2014, 2016, 2018, 2020, 2022, 2024, 2026], 'cycles_has_financial': [2004, 2006, 2008, 2010, 2012, 2014, 2016, 2018, 2020, 2022, 2024, 2026], 'designated_agent_city': None, 'designated_agent_first_name': None, 'designated_agent_last_name': None, 'designated_agent_middle_name': None, 'designated_agent_name': None, 'designated_agent_phone_number': None, 'designated_agent_prefix': None, 'designated_agent_state': None, 'designated_agent_street1': None, 'designated_agent_street2': None, 'designated_agent_suffix': None, 'designated_agent_title': None, 'designated_agent_zip': None, 'designation': 'U', 'designation_full': 'Unauthorized', 'filing_frequency': 'M', 'first_f1_date': '2004-05-17', 'first_file_date': '2004-05-17', 'is_active': True, 'last_cycle_has_activity': 2026, 'last_cycle_has_financial': 2026, 'last_f1_date': '2024-07-29', 'last_file_date': '2026-04-22', 'name': 'ACTBLUE', 'organization_type': None, 'organization_type_full': None, 'party': None, 'party_full': None, 'state': 'MA', 'state_full': 'Massachusetts', 'street_1': 'PO BOX 441146', 'street_2': None, 'treasurer_name': 'GILMER, GEORGE', 'zip': '02144'}",454.0,JONESBORO,SELF,MELANIE,C00401224,VERSER,,"VERSER, MELANIE",FARMING,,AR,PO BOX 1683,,,724031683,,P2026,,IND,INDIVIDUAL,PRIMARY,2026,1956215,F3,202603259856855626,,True,11AI,Contributions From Individuals/Persons Other Than Political Committees,4032520261425275010,2026-05-02T03:05:57,,,* EARMARKED CONTRIBUTION: SEE BELOW,False,,,https://docquery.fec.gov/cgi-bin/fecimg/?202603259856855626,15E,EARMARKED CONTRIBUTION,,P,,S,12P,2026,SA,ITEMIZED RECEIPTS,4032620261433440267,6890646,2026,C00401224,C00905471,HALLIE SHOFFNER FOR ARKANSAS,"SHOFFNER, HALLIE",S6AR00199,AR,DEM,DEM,selected,True,highest_total_receipts,,True,2026,2026-05-03T14:08:37.171917+00:00
C,CHANGE,,,,,,,,,,,,,,,"{'affiliated_committee_name': 'NONE', 'candidate_ids': ['S6AR00199'], 'city': 'LITTLE ROCK', 'committee_id': 'C00905471', 'committee_type': 'S', 'committee_type_full': 'Senate', 'cycle': 2026, 'cycles': [2026], 'cycles_has_activity': [2026], 'cycles_has_financial': [2026], 'designated_agent_city': 'LITTLE ROCK', 'designated_agent_first_name': 'HALLIE', 'designated_agent_last_name': 'SHOFFNER', 'designated_agent_middle_name': None, 'designated_agent_name': 'SHOFFNER, HALLIE', 'designated_agent_phone_number': '8702173332', 'designated_agent_prefix': None, 'designated_agent_state': 'AR', 'designated_agent_street1': '600 E. CAPITOL', 'designated_agent_street2': None, 'designated_agent_suffix': None, 'designated_agent_title': 'CANDIDATE', 'designated_agent_zip': '72202', 'designation': 'P', 'designation_full': 'Principal campaign committee', 'filing_frequency': 'Q', 'first_f1_date': '2025-05-16', 'first_file_date': '2025-05-16', 'is_active': True, 'last_cycle_has_activity': 2026, 'last_cycle_has_financial': 2026, 'last_f1_date': '2025-09-10', 'last_file_date': '2026-04-15', 'name': 'HALLIE SHOFFNER FOR ARKANSAS', 'organization_type': None, 'organization_type_full': None, 'party': 'DEM', 'party_full': 'DEMOCRATIC PARTY', 'state': 'AR', 'state_full': 'Arkansas', 'street_1': '600 E. CAPITOL STREET', 'street_2': 'P.O. BOX 57', 'treasurer_name': 'BARON, SHELLY', 'zip': '72202'}",C00905471,,,,,,,,,300.0,2026-02-10,,300.0,ENGLAND,RETIRED,BOBBY,,CLONINGER,,"CLONINGER, BOBBY",FARMER,,AR,15356 HIGHWAY 31 S,,,720469009,,P2026,,IND,INDIVIDUAL,PRIMARY,2026,1956215,F3,202603259856855625,,True,11AI,Contributions From Individuals/Persons Other Than Political Committees,4032520261425275010,2026-05-02T03:05:57,,,,False,,,https://docquery.fec.gov/cgi-bin/fecimg/?202603259856855625,15,CONTRIBUTION,,P,,S,12P,2026,SA,ITEMIZED RECEIPTS,4032620261433440263,7142646,2026,,C00905471,HALLIE SHOFFNER FOR ARKANSAS,"SHOFFNER, HALLIE",S6AR00199,AR,DEM,DEM,selected,True,highest_total_receipts,,True,2026,2026-05-03T14:08:37.171988+00:00
N,NO CHANGE,,,,,,,,,,,,,,,"{'affiliated_committee_name': 'NONE', 'candidate_ids': ['S6AR00199'], 'city': 'LITTLE ROCK', 'committee_id': 'C00905471', 'committee_type': 'S', 'committee_type_full': 'Senate', 'cycle': 2026, 'cycles': [2026], 'cycles_has_activity': [2026], 'cycles_has_financial': [2026], 'designated_agent_city': 'LITTLE ROCK', 'designated_agent_first_name': 'HALLIE', 'designated_agent_last_name': 'SHOFFNER', 'designated_agent_middle_name': None, 'designated_agent_name': 'SHOFFNER, HALLIE', 'designated_agent_phone_number': '8702173332', 'designated_agent_prefix': None, 'designated_agent_state': 'AR', 'designated_agent_street1': '600 E. CAPITOL', 'designated_agent_street2': None, 'designated_agent_suffix': None, 'designated_agent_title': 'CANDIDATE', 'designated_agent_zip': '72202', 'designation': 'P', 'designation_full': 'Principal campaign committee', 'filing_frequency': 'Q', 'first_f1_date': '2025-05-16', 'first_file_date': '2025-05-16', 'is_active': True, 'last_cycle_has_activity': 2026, 'last_cycle_has_financial': 2026, 'last_f1_date': '2025-09-10', 'last_file_date': '2026-04-15', 'name': 'HALLIE SHOFFNER FOR ARKANSAS', 'organization_type': None, 'organization_type_full': None, 'party': 'DEM', 'party_full': 'DEMOCRATIC PARTY', 'state': 'AR', 'state_full': 'Arkansas', 'street_1': '600 E. CAPITOL STREET', 'street_2': 'P.O. BOX 57', 'treasurer_name': 'BARON, SHELLY', 'zip': '72202'}",C00905471,,,,,,,,,250.0,2026-02-10,,250.0,JONESBORO,SELF,MARK,,SIFFORD,,"SIFFORD, MARK",HEALTHCARE / MEDICAL,,AR,1212 E COUNTRY CLUB TER,,,724014323,,P2026,,IND,INDIVIDUAL,PRIMARY,2026,1956215,F3,202603259856855621,,True,11AI,Contributions From Individuals/Persons Other Than Political Committees,4032520261425275010,2026-05-02T03:05:57,,,,False,,,https://docquery.fec.gov/cgi-bin/fecimg/?202603259856855621,15,CONTRIBUTION,,P,,S,12P,2026,SA,ITEMIZED RECEIPTS,4032620261433440251,7142626,2026,,C00905471,HALLIE SHOFFNER FOR ARKANSAS,"SHOFFNER, HALLIE",S6AR00199,AR,DEM,DEM,selected,True,highest_total_receipts,,True,2026,2026-05-03T14:08:37.172063+00:00
N,NO CHANGE,,,,,,,,,,,,,,,"{'affiliated_committee_name': 'NONE', 'candidate_ids': ['S6AR00199'], 'city': 'LITTLE ROCK', 'committee_id': 'C00905471', 'committee_type': 'S', 'committee_type_full': 'Senate', 'cycle': 2026, 'cycles': [2026], 'cycles_has_activity': [2026], 'cycles_has_financial': [2026], 'designated_agent_city': 'LITTLE ROCK', 'designated_agent_first_name': 'HALLIE', 'designated_agent_last_name': 'SHOFFNER', 'designated_agent_middle_name': None, 'designated_agent_name': 'SHOFFNER, HALLIE', 'designated_agent_phone_number': '8702173332', 'designated_agent_prefix': None, 'designated_agent_state': 'AR', 'designated_agent_street1': '600 E. CAPITOL', 'designated_agent_street2': None, 'designated_agent_suffix': None, 'designated_agent_title': 'CANDIDATE', 'designated_agent_zip': '72202', 'designation': 'P', 'designation_full': 'Principal campaign committee', 'filing_frequency': 'Q', 'first_f1_date': '2025-05-16', 'first_file_date': '2025-05-16', 'is_active': True, 'last_cycle_has_activity': 2026, 'last_cycle_has_financial': 2026, 'last_f1_date': '2025-09-10', 'last_file_date': '2026-04-15', 'name': 'HALLIE SHOFFNER FOR ARKANSAS', 'organization_type': None, 'organization_type_full': None, 'party': 'DEM', 'party_full': 'DEMOCRATIC PARTY', 'state': 'AR', 'state_full': 'Arkansas', 'street_1': '600 E. CAPITOL STREET', 'street_2': 'P.O. BOX 57', 'treasurer_name': 'BARON, SHELLY', 'zip': '72202'}",C00905471,,,,,,,,,100.0,2026-02-10,,408.76,CABOT,RETIRED,STEVE,,WISOTSKY,,"WISOTSKY, STEVE",RETIRED,,AR,46 HILLSBORO DR,,,720233968,,P2026,,IND,INDIVIDUAL,PRIMARY,2026,1956215,F3,202603259856855594,,True,11AI,Contributions From Individuals/Persons Other Than Political Committees,4032520261425275010,2026-05-02T03:05:57,,,,False,,,https://docquery.fec.gov/cgi-bin/fecimg/?202603259856855594,15,CONTRIBUTION,,P,,S,12P,2026,SA,ITEMIZED RECEIPTS,4032620261433440171,7140745,2026,,C00905471,HALLIE SHOFFNER FOR ARKANSAS,"SHOFFNER, HALLIE",S6AR00199,AR,DEM,DEM,selected,True,highest_total_receipts,,True,2026,2026-05-03T14:08:37.172134+00:00
N,NO CHANGE,,,,,,,,,,,,,,,"{'affiliated_committee_name': 'NONE', 'candidate_ids': ['S6AR00199'], 'city': 'LITTLE ROCK', 'committee_id': 'C00905471', 'committee_type': 'S', 'committee_type_full': 'Senate', 'cycle': 2026, 'cycles': [2026], 'cycles_has_activity': [2026], 'cycles_has_financial': [2026], 'designated_agent_city': 'LITTLE ROCK', 'designated_agent_first_name': 'HALLIE', 'designated_agent_last_name': 'SHOFFNER', 'designated_agent_middle_name': None, 'designated_agent_name': 'SHOFFNER, HALLIE', 'designated_agent_phone_number': '8702173332', 'designated_agent_prefix': None, 'designated_agent_state': 'AR', 'designated_agent_street1': '600 E. CAPITOL', 'designated_agent_street2': None, 'designated_agent_suffix': None, 'designated_agent_title': 'CANDIDATE', 'designated_agent_zip': '72202', 'designation': 'P', 'designation_full': 'Principal campaign committee', 'filing_frequency': 'Q', 'first_f1_date': '2025-05-16', 'first_file_date': '2025-05-16', 'is_active': True, 'last_cycle_has_activity': 2026, 'last_cycle_has_financial': 2026, 'last_f1_date': '2025-09-10', 'last_file_date': '2026-04-15', 'name': 'HALLIE SHOFFNER FOR ARKANSAS', 'organization_type': None, 'organization_type_full': None, 'party': 'DEM', 'party_full': 'DEMOCRATIC PARTY', 'state': 'AR', 'state_full': 'Arkansas', 'street_1': '600 E. CAPITOL STREET', 'street_2': 'P.O. BOX 57', 'treasurer_name': 'BARON, SHELLY', 'zip': '72202'}",C00905471,,,,,,,,,250.0,2026-02-10,,250.0,JONESBORO,NONE,HOLLIS,,INBODEN,,"INBODEN, HOLLIS",NONE,,AR,2621 ROSEWOOD CIR,,,724015975,,P2026,,IND,INDIVIDUAL,PRIMARY,2026,1956215,F3,202603259856855586,,True,11AI,Contributions From Individuals/Persons Other Than Political Committees,4032520261425275010,2026-05-02T03:05:57,,,,False,,,https://docquery.fec.gov/cgi-bin/fecimg/?202603259856855586,15,CONTRIBUTION,,P,,S,12P,2026,SA,ITEMIZED RECEIPTS,4032620261433440145,7142625,2026,,C00905471,HALLIE SHOFFNER FOR ARKANSAS,"SHOFFNER, HALLIE",S6AR00199,AR,DEM,DEM,selected,True,highest_total_receipts,,True,2026,2026-05-03T14:08:37.172206+00:00
N,NO CHANGE,,,,,,,,,,,,,,,"{'affiliated_committee_name': 'NONE', 'candidate_ids': ['S6AR00199'], 'city': 'LITTLE ROCK', 'committee_id': 'C00905471', 'committee_type': 'S', 'committee_type_full': 'Senate', 'cycle': 2026, 'cycles': [2026], 'cycles_has_activity': [2026], 'cycles_has_financial': [2026], 'designated_agent_city': 'LITTLE ROCK', 'designated_agent_first_name': 'HALLIE', 'designated_agent_last_name': 'SHOFFNER', 'designated_agent_middle_name': None, 'designated_agent_name': 'SHOFFNER, HALLIE', 'designated_agent_phone_number': '8702173332', 'designated_agent_prefix': None, 'designated_agent_state': 'AR', 'designated_agent_street1': '600 E. CAPITOL', 'designated_agent_street2': None, 'designated_agent_suffix': None, 'designated_agent_title': 'CANDIDATE', 'designated_agent_zip': '72202', 'designation': 'P', 'designation_full': 'Principal campaign committee', 'filing_frequency': 'Q', 'first_f1_date': '2025-05-16', 'first_file_date': '2025-05-16', 'is_active': True, 'last_cycle_has_activity': 2026, 'last_cycle_has_financial': 2026, 'last_f1_date': '2025-09-10', 'last_file_date': '2026-04-15', 'name': 'HALLIE SHOFFNER FOR ARKANSAS', 'organization_type': None, 'organization_type_full': None, 'party': 'DEM', 'party_full': 'DEMOCRATIC PARTY', 'state': 'AR', 'state_full': 'Arkansas', 'street_1': '600 E. CAPITOL STREET', 'street_2': 'P.O. BOX 57', 'treasurer_name': 'BARON, SHELLY', 'zip': '72202'}",C00905471,,,,,,,,,500.0,2026-02-10,,500.0,JONESBORO,NONE,DON,,VOLLMAN,,"VOLLMAN, DON",RETIRED,,AR,1315 LINDEN AVE,,,724015623,,P2026,,IND,INDIVIDUAL,PRIMARY,2026,1956215,F3,202603259856855582,,True,11AI,Contributions From Individuals/Persons Other Than Political Committees,4032520261425275010,2026-05-02T03:05:57,,,,False,,,https://docquery.fec.gov/cgi-bin/fecimg/?202603259856855582,15,CONTRIBUTION,,P,,S,12P,2026,SA,ITEMIZED RECEIPTS,4032620261433440135,7142615,2026,,C00905471,HALLIE SHOFFNER FOR ARKANSAS,"SHOFFNER, HALLIE",S6AR00199,AR,DEM,DEM,selected,True,highest_total_receipts,,True,2026,2026-05-03T14:08:37.172280+00:00
N,NO CHANGE,,,,,,,,,,,,,,,"{'affiliated_committee_name': 'NONE', 'candidate_ids': ['S6AR00199'], 'city': 'LITTLE ROCK', 'committee_id': 'C00905471', 'committee_type': 'S', 'committee_type_full': 'Senate', 'cycle': 2026, 'cycles': [2026], 'cycles_has_activity': [2026], 'cycles_has_financial': [2026], 'designated_agent_city': 'LITTLE ROCK', 'designated_agent_first_name': 'HALLIE', 'designated_agent_last_name': 'SHOFFNER', 'designated_agent_middle_name': None, 'designated_agent_name': 'SHOFFNER, HALLIE', 'designated_agent_phone_number': '8702173332', 'designated_agent_prefix': None, 'designated_agent_state': 'AR', 'designated_agent_street1': '600 E. CAPITOL', 'designated_agent_street2': None, 'designated_agent_suffix': None, 'designated_agent_title': 'CANDIDATE', 'designated_agent_zip': '72202', 'designation': 'P', 'designation_full': 'Principal campaign committee', 'filing_frequency': 'Q', 'first_f1_date': '2025-05-16', 'first_file_date': '2025-05-16', 'is_active': True, 'last_cycle_has_activity': 2026, 'last_cycle_has_financial': 2026, 'last_f1_date': '2025-09-10', 'last_file_date': '2026-04-15', 'name': 'HALLIE SHOFFNER FOR ARKANSAS', 'organization_type': None, 'organization_type_full': None, 'party': 'DEM', 'party_full': 'DEMOCRATIC PARTY', 'state': 'AR', 'state_full': 'Arkansas', 'street_1': '600 E. CAPITOL STREET', 'street_2': 'P.O. BOX 57', 'treasurer_name': 'BARON, SHELLY', 'zip': '72202'}",C00905471,,,,,,,,,26.19,2026-02-10,,576.19,URBANA,RETIRED,BRIAN,,MUSTAIN,,"MUSTAIN, BRIAN",RETIRED,,IL,407 W ILLINOIS ST,,,618013214,,P2026,,IND,INDIVIDUAL,PRIMARY,2026,1956215,F3,202603259856855569,,True,11AI,Contributions From Individuals/Persons Other Than Political Committees,4032520261425275010,2026-05-02T03:05:57,,,,False,,,https://docquery.fec.gov/cgi-bin/fecimg/?202603259856855569,15,CONTRIBUTION,,P,,S,12P,2026,SA,ITEMIZED RECEIPTS,4032620261433440096,7140754,2026,,C00905471,HALLIE SHOFFNER FOR ARKANSAS,"SHOFFNER, HALLIE",S6AR00199,AR,DEM,DEM,selected,True,highest_total_receipts,,True,2026,2026-05-03T14:08:37.172352+00:00
N,NO CHANGE,SA11AI,6869634E,,,,,,,,,,,,,"{'affiliated_committee_name': 'NONE', 'candidate_ids': ['S6AR00199'], 'city': 'LITTLE ROCK', 'committee_id': 'C00905471', 'committee_type': 'S', 'committee_type_full': 'Senate', 'cycle': 2026, 'cycles': [2026], 'cycles_has_activity': [2026], 'cycles_has_financial': [2026], 'designated_agent_city': 'LITTLE ROCK', 'designated_agent_first_name': 'HALLIE', 'designated_agent_last_name': 'SHOFFNER', 'designated_agent_middle_name': None, 'designated_agent_name': 'SHOFFNER, HALLIE', 'designated_agent_phone_number': '8702173332', 'designated_agent_prefix': None, 'designated_agent_state': 'AR', 'designated_agent_street1': '600 E. CAPITOL', 'designated_agent_street2': None, 'designated_agent_suffix': None, 'designated_agent_title': 'CANDIDATE', 'designated_agent_zip': '72202', 'designation': 'P', 'designation_full': 'Principal campaign committee', 'filing_frequency': 'Q', 'first_f1_date': '2025-05-16', 'first_file_date': '2025-05-16', 'is_active': True, 'last_cycle_has_activity': 2026, 'last_cycle_has_financial': 2026, 'last_f1_date': '2025-09-10', 'last_file_date': '2026-04-15', 'name': 'HALLIE SHOFFNER FOR ARKANSAS', 'organization_type': None, 'organization_type_full': None, 'party': 'DEM', 'party_full': 'DEMOCRATIC PARTY', 'state': 'AR', 'state_full': 'Arkansas', 'street_1': '600 E. CAPITOL STREET', 'street_2': 'P.O. BOX 57', 'treasurer_name': 'BARON, SHELLY', 'zip': '72202'}",C00905471,,,,,,,,,25.0,2026-02-10,"{'affiliated_committee_name': 'BLUE TO THE FUTURE 2024', 'candidate_ids': [], 'city': 'SOMERVILLE', 'committee_id': 'C00401224', 'committee_type': 'V', 'committee_type_full': 'Hybrid PAC (with Non-Contribution Account) - Nonqualified', 'cycle': 2026, 'cycles': [2004, 2006, 2008, 2010, 2012, 2014, 2016, 2018, 2020, 2022, 2024, 2026], 'cycles_has_activity': [2004, 2006, 2008, 2010, 2012, 2014, 2016, 2018, 2020, 2022, 2024, 2026], 'cycles_has_financial': [2004, 2006, 2008, 2010, 2012, 2014, 2016, 2018, 2020, 2022, 2024, 2026], 'designated_agent_city': None, 'designated_agent_first_name': None, 'designated_agent_last_name': None, 'designated_agent_middle_name': None, 'designated_agent_name': None, 'designated_agent_phone_number': None, 'designated_agent_prefix': None, 'designated_agent_state': None, 'designated_agent_street1': None, 'designated_agent_street2': None, 'designated_agent_suffix': None, 'designated_agent_title': None, 'designated_agent_zip': None, 'designation': 'U', 'designation_full': 'Unauthorized', 'filing_frequency': 'M', 'first_f1_date': '2004-05-17', 'first_file_date': '2004-05-17', 'is_active': True, 'last_cycle_has_activity': 2026, 'last_cycle_has_financial': 2026, 'last_f1_date': '2024-07-29', 'last_file_date': '2026-04-22', 'name': 'ACTBLUE', 'organization_type': None, 'organization_type_full': None, 'party': None, 'party_full': None, 'state': 'MA', 'state_full': 'Massachusetts', 'street_1': 'PO BOX 441146', 'street_2': None, 'treasurer_name': 'GILMER, GEORGE', 'zip': '02144'}",202.13,FAYETTEVILLE,NOT EMPLOYED,KIMBERLY,C00401224,BETTS,,"BETTS, KIMBERLY",NOT EMPLOYED,,AR,2595 N TOY DR,,,727045959,,P2026,,IND,INDIVIDUAL,PRIMARY,2026,1956215,F3,202603259856855564,,True,11AI,Contributions From Individuals/Persons Other Than Political Committees,4032520261425275010,2026-05-02T03:05:57,,,* EARMARKED CONTRIBUTION: SEE BELOW,False,,,https://docquery.fec.gov/cgi-bin/fecimg/?202603259856855564,15E,EARMARKED CONTRIBUTION,,P,,S,12P,2026,SA,ITEMIZED RECEIPTS,4032620261433440081,6869634,2026,C00401224,C00905471,HALLIE SHOFFNER FOR ARKANSAS,"SHOFFNER, HALLIE",S6AR00199,AR,DEM,DEM,selected,True,highest_total_receipts,,True,2026,2026-05-03T14:08:37.172426+00:00
N,NO CHANGE,,,,,,,,,,,,,,,"{'affiliated_committee_name': 'NONE', 'candidate_ids': ['S6AR00199'], 'city': 'LITTLE ROCK', 'committee_id': 'C00905471', 'committee_type': 'S', 'committee_type_full': 'Senate', 'cycle': 2026, 'cycles': [2026], 'cycles_has_activity': [2026], 'cycles_has_financial': [2026], 'designated_agent_city': 'LITTLE ROCK', 'designated_agent_first_name': 'HALLIE', 'designated_agent_last_name': 'SHOFFNER', 'designated_agent_middle_name': None, 'designated_agent_name': 'SHOFFNER, HALLIE', 'designated_agent_phone_number': '8702173332', 'designated_agent_prefix': None, 'designated_agent_state': 'AR', 'designated_agent_street1': '600 E. CAPITOL', 'designated_agent_street2': None, 'designated_agent_suffix': None, 'designated_agent_title': 'CANDIDATE', 'designated_agent_zip': '72202', 'designation': 'P', 'designation_full': 'Principal campaign committee', 'filing_frequency': 'Q', 'first_f1_date': '2025-05-16', 'first_file_date': '2025-05-16', 'is_active': True, 'last_cycle_has_activity': 2026, 'last_cycle_has_financial': 2026, 'last_f1_date': '2025-09-10', 'last_file_date': '2026-04-15', 'name': 'HALLIE SHOFFNER FOR ARKANSAS', 'organization_type': None, 'organization_type_full': None, 'party': 'DEM', 'party_full': 'DEMOCRATIC PARTY', 'state': 'AR', 'state_full': 'Arkansas', 'street_1': '600 E. CAPITOL STREET', 'street_2': 'P.O. BOX 57', 'treasurer_name': 'BARON, SHELLY', 'zip': '72202'}",C00905471,,,,,,,,,250.0,2026-02-10,,250.0,JONESBORO,"HYNEMAN & ASSOCIATES, INC.",BRIAN,,HYNEMAN,,"HYNEMAN, BRIAN",AGRICULTURE,,AR,1306 E COUNTRY CLUB TER,,,724014325,,P2026,,IND,INDIVIDUAL,PRIMARY,2026,1956215,F3,202603259856855564,,True,11AI,Contributions From Individuals/Persons Other Than Political Committees,4032520261425275010,2026-05-02T03:05:57,,,,False,,,https://docquery.fec.gov/cgi-bin/fecimg/?202603259856855564,15,CONTRIBUTION,,P,,S,12P,2026,SA,ITEMIZED RECEIPTS,4032620261433440080,7140734,2026,,C00905471,HALLIE SHOFFNER FOR ARKANSAS,"SHOFFNER, HALLIE",S6AR00199,AR,DEM,DEM,selected,True,highest_total_receipts,,True,2026,2026-05-03T14:08:37.172497+00:00
N,NO CHANGE,,,,,,,,,,,,,,,"{'affiliated_committee_name': 'NONE', 'candidate_ids': ['S6AR00199'], 'city': 'LITTLE ROCK', 'committee_id': 'C00905471', 'committee_type': 'S', 'committee_type_full': 'Senate', 'cycle': 2026, 'cycles': [2026], 'cycles_has_activity': [2026], 'cycles_has_financial': [2026], 'designated_agent_city': 'LITTLE ROCK', 'designated_agent_first_name': 'HALLIE', 'designated_agent_last_name': 'SHOFFNER', 'designated_agent_middle_name': None, 'designated_agent_name': 'SHOFFNER, HALLIE', 'designated_agent_phone_number': '8702173332', 'designated_agent_prefix': None, 'designated_agent_state': 'AR', 'designated_agent_street1': '600 E. CAPITOL', 'designated_agent_street2': None, 'designated_agent_suffix': None, 'designated_agent_title': 'CANDIDATE', 'designated_agent_zip': '72202', 'designation': 'P', 'designation_full': 'Principal campaign committee', 'filing_frequency': 'Q', 'first_f1_date': '2025-05-16', 'first_file_date': '2025-05-16', 'is_active': True, 'last_cycle_has_activity': 2026, 'last_cycle_has_financial': 2026, 'last_f1_date': '2025-09-10', 'last_file_date': '2026-04-15', 'name': 'HALLIE SHOFFNER FOR ARKANSAS', 'organization_type': None, 'organization_type_full': None, 'party': 'DEM', 'party_full': 'DEMOCRATIC PARTY', 'state': 'AR', 'state_full': 'Arkansas', 'street_1': '600 E. CAPITOL STREET', 'street_2': 'P.O. BOX 57', 'treasurer_name': 'BARON, SHELLY', 'zip': '72202'}",C00905471,,,,,,,,,250.0,2026-02-10,,250.0,JONESBORO,NONE,MARILYN,,HUMMELSTEIN,,"HUMMELSTEIN, MARILYN",RETIRED,,AR,906 FAIRWAY DR,,,724014383,,P2026,,IND,INDIVIDUAL,PRIMARY,2026,1956215,F3,202603259856855556,,True,11AI,Contributions From Individuals/Persons Other Than Political Committees,4032520261425275010,2026-05-02T03:05:57,,,,False,,,https://docquery.fec.gov/cgi-bin/fecimg/?202603259856855556,15,CONTRIBUTION,,P,,S,12P,2026,SA,ITEMIZED RECEIPTS,4032620261433440057,7142624,2026,,C00905471,HALLIE SHOFFNER FOR ARKANSAS,"SHOFFNER, HALLIE",S6AR00199,AR,DEM,DEM,selected,True,highest_total_receipts,,True,2026,2026-05-03T14:08:37.172566+00:00
N,NO CHANGE,,,,,,,,,,,,,,,"{'affiliated_committee_name': 'NONE', 'candidate_ids': ['S6AR00199'], 'city': 'LITTLE ROCK', 'committee_id': 'C00905471', 'committee_type': 'S', 'committee_type_full': 'Senate', 'cycle': 2026, 'cycles': [2026], 'cycles_has_activity': [2026], 'cycles_has_financial': [2026], 'designated_agent_city': 'LITTLE ROCK', 'designated_agent_first_name': 'HALLIE', 'designated_agent_last_name': 'SHOFFNER', 'designated_agent_middle_name': None, 'designated_agent_name': 'SHOFFNER, HALLIE', 'designated_agent_phone_number': '8702173332', 'designated_agent_prefix': None, 'designated_agent_state': 'AR', 'designated_agent_street1': '600 E. CAPITOL', 'designated_agent_street2': None, 'designated_agent_suffix': None, 'designated_agent_title': 'CANDIDATE', 'designated_agent_zip': '72202', 'designation': 'P', 'designation_full': 'Principal campaign committee', 'filing_frequency': 'Q', 'first_f1_date': '2025-05-16', 'first_file_date': '2025-05-16', 'is_active': True, 'last_cycle_has_activity': 2026, 'last_cycle_has_financial': 2026, 'last_f1_date': '2025-09-10', 'last_file_date': '2026-04-15', 'name': 'HALLIE SHOFFNER FOR ARKANSAS', 'organization_type': None, 'organization_type_full': None, 'party': 'DEM', 'party_full': 'DEMOCRATIC PARTY', 'state': 'AR', 'state_full': 'Arkansas', 'street_1': '600 E. CAPITOL STREET', 'street_2': 'P.O. BOX 57', 'treasurer_name': 'BARON, SHELLY', 'zip': '72202'}",C00905471,,,,,,,,,500.0,2026-02-10,,500.0,JONESBORO,EAST AR AREA AGENCY ON AGING,DEB,,ROBERTS,,"ROBERTS, DEB",BILLING MANAGER,,AR,805 FERNWOOD DR,,,724018502,,P2026,,IND,INDIVIDUAL,PRIMARY,2026,1956215,F3,202603259856855553,,True,11AI,Contributions From Individuals/Persons Other Than Political Committees,4032520261425275010,2026-05-02T03:05:57,,,,False,,,https://docquery.fec.gov/cgi-bin/fecimg/?202603259856855553,15,CONTRIBUTION,,P,,S,12P,2026,SA,ITEMIZED RECEIPTS,4032620261433440048,7142614,2026,,C00905471,HALLIE SHOFFNER FOR ARKANSAS,"SHOFFNER, HALLIE",S6AR00199,AR,DEM,DEM,selected,True,highest_total_receipts,,True,2026,2026-05-03T14:08:37.172665+00:00
N,NO CHANGE,,,,,,,,,,,,,,,"{'affiliated_committee_name': 'NONE', 'candidate_ids': ['S6AR00199'], 'city': 'LITTLE ROCK', 'committee_id': 'C00905471', 'committee_type': 'S', 'committee_type_full': 'Senate', 'cycle': 2026, 'cycles': [2026], 'cycles_has_activity': [2026], 'cycles_has_financial': [2026], 'designated_agent_city': 'LITTLE ROCK', 'designated_agent_first_name': 'HALLIE', 'designated_agent_last_name': 'SHOFFNER', 'designated_agent_middle_name': None, 'designated_agent_name': 'SHOFFNER, HALLIE', 'designated_agent_phone_number': '8702173332', 'designated_agent_prefix': None, 'designated_agent_state': 'AR', 'designated_agent_street1': '600 E. CAPITOL', 'designated_agent_street2': None, 'designated_agent_suffix': None, 'designated_agent_title': 'CANDIDATE', 'designated_agent_zip': '72202', 'designation': 'P', 'designation_full': 'Principal campaign committee', 'filing_frequency': 'Q', 'first_f1_date': '2025-05-16', 'first_file_date': '2025-05-16', 'is_active': True, 'last_cycle_has_activity': 2026, 'last_cycle_has_financial': 2026, 'last_f1_date': '2025-09-10', 'last_file_date': '2026-04-15', 'name': 'HALLIE SHOFFNER FOR ARKANSAS', 'organization_type': None, 'organization_type_full': None, 'party': 'DEM', 'party_full': 'DEMOCRATIC PARTY', 'state': 'AR', 'state_full': 'Arkansas', 'street_1': '600 E. CAPITOL STREET', 'street_2': 'P.O. BOX 57', 'treasurer_name': 'BARON, SHELLY', 'zip': '72202'}",C00905471,,,,,,,,,50.0,2026-02-10,,250.0,LITTLE ROCK,DHS,CHRISTIN,,HARPER,,"HARPER, CHRISTIN",STATE EMPLOYEE,,AR,517 N PINE ST,,,722053937,,P2026,,IND,INDIVIDUAL,PRIMARY,2026,1956215,F3,202603259856855529,,True,11AI,Contributions From Individuals/Persons Other Than Political Committees,4032520261425275010,2026-05-02T03:05:57,,,,False,,,https://docquery.fec.gov/cgi-bin/fecimg/?202603259856855529,15,CONTRIBUTION,,P,,S,12P,2026,SA,ITEMIZED RECEIPTS,4032620261433438975,7140733,2026,,C00905471,HALLIE SHOFFNER FOR ARKANSAS,"SHOFFNER, HALLIE",S6AR00199,AR,DEM,DEM,selected,True,highest_total_receipts,,True,2026,2026-05-03T14:08:37.172744+00:00
N,NO CHANGE,,,,,,,,,,,,,,,"{'affiliated_committee_name': 'NONE', 'candidate_ids': ['S6AR00199'], 'city': 'LITTLE ROCK', 'committee_id': 'C00905471', 'committee_type': 'S', 'committee_type_full': 'Senate', 'cycle': 2026, 'cycles': [2026], 'cycles_has_activity': [2026], 'cycles_has_financial': [2026], 'designated_agent_city': 'LITTLE ROCK', 'designated_agent_first_name': 'HALLIE', 'designated_agent_last_name': 'SHOFFNER', 'designated_agent_middle_name': None, 'designated_agent_name': 'SHOFFNER, HALLIE', 'designated_agent_phone_number': '8702173332', 'designated_agent_prefix': None, 'designated_agent_state': 'AR', 'designated_agent_street1': '600 E. CAPITOL', 'designated_agent_street2': None, 'designated_agent_suffix': None, 'designated_agent_title': 'CANDIDATE', 'designated_agent_zip': '72202', 'designation': 'P', 'designation_full': 'Principal campaign committee', 'filing_frequency': 'Q', 'first_f1_date': '2025-05-16', 'first_file_date': '2025-05-16', 'is_active': True, 'last_cycle_has_activity': 2026, 'last_cycle_has_financial': 2026, 'last_f1_date': '2025-09-10', 'last_file_date': '2026-04-15', 'name': 'HALLIE SHOFFNER FOR ARKANSAS', 'organization_type': None, 'organization_type_full': None, 'party': 'DEM', 'party_full': 'DEMOCRATIC PARTY', 'state': 'AR', 'state_full': 'Arkansas', 'street_1': '600 E. CAPITOL STREET', 'street_2': 'P.O. BOX 57', 'treasurer_name': 'BARON, SHELLY', 'zip': '72202'}",C00905471,,,,,,,,,500.0,2026-02-10,,500.0,JONESBORO,TEXAS ACCESS TO JUSTICE,LISA,,MELTON,,"MELTON, LISA",LAWYER,,AR,605 W COLLEGE AVE,,,724014945,,P2026,,IND,INDIVIDUAL,PRIMARY,2026,1956215,F3,202603259856855523,,True,11AI,Contributions From Individuals/Persons Other Than Political Committees,4032520261425275010,2026-05-02T03:05:57,,,,False,,,https://docquery.fec.gov/cgi-bin/fecimg/?202603259856855523,15,CONTRIBUTION,,P,,S,12P,2026,SA,ITEMIZED RECEIPTS,4032620261433438956,7142613,2026,,C00905471,HALLIE SHOFFNER FOR ARKANSAS,"SHOFFNER, HALLIE",S6AR00199,AR,DEM,DEM,selected,True,highest_total_receipts,,True,2026,2026-05-03T14:08:37.172814+00:00
N,NO CHANGE,,,,,,,,,,,,,,,"{'affiliated_committee_name': 'NONE', 'candidate_ids': ['S6AR00199'], 'city': 'LITTLE ROCK', 'committee_id': 'C00905471', 'committee_type': 'S', 'committee_type_full': 'Senate', 'cycle': 2026, 'cycles': [2026], 'cycles_has_activity': [2026], 'cycles_has_financial': [2026], 'designated_agent_city': 'LITTLE ROCK', 'designated_agent_first_name': 'HALLIE', 'designated_agent_last_name': 'SHOFFNER', 'designated_agent_middle_name': None, 'designated_agent_name': 'SHOFFNER, HALLIE', 'designated_agent_phone_number': '8702173332', 'designated_agent_prefix': None, 'designated_agent_state': 'AR', 'designated_agent_street1': '600 E. CAPITOL', 'designated_agent_street2': None, 'designated_agent_suffix': None, 'designated_agent_title': 'CANDIDATE', 'designated_agent_zip': '72202', 'designation': 'P', 'designation_full': 'Principal campaign committee', 'filing_frequency': 'Q', 'first_f1_date': '2025-05-16', 'first_file_date': '2025-05-16', 'is_active': True, 'last_cycle_has_activity': 2026, 'last_cycle_has_financial': 2026, 'last_f1_date': '2025-09-10', 'last_file_date': '2026-04-15', 'name': 'HALLIE SHOFFNER FOR ARKANSAS', 'organization_type': None, 'organization_type_full': None, 'party': 'DEM', 'party_full': 'DEMOCRATIC PARTY', 'state': 'AR', 'state_full': 'Arkansas', 'street_1': '600 E. CAPITOL STREET', 'street_2': 'P.O. BOX 57', 'treasurer_name': 'BARON, SHELLY', 'zip': '72202'}",C00905471,,,,,,,,,207.75,2026-02-10,,668.57,JONESBORO,JONESBORO PUBLIC SCHOOLS,MATT,,REDMON,,"REDMON, MATT",TEACHER,,AR,4109 STEPHANIE LN,,,724051862,,P2026,,IND,INDIVIDUAL,PRIMARY,2026,1956215,F3,202603259856855506,,True,11AI,Contributions From Individuals/Persons Other Than Political Committees,4032520261425275010,2026-05-02T03:05:57,,,,False,,,https://docquery.fec.gov/cgi-bin/fecimg/?202603259856855506,15,CONTRIBUTION,,P,,S,12P,2026,SA,ITEMIZED RECEIPTS,4032620261433438907,7140752,2026,,C00905471,HALLIE SHOFFNER FOR ARKANSAS,"SHOFFNER, HALLIE",S6AR00199,AR,DEM,DEM,selected,True,highest_total_receipts,,True,2026,2026-05-03T14:08:37.172884+00:00
N,NO CHANGE,,,,,,,,,,,,,,,"{'affiliated_committee_name': 'NONE', 'candidate_ids': ['S6AR00199'], 'city': 'LITTLE ROCK', 'committee_id': 'C00905471', 'committee_type': 'S', 'committee_type_full': 'Senate', 'cycle': 2026, 'cycles': [2026], 'cycles_has_activity': [2026], 'cycles_has_financial': [2026], 'designated_agent_city': 'LITTLE ROCK', 'designated_agent_first_name': 'HALLIE', 'designated_agent_last_name': 'SHOFFNER', 'designated_agent_middle_name': None, 'designated_agent_name': 'SHOFFNER, HALLIE', 'designated_agent_phone_number': '8702173332', 'designated_agent_prefix': None, 'designated_agent_state': 'AR', 'designated_agent_street1': '600 E. CAPITOL', 'designated_agent_street2': None, 'designated_agent_suffix': None, 'designated_agent_title': 'CANDIDATE', 'designated_agent_zip': '72202', 'designation': 'P', 'designation_full': 'Principal campaign committee', 'filing_frequency': 'Q', 'first_f1_date': '2025-05-16', 'first_file_date': '2025-05-16', 'is_active': True, 'last_cycle_has_activity': 2026, 'last_cycle_has_financial': 2026, 'last_f1_date': '2025-09-10', 'last_file_date': '2026-04-15', 'name': 'HALLIE SHOFFNER FOR ARKANSAS', 'organization_type': None, 'organization_type_full': None, 'party': 'DEM', 'party_full': 'DEMOCRATIC PARTY', 'state': 'AR', 'state_full': 'Arkansas', 'street_1': '600 E. CAPITOL STREET', 'street_2': 'P.O. BOX 57', 'treasurer_name': 'BARON, SHELLY', 'zip': '72202'}",C00905471,,,,,,,,,250.0,2026-02-10,,250.0,JONESBORO,NONE,SUSAN,,HARRIS,,"HARRIS, SUSAN",RETIRED,,AR,2508 HIDDEN HILL CIR,,,724046985,,P2026,,IND,INDIVIDUAL,PRIMARY,2026,1956215,F3,202603259856855499,,True,11AI,Contributions From Individuals/Persons Other Than Political Committees,4032520261425275010,2026-05-02T03:05:57,,,,False,,,https://docquery.fec.gov/cgi-bin/fecimg/?202603259856855499,15,CONTRIBUTION,,P,,S,12P,2026,SA,ITEMIZED RECEIPTS,4032620261433438886,7142622,2026,,C00905471,HALLIE SHOFFNER FOR ARKANSAS,"SHOFFNER, HALLIE",S6AR00199,AR,DEM,DEM,selected,True,highest_total_receipts,,True,2026,2026-05-03T14:08:37.172957+00:00
N,NO CHANGE,,,,,,,,,,,,,,,"{'affiliated_committee_name': 'NONE', 'candidate_ids': ['S6AR00199'], 'city': 'LITTLE ROCK', 'committee_id': 'C00905471', 'committee_type': 'S', 'committee_type_full': 'Senate', 'cycle': 2026, 'cycles': [2026], 'cycles_has_activity': [2026], 'cycles_has_financial': [2026], 'designated_agent_city': 'LITTLE ROCK', 'designated_agent_first_name': 'HALLIE', 'designated_agent_last_name': 'SHOFFNER', 'designated_agent_middle_name': None, 'designated_agent_name': 'SHOFFNER, HALLIE', 'designated_agent_phone_number': '8702173332', 'designated_agent_prefix': None, 'designated_agent_state': 'AR', 'designated_agent_street1': '600 E. CAPITOL', 'designated_agent_street2': None, 'designated_agent_suffix': None, 'designated_agent_title': 'CANDIDATE', 'designated_agent_zip': '72202', 'designation': 'P', 'designation_full': 'Principal campaign committee', 'filing_frequency': 'Q', 'first_f1_date': '2025-05-16', 'first_file_date': '2025-05-16', 'is_active': True, 'last_cycle_has_activity': 2026, 'last_cycle_has_financial': 2026, 'last_f1_date': '2025-09-10', 'last_file_date': '2026-04-15', 'name': 'HALLIE SHOFFNER FOR ARKANSAS', 'organization_type': None, 'organization_type_full': None, 'party': 'DEM', 'party_full': 'DEMOCRATIC PARTY', 'state': 'AR', 'state_full': 'Arkansas', 'street_1': '600 E. CAPITOL STREET', 'street_2': 'P.O. BOX 57', 'treasurer_name': 'BARON, SHELLY', 'zip': '72202'}",C00905471,,,,,,,,,500.0,2026-02-10,,515.0,JONESBORO,NOT EMPLOYED,SHARON,,JIU,,"JIU, SHARON",NOT EMPLOYED,,AR,2804 LANDS END CV,,,724015952,,P2026,,IND,INDIVIDUAL,PRIMARY,2026,1956215,F3,202603259856855497,,True,11AI,Contributions From Individuals/Persons Other Than Political Committees,4032520261425275010,2026-05-02T03:05:57,,,,False,,,https://docquery.fec.gov/cgi-bin/fecimg/?202603259856855497,15,CONTRIBUTION,,P,,S,12P,2026,SA,ITEMIZED RECEIPTS,4032620261433438880,7142612,2026,,C00905471,HALLIE SHOFFNER FOR ARKANSAS,"SHOFFNER, HALLIE",S6AR00199,AR,DEM,DEM,selected,True,highest_total_receipts,,True,2026,2026-05-03T14:08:37.173028+00:00
N,NO CHANGE,SA11AI,6874531E,,,,,,,,,,,,,"{'affiliated_committee_name': 'NONE', 'candidate_ids': ['S6AR00199'], 'city': 'LITTLE ROCK', 'committee_id': 'C00905471', 'committee_type': 'S', 'committee_type_full': 'Senate', 'cycle': 2026, 'cycles': [2026], 'cycles_has_activity': [2026], 'cycles_has_financial': [2026], 'designated_agent_city': 'LITTLE ROCK', 'designated_agent_first_name': 'HALLIE', 'designated_agent_last_name': 'SHOFFNER', 'designated_agent_middle_name': None, 'designated_agent_name': 'SHOFFNER, HALLIE', 'designated_agent_phone_number': '8702173332', 'designated_agent_prefix': None, 'designated_agent_state': 'AR', 'designated_agent_street1': '600 E. CAPITOL', 'designated_agent_street2': None, 'designated_agent_suffix': None, 'designated_agent_title': 'CANDIDATE', 'designated_agent_zip': '72202', 'designation': 'P', 'designation_full': 'Principal campaign committee', 'filing_frequency': 'Q', 'first_f1_date': '2025-05-16', 'first_file_date': '2025-05-16', 'is_active': True, 'last_cycle_has_activity': 2026, 'last_cycle_has_financial': 2026, 'last_f1_date': '2025-09-10', 'last_file_date': '2026-04-15', 'name': 'HALLIE SHOFFNER FOR ARKANSAS', 'organization_type': None, 'organization_type_full': None, 'party': 'DEM', 'party_full': 'DEMOCRATIC PARTY', 'state': 'AR', 'state_full': 'Arkansas', 'street_1': '600 E. CAPITOL STREET', 'street_2': 'P.O. BOX 57', 'treasurer_name': 'BARON, SHELLY', 'zip': '72202'}",C00905471,,,,,,,,,100.0,2026-02-10,"{'affiliated_committee_name': 'BLUE TO THE FUTURE 2024', 'candidate_ids': [], 'city': 'SOMERVILLE', 'committee_id': 'C00401224', 'committee_type': 'V', 'committee_type_full': 'Hybrid PAC (with Non-Contribution Account) - Nonqualified', 'cycle': 2026, 'cycles': [2004, 2006, 2008, 2010, 2012, 2014, 2016, 2018, 2020, 2022, 2024, 2026], 'cycles_has_activity': [2004, 2006, 2008, 2010, 2012, 2014, 2016, 2018, 2020, 2022, 2024, 2026], 'cycles_has_financial': [2004, 2006, 2008, 2010, 2012, 2014, 2016, 2018, 2020, 2022, 2024, 2026], 'designated_agent_city': None, 'designated_agent_first_name': None, 'designated_agent_last_name': None, 'designated_agent_middle_name': None, 'designated_agent_name': None, 'designated_agent_phone_number': None, 'designated_agent_prefix': None, 'designated_agent_state': None, 'designated_agent_street1': None, 'designated_agent_street2': None, 'designated_agent_suffix': None, 'designated_agent_title': None, 'designated_agent_zip': None, 'designation': 'U', 'designation_full': 'Unauthorized', 'filing_frequency': 'M', 'first_f1_date': '2004-05-17', 'first_file_date': '2004-05-17', 'is_active': True, 'last_cycle_has_activity': 2026, 'last_cycle_has_financial': 2026, 'last_f1_date': '2024-07-29', 'last_file_date': '2026-04-22', 'name': 'ACTBLUE', 'organization_type': None, 'organization_type_full': None, 'party': None, 'party_full': None, 'state': 'MA', 'state_full': 'Massachusetts', 'street_1': 'PO BOX 441146', 'street_2': None, 'treasurer_name': 'GILMER, GEORGE', 'zip': '02144'}",325.0,SOLGOHACHIA,NOT EMPLOYED,CATHY,C00401224,BARNES,,"BARNES, CATHY",NOT EMPLOYED,,AR,260 RANGER RD,,,721569522,,P2026,,IND,INDIVIDUAL,PRIMARY,2026,1956215,F3,202603259856855474,,True,11AI,Contributions From Individuals/Persons Other Than Political Committees,4032520261425275010,2026-05-02T03:05:57,,,* EARMARKED CONTRIBUTION: SEE BELOW,False,,,https://docquery.fec.gov/cgi-bin/fecimg/?202603259856855474,15E,EARMARKED CONTRIBUTION,,P,,S,12P,2026,SA,ITEMIZED RECEIPTS,4032620261433438810,6874531,2026,C00401224,C00905471,HALLIE SHOFFNER FOR ARKANSAS,"SHOFFNER, HALLIE",S6AR00199,AR,DEM,DEM,selected,True,highest_total_receipts,,True,2026,2026-05-03T14:08:37.173101+00:00
N,NO CHANGE,,,,,,,,,,,,,,,"{'affiliated_committee_name': 'NONE', 'candidate_ids': ['S6AR00199'], 'city': 'LITTLE ROCK', 'committee_id': 'C00905471', 'committee_type': 'S', 'committee_type_full': 'Senate', 'cycle': 2026, 'cycles': [2026], 'cycles_has_activity': [2026], 'cycles_has_financial': [2026], 'designated_agent_city': 'LITTLE ROCK', 'designated_agent_first_name': 'HALLIE', 'designated_agent_last_name': 'SHOFFNER', 'designated_agent_middle_name': None, 'designated_agent_name': 'SHOFFNER, HALLIE', 'designated_agent_phone_number': '8702173332', 'designated_agent_prefix': None, 'designated_agent_state': 'AR', 'designated_agent_street1': '600 E. CAPITOL', 'designated_agent_street2': None, 'designated_agent_suffix': None, 'designated_agent_title': 'CANDIDATE', 'designated_agent_zip': '72202', 'designation': 'P', 'designation_full': 'Principal campaign committee', 'filing_frequency': 'Q', 'first_f1_date': '2025-05-16', 'first_file_date': '2025-05-16', 'is_active': True, 'last_cycle_has_activity': 2026, 'last_cycle_has_financial': 2026, 'last_f1_date': '2025-09-10', 'last_file_date': '2026-04-15', 'name': 'HALLIE SHOFFNER FOR ARKANSAS', 'organization_type': None, 'organization_type_full': None, 'party': 'DEM', 'party_full': 'DEMOCRATIC PARTY', 'state': 'AR', 'state_full': 'Arkansas', 'street_1': '600 E. CAPITOL STREET', 'street_2': 'P.O. BOX 57', 'treasurer_name': 'BARON, SHELLY', 'zip': '72202'}",C00905471,,,,,,,,,250.0,2026-02-10,,250.0,JONESBORO,ARVEST,JOE,,VERSER,,"VERSER, JOE",COMMERCIAL LOAN MANAGER,,AR,4006 FRIENDLY HOPE RD,,,724049225,,P2026,,IND,INDIVIDUAL,PRIMARY,2026,1956215,F3,202603259856855471,,True,11AI,Contributions From Individuals/Persons Other Than Political Committees,4032520261425275010,2026-05-02T03:05:57,,,,False,,,https://docquery.fec.gov/cgi-bin/fecimg/?202603259856855471,15,CONTRIBUTION,,P,,S,12P,2026,SA,ITEMIZED RECEIPTS,4032620261433438802,7142621,2026,,C00905471,HALLIE SHOFFNER FOR ARKANSAS,"SHOFFNER, HALLIE",S6AR00199,AR,DEM,DEM,selected,True,highest_total_receipts,,True,2026,2026-05-03T14:08:37.173172+00:00
N,NO CHANGE,,,,,,,,,,,,,,,"{'affiliated_committee_name': 'NONE', 'candidate_ids': ['S6AR00199'], 'city': 'LITTLE ROCK', 'committee_id': 'C00905471', 'committee_type': 'S', 'committee_type_full': 'Senate', 'cycle': 2026, 'cycles': [2026], 'cycles_has_activity': [2026], 'cycles_has_financial': [2026], 'designated_agent_city': 'LITTLE ROCK', 'designated_agent_first_name': 'HALLIE', 'designated_agent_last_name': 'SHOFFNER', 'designated_agent_middle_name': None, 'designated_agent_name': 'SHOFFNER, HALLIE', 'designated_agent_phone_number': '8702173332', 'designated_agent_prefix': None, 'designated_agent_state': 'AR', 'designated_agent_street1': '600 E. CAPITOL', 'designated_agent_street2': None, 'designated_agent_suffix': None, 'designated_agent_title': 'CANDIDATE', 'designated_agent_zip': '72202', 'designation': 'P', 'designation_full': 'Principal campaign committee', 'filing_frequency': 'Q', 'first_f1_date': '2025-05-16', 'first_file_date': '2025-05-16', 'is_active': True, 'last_cycle_has_activity': 2026, 'last_cycle_has_financial': 2026, 'last_f1_date': '2025-09-10', 'last_file_date': '2026-04-15', 'name': 'HALLIE SHOFFNER FOR ARKANSAS', 'organization_type': None, 'organization_type_full': None, 'party': 'DEM', 'party_full': 'DEMOCRATIC PARTY', 'state': 'AR', 'state_full': 'Arkansas', 'street_1': '600 E. CAPITOL STREET', 'street_2': 'P.O. BOX 57', 'treasurer_name': 'BARON, SHELLY', 'zip': '72202'}",C00905471,,,,,,,,,500.0,2026-02-10,,500.0,LITTLE ROCK,NONE,JEANNE,,COLE,,"COLE, JEANNE",NONE,,AR,7000 KINGWOOD RD,,,722071727,,P2026,,IND,INDIVIDUAL,PRIMARY,2026,1956215,F3,202603259856855468,,True,11AI,Contributions From Individuals/Persons Other Than Political Committees,4032520261425275010,2026-05-02T03:05:57,,,,False,,,https://docquery.fec.gov/cgi-bin/fecimg/?202603259856855468,15,CONTRIBUTION,,P,,S,12P,2026,SA,ITEMIZED RECEIPTS,4032620261433438793,7142611,2026,,C00905471,HALLIE SHOFFNER FOR ARKANSAS,"SHOFFNER, HALLIE",S6AR00199,AR,DEM,DEM,selected,True,highest_total_receipts,,True,2026,2026-05-03T14:08:37.173240+00:00
N,NO CHANGE,,,,,,,,,,,,,,,"{'affiliated_committee_name': 'NONE', 'candidate_ids': ['S6AR00199'], 'city': 'LITTLE ROCK', 'committee_id': 'C00905471', 'committee_type': 'S', 'committee_type_full': 'Senate', 'cycle': 2026, 'cycles': [2026], 'cycles_has_activity': [2026], 'cycles_has_financial': [2026], 'designated_agent_city': 'LITTLE ROCK', 'designated_agent_first_name': 'HALLIE', 'designated_agent_last_name': 'SHOFFNER', 'designated_agent_middle_name': None, 'designated_agent_name': 'SHOFFNER, HALLIE', 'designated_agent_phone_number': '8702173332', 'designated_agent_prefix': None, 'designated_agent_state': 'AR', 'designated_agent_street1': '600 E. CAPITOL', 'designated_agent_street2': None, 'designated_agent_suffix': None, 'designated_agent_title': 'CANDIDATE', 'designated_agent_zip': '72202', 'designation': 'P', 'designation_full': 'Principal campaign committee', 'filing_frequency': 'Q', 'first_f1_date': '2025-05-16', 'first_file_date': '2025-05-16', 'is_active': True, 'last_cycle_has_activity': 2026, 'last_cycle_has_financial': 2026, 'last_f1_date': '2025-09-10', 'last_file_date': '2026-04-15', 'name': 'HALLIE SHOFFNER FOR ARKANSAS', 'organization_type': None, 'organization_type_full': None, 'party': 'DEM', 'party_full': 'DEMOCRATIC PARTY', 'state': 'AR', 'state_full': 'Arkansas', 'street_1': '600 E. CAPITOL STREET', 'street_2': 'P.O. BOX 57', 'treasurer_name': 'BARON, SHELLY', 'zip': '72202'}",C00905471,,,,,,,,,259.63,2026-02-10,,259.63,JONESBORO,MID-SOUTH LIONS,BRAD,,BAKER,,"BAKER, BRAD",NON-PROFIT CEO,,AR,1120 MEDALLION CV,,,724040606,,P2026,,IND,INDIVIDUAL,PRIMARY,2026,1956215,F3,202603259856855456,,True,11AI,Contributions From Individuals/Persons Other Than Political Committees,4032520261425275010,2026-05-02T03:05:57,,,,False,,,https://docquery.fec.gov/cgi-bin/fecimg/?202603259856855456,15,CONTRIBUTION,,P,,S,12P,2026,SA,ITEMIZED RECEIPTS,4032620261433438755,7140750,2026,,C00905471,HALLIE SHOFFNER FOR ARKANSAS,"SHOFFNER, HALLIE",S6AR00199,AR,DEM,DEM,selected,True,highest_total_receipts,,True,2026,2026-05-03T14:08:37.173310+00:00
N,NO CHANGE,,,,,,,,,,,,,,,"{'affiliated_committee_name': 'NONE', 'candidate_ids': ['S6AR00199'], 'city': 'LITTLE ROCK', 'committee_id': 'C00905471', 'committee_type': 'S', 'committee_type_full': 'Senate', 'cycle': 2026, 'cycles': [2026], 'cycles_has_activity': [2026], 'cycles_has_financial': [2026], 'designated_agent_city': 'LITTLE ROCK', 'designated_agent_first_name': 'HALLIE', 'designated_agent_last_name': 'SHOFFNER', 'designated_agent_middle_name': None, 'designated_agent_name': 'SHOFFNER, HALLIE', 'designated_agent_phone_number': '8702173332', 'designated_agent_prefix': None, 'designated_agent_state': 'AR', 'designated_agent_street1': '600 E. CAPITOL', 'designated_agent_street2': None, 'designated_agent_suffix': None, 'designated_agent_title': 'CANDIDATE', 'designated_agent_zip': '72202', 'designation': 'P', 'designation_full': 'Principal campaign committee', 'filing_frequency': 'Q', 'first_f1_date': '2025-05-16', 'first_file_date': '2025-05-16', 'is_active': True, 'last_cycle_has_activity': 2026, 'last_cycle_has_financial': 2026, 'last_f1_date': '2025-09-10', 'last_file_date': '2026-04-15', 'name': 'HALLIE SHOFFNER FOR ARKANSAS', 'organization_type': None, 'organization_type_full': None, 'party': 'DEM', 'party_full': 'DEMOCRATIC PARTY', 'state': 'AR', 'state_full': 'Arkansas', 'street_1': '600 E. CAPITOL STREET', 'street_2': 'P.O. BOX 57', 'treasurer_name': 'BARON, SHELLY', 'zip': '72202'}",C00905471,,,,,,,,,500.0,2026-02-10,,700.0,JONESBORO,ARISA,ASAD,,KHAN,,"KHAN, ASAD",MD,,AR,2806 COVEY DR,,,724046909,,P2026,,IND,INDIVIDUAL,PRIMARY,2026,1956215,F3,202603259856855452,,True,11AI,Contributions From Individuals/Persons Other Than Political Committees,4032520261425275010,2026-05-02T03:05:57,,,,False,,,https://docquery.fec.gov/cgi-bin/fecimg/?202603259856855452,15,CONTRIBUTION,,P,,S,12P,2026,SA,ITEMIZED RECEIPTS,4032620261433438743,7140730,2026,,C00905471,HALLIE SHOFFNER FOR ARKANSAS,"SHOFFNER, HALLIE",S6AR00199,AR,DEM,DEM,selected,True,highest_total_receipts,,True,2026,2026-05-03T14:08:37.173379+00:00
C,CHANGE,,,,,,,,,,,,,,,"{'affiliated_committee_name': 'NONE', 'candidate_ids': ['S6AR00199'], 'city': 'LITTLE ROCK', 'committee_id': 'C00905471', 'committee_type': 'S', 'committee_type_full': 'Senate', 'cycle': 2026, 'cycles': [2026], 'cycles_has_activity': [2026], 'cycles_has_financial': [2026], 'designated_agent_city': 'LITTLE ROCK', 'designated_agent_first_name': 'HALLIE', 'designated_agent_last_name': 'SHOFFNER', 'designated_agent_middle_name': None, 'designated_agent_name': 'SHOFFNER, HALLIE', 'designated_agent_phone_number': '8702173332', 'designated_agent_prefix': None, 'designated_agent_state': 'AR', 'designated_agent_street1': '600 E. CAPITOL', 'designated_agent_street2': None, 'designated_agent_suffix': None, 'designated_agent_title': 'CANDIDATE', 'designated_agent_zip': '72202', 'designation': 'P', 'designation_full': 'Principal campaign committee', 'filing_frequency': 'Q', 'first_f1_date': '2025-05-16', 'first_file_date': '2025-05-16', 'is_active': True, 'last_cycle_has_activity': 2026, 'last_cycle_has_financial': 2026, 'last_f1_date': '2025-09-10', 'last_file_date': '2026-04-15', 'name': 'HALLIE SHOFFNER FOR ARKANSAS', 'organization_type': None, 'organization_type_full': None, 'party': 'DEM', 'party_full': 'DEMOCRATIC PARTY', 'state': 'AR', 'state_full': 'Arkansas', 'street_1': '600 E. CAPITOL STREET', 'street_2': 'P.O. BOX 57', 'treasurer_name': 'BARON, SHELLY', 'zip': '72202'}",C00905471,,,,,,,,,300.0,2026-02-10,,900.0,JONESBORO,SELF,HOPE,,GILCHRIST,,"GILCHRIST, HOPE",PSYCHOLOGIST,,AR,701 OAK HOLLOW LN,,,724016079,,P2026,,IND,INDIVIDUAL,PRIMARY,2026,1956215,F3,202603259856855448,,True,11AI,Contributions From Individuals/Persons Other Than Political Committees,4032520261425275010,2026-05-02T03:05:57,,,,False,,,https://docquery.fec.gov/cgi-bin/fecimg/?202603259856855448,15,CONTRIBUTION,,P,,S,12P,2026,SA,ITEMIZED RECEIPTS,4032620261433438732,7142620,2026,,C00905471,HALLIE SHOFFNER FOR ARKANSAS,"SHOFFNER, HALLIE",S6AR00199,AR,DEM,DEM,selected,True,highest_total_receipts,,True,2026,2026-05-03T14:08:37.173448+00:00
N,NO CHANGE,,,,,,,,,,,,,,,"{'affiliated_committee_name': 'NONE', 'candidate_ids': ['S6AR00199'], 'city': 'LITTLE ROCK', 'committee_id': 'C00905471', 'committee_type': 'S', 'committee_type_full': 'Senate', 'cycle': 2026, 'cycles': [2026], 'cycles_has_activity': [2026], 'cycles_has_financial': [2026], 'designated_agent_city': 'LITTLE ROCK', 'designated_agent_first_name': 'HALLIE', 'designated_agent_last_name': 'SHOFFNER', 'designated_agent_middle_name': None, 'designated_agent_name': 'SHOFFNER, HALLIE', 'designated_agent_phone_number': '8702173332', 'designated_agent_prefix': None, 'designated_agent_state': 'AR', 'designated_agent_street1': '600 E. CAPITOL', 'designated_agent_street2': None, 'designated_agent_suffix': None, 'designated_agent_title': 'CANDIDATE', 'designated_agent_zip': '72202', 'designation': 'P', 'designation_full': 'Principal campaign committee', 'filing_frequency': 'Q', 'first_f1_date': '2025-05-16', 'first_file_date': '2025-05-16', 'is_active': True, 'last_cycle_has_activity': 2026, 'last_cycle_has_financial': 2026, 'last_f1_date': '2025-09-10', 'last_file_date': '2026-04-15', 'name': 'HALLIE SHOFFNER FOR ARKANSAS', 'organization_type': None, 'organization_type_full': None, 'party': 'DEM', 'party_full': 'DEMOCRATIC PARTY', 'state': 'AR', 'state_full': 'Arkansas', 'street_1': '600 E. CAPITOL STREET', 'street_2': 'P.O. BOX 57', 'treasurer_name': 'BARON, SHELLY', 'zip': '72202'}",C00905471,,,,,,,,,1000.0,2026-02-10,,1000.0,JONESBORO,NONE,MARY JO,,GIBSON,,"GIBSON, MARY JO",RETIRED,,AR,1007 FAIRWAY DR,,,724014335,,P2026,,IND,INDIVIDUAL,PRIMARY,2026,1956215,F3,202603259856855445,,True,11AI,Contributions From Individuals/Persons Other Than Political Committees,4032520261425275010,2026-05-02T03:05:57,,,,False,,,https://docquery.fec.gov/cgi-bin/fecimg/?202603259856855445,15,CONTRIBUTION,,P,,S,12P,2026,SA,ITEMIZED RECEIPTS,4032620261433438722,7142610,2026,,C00905471,HALLIE SHOFFNER FOR ARKANSAS,"SHOFFNER, HALLIE",S6AR00199,AR,DEM,DEM,selected,True,highest_total_receipts,,True,2026,2026-05-03T14:08:37.173517+00:00
N,NO CHANGE,,,,,,,,,,,,,,,"{'affiliated_committee_name': 'NONE', 'candidate_ids': ['S6AR00199'], 'city': 'LITTLE ROCK', 'committee_id': 'C00905471', 'committee_type': 'S', 'committee_type_full': 'Senate', 'cycle': 2026, 'cycles': [2026], 'cycles_has_activity': [2026], 'cycles_has_financial': [2026], 'designated_agent_city': 'LITTLE ROCK', 'designated_agent_first_name': 'HALLIE', 'designated_agent_last_name': 'SHOFFNER', 'designated_agent_middle_name': None, 'designated_agent_name': 'SHOFFNER, HALLIE', 'designated_agent_phone_number': '8702173332', 'designated_agent_prefix': None, 'designated_agent_state': 'AR', 'designated_agent_street1': '600 E. CAPITOL', 'designated_agent_street2': None, 'designated_agent_suffix': None, 'designated_agent_title': 'CANDIDATE', 'designated_agent_zip': '72202', 'designation': 'P', 'designation_full': 'Principal campaign committee', 'filing_frequency': 'Q', 'first_f1_date': '2025-05-16', 'first_file_date': '2025-05-16', 'is_active': True, 'last_cycle_has_activity': 2026, 'last_cycle_has_financial': 2026, 'last_f1_date': '2025-09-10', 'last_file_date': '2026-04-15', 'name': 'HALLIE SHOFFNER FOR ARKANSAS', 'organization_type': None, 'organization_type_full': None, 'party': 'DEM', 'party_full': 'DEMOCRATIC PARTY', 'state': 'AR', 'state_full': 'Arkansas', 'street_1': '600 E. CAPITOL STREET', 'street_2': 'P.O. BOX 57', 'treasurer_name': 'BARON, SHELLY', 'zip': '72202'}",C00905471,,,,,,,,,12.7,2026-02-09,,242.73,RUSSELLVILLE,NO,MARY,,YAMASHITA,,"YAMASHITA, MARY",NO,,AR,510 RANDALL CIR,,,728028068,,P2026,,IND,INDIVIDUAL,PRIMARY,2026,1956215,F3,202603259856855697,,True,11AI,Contributions From Individuals/Persons Other Than Political Committees,4032520261425275010,2026-05-02T03:05:57,,,,False,,,https://docquery.fec.gov/cgi-bin/fecimg/?202603259856855697,15,CONTRIBUTION,,P,,S,12P,2026,SA,ITEMIZED RECEIPTS,4032620261433440480,7140758,2026,,C00905471,HALLIE SHOFFNER FOR ARKANSAS,"SHOFFNER, HALLIE",S6AR00199,AR,DEM,DEM,selected,True,highest_total_receipts,,True,2026,2026-05-03T14:08:37.173590+00:00
N,NO CHANGE,SA11AI,6845297E,,,,,,,,,,,,,"{'affiliated_committee_name': 'NONE', 'candidate_ids': ['S6AR00199'], 'city': 'LITTLE ROCK', 'committee_id': 'C00905471', 'committee_type': 'S', 'committee_type_full': 'Senate', 'cycle': 2026, 'cycles': [2026], 'cycles_has_activity': [2026], 'cycles_has_financial': [2026], 'designated_agent_city': 'LITTLE ROCK', 'designated_agent_first_name': 'HALLIE', 'designated_agent_last_name': 'SHOFFNER', 'designated_agent_middle_name': None, 'designated_agent_name': 'SHOFFNER, HALLIE', 'designated_agent_phone_number': '8702173332', 'designated_agent_prefix': None, 'designated_agent_state': 'AR', 'designated_agent_street1': '600 E. CAPITOL', 'designated_agent_street2': None, 'designated_agent_suffix': None, 'designated_agent_title': 'CANDIDATE', 'designated_agent_zip': '72202', 'designation': 'P', 'designation_full': 'Principal campaign committee', 'filing_frequency': 'Q', 'first_f1_date': '2025-05-16', 'first_file_date': '2025-05-16', 'is_active': True, 'last_cycle_has_activity': 2026, 'last_cycle_has_financial': 2026, 'last_f1_date': '2025-09-10', 'last_file_date': '2026-04-15', 'name': 'HALLIE SHOFFNER FOR ARKANSAS', 'organization_type': None, 'organization_type_full': None, 'party': 'DEM', 'party_full': 'DEMOCRATIC PARTY', 'state': 'AR', 'state_full': 'Arkansas', 'street_1': '600 E. CAPITOL STREET', 'street_2': 'P.O. BOX 57', 'treasurer_name': 'BARON, SHELLY', 'zip': '72202'}",C00905471,,,,,,,,,10.0,2026-02-09,"{'affiliated_committee_name': 'BLUE TO THE FUTURE 2024', 'candidate_ids': [], 'city': 'SOMERVILLE', 'committee_id': 'C00401224', 'committee_type': 'V', 'committee_type_full': 'Hybrid PAC (with Non-Contribution Account) - Nonqualified', 'cycle': 2026, 'cycles': [2004, 2006, 2008, 2010, 2012, 2014, 2016, 2018, 2020, 2022, 2024, 2026], 'cycles_has_activity': [2004, 2006, 2008, 2010, 2012, 2014, 2016, 2018, 2020, 2022, 2024, 2026], 'cycles_has_financial': [2004, 2006, 2008, 2010, 2012, 2014, 2016, 2018, 2020, 2022, 2024, 2026], 'designated_agent_city': None, 'designated_agent_first_name': None, 'designated_agent_last_name': None, 'designated_agent_middle_name': None, 'designated_agent_name': None, 'designated_agent_phone_number': None, 'designated_agent_prefix': None, 'designated_agent_state': None, 'designated_agent_street1': None, 'designated_agent_street2': None, 'designated_agent_suffix': None, 'designated_agent_title': None, 'designated_agent_zip': None, 'designation': 'U', 'designation_full': 'Unauthorized', 'filing_frequency': 'M', 'first_f1_date': '2004-05-17', 'first_file_date': '2004-05-17', 'is_active': True, 'last_cycle_has_activity': 2026, 'last_cycle_has_financial': 2026, 'last_f1_date': '2024-07-29', 'last_file_date': '2026-04-22', 'name': 'ACTBLUE', 'organization_type': None, 'organization_type_full': None, 'party': None, 'party_full': None, 'state': 'MA', 'state_full': 'Massachusetts', 'street_1': 'PO BOX 441146', 'street_2': None, 'treasurer_name': 'GILMER, GEORGE', 'zip': '02144'}",790.0,CONWAY,NOT EMPLOYED,TERESA,C00401224,HUFF,,"HUFF, TERESA",NOT EMPLOYED,,AR,325 HANNAH DR,,,720347266,,P2026,,IND,INDIVIDUAL,PRIMARY,2026,1956215,F3,202603259856855678,,True,11AI,Contributions From Individuals/Persons Other Than Political Committees,4032520261425275010,2026-05-02T03:05:57,,,* EARMARKED CONTRIBUTION: SEE BELOW,False,,,https://docquery.fec.gov/cgi-bin/fecimg/?202603259856855678,15E,EARMARKED CONTRIBUTION,,P,,S,12P,2026,SA,ITEMIZED RECEIPTS,4032620261433440422,6845297,2026,C00401224,C00905471,HALLIE SHOFFNER FOR ARKANSAS,"SHOFFNER, HALLIE",S6AR00199,AR,DEM,DEM,selected,True,highest_total_receipts,,True,2026,2026-05-03T14:08:37.173662+00:00
N,NO CHANGE,,,,,,,,,,,,,,,"{'affiliated_committee_name': 'NONE', 'candidate_ids': ['S6AR00199'], 'city': 'LITTLE ROCK', 'committee_id': 'C00905471', 'committee_type': 'S', 'committee_type_full': 'Senate', 'cycle': 2026, 'cycles': [2026], 'cycles_has_activity': [2026], 'cycles_has_financial': [2026], 'designated_agent_city': 'LITTLE ROCK', 'designated_agent_first_name': 'HALLIE', 'designated_agent_last_name': 'SHOFFNER', 'designated_agent_middle_name': None, 'designated_agent_name': 'SHOFFNER, HALLIE', 'designated_agent_phone_number': '8702173332', 'designated_agent_prefix': None, 'designated_agent_state': 'AR', 'designated_agent_street1': '600 E. CAPITOL', 'designated_agent_street2': None, 'designated_agent_suffix': None, 'designated_agent_title': 'CANDIDATE', 'designated_agent_zip': '72202', 'designation': 'P', 'designation_full': 'Principal campaign committee', 'filing_frequency': 'Q', 'first_f1_date': '2025-05-16', 'first_file_date': '2025-05-16', 'is_active': True, 'last_cycle_has_activity': 2026, 'last_cycle_has_financial': 2026, 'last_f1_date': '2025-09-10', 'last_file_date': '2026-04-15', 'name': 'HALLIE SHOFFNER FOR ARKANSAS', 'organization_type': None, 'organization_type_full': None, 'party': 'DEM', 'party_full': 'DEMOCRATIC PARTY', 'state': 'AR', 'state_full': 'Arkansas', 'street_1': '600 E. CAPITOL STREET', 'street_2': 'P.O. BOX 57', 'treasurer_name': 'BARON, SHELLY', 'zip': '72202'}",C00905471,,,,,,,,,133.27,2026-02-09,,233.27,FAYETTEVILLE,THE NEW SCHOOL,LINDLEY,,HODGES,,"HODGES, LINDLEY",TEACHER,,AR,1208 E HOPE ST,,,727012328,,P2026,,IND,INDIVIDUAL,PRIMARY,2026,1956215,F3,202603259856855630,,True,11AI,Contributions From Individuals/Persons Other Than Political Committees,4032520261425275010,2026-05-02T03:05:57,,,,False,,,https://docquery.fec.gov/cgi-bin/fecimg/?202603259856855630,15,CONTRIBUTION,,P,,S,12P,2026,SA,ITEMIZED RECEIPTS,4032620261433440277,7140946,2026,,C00905471,HALLIE SHOFFNER FOR ARKANSAS,"SHOFFNER, HALLIE",S6AR00199,AR,DEM,DEM,selected,True,highest_total_receipts,,True,2026,2026-05-03T14:08:37.173764+00:00
N,NO CHANGE,SA11AI,6845936E,,,,,,,,,,,,,"{'affiliated_committee_name': 'NONE', 'candidate_ids': ['S6AR00199'], 'city': 'LITTLE ROCK', 'committee_id': 'C00905471', 'committee_type': 'S', 'committee_type_full': 'Senate', 'cycle': 2026, 'cycles': [2026], 'cycles_has_activity': [2026], 'cycles_has_financial': [2026], 'designated_agent_city': 'LITTLE ROCK', 'designated_agent_first_name': 'HALLIE', 'designated_agent_last_name': 'SHOFFNER', 'designated_agent_middle_name': None, 'designated_agent_name': 'SHOFFNER, HALLIE', 'designated_agent_phone_number': '8702173332', 'designated_agent_prefix': None, 'designated_agent_state': 'AR', 'designated_agent_street1': '600 E. CAPITOL', 'designated_agent_street2': None, 'designated_agent_suffix': None, 'designated_agent_title': 'CANDIDATE', 'designated_agent_zip': '72202', 'designation': 'P', 'designation_full': 'Principal campaign committee', 'filing_frequency': 'Q', 'first_f1_date': '2025-05-16', 'first_file_date': '2025-05-16', 'is_active': True, 'last_cycle_has_activity': 2026, 'last_cycle_has_financial': 2026, 'last_f1_date': '2025-09-10', 'last_file_date': '2026-04-15', 'name': 'HALLIE SHOFFNER FOR ARKANSAS', 'organization_type': None, 'organization_type_full': None, 'party': 'DEM', 'party_full': 'DEMOCRATIC PARTY', 'state': 'AR', 'state_full': 'Arkansas', 'street_1': '600 E. CAPITOL STREET', 'street_2': 'P.O. BOX 57', 'treasurer_name': 'BARON, SHELLY', 'zip': '72202'}",C00905471,,,,,,,,,100.0,2026-02-09,"{'affiliated_committee_name': 'BLUE TO THE FUTURE 2024', 'candidate_ids': [], 'city': 'SOMERVILLE', 'committee_id': 'C00401224', 'committee_type': 'V', 'committee_type_full': 'Hybrid PAC (with Non-Contribution Account) - Nonqualified', 'cycle': 2026, 'cycles': [2004, 2006, 2008, 2010, 2012, 2014, 2016, 2018, 2020, 2022, 2024, 2026], 'cycles_has_activity': [2004, 2006, 2008, 2010, 2012, 2014, 2016, 2018, 2020, 2022, 2024, 2026], 'cycles_has_financial': [2004, 2006, 2008, 2010, 2012, 2014, 2016, 2018, 2020, 2022, 2024, 2026], 'designated_agent_city': None, 'designated_agent_first_name': None, 'designated_agent_last_name': None, 'designated_agent_middle_name': None, 'designated_agent_name': None, 'designated_agent_phone_number': None, 'designated_agent_prefix': None, 'designated_agent_state': None, 'designated_agent_street1': None, 'designated_agent_street2': None, 'designated_agent_suffix': None, 'designated_agent_title': None, 'designated_agent_zip': None, 'designation': 'U', 'designation_full': 'Unauthorized', 'filing_frequency': 'M', 'first_f1_date': '2004-05-17', 'first_file_date': '2004-05-17', 'is_active': True, 'last_cycle_has_activity': 2026, 'last_cycle_has_financial': 2026, 'last_f1_date': '2024-07-29', 'last_file_date': '2026-04-22', 'name': 'ACTBLUE', 'organization_type': None, 'organization_type_full': None, 'party': None, 'party_full': None, 'state': 'MA', 'state_full': 'Massachusetts', 'street_1': 'PO BOX 441146', 'street_2': None, 'treasurer_name': 'GILMER, GEORGE', 'zip': '02144'}",600.0,EL DORADO,SOUTH ARKANSAS REGIONAL HOSPITAL,ALISON,C00401224,BURROFF,,"BURROFF, ALISON",PHARMACIST,,AR,179 QUINN HILL DR,,,717308869,,P2026,,IND,INDIVIDUAL,PRIMARY,2026,1956215,F3,202603259856855623,,True,11AI,Contributions From Individuals/Persons Other Than Political Committees,4032520261425275010,2026-05-02T03:05:57,,,* EARMARKED CONTRIBUTION: SEE BELOW,False,,,https://docquery.fec.gov/cgi-bin/fecimg/?202603259856855623,15E,EARMARKED CONTRIBUTION,,P,,S,12P,2026,SA,ITEMIZED RECEIPTS,4032620261433440256,6845936,2026,C00401224,C00905471,HALLIE SHOFFNER FOR ARKANSAS,"SHOFFNER, HALLIE",S6AR00199,AR,DEM,DEM,selected,True,highest_total_receipts,,True,2026,2026-05-03T14:08:37.173836+00:00
N,NO CHANGE,,,,,,,,,,,,,,,"{'affiliated_committee_name': 'NONE', 'candidate_ids': ['S6AR00199'], 'city': 'LITTLE ROCK', 'committee_id': 'C00905471', 'committee_type': 'S', 'committee_type_full': 'Senate', 'cycle': 2026, 'cycles': [2026], 'cycles_has_activity': [2026], 'cycles_has_financial': [2026], 'designated_agent_city': 'LITTLE ROCK', 'designated_agent_first_name': 'HALLIE', 'designated_agent_last_name': 'SHOFFNER', 'designated_agent_middle_name': None, 'designated_agent_name': 'SHOFFNER, HALLIE', 'designated_agent_phone_number': '8702173332', 'designated_agent_prefix': None, 'designated_agent_state': 'AR', 'designated_agent_street1': '600 E. CAPITOL', 'designated_agent_street2': None, 'designated_agent_suffix': None, 'designated_agent_title': 'CANDIDATE', 'designated_agent_zip': '72202', 'designation': 'P', 'designation_full': 'Principal campaign committee', 'filing_frequency': 'Q', 'first_f1_date': '2025-05-16', 'first_file_date': '2025-05-16', 'is_active': True, 'last_cycle_has_activity': 2026, 'last_cycle_has_financial': 2026, 'last_f1_date': '2025-09-10', 'last_file_date': '2026-04-15', 'name': 'HALLIE SHOFFNER FOR ARKANSAS', 'organization_type': None, 'organization_type_full': None, 'party': 'DEM', 'party_full': 'DEMOCRATIC PARTY', 'state': 'AR', 'state_full': 'Arkansas', 'street_1': '600 E. CAPITOL STREET', 'street_2': 'P.O. BOX 57', 'treasurer_name': 'BARON, SHELLY', 'zip': '72202'}",C00905471,,,,,,,,,1000.0,2026-02-09,,1100.0,FISHER,LONE WOLF FARM,PENNY,,WOLF,,"WOLF, PENNY",FARMER,,AR,6164 LOGAN LN,,,724299766,,P2026,,IND,INDIVIDUAL,PRIMARY,2026,1956215,F3,202603259856855582,,True,11AI,Contributions From Individuals/Persons Other Than Political Committees,4032520261425275010,2026-05-02T03:05:57,,,,False,,,https://docquery.fec.gov/cgi-bin/fecimg/?202603259856855582,15,CONTRIBUTION,,P,,S,12P,2026,SA,ITEMIZED RECEIPTS,4032620261433440134,7142605,2026,,C00905471,HALLIE SHOFFNER FOR ARKANSAS,"SHOFFNER, HALLIE",S6AR00199,AR,DEM,DEM,selected,True,highest_total_receipts,,True,2026,2026-05-03T14:08:37.173908+00:00
N,NO CHANGE,SA11AI,6868394E,,,,,,,,,,,,,"{'affiliated_committee_name': 'NONE', 'candidate_ids': ['S6AR00199'], 'city': 'LITTLE ROCK', 'committee_id': 'C00905471', 'committee_type': 'S', 'committee_type_full': 'Senate', 'cycle': 2026, 'cycles': [2026], 'cycles_has_activity': [2026], 'cycles_has_financial': [2026], 'designated_agent_city': 'LITTLE ROCK', 'designated_agent_first_name': 'HALLIE', 'designated_agent_last_name': 'SHOFFNER', 'designated_agent_middle_name': None, 'designated_agent_name': 'SHOFFNER, HALLIE', 'designated_agent_phone_number': '8702173332', 'designated_agent_prefix': None, 'designated_agent_state': 'AR', 'designated_agent_street1': '600 E. CAPITOL', 'designated_agent_street2': None, 'designated_agent_suffix': None, 'designated_agent_title': 'CANDIDATE', 'designated_agent_zip': '72202', 'designation': 'P', 'designation_full': 'Principal campaign committee', 'filing_frequency': 'Q', 'first_f1_date': '2025-05-16', 'first_file_date': '2025-05-16', 'is_active': True, 'last_cycle_has_activity': 2026, 'last_cycle_has_financial': 2026, 'last_f1_date': '2025-09-10', 'last_file_date': '2026-04-15', 'name': 'HALLIE SHOFFNER FOR ARKANSAS', 'organization_type': None, 'organization_type_full': None, 'party': 'DEM', 'party_full': 'DEMOCRATIC PARTY', 'state': 'AR', 'state_full': 'Arkansas', 'street_1': '600 E. CAPITOL STREET', 'street_2': 'P.O. BOX 57', 'treasurer_name': 'BARON, SHELLY', 'zip': '72202'}",C00905471,,,,,,,,,250.0,2026-02-09,"{'affiliated_committee_name': 'BLUE TO THE FUTURE 2024', 'candidate_ids': [], 'city': 'SOMERVILLE', 'committee_id': 'C00401224', 'committee_type': 'V', 'committee_type_full': 'Hybrid PAC (with Non-Contribution Account) - Nonqualified', 'cycle': 2026, 'cycles': [2004, 2006, 2008, 2010, 2012, 2014, 2016, 2018, 2020, 2022, 2024, 2026], 'cycles_has_activity': [2004, 2006, 2008, 2010, 2012, 2014, 2016, 2018, 2020, 2022, 2024, 2026], 'cycles_has_financial': [2004, 2006, 2008, 2010, 2012, 2014, 2016, 2018, 2020, 2022, 2024, 2026], 'designated_agent_city': None, 'designated_agent_first_name': None, 'designated_agent_last_name': None, 'designated_agent_middle_name': None, 'designated_agent_name': None, 'designated_agent_phone_number': None, 'designated_agent_prefix': None, 'designated_agent_state': None, 'designated_agent_street1': None, 'designated_agent_street2': None, 'designated_agent_suffix': None, 'designated_agent_title': None, 'designated_agent_zip': None, 'designation': 'U', 'designation_full': 'Unauthorized', 'filing_frequency': 'M', 'first_f1_date': '2004-05-17', 'first_file_date': '2004-05-17', 'is_active': True, 'last_cycle_has_activity': 2026, 'last_cycle_has_financial': 2026, 'last_f1_date': '2024-07-29', 'last_file_date': '2026-04-22', 'name': 'ACTBLUE', 'organization_type': None, 'organization_type_full': None, 'party': None, 'party_full': None, 'state': 'MA', 'state_full': 'Massachusetts', 'street_1': 'PO BOX 441146', 'street_2': None, 'treasurer_name': 'GILMER, GEORGE', 'zip': '02144'}",450.0,SAN FRANCISCO,NOT EMPLOYED,ELIZABETH,C00401224,COLTON,,"COLTON, ELIZABETH",NOT EMPLOYED,,CA,1848 PINE ST,,,941094422,,P2026,,IND,INDIVIDUAL,PRIMARY,2026,1956215,F3,202603259856855578,,True,11AI,Contributions From Individuals/Persons Other Than Political Committees,4032520261425275010,2026-05-02T03:05:57,,,* EARMARKED CONTRIBUTION: SEE BELOW,False,,,https://docquery.fec.gov/cgi-bin/fecimg/?202603259856855578,15E,EARMARKED CONTRIBUTION,,P,,S,12P,2026,SA,ITEMIZED RECEIPTS,4032620261433440123,6868394,2026,C00401224,C00905471,HALLIE SHOFFNER FOR ARKANSAS,"SHOFFNER, HALLIE",S6AR00199,AR,DEM,DEM,selected,True,highest_total_receipts,,True,2026,2026-05-03T14:08:37.173980+00:00
N,NO CHANGE,,,,,,,,,,,,,,,"{'affiliated_committee_name': 'NONE', 'candidate_ids': ['S6AR00199'], 'city': 'LITTLE ROCK', 'committee_id': 'C00905471', 'committee_type': 'S', 'committee_type_full': 'Senate', 'cycle': 2026, 'cycles': [2026], 'cycles_has_activity': [2026], 'cycles_has_financial': [2026], 'designated_agent_city': 'LITTLE ROCK', 'designated_agent_first_name': 'HALLIE', 'designated_agent_last_name': 'SHOFFNER', 'designated_agent_middle_name': None, 'designated_agent_name': 'SHOFFNER, HALLIE', 'designated_agent_phone_number': '8702173332', 'designated_agent_prefix': None, 'designated_agent_state': 'AR', 'designated_agent_street1': '600 E. CAPITOL', 'designated_agent_street2': None, 'designated_agent_suffix': None, 'designated_agent_title': 'CANDIDATE', 'designated_agent_zip': '72202', 'designation': 'P', 'designation_full': 'Principal campaign committee', 'filing_frequency': 'Q', 'first_f1_date': '2025-05-16', 'first_file_date': '2025-05-16', 'is_active': True, 'last_cycle_has_activity': 2026, 'last_cycle_has_financial': 2026, 'last_f1_date': '2025-09-10', 'last_file_date': '2026-04-15', 'name': 'HALLIE SHOFFNER FOR ARKANSAS', 'organization_type': None, 'organization_type_full': None, 'party': 'DEM', 'party_full': 'DEMOCRATIC PARTY', 'state': 'AR', 'state_full': 'Arkansas', 'street_1': '600 E. CAPITOL STREET', 'street_2': 'P.O. BOX 57', 'treasurer_name': 'BARON, SHELLY', 'zip': '72202'}",C00905471,,,,,,,,,92.2,2026-02-09,,598.33,LITTLE ROCK,RETIRED,BEVERLY,,VILLINES,,"VILLINES, BEVERLY",RETIRED,,AR,38 SHERRILL RD,,,72202,,P2026,,IND,INDIVIDUAL,PRIMARY,2026,1956215,F3,202603259856855569,,True,11AI,Contributions From Individuals/Persons Other Than Political Committees,4032520261425275010,2026-05-02T03:05:57,,,,False,,,https://docquery.fec.gov/cgi-bin/fecimg/?202603259856855569,15,CONTRIBUTION,,P,,S,12P,2026,SA,ITEMIZED RECEIPTS,4032620261433440095,7140944,2026,,C00905471,HALLIE SHOFFNER FOR ARKANSAS,"SHOFFNER, HALLIE",S6AR00199,AR,DEM,DEM,selected,True,highest_total_receipts,,True,2026,2026-05-03T14:08:37.174053+00:00
N,NO CHANGE,SA11AI,6846563E,,,,,,,,,,,,,"{'affiliated_committee_name': 'NONE', 'candidate_ids': ['S6AR00199'], 'city': 'LITTLE ROCK', 'committee_id': 'C00905471', 'committee_type': 'S', 'committee_type_full': 'Senate', 'cycle': 2026, 'cycles': [2026], 'cycles_has_activity': [2026], 'cycles_has_financial': [2026], 'designated_agent_city': 'LITTLE ROCK', 'designated_agent_first_name': 'HALLIE', 'designated_agent_last_name': 'SHOFFNER', 'designated_agent_middle_name': None, 'designated_agent_name': 'SHOFFNER, HALLIE', 'designated_agent_phone_number': '8702173332', 'designated_agent_prefix': None, 'designated_agent_state': 'AR', 'designated_agent_street1': '600 E. CAPITOL', 'designated_agent_street2': None, 'designated_agent_suffix': None, 'designated_agent_title': 'CANDIDATE', 'designated_agent_zip': '72202', 'designation': 'P', 'designation_full': 'Principal campaign committee', 'filing_frequency': 'Q', 'first_f1_date': '2025-05-16', 'first_file_date': '2025-05-16', 'is_active': True, 'last_cycle_has_activity': 2026, 'last_cycle_has_financial': 2026, 'last_f1_date': '2025-09-10', 'last_file_date': '2026-04-15', 'name': 'HALLIE SHOFFNER FOR ARKANSAS', 'organization_type': None, 'organization_type_full': None, 'party': 'DEM', 'party_full': 'DEMOCRATIC PARTY', 'state': 'AR', 'state_full': 'Arkansas', 'street_1': '600 E. CAPITOL STREET', 'street_2': 'P.O. BOX 57', 'treasurer_name': 'BARON, SHELLY', 'zip': '72202'}",C00905471,,,,,,,,,50.0,2026-02-09,"{'affiliated_committee_name': 'BLUE TO THE FUTURE 2024', 'candidate_ids': [], 'city': 'SOMERVILLE', 'committee_id': 'C00401224', 'committee_type': 'V', 'committee_type_full': 'Hybrid PAC (with Non-Contribution Account) - Nonqualified', 'cycle': 2026, 'cycles': [2004, 2006, 2008, 2010, 2012, 2014, 2016, 2018, 2020, 2022, 2024, 2026], 'cycles_has_activity': [2004, 2006, 2008, 2010, 2012, 2014, 2016, 2018, 2020, 2022, 2024, 2026], 'cycles_has_financial': [2004, 2006, 2008, 2010, 2012, 2014, 2016, 2018, 2020, 2022, 2024, 2026], 'designated_agent_city': None, 'designated_agent_first_name': None, 'designated_agent_last_name': None, 'designated_agent_middle_name': None, 'designated_agent_name': None, 'designated_agent_phone_number': None, 'designated_agent_prefix': None, 'designated_agent_state': None, 'designated_agent_street1': None, 'designated_agent_street2': None, 'designated_agent_suffix': None, 'designated_agent_title': None, 'designated_agent_zip': None, 'designation': 'U', 'designation_full': 'Unauthorized', 'filing_frequency': 'M', 'first_f1_date': '2004-05-17', 'first_file_date': '2004-05-17', 'is_active': True, 'last_cycle_has_activity': 2026, 'last_cycle_has_financial': 2026, 'last_f1_date': '2024-07-29', 'last_file_date': '2026-04-22', 'name': 'ACTBLUE', 'organization_type': None, 'organization_type_full': None, 'party': None, 'party_full': None, 'state': 'MA', 'state_full': 'Massachusetts', 'street_1': 'PO BOX 441146', 'street_2': None, 'treasurer_name': 'GILMER, GEORGE', 'zip': '02144'}",300.0,SILOAM SPRINGS,FAYETTEVILLE PUBLIC SCHOOLS,MEGAN,C00401224,DENISON,,"DENISON, MEGAN",TEACHER,,AR,19081 FISHER FORD RD,,,727615319,,P2026,,IND,INDIVIDUAL,PRIMARY,2026,1956215,F3,202603259856855538,,True,11AI,Contributions From Individuals/Persons Other Than Political Committees,4032520261425275010,2026-05-02T03:05:57,,,* EARMARKED CONTRIBUTION: SEE BELOW,False,,,https://docquery.fec.gov/cgi-bin/fecimg/?202603259856855538,15E,EARMARKED CONTRIBUTION,,P,,S,12P,2026,SA,ITEMIZED RECEIPTS,4032620261433440003,6846563,2026,C00401224,C00905471,HALLIE SHOFFNER FOR ARKANSAS,"SHOFFNER, HALLIE",S6AR00199,AR,DEM,DEM,selected,True,highest_total_receipts,,True,2026,2026-05-03T14:08:37.174126+00:00
N,NO CHANGE,SA11AI,6869081E,,,,,,,,,,,,,"{'affiliated_committee_name': 'NONE', 'candidate_ids': ['S6AR00199'], 'city': 'LITTLE ROCK', 'committee_id': 'C00905471', 'committee_type': 'S', 'committee_type_full': 'Senate', 'cycle': 2026, 'cycles': [2026], 'cycles_has_activity': [2026], 'cycles_has_financial': [2026], 'designated_agent_city': 'LITTLE ROCK', 'designated_agent_first_name': 'HALLIE', 'designated_agent_last_name': 'SHOFFNER', 'designated_agent_middle_name': None, 'designated_agent_name': 'SHOFFNER, HALLIE', 'designated_agent_phone_number': '8702173332', 'designated_agent_prefix': None, 'designated_agent_state': 'AR', 'designated_agent_street1': '600 E. CAPITOL', 'designated_agent_street2': None, 'designated_agent_suffix': None, 'designated_agent_title': 'CANDIDATE', 'designated_agent_zip': '72202', 'designation': 'P', 'designation_full': 'Principal campaign committee', 'filing_frequency': 'Q', 'first_f1_date': '2025-05-16', 'first_file_date': '2025-05-16', 'is_active': True, 'last_cycle_has_activity': 2026, 'last_cycle_has_financial': 2026, 'last_f1_date': '2025-09-10', 'last_file_date': '2026-04-15', 'name': 'HALLIE SHOFFNER FOR ARKANSAS', 'organization_type': None, 'organization_type_full': None, 'party': 'DEM', 'party_full': 'DEMOCRATIC PARTY', 'state': 'AR', 'state_full': 'Arkansas', 'street_1': '600 E. CAPITOL STREET', 'street_2': 'P.O. BOX 57', 'treasurer_name': 'BARON, SHELLY', 'zip': '72202'}",C00905471,,,,,,,,,10.0,2026-02-09,"{'affiliated_committee_name': 'BLUE TO THE FUTURE 2024', 'candidate_ids': [], 'city': 'SOMERVILLE', 'committee_id': 'C00401224', 'committee_type': 'V', 'committee_type_full': 'Hybrid PAC (with Non-Contribution Account) - Nonqualified', 'cycle': 2026, 'cycles': [2004, 2006, 2008, 2010, 2012, 2014, 2016, 2018, 2020, 2022, 2024, 2026], 'cycles_has_activity': [2004, 2006, 2008, 2010, 2012, 2014, 2016, 2018, 2020, 2022, 2024, 2026], 'cycles_has_financial': [2004, 2006, 2008, 2010, 2012, 2014, 2016, 2018, 2020, 2022, 2024, 2026], 'designated_agent_city': None, 'designated_agent_first_name': None, 'designated_agent_last_name': None, 'designated_agent_middle_name': None, 'designated_agent_name': None, 'designated_agent_phone_number': None, 'designated_agent_prefix': None, 'designated_agent_state': None, 'designated_agent_street1': None, 'designated_agent_street2': None, 'designated_agent_suffix': None, 'designated_agent_title': None, 'designated_agent_zip': None, 'designation': 'U', 'designation_full': 'Unauthorized', 'filing_frequency': 'M', 'first_f1_date': '2004-05-17', 'first_file_date': '2004-05-17', 'is_active': True, 'last_cycle_has_activity': 2026, 'last_cycle_has_financial': 2026, 'last_f1_date': '2024-07-29', 'last_file_date': '2026-04-22', 'name': 'ACTBLUE', 'organization_type': None, 'organization_type_full': None, 'party': None, 'party_full': None, 'state': 'MA', 'state_full': 'Massachusetts', 'street_1': 'PO BOX 441146', 'street_2': None, 'treasurer_name': 'GILMER, GEORGE', 'zip': '02144'}",201.0,LODI,NOT EMPLOYED,MARY ELLEN,C00401224,RUESCH,,"RUESCH, MARY ELLEN",NOT EMPLOYED,,WI,215 STRANGEWAY AVE,,,535551309,,P2026,,IND,INDIVIDUAL,PRIMARY,2026,1956215,F3,202603259856855489,,True,11AI,Contributions From Individuals/Persons Other Than Political Committees,4032520261425275010,2026-05-02T03:05:57,,,* EARMARKED CONTRIBUTION: SEE BELOW,False,,,https://docquery.fec.gov/cgi-bin/fecimg/?202603259856855489,15E,EARMARKED CONTRIBUTION,,P,,S,12P,2026,SA,ITEMIZED RECEIPTS,4032620261433438855,6869081,2026,C00401224,C00905471,HALLIE SHOFFNER FOR ARKANSAS,"SHOFFNER, HALLIE",S6AR00199,AR,DEM,DEM,selected,True,highest_total_receipts,,True,2026,2026-05-03T14:08:37.174210+00:00
N,NO CHANGE,SA11AI,6856850E,,,,,,,,,,,,,"{'affiliated_committee_name': 'NONE', 'candidate_ids': ['S6AR00199'], 'city': 'LITTLE ROCK', 'committee_id': 'C00905471', 'committee_type': 'S', 'committee_type_full': 'Senate', 'cycle': 2026, 'cycles': [2026], 'cycles_has_activity': [2026], 'cycles_has_financial': [2026], 'designated_agent_city': 'LITTLE ROCK', 'designated_agent_first_name': 'HALLIE', 'designated_agent_last_name': 'SHOFFNER', 'designated_agent_middle_name': None, 'designated_agent_name': 'SHOFFNER, HALLIE', 'designated_agent_phone_number': '8702173332', 'designated_agent_prefix': None, 'designated_agent_state': 'AR', 'designated_agent_street1': '600 E. CAPITOL', 'designated_agent_street2': None, 'designated_agent_suffix': None, 'designated_agent_title': 'CANDIDATE', 'designated_agent_zip': '72202', 'designation': 'P', 'designation_full': 'Principal campaign committee', 'filing_frequency': 'Q', 'first_f1_date': '2025-05-16', 'first_file_date': '2025-05-16', 'is_active': True, 'last_cycle_has_activity': 2026, 'last_cycle_has_financial': 2026, 'last_f1_date': '2025-09-10', 'last_file_date': '2026-04-15', 'name': 'HALLIE SHOFFNER FOR ARKANSAS', 'organization_type': None, 'organization_type_full': None, 'party': 'DEM', 'party_full': 'DEMOCRATIC PARTY', 'state': 'AR', 'state_full': 'Arkansas', 'street_1': '600 E. CAPITOL STREET', 'street_2': 'P.O. BOX 57', 'treasurer_name': 'BARON, SHELLY', 'zip': '72202'}",C00905471,,,,,,,,,500.0,2026-02-09,"{'affiliated_committee_name': 'BLUE TO THE FUTURE 2024', 'candidate_ids': [], 'city': 'SOMERVILLE', 'committee_id': 'C00401224', 'committee_type': 'V', 'committee_type_full': 'Hybrid PAC (with Non-Contribution Account) - Nonqualified', 'cycle': 2026, 'cycles': [2004, 2006, 2008, 2010, 2012, 2014, 2016, 2018, 2020, 2022, 2024, 2026], 'cycles_has_activity': [2004, 2006, 2008, 2010, 2012, 2014, 2016, 2018, 2020, 2022, 2024, 2026], 'cycles_has_financial': [2004, 2006, 2008, 2010, 2012, 2014, 2016, 2018, 2020, 2022, 2024, 2026], 'designated_agent_city': None, 'designated_agent_first_name': None, 'designated_agent_last_name': None, 'designated_agent_middle_name': None, 'designated_agent_name': None, 'designated_agent_phone_number': None, 'designated_agent_prefix': None, 'designated_agent_state': None, 'designated_agent_street1': None, 'designated_agent_street2': None, 'designated_agent_suffix': None, 'designated_agent_title': None, 'designated_agent_zip': None, 'designation': 'U', 'designation_full': 'Unauthorized', 'filing_frequency': 'M', 'first_f1_date': '2004-05-17', 'first_file_date': '2004-05-17', 'is_active': True, 'last_cycle_has_activity': 2026, 'last_cycle_has_financial': 2026, 'last_f1_date': '2024-07-29', 'last_file_date': '2026-04-22', 'name': 'ACTBLUE', 'organization_type': None, 'organization_type_full': None, 'party': None, 'party_full': None, 'state': 'MA', 'state_full': 'Massachusetts', 'street_1': 'PO BOX 441146', 'street_2': None, 'treasurer_name': 'GILMER, GEORGE', 'zip': '02144'}",1500.0,NEW YORK,SELF,SAMUEL,C00401224,WEISMAN,,"WEISMAN, SAMUEL",PSYCHOLOGIST,,NY,225 CENTRAL PARK W,APT 605,,100246032,,P2026,,IND,INDIVIDUAL,PRIMARY,2026,1956215,F3,202603259856855456,,True,11AI,Contributions From Individuals/Persons Other Than Political Committees,4032520261425275010,2026-05-02T03:05:57,,,* EARMARKED CONTRIBUTION: SEE BELOW,False,,,https://docquery.fec.gov/cgi-bin/fecimg/?202603259856855456,15E,EARMARKED CONTRIBUTION,,P,,S,12P,2026,SA,ITEMIZED RECEIPTS,4032620261433438757,6856850,2026,C00401224,C00905471,HALLIE SHOFFNER FOR ARKANSAS,"SHOFFNER, HALLIE",S6AR00199,AR,DEM,DEM,selected,True,highest_total_receipts,,True,2026,2026-05-03T14:08:37.174285+00:00
N,NO CHANGE,,,,,,,,,,,,,,,"{'affiliated_committee_name': 'NONE', 'candidate_ids': ['S6AR00199'], 'city': 'LITTLE ROCK', 'committee_id': 'C00905471', 'committee_type': 'S', 'committee_type_full': 'Senate', 'cycle': 2026, 'cycles': [2026], 'cycles_has_activity': [2026], 'cycles_has_financial': [2026], 'designated_agent_city': 'LITTLE ROCK', 'designated_agent_first_name': 'HALLIE', 'designated_agent_last_name': 'SHOFFNER', 'designated_agent_middle_name': None, 'designated_agent_name': 'SHOFFNER, HALLIE', 'designated_agent_phone_number': '8702173332', 'designated_agent_prefix': None, 'designated_agent_state': 'AR', 'designated_agent_street1': '600 E. CAPITOL', 'designated_agent_street2': None, 'designated_agent_suffix': None, 'designated_agent_title': 'CANDIDATE', 'designated_agent_zip': '72202', 'designation': 'P', 'designation_full': 'Principal campaign committee', 'filing_frequency': 'Q', 'first_f1_date': '2025-05-16', 'first_file_date': '2025-05-16', 'is_active': True, 'last_cycle_has_activity': 2026, 'last_cycle_has_financial': 2026, 'last_f1_date': '2025-09-10', 'last_file_date': '2026-04-15', 'name': 'HALLIE SHOFFNER FOR ARKANSAS', 'organization_type': None, 'organization_type_full': None, 'party': 'DEM', 'party_full': 'DEMOCRATIC PARTY', 'state': 'AR', 'state_full': 'Arkansas', 'street_1': '600 E. CAPITOL STREET', 'street_2': 'P.O. BOX 57', 'treasurer_name': 'BARON, SHELLY', 'zip': '72202'}",C00905471,,,,,,,,,26.19,2026-02-08,,317.59,ROGERS,FULCRUM COLLECTIVE,FAYE,,RIDPATH,,"RIDPATH, FAYE",ACCOUNTANT,,AR,2724 W WHITE OAK DR,,,727584864,,P2026,,IND,INDIVIDUAL,PRIMARY,2026,1956215,F3,202603259856855699,,True,11AI,Contributions From Individuals/Persons Other Than Political Committees,4032520261425275010,2026-05-02T03:05:57,,,,False,,,https://docquery.fec.gov/cgi-bin/fecimg/?202603259856855699,15,CONTRIBUTION,,P,,S,12P,2026,SA,ITEMIZED RECEIPTS,4032620261433440486,7140768,2026,,C00905471,HALLIE SHOFFNER FOR ARKANSAS,"SHOFFNER, HALLIE",S6AR00199,AR,DEM,DEM,selected,True,highest_total_receipts,,True,2026,2026-05-03T14:08:37.174357+00:00
N,NO CHANGE,,,,,,,,,,,,,,,"{'affiliated_committee_name': 'NONE', 'candidate_ids': ['S6AR00199'], 'city': 'LITTLE ROCK', 'committee_id': 'C00905471', 'committee_type': 'S', 'committee_type_full': 'Senate', 'cycle': 2026, 'cycles': [2026], 'cycles_has_activity': [2026], 'cycles_has_financial': [2026], 'designated_agent_city': 'LITTLE ROCK', 'designated_agent_first_name': 'HALLIE', 'designated_agent_last_name': 'SHOFFNER', 'designated_agent_middle_name': None, 'designated_agent_name': 'SHOFFNER, HALLIE', 'designated_agent_phone_number': '8702173332', 'designated_agent_prefix': None, 'designated_agent_state': 'AR', 'designated_agent_street1': '600 E. CAPITOL', 'designated_agent_street2': None, 'designated_agent_suffix': None, 'designated_agent_title': 'CANDIDATE', 'designated_agent_zip': '72202', 'designation': 'P', 'designation_full': 'Principal campaign committee', 'filing_frequency': 'Q', 'first_f1_date': '2025-05-16', 'first_file_date': '2025-05-16', 'is_active': True, 'last_cycle_has_activity': 2026, 'last_cycle_has_financial': 2026, 'last_f1_date': '2025-09-10', 'last_file_date': '2026-04-15', 'name': 'HALLIE SHOFFNER FOR ARKANSAS', 'organization_type': None, 'organization_type_full': None, 'party': 'DEM', 'party_full': 'DEMOCRATIC PARTY', 'state': 'AR', 'state_full': 'Arkansas', 'street_1': '600 E. CAPITOL STREET', 'street_2': 'P.O. BOX 57', 'treasurer_name': 'BARON, SHELLY', 'zip': '72202'}",C00905471,,,,,,,,,519.0,2026-02-08,,769.0,LITTLE ROCK,RETIRED,LOWELL,,JUMPER,,"JUMPER, LOWELL",RETIRED,,AR,66 RIVER RIDGE RD,,,722271526,,P2026,,IND,INDIVIDUAL,PRIMARY,2026,1956215,F3,202603259856855669,,True,11AI,Contributions From Individuals/Persons Other Than Political Committees,4032520261425275010,2026-05-02T03:05:57,,,,False,,,https://docquery.fec.gov/cgi-bin/fecimg/?202603259856855669,15,CONTRIBUTION,,P,,S,12P,2026,SA,ITEMIZED RECEIPTS,4032620261433440396,7140767,2026,,C00905471,HALLIE SHOFFNER FOR ARKANSAS,"SHOFFNER, HALLIE",S6AR00199,AR,DEM,DEM,selected,True,highest_total_receipts,,True,2026,2026-05-03T14:08:37.174428+00:00
N,NO CHANGE,SA11AI,6838365E,,,,,,,,,,,,,"{'affiliated_committee_name': 'NONE', 'candidate_ids': ['S6AR00199'], 'city': 'LITTLE ROCK', 'committee_id': 'C00905471', 'committee_type': 'S', 'committee_type_full': 'Senate', 'cycle': 2026, 'cycles': [2026], 'cycles_has_activity': [2026], 'cycles_has_financial': [2026], 'designated_agent_city': 'LITTLE ROCK', 'designated_agent_first_name': 'HALLIE', 'designated_agent_last_name': 'SHOFFNER', 'designated_agent_middle_name': None, 'designated_agent_name': 'SHOFFNER, HALLIE', 'designated_agent_phone_number': '8702173332', 'designated_agent_prefix': None, 'designated_agent_state': 'AR', 'designated_agent_street1': '600 E. CAPITOL', 'designated_agent_street2': None, 'designated_agent_suffix': None, 'designated_agent_title': 'CANDIDATE', 'designated_agent_zip': '72202', 'designation': 'P', 'designation_full': 'Principal campaign committee', 'filing_frequency': 'Q', 'first_f1_date': '2025-05-16', 'first_file_date': '2025-05-16', 'is_active': True, 'last_cycle_has_activity': 2026, 'last_cycle_has_financial': 2026, 'last_f1_date': '2025-09-10', 'last_file_date': '2026-04-15', 'name': 'HALLIE SHOFFNER FOR ARKANSAS', 'organization_type': None, 'organization_type_full': None, 'party': 'DEM', 'party_full': 'DEMOCRATIC PARTY', 'state': 'AR', 'state_full': 'Arkansas', 'street_1': '600 E. CAPITOL STREET', 'street_2': 'P.O. BOX 57', 'treasurer_name': 'BARON, SHELLY', 'zip': '72202'}",C00905471,,,,,,,,,100.0,2026-02-08,"{'affiliated_committee_name': 'BLUE TO THE FUTURE 2024', 'candidate_ids': [], 'city': 'SOMERVILLE', 'committee_id': 'C00401224', 'committee_type': 'V', 'committee_type_full': 'Hybrid PAC (with Non-Contribution Account) - Nonqualified', 'cycle': 2026, 'cycles': [2004, 2006, 2008, 2010, 2012, 2014, 2016, 2018, 2020, 2022, 2024, 2026], 'cycles_has_activity': [2004, 2006, 2008, 2010, 2012, 2014, 2016, 2018, 2020, 2022, 2024, 2026], 'cycles_has_financial': [2004, 2006, 2008, 2010, 2012, 2014, 2016, 2018, 2020, 2022, 2024, 2026], 'designated_agent_city': None, 'designated_agent_first_name': None, 'designated_agent_last_name': None, 'designated_agent_middle_name': None, 'designated_agent_name': None, 'designated_agent_phone_number': None, 'designated_agent_prefix': None, 'designated_agent_state': None, 'designated_agent_street1': None, 'designated_agent_street2': None, 'designated_agent_suffix': None, 'designated_agent_title': None, 'designated_agent_zip': None, 'designation': 'U', 'designation_full': 'Unauthorized', 'filing_frequency': 'M', 'first_f1_date': '2004-05-17', 'first_file_date': '2004-05-17', 'is_active': True, 'last_cycle_has_activity': 2026, 'last_cycle_has_financial': 2026, 'last_f1_date': '2024-07-29', 'last_file_date': '2026-04-22', 'name': 'ACTBLUE', 'organization_type': None, 'organization_type_full': None, 'party': None, 'party_full': None, 'state': 'MA', 'state_full': 'Massachusetts', 'street_1': 'PO BOX 441146', 'street_2': None, 'treasurer_name': 'GILMER, GEORGE', 'zip': '02144'}",700.0,BENTONVILLE,NOT EMPLOYED,TOM,C00401224,HARDING,,"HARDING, TOM",NOT EMPLOYED,,AR,705 DEWOODY DR,,,727124010,,P2026,,IND,INDIVIDUAL,PRIMARY,2026,1956215,F3,202603259856855605,,True,11AI,Contributions From Individuals/Persons Other Than Political Committees,4032520261425275010,2026-05-02T03:05:57,,,* EARMARKED CONTRIBUTION: SEE BELOW,False,,,https://docquery.fec.gov/cgi-bin/fecimg/?202603259856855605,15E,EARMARKED CONTRIBUTION,,P,,S,12P,2026,SA,ITEMIZED RECEIPTS,4032620261433440202,6838365,2026,C00401224,C00905471,HALLIE SHOFFNER FOR ARKANSAS,"SHOFFNER, HALLIE",S6AR00199,AR,DEM,DEM,selected,True,highest_total_receipts,,True,2026,2026-05-03T14:08:37.174504+00:00
N,NO CHANGE,SA11AI,6838574E,,,,,,,,,,,,,"{'affiliated_committee_name': 'NONE', 'candidate_ids': ['S6AR00199'], 'city': 'LITTLE ROCK', 'committee_id': 'C00905471', 'committee_type': 'S', 'committee_type_full': 'Senate', 'cycle': 2026, 'cycles': [2026], 'cycles_has_activity': [2026], 'cycles_has_financial': [2026], 'designated_agent_city': 'LITTLE ROCK', 'designated_agent_first_name': 'HALLIE', 'designated_agent_last_name': 'SHOFFNER', 'designated_agent_middle_name': None, 'designated_agent_name': 'SHOFFNER, HALLIE', 'designated_agent_phone_number': '8702173332', 'designated_agent_prefix': None, 'designated_agent_state': 'AR', 'designated_agent_street1': '600 E. CAPITOL', 'designated_agent_street2': None, 'designated_agent_suffix': None, 'designated_agent_title': 'CANDIDATE', 'designated_agent_zip': '72202', 'designation': 'P', 'designation_full': 'Principal campaign committee', 'filing_frequency': 'Q', 'first_f1_date': '2025-05-16', 'first_file_date': '2025-05-16', 'is_active': True, 'last_cycle_has_activity': 2026, 'last_cycle_has_financial': 2026, 'last_f1_date': '2025-09-10', 'last_file_date': '2026-04-15', 'name': 'HALLIE SHOFFNER FOR ARKANSAS', 'organization_type': None, 'organization_type_full': None, 'party': 'DEM', 'party_full': 'DEMOCRATIC PARTY', 'state': 'AR', 'state_full': 'Arkansas', 'street_1': '600 E. CAPITOL STREET', 'street_2': 'P.O. BOX 57', 'treasurer_name': 'BARON, SHELLY', 'zip': '72202'}",C00905471,,,,,,,,,25.0,2026-02-08,"{'affiliated_committee_name': 'BLUE TO THE FUTURE 2024', 'candidate_ids': [], 'city': 'SOMERVILLE', 'committee_id': 'C00401224', 'committee_type': 'V', 'committee_type_full': 'Hybrid PAC (with Non-Contribution Account) - Nonqualified', 'cycle': 2026, 'cycles': [2004, 2006, 2008, 2010, 2012, 2014, 2016, 2018, 2020, 2022, 2024, 2026], 'cycles_has_activity': [2004, 2006, 2008, 2010, 2012, 2014, 2016, 2018, 2020, 2022, 2024, 2026], 'cycles_has_financial': [2004, 2006, 2008, 2010, 2012, 2014, 2016, 2018, 2020, 2022, 2024, 2026], 'designated_agent_city': None, 'designated_agent_first_name': None, 'designated_agent_last_name': None, 'designated_agent_middle_name': None, 'designated_agent_name': None, 'designated_agent_phone_number': None, 'designated_agent_prefix': None, 'designated_agent_state': None, 'designated_agent_street1': None, 'designated_agent_street2': None, 'designated_agent_suffix': None, 'designated_agent_title': None, 'designated_agent_zip': None, 'designation': 'U', 'designation_full': 'Unauthorized', 'filing_frequency': 'M', 'first_f1_date': '2004-05-17', 'first_file_date': '2004-05-17', 'is_active': True, 'last_cycle_has_activity': 2026, 'last_cycle_has_financial': 2026, 'last_f1_date': '2024-07-29', 'last_file_date': '2026-04-22', 'name': 'ACTBLUE', 'organization_type': None, 'organization_type_full': None, 'party': None, 'party_full': None, 'state': 'MA', 'state_full': 'Massachusetts', 'street_1': 'PO BOX 441146', 'street_2': None, 'treasurer_name': 'GILMER, GEORGE', 'zip': '02144'}",225.0,ROGERS,RETIRED,ANGELA,C00401224,DURBON,,"DURBON, ANGELA",AUDIOLOGIST,,AR,8638 S PARK RD,,,727567470,,P2026,,IND,INDIVIDUAL,PRIMARY,2026,1956215,F3,202603259856855576,,True,11AI,Contributions From Individuals/Persons Other Than Political Committees,4032520261425275010,2026-05-02T03:05:57,,,* EARMARKED CONTRIBUTION: SEE BELOW,False,,,https://docquery.fec.gov/cgi-bin/fecimg/?202603259856855576,15E,EARMARKED CONTRIBUTION,,P,,S,12P,2026,SA,ITEMIZED RECEIPTS,4032620261433440116,6838574,2026,C00401224,C00905471,HALLIE SHOFFNER FOR ARKANSAS,"SHOFFNER, HALLIE",S6AR00199,AR,DEM,DEM,selected,True,highest_total_receipts,,True,2026,2026-05-03T14:08:37.174584+00:00
N,NO CHANGE,SA11AI,6837704E,,,,,,,,,,,,,"{'affiliated_committee_name': 'NONE', 'candidate_ids': ['S6AR00199'], 'city': 'LITTLE ROCK', 'committee_id': 'C00905471', 'committee_type': 'S', 'committee_type_full': 'Senate', 'cycle': 2026, 'cycles': [2026], 'cycles_has_activity': [2026], 'cycles_has_financial': [2026], 'designated_agent_city': 'LITTLE ROCK', 'designated_agent_first_name': 'HALLIE', 'designated_agent_last_name': 'SHOFFNER', 'designated_agent_middle_name': None, 'designated_agent_name': 'SHOFFNER, HALLIE', 'designated_agent_phone_number': '8702173332', 'designated_agent_prefix': None, 'designated_agent_state': 'AR', 'designated_agent_street1': '600 E. CAPITOL', 'designated_agent_street2': None, 'designated_agent_suffix': None, 'designated_agent_title': 'CANDIDATE', 'designated_agent_zip': '72202', 'designation': 'P', 'designation_full': 'Principal campaign committee', 'filing_frequency': 'Q', 'first_f1_date': '2025-05-16', 'first_file_date': '2025-05-16', 'is_active': True, 'last_cycle_has_activity': 2026, 'last_cycle_has_financial': 2026, 'last_f1_date': '2025-09-10', 'last_file_date': '2026-04-15', 'name': 'HALLIE SHOFFNER FOR ARKANSAS', 'organization_type': None, 'organization_type_full': None, 'party': 'DEM', 'party_full': 'DEMOCRATIC PARTY', 'state': 'AR', 'state_full': 'Arkansas', 'street_1': '600 E. CAPITOL STREET', 'street_2': 'P.O. BOX 57', 'treasurer_name': 'BARON, SHELLY', 'zip': '72202'}",C00905471,,,,,,,,,15.0,2026-02-08,"{'affiliated_committee_name': 'BLUE TO THE FUTURE 2024', 'candidate_ids': [], 'city': 'SOMERVILLE', 'committee_id': 'C00401224', 'committee_type': 'V', 'committee_type_full': 'Hybrid PAC (with Non-Contribution Account) - Nonqualified', 'cycle': 2026, 'cycles': [2004, 2006, 2008, 2010, 2012, 2014, 2016, 2018, 2020, 2022, 2024, 2026], 'cycles_has_activity': [2004, 2006, 2008, 2010, 2012, 2014, 2016, 2018, 2020, 2022, 2024, 2026], 'cycles_has_financial': [2004, 2006, 2008, 2010, 2012, 2014, 2016, 2018, 2020, 2022, 2024, 2026], 'designated_agent_city': None, 'designated_agent_first_name': None, 'designated_agent_last_name': None, 'designated_agent_middle_name': None, 'designated_agent_name': None, 'designated_agent_phone_number': None, 'designated_agent_prefix': None, 'designated_agent_state': None, 'designated_agent_street1': None, 'designated_agent_street2': None, 'designated_agent_suffix': None, 'designated_agent_title': None, 'designated_agent_zip': None, 'designation': 'U', 'designation_full': 'Unauthorized', 'filing_frequency': 'M', 'first_f1_date': '2004-05-17', 'first_file_date': '2004-05-17', 'is_active': True, 'last_cycle_has_activity': 2026, 'last_cycle_has_financial': 2026, 'last_f1_date': '2024-07-29', 'last_file_date': '2026-04-22', 'name': 'ACTBLUE', 'organization_type': None, 'organization_type_full': None, 'party': None, 'party_full': None, 'state': 'MA', 'state_full': 'Massachusetts', 'street_1': 'PO BOX 441146', 'street_2': None, 'treasurer_name': 'GILMER, GEORGE', 'zip': '02144'}",280.0,ROLAND,NOT EMPLOYED,MERRY HELEN,C00401224,HEDGES,,"HEDGES, MERRY HELEN",NOT EMPLOYED,,AR,8201 HOOD RD,,,721359312,,P2026,,IND,INDIVIDUAL,PRIMARY,2026,1956215,F3,202603259856855552,,True,11AI,Contributions From Individuals/Persons Other Than Political Committees,4032520261425275010,2026-05-02T03:05:57,,,* EARMARKED CONTRIBUTION: SEE BELOW,False,,,https://docquery.fec.gov/cgi-bin/fecimg/?202603259856855552,15E,EARMARKED CONTRIBUTION,,P,,S,12P,2026,SA,ITEMIZED RECEIPTS,4032620261433440045,6837704,2026,C00401224,C00905471,HALLIE SHOFFNER FOR ARKANSAS,"SHOFFNER, HALLIE",S6AR00199,AR,DEM,DEM,selected,True,highest_total_receipts,,True,2026,2026-05-03T14:08:37.174656+00:00
C,CHANGE,SA11AI,6837963E,,,,,,,,,,,,,"{'affiliated_committee_name': 'NONE', 'candidate_ids': ['S6AR00199'], 'city': 'LITTLE ROCK', 'committee_id': 'C00905471', 'committee_type': 'S', 'committee_type_full': 'Senate', 'cycle': 2026, 'cycles': [2026], 'cycles_has_activity': [2026], 'cycles_has_financial': [2026], 'designated_agent_city': 'LITTLE ROCK', 'designated_agent_first_name': 'HALLIE', 'designated_agent_last_name': 'SHOFFNER', 'designated_agent_middle_name': None, 'designated_agent_name': 'SHOFFNER, HALLIE', 'designated_agent_phone_number': '8702173332', 'designated_agent_prefix': None, 'designated_agent_state': 'AR', 'designated_agent_street1': '600 E. CAPITOL', 'designated_agent_street2': None, 'designated_agent_suffix': None, 'designated_agent_title': 'CANDIDATE', 'designated_agent_zip': '72202', 'designation': 'P', 'designation_full': 'Principal campaign committee', 'filing_frequency': 'Q', 'first_f1_date': '2025-05-16', 'first_file_date': '2025-05-16', 'is_active': True, 'last_cycle_has_activity': 2026, 'last_cycle_has_financial': 2026, 'last_f1_date': '2025-09-10', 'last_file_date': '2026-04-15', 'name': 'HALLIE SHOFFNER FOR ARKANSAS', 'organization_type': None, 'organization_type_full': None, 'party': 'DEM', 'party_full': 'DEMOCRATIC PARTY', 'state': 'AR', 'state_full': 'Arkansas', 'street_1': '600 E. CAPITOL STREET', 'street_2': 'P.O. BOX 57', 'treasurer_name': 'BARON, SHELLY', 'zip': '72202'}",C00905471,,,,,,,,,50.0,2026-02-08,"{'affiliated_committee_name': 'BLUE TO THE FUTURE 2024', 'candidate_ids': [], 'city': 'SOMERVILLE', 'committee_id': 'C00401224', 'committee_type': 'V', 'committee_type_full': 'Hybrid PAC (with Non-Contribution Account) - Nonqualified', 'cycle': 2026, 'cycles': [2004, 2006, 2008, 2010, 2012, 2014, 2016, 2018, 2020, 2022, 2024, 2026], 'cycles_has_activity': [2004, 2006, 2008, 2010, 2012, 2014, 2016, 2018, 2020, 2022, 2024, 2026], 'cycles_has_financial': [2004, 2006, 2008, 2010, 2012, 2014, 2016, 2018, 2020, 2022, 2024, 2026], 'designated_agent_city': None, 'designated_agent_first_name': None, 'designated_agent_last_name': None, 'designated_agent_middle_name': None, 'designated_agent_name': None, 'designated_agent_phone_number': None, 'designated_agent_prefix': None, 'designated_agent_state': None, 'designated_agent_street1': None, 'designated_agent_street2': None, 'designated_agent_suffix': None, 'designated_agent_title': None, 'designated_agent_zip': None, 'designation': 'U', 'designation_full': 'Unauthorized', 'filing_frequency': 'M', 'first_f1_date': '2004-05-17', 'first_file_date': '2004-05-17', 'is_active': True, 'last_cycle_has_activity': 2026, 'last_cycle_has_financial': 2026, 'last_f1_date': '2024-07-29', 'last_file_date': '2026-04-22', 'name': 'ACTBLUE', 'organization_type': None, 'organization_type_full': None, 'party': None, 'party_full': None, 'state': 'MA', 'state_full': 'Massachusetts', 'street_1': 'PO BOX 441146', 'street_2': None, 'treasurer_name': 'GILMER, GEORGE', 'zip': '02144'}",550.0,ROGERS,NOTYOURBUSINESS,CHARITY,C00401224,ACOACH,,"ACOACH, CHARITY",NO,,AR,4433 W COLLINS CIR,,,727589040,,P2026,,IND,INDIVIDUAL,PRIMARY,2026,1956215,F3,202603259856855541,,True,11AI,Contributions From Individuals/Persons Other Than Political Committees,4032520261425275010,2026-05-02T03:05:57,,,* EARMARKED CONTRIBUTION: SEE BELOW,False,,,https://docquery.fec.gov/cgi-bin/fecimg/?202603259856855541,15E,EARMARKED CONTRIBUTION,,P,,S,12P,2026,SA,ITEMIZED RECEIPTS,4032620261433440011,6837963,2026,C00401224,C00905471,HALLIE SHOFFNER FOR ARKANSAS,"SHOFFNER, HALLIE",S6AR00199,AR,DEM,DEM,selected,True,highest_total_receipts,,True,2026,2026-05-03T14:08:37.174731+00:00
N,NO CHANGE,SA11AI,6838933E,,,,,,,,,,,,,"{'affiliated_committee_name': 'NONE', 'candidate_ids': ['S6AR00199'], 'city': 'LITTLE ROCK', 'committee_id': 'C00905471', 'committee_type': 'S', 'committee_type_full': 'Senate', 'cycle': 2026, 'cycles': [2026], 'cycles_has_activity': [2026], 'cycles_has_financial': [2026], 'designated_agent_city': 'LITTLE ROCK', 'designated_agent_first_name': 'HALLIE', 'designated_agent_last_name': 'SHOFFNER', 'designated_agent_middle_name': None, 'designated_agent_name': 'SHOFFNER, HALLIE', 'designated_agent_phone_number': '8702173332', 'designated_agent_prefix': None, 'designated_agent_state': 'AR', 'designated_agent_street1': '600 E. CAPITOL', 'designated_agent_street2': None, 'designated_agent_suffix': None, 'designated_agent_title': 'CANDIDATE', 'designated_agent_zip': '72202', 'designation': 'P', 'designation_full': 'Principal campaign committee', 'filing_frequency': 'Q', 'first_f1_date': '2025-05-16', 'first_file_date': '2025-05-16', 'is_active': True, 'last_cycle_has_activity': 2026, 'last_cycle_has_financial': 2026, 'last_f1_date': '2025-09-10', 'last_file_date': '2026-04-15', 'name': 'HALLIE SHOFFNER FOR ARKANSAS', 'organization_type': None, 'organization_type_full': None, 'party': 'DEM', 'party_full': 'DEMOCRATIC PARTY', 'state': 'AR', 'state_full': 'Arkansas', 'street_1': '600 E. CAPITOL STREET', 'street_2': 'P.O. BOX 57', 'treasurer_name': 'BARON, SHELLY', 'zip': '72202'}",C00905471,,,,,,,,,6.0,2026-02-08,"{'affiliated_committee_name': 'BLUE TO THE FUTURE 2024', 'candidate_ids': [], 'city': 'SOMERVILLE', 'committee_id': 'C00401224', 'committee_type': 'V', 'committee_type_full': 'Hybrid PAC (with Non-Contribution Account) - Nonqualified', 'cycle': 2026, 'cycles': [2004, 2006, 2008, 2010, 2012, 2014, 2016, 2018, 2020, 2022, 2024, 2026], 'cycles_has_activity': [2004, 2006, 2008, 2010, 2012, 2014, 2016, 2018, 2020, 2022, 2024, 2026], 'cycles_has_financial': [2004, 2006, 2008, 2010, 2012, 2014, 2016, 2018, 2020, 2022, 2024, 2026], 'designated_agent_city': None, 'designated_agent_first_name': None, 'designated_agent_last_name': None, 'designated_agent_middle_name': None, 'designated_agent_name': None, 'designated_agent_phone_number': None, 'designated_agent_prefix': None, 'designated_agent_state': None, 'designated_agent_street1': None, 'designated_agent_street2': None, 'designated_agent_suffix': None, 'designated_agent_title': None, 'designated_agent_zip': None, 'designation': 'U', 'designation_full': 'Unauthorized', 'filing_frequency': 'M', 'first_f1_date': '2004-05-17', 'first_file_date': '2004-05-17', 'is_active': True, 'last_cycle_has_activity': 2026, 'last_cycle_has_financial': 2026, 'last_f1_date': '2024-07-29', 'last_file_date': '2026-04-22', 'name': 'ACTBLUE', 'organization_type': None, 'organization_type_full': None, 'party': None, 'party_full': None, 'state': 'MA', 'state_full': 'Massachusetts', 'street_1': 'PO BOX 441146', 'street_2': None, 'treasurer_name': 'GILMER, GEORGE', 'zip': '02144'}",420.0,LITTLE ROCK,CHI ST VINCENT,RHETTA,C00401224,BENNETT,,"BENNETT, RHETTA",RN,,AR,26001 KANIS RD,,,722239591,,P2026,,IND,INDIVIDUAL,PRIMARY,2026,1956215,F3,202603259856855532,,True,11AI,Contributions From Individuals/Persons Other Than Political Committees,4032520261425275010,2026-05-02T03:05:57,,,* EARMARKED CONTRIBUTION: SEE BELOW,False,,,https://docquery.fec.gov/cgi-bin/fecimg/?202603259856855532,15E,EARMARKED CONTRIBUTION,,P,,S,12P,2026,SA,ITEMIZED RECEIPTS,4032620261433438984,6838933,2026,C00401224,C00905471,HALLIE SHOFFNER FOR ARKANSAS,"SHOFFNER, HALLIE",S6AR00199,AR,DEM,DEM,selected,True,highest_total_receipts,,True,2026,2026-05-03T14:08:37.174804+00:00
N,NO CHANGE,,,,,,,,,,,,,,,"{'affiliated_committee_name': 'NONE', 'candidate_ids': ['S6AR00199'], 'city': 'LITTLE ROCK', 'committee_id': 'C00905471', 'committee_type': 'S', 'committee_type_full': 'Senate', 'cycle': 2026, 'cycles': [2026], 'cycles_has_activity': [2026], 'cycles_has_financial': [2026], 'designated_agent_city': 'LITTLE ROCK', 'designated_agent_first_name': 'HALLIE', 'designated_agent_last_name': 'SHOFFNER', 'designated_agent_middle_name': None, 'designated_agent_name': 'SHOFFNER, HALLIE', 'designated_agent_phone_number': '8702173332', 'designated_agent_prefix': None, 'designated_agent_state': 'AR', 'designated_agent_street1': '600 E. CAPITOL', 'designated_agent_street2': None, 'designated_agent_suffix': None, 'designated_agent_title': 'CANDIDATE', 'designated_agent_zip': '72202', 'designation': 'P', 'designation_full': 'Principal campaign committee', 'filing_frequency': 'Q', 'first_f1_date': '2025-05-16', 'first_file_date': '2025-05-16', 'is_active': True, 'last_cycle_has_activity': 2026, 'last_cycle_has_financial': 2026, 'last_f1_date': '2025-09-10', 'last_file_date': '2026-04-15', 'name': 'HALLIE SHOFFNER FOR ARKANSAS', 'organization_type': None, 'organization_type_full': None, 'party': 'DEM', 'party_full': 'DEMOCRATIC PARTY', 'state': 'AR', 'state_full': 'Arkansas', 'street_1': '600 E. CAPITOL STREET', 'street_2': 'P.O. BOX 57', 'treasurer_name': 'BARON, SHELLY', 'zip': '72202'}",C00905471,,,,,,,,,500.0,2026-02-08,,4000.0,WEST MEMPHIS,SELF,KEITH,,INGRAM,,"INGRAM, KEITH",BUSINESSMAN,,AR,300 COUNTRY CLUB RD,,,723013821,,G2026,,IND,INDIVIDUAL,GENERAL,2026,1956215,F3,202603259856855497,,True,11AI,Contributions From Individuals/Persons Other Than Political Committees,4032520261425275010,2026-05-02T03:05:57,,,,False,,,https://docquery.fec.gov/cgi-bin/fecimg/?202603259856855497,15,CONTRIBUTION,,P,,S,12P,2026,SA,ITEMIZED RECEIPTS,4032620261433438879,7144302,2026,,C00905471,HALLIE SHOFFNER FOR ARKANSAS,"SHOFFNER, HALLIE",S6AR00199,AR,DEM,DEM,selected,True,highest_total_receipts,,True,2026,2026-05-03T14:08:37.174872+00:00
N,NO CHANGE,,,,,,,,,,,,,,,"{'affiliated_committee_name': 'NONE', 'candidate_ids': ['S6AR00199'], 'city': 'LITTLE ROCK', 'committee_id': 'C00905471', 'committee_type': 'S', 'committee_type_full': 'Senate', 'cycle': 2026, 'cycles': [2026], 'cycles_has_activity': [2026], 'cycles_has_financial': [2026], 'designated_agent_city': 'LITTLE ROCK', 'designated_agent_first_name': 'HALLIE', 'designated_agent_last_name': 'SHOFFNER', 'designated_agent_middle_name': None, 'designated_agent_name': 'SHOFFNER, HALLIE', 'designated_agent_phone_number': '8702173332', 'designated_agent_prefix': None, 'designated_agent_state': 'AR', 'designated_agent_street1': '600 E. CAPITOL', 'designated_agent_street2': None, 'designated_agent_suffix': None, 'designated_agent_title': 'CANDIDATE', 'designated_agent_zip': '72202', 'designation': 'P', 'designation_full': 'Principal campaign committee', 'filing_frequency': 'Q', 'first_f1_date': '2025-05-16', 'first_file_date': '2025-05-16', 'is_active': True, 'last_cycle_has_activity': 2026, 'last_cycle_has_financial': 2026, 'last_f1_date': '2025-09-10', 'last_file_date': '2026-04-15', 'name': 'HALLIE SHOFFNER FOR ARKANSAS', 'organization_type': None, 'organization_type_full': None, 'party': 'DEM', 'party_full': 'DEMOCRATIC PARTY', 'state': 'AR', 'state_full': 'Arkansas', 'street_1': '600 E. CAPITOL STREET', 'street_2': 'P.O. BOX 57', 'treasurer_name': 'BARON, SHELLY', 'zip': '72202'}",C00905471,,,,,,,,,1000.0,2026-02-08,,4000.0,WEST MEMPHIS,SELF,KEITH,,INGRAM,,"INGRAM, KEITH",BUSINESSMAN,,AR,300 COUNTRY CLUB RD,,,723013821,,P2026,,IND,INDIVIDUAL,PRIMARY,2026,1956215,F3,202603259856855484,,True,11AI,Contributions From Individuals/Persons Other Than Political Committees,4032520261425275010,2026-05-02T03:05:57,,,,False,,,https://docquery.fec.gov/cgi-bin/fecimg/?202603259856855484,15,CONTRIBUTION,,P,,S,12P,2026,SA,ITEMIZED RECEIPTS,4032620261433438840,7140761,2026,,C00905471,HALLIE SHOFFNER FOR ARKANSAS,"SHOFFNER, HALLIE",S6AR00199,AR,DEM,DEM,selected,True,highest_total_receipts,,True,2026,2026-05-03T14:08:37.174949+00:00
N,NO CHANGE,SA11AI,6837890E,,,,,,,,,,,,,"{'affiliated_committee_name': 'NONE', 'candidate_ids': ['S6AR00199'], 'city': 'LITTLE ROCK', 'committee_id': 'C00905471', 'committee_type': 'S', 'committee_type_full': 'Senate', 'cycle': 2026, 'cycles': [2026], 'cycles_has_activity': [2026], 'cycles_has_financial': [2026], 'designated_agent_city': 'LITTLE ROCK', 'designated_agent_first_name': 'HALLIE', 'designated_agent_last_name': 'SHOFFNER', 'designated_agent_middle_name': None, 'designated_agent_name': 'SHOFFNER, HALLIE', 'designated_agent_phone_number': '8702173332', 'designated_agent_prefix': None, 'designated_agent_state': 'AR', 'designated_agent_street1': '600 E. CAPITOL', 'designated_agent_street2': None, 'designated_agent_suffix': None, 'designated_agent_title': 'CANDIDATE', 'designated_agent_zip': '72202', 'designation': 'P', 'designation_full': 'Principal campaign committee', 'filing_frequency': 'Q', 'first_f1_date': '2025-05-16', 'first_file_date': '2025-05-16', 'is_active': True, 'last_cycle_has_activity': 2026, 'last_cycle_has_financial': 2026, 'last_f1_date': '2025-09-10', 'last_file_date': '2026-04-15', 'name': 'HALLIE SHOFFNER FOR ARKANSAS', 'organization_type': None, 'organization_type_full': None, 'party': 'DEM', 'party_full': 'DEMOCRATIC PARTY', 'state': 'AR', 'state_full': 'Arkansas', 'street_1': '600 E. CAPITOL STREET', 'street_2': 'P.O. BOX 57', 'treasurer_name': 'BARON, SHELLY', 'zip': '72202'}",C00905471,,,,,,,,,25.0,2026-02-08,"{'affiliated_committee_name': 'BLUE TO THE FUTURE 2024', 'candidate_ids': [], 'city': 'SOMERVILLE', 'committee_id': 'C00401224', 'committee_type': 'V', 'committee_type_full': 'Hybrid PAC (with Non-Contribution Account) - Nonqualified', 'cycle': 2026, 'cycles': [2004, 2006, 2008, 2010, 2012, 2014, 2016, 2018, 2020, 2022, 2024, 2026], 'cycles_has_activity': [2004, 2006, 2008, 2010, 2012, 2014, 2016, 2018, 2020, 2022, 2024, 2026], 'cycles_has_financial': [2004, 2006, 2008, 2010, 2012, 2014, 2016, 2018, 2020, 2022, 2024, 2026], 'designated_agent_city': None, 'designated_agent_first_name': None, 'designated_agent_last_name': None, 'designated_agent_middle_name': None, 'designated_agent_name': None, 'designated_agent_phone_number': None, 'designated_agent_prefix': None, 'designated_agent_state': None, 'designated_agent_street1': None, 'designated_agent_street2': None, 'designated_agent_suffix': None, 'designated_agent_title': None, 'designated_agent_zip': None, 'designation': 'U', 'designation_full': 'Unauthorized', 'filing_frequency': 'M', 'first_f1_date': '2004-05-17', 'first_file_date': '2004-05-17', 'is_active': True, 'last_cycle_has_activity': 2026, 'last_cycle_has_financial': 2026, 'last_f1_date': '2024-07-29', 'last_file_date': '2026-04-22', 'name': 'ACTBLUE', 'organization_type': None, 'organization_type_full': None, 'party': None, 'party_full': None, 'state': 'MA', 'state_full': 'Massachusetts', 'street_1': 'PO BOX 441146', 'street_2': None, 'treasurer_name': 'GILMER, GEORGE', 'zip': '02144'}",225.0,PACIFIC PALISADES,NOT EMPLOYED,EDWARD,C00401224,HIERONYMUS,,"HIERONYMUS, EDWARD",NOT EMPLOYED,,CA,551 SPOLETO DR,,,902724517,,P2026,,IND,INDIVIDUAL,PRIMARY,2026,1956215,F3,202603259856855466,,True,11AI,Contributions From Individuals/Persons Other Than Political Committees,4032520261425275010,2026-05-02T03:05:57,,,* EARMARKED CONTRIBUTION: SEE BELOW,False,,,https://docquery.fec.gov/cgi-bin/fecimg/?202603259856855466,15E,EARMARKED CONTRIBUTION,,P,,S,12P,2026,SA,ITEMIZED RECEIPTS,4032620261433438785,6837890,2026,C00401224,C00905471,HALLIE SHOFFNER FOR ARKANSAS,"SHOFFNER, HALLIE",S6AR00199,AR,DEM,DEM,selected,True,highest_total_receipts,,True,2026,2026-05-03T14:08:37.175019+00:00
N,NO CHANGE,SA11AI,6821189E,,,,,,,,,,,,,"{'affiliated_committee_name': 'NONE', 'candidate_ids': ['S6AR00199'], 'city': 'LITTLE ROCK', 'committee_id': 'C00905471', 'committee_type': 'S', 'committee_type_full': 'Senate', 'cycle': 2026, 'cycles': [2026], 'cycles_has_activity': [2026], 'cycles_has_financial': [2026], 'designated_agent_city': 'LITTLE ROCK', 'designated_agent_first_name': 'HALLIE', 'designated_agent_last_name': 'SHOFFNER', 'designated_agent_middle_name': None, 'designated_agent_name': 'SHOFFNER, HALLIE', 'designated_agent_phone_number': '8702173332', 'designated_agent_prefix': None, 'designated_agent_state': 'AR', 'designated_agent_street1': '600 E. CAPITOL', 'designated_agent_street2': None, 'designated_agent_suffix': None, 'designated_agent_title': 'CANDIDATE', 'designated_agent_zip': '72202', 'designation': 'P', 'designation_full': 'Principal campaign committee', 'filing_frequency': 'Q', 'first_f1_date': '2025-05-16', 'first_file_date': '2025-05-16', 'is_active': True, 'last_cycle_has_activity': 2026, 'last_cycle_has_financial': 2026, 'last_f1_date': '2025-09-10', 'last_file_date': '2026-04-15', 'name': 'HALLIE SHOFFNER FOR ARKANSAS', 'organization_type': None, 'organization_type_full': None, 'party': 'DEM', 'party_full': 'DEMOCRATIC PARTY', 'state': 'AR', 'state_full': 'Arkansas', 'street_1': '600 E. CAPITOL STREET', 'street_2': 'P.O. BOX 57', 'treasurer_name': 'BARON, SHELLY', 'zip': '72202'}",C00905471,,,,,,,,,50.0,2026-02-07,"{'affiliated_committee_name': 'BLUE TO THE FUTURE 2024', 'candidate_ids': [], 'city': 'SOMERVILLE', 'committee_id': 'C00401224', 'committee_type': 'V', 'committee_type_full': 'Hybrid PAC (with Non-Contribution Account) - Nonqualified', 'cycle': 2026, 'cycles': [2004, 2006, 2008, 2010, 2012, 2014, 2016, 2018, 2020, 2022, 2024, 2026], 'cycles_has_activity': [2004, 2006, 2008, 2010, 2012, 2014, 2016, 2018, 2020, 2022, 2024, 2026], 'cycles_has_financial': [2004, 2006, 2008, 2010, 2012, 2014, 2016, 2018, 2020, 2022, 2024, 2026], 'designated_agent_city': None, 'designated_agent_first_name': None, 'designated_agent_last_name': None, 'designated_agent_middle_name': None, 'designated_agent_name': None, 'designated_agent_phone_number': None, 'designated_agent_prefix': None, 'designated_agent_state': None, 'designated_agent_street1': None, 'designated_agent_street2': None, 'designated_agent_suffix': None, 'designated_agent_title': None, 'designated_agent_zip': None, 'designation': 'U', 'designation_full': 'Unauthorized', 'filing_frequency': 'M', 'first_f1_date': '2004-05-17', 'first_file_date': '2004-05-17', 'is_active': True, 'last_cycle_has_activity': 2026, 'last_cycle_has_financial': 2026, 'last_f1_date': '2024-07-29', 'last_file_date': '2026-04-22', 'name': 'ACTBLUE', 'organization_type': None, 'organization_type_full': None, 'party': None, 'party_full': None, 'state': 'MA', 'state_full': 'Massachusetts', 'street_1': 'PO BOX 441146', 'street_2': None, 'treasurer_name': 'GILMER, GEORGE', 'zip': '02144'}",350.0,NORTH LITTLE ROCK,NOT EMPLOYED,CHERYL,C00401224,WELCH,,"WELCH, CHERYL",NOT EMPLOYED,,AR,3505 N HILLS BLVD,,,721168590,,P2026,,IND,INDIVIDUAL,PRIMARY,2026,1956215,F3,202603259856855737,,True,11AI,Contributions From Individuals/Persons Other Than Political Committees,4032520261425275010,2026-05-02T03:05:57,,,* EARMARKED CONTRIBUTION: SEE BELOW,False,,,https://docquery.fec.gov/cgi-bin/fecimg/?202603259856855737,15E,EARMARKED CONTRIBUTION,,P,,S,12P,2026,SA,ITEMIZED RECEIPTS,4032620261433440598,6821189,2026,C00401224,C00905471,HALLIE SHOFFNER FOR ARKANSAS,"SHOFFNER, HALLIE",S6AR00199,AR,DEM,DEM,selected,True,highest_total_receipts,,True,2026,2026-05-03T14:08:37.175093+00:00
N,NO CHANGE,SA11AI,6836755E,,,,,,,,,,,,,"{'affiliated_committee_name': 'NONE', 'candidate_ids': ['S6AR00199'], 'city': 'LITTLE ROCK', 'committee_id': 'C00905471', 'committee_type': 'S', 'committee_type_full': 'Senate', 'cycle': 2026, 'cycles': [2026], 'cycles_has_activity': [2026], 'cycles_has_financial': [2026], 'designated_agent_city': 'LITTLE ROCK', 'designated_agent_first_name': 'HALLIE', 'designated_agent_last_name': 'SHOFFNER', 'designated_agent_middle_name': None, 'designated_agent_name': 'SHOFFNER, HALLIE', 'designated_agent_phone_number': '8702173332', 'designated_agent_prefix': None, 'designated_agent_state': 'AR', 'designated_agent_street1': '600 E. CAPITOL', 'designated_agent_street2': None, 'designated_agent_suffix': None, 'designated_agent_title': 'CANDIDATE', 'designated_agent_zip': '72202', 'designation': 'P', 'designation_full': 'Principal campaign committee', 'filing_frequency': 'Q', 'first_f1_date': '2025-05-16', 'first_file_date': '2025-05-16', 'is_active': True, 'last_cycle_has_activity': 2026, 'last_cycle_has_financial': 2026, 'last_f1_date': '2025-09-10', 'last_file_date': '2026-04-15', 'name': 'HALLIE SHOFFNER FOR ARKANSAS', 'organization_type': None, 'organization_type_full': None, 'party': 'DEM', 'party_full': 'DEMOCRATIC PARTY', 'state': 'AR', 'state_full': 'Arkansas', 'street_1': '600 E. CAPITOL STREET', 'street_2': 'P.O. BOX 57', 'treasurer_name': 'BARON, SHELLY', 'zip': '72202'}",C00905471,,,,,,,,,50.0,2026-02-07,"{'affiliated_committee_name': 'BLUE TO THE FUTURE 2024', 'candidate_ids': [], 'city': 'SOMERVILLE', 'committee_id': 'C00401224', 'committee_type': 'V', 'committee_type_full': 'Hybrid PAC (with Non-Contribution Account) - Nonqualified', 'cycle': 2026, 'cycles': [2004, 2006, 2008, 2010, 2012, 2014, 2016, 2018, 2020, 2022, 2024, 2026], 'cycles_has_activity': [2004, 2006, 2008, 2010, 2012, 2014, 2016, 2018, 2020, 2022, 2024, 2026], 'cycles_has_financial': [2004, 2006, 2008, 2010, 2012, 2014, 2016, 2018, 2020, 2022, 2024, 2026], 'designated_agent_city': None, 'designated_agent_first_name': None, 'designated_agent_last_name': None, 'designated_agent_middle_name': None, 'designated_agent_name': None, 'designated_agent_phone_number': None, 'designated_agent_prefix': None, 'designated_agent_state': None, 'designated_agent_street1': None, 'designated_agent_street2': None, 'designated_agent_suffix': None, 'designated_agent_title': None, 'designated_agent_zip': None, 'designation': 'U', 'designation_full': 'Unauthorized', 'filing_frequency': 'M', 'first_f1_date': '2004-05-17', 'first_file_date': '2004-05-17', 'is_active': True, 'last_cycle_has_activity': 2026, 'last_cycle_has_financial': 2026, 'last_f1_date': '2024-07-29', 'last_file_date': '2026-04-22', 'name': 'ACTBLUE', 'organization_type': None, 'organization_type_full': None, 'party': None, 'party_full': None, 'state': 'MA', 'state_full': 'Massachusetts', 'street_1': 'PO BOX 441146', 'street_2': None, 'treasurer_name': 'GILMER, GEORGE', 'zip': '02144'}",600.0,TAMPA,NOT EMPLOYED,CRYSTAL,C00401224,WHITESCARVER,,"WHITESCARVER, CRYSTAL",NOT EMPLOYED,,FL,17001 MADRES DE AVILA,,,336135234,,P2026,,IND,INDIVIDUAL,PRIMARY,2026,1956215,F3,202603259856855600,,True,11AI,Contributions From Individuals/Persons Other Than Political Committees,4032520261425275010,2026-05-02T03:05:57,,,* EARMARKED CONTRIBUTION: SEE BELOW,False,,,https://docquery.fec.gov/cgi-bin/fecimg/?202603259856855600,15E,EARMARKED CONTRIBUTION,,P,,S,12P,2026,SA,ITEMIZED RECEIPTS,4032620261433440188,6836755,2026,C00401224,C00905471,HALLIE SHOFFNER FOR ARKANSAS,"SHOFFNER, HALLIE",S6AR00199,AR,DEM,DEM,selected,True,highest_total_receipts,,True,2026,2026-05-03T14:08:37.175168+00:00
N,NO CHANGE,,,,,,,,,,,,,,,"{'affiliated_committee_name': 'NONE', 'candidate_ids': ['S6AR00199'], 'city': 'LITTLE ROCK', 'committee_id': 'C00905471', 'committee_type': 'S', 'committee_type_full': 'Senate', 'cycle': 2026, 'cycles': [2026], 'cycles_has_activity': [2026], 'cycles_has_financial': [2026], 'designated_agent_city': 'LITTLE ROCK', 'designated_agent_first_name': 'HALLIE', 'designated_agent_last_name': 'SHOFFNER', 'designated_agent_middle_name': None, 'designated_agent_name': 'SHOFFNER, HALLIE', 'designated_agent_phone_number': '8702173332', 'designated_agent_prefix': None, 'designated_agent_state': 'AR', 'designated_agent_street1': '600 E. CAPITOL', 'designated_agent_street2': None, 'designated_agent_suffix': None, 'designated_agent_title': 'CANDIDATE', 'designated_agent_zip': '72202', 'designation': 'P', 'designation_full': 'Principal campaign committee', 'filing_frequency': 'Q', 'first_f1_date': '2025-05-16', 'first_file_date': '2025-05-16', 'is_active': True, 'last_cycle_has_activity': 2026, 'last_cycle_has_financial': 2026, 'last_f1_date': '2025-09-10', 'last_file_date': '2026-04-15', 'name': 'HALLIE SHOFFNER FOR ARKANSAS', 'organization_type': None, 'organization_type_full': None, 'party': 'DEM', 'party_full': 'DEMOCRATIC PARTY', 'state': 'AR', 'state_full': 'Arkansas', 'street_1': '600 E. CAPITOL STREET', 'street_2': 'P.O. BOX 57', 'treasurer_name': 'BARON, SHELLY', 'zip': '72202'}",C00905471,,,,,,,,,259.63,2026-02-07,,1759.63,ROGERS,RETIRED,SUSAN,,ESCHE,,"ESCHE, SUSAN",RETIRED,,AR,10021 OKLAHOMA DR,,,727587510,,P2026,,IND,INDIVIDUAL,PRIMARY,2026,1956215,F3,202603259856855576,,True,11AI,Contributions From Individuals/Persons Other Than Political Committees,4032520261425275010,2026-05-02T03:05:57,,,,False,,,https://docquery.fec.gov/cgi-bin/fecimg/?202603259856855576,15,CONTRIBUTION,,P,,S,12P,2026,SA,ITEMIZED RECEIPTS,4032620261433440115,7140774,2026,,C00905471,HALLIE SHOFFNER FOR ARKANSAS,"SHOFFNER, HALLIE",S6AR00199,AR,DEM,DEM,selected,True,highest_total_receipts,,True,2026,2026-05-03T14:08:37.175241+00:00
N,NO CHANGE,SA11AI,6821754E,,,,,,,,,,,,,"{'affiliated_committee_name': 'NONE', 'candidate_ids': ['S6AR00199'], 'city': 'LITTLE ROCK', 'committee_id': 'C00905471', 'committee_type': 'S', 'committee_type_full': 'Senate', 'cycle': 2026, 'cycles': [2026], 'cycles_has_activity': [2026], 'cycles_has_financial': [2026], 'designated_agent_city': 'LITTLE ROCK', 'designated_agent_first_name': 'HALLIE', 'designated_agent_last_name': 'SHOFFNER', 'designated_agent_middle_name': None, 'designated_agent_name': 'SHOFFNER, HALLIE', 'designated_agent_phone_number': '8702173332', 'designated_agent_prefix': None, 'designated_agent_state': 'AR', 'designated_agent_street1': '600 E. CAPITOL', 'designated_agent_street2': None, 'designated_agent_suffix': None, 'designated_agent_title': 'CANDIDATE', 'designated_agent_zip': '72202', 'designation': 'P', 'designation_full': 'Principal campaign committee', 'filing_frequency': 'Q', 'first_f1_date': '2025-05-16', 'first_file_date': '2025-05-16', 'is_active': True, 'last_cycle_has_activity': 2026, 'last_cycle_has_financial': 2026, 'last_f1_date': '2025-09-10', 'last_file_date': '2026-04-15', 'name': 'HALLIE SHOFFNER FOR ARKANSAS', 'organization_type': None, 'organization_type_full': None, 'party': 'DEM', 'party_full': 'DEMOCRATIC PARTY', 'state': 'AR', 'state_full': 'Arkansas', 'street_1': '600 E. CAPITOL STREET', 'street_2': 'P.O. BOX 57', 'treasurer_name': 'BARON, SHELLY', 'zip': '72202'}",C00905471,,,,,,,,,50.0,2026-02-07,"{'affiliated_committee_name': 'BLUE TO THE FUTURE 2024', 'candidate_ids': [], 'city': 'SOMERVILLE', 'committee_id': 'C00401224', 'committee_type': 'V', 'committee_type_full': 'Hybrid PAC (with Non-Contribution Account) - Nonqualified', 'cycle': 2026, 'cycles': [2004, 2006, 2008, 2010, 2012, 2014, 2016, 2018, 2020, 2022, 2024, 2026], 'cycles_has_activity': [2004, 2006, 2008, 2010, 2012, 2014, 2016, 2018, 2020, 2022, 2024, 2026], 'cycles_has_financial': [2004, 2006, 2008, 2010, 2012, 2014, 2016, 2018, 2020, 2022, 2024, 2026], 'designated_agent_city': None, 'designated_agent_first_name': None, 'designated_agent_last_name': None, 'designated_agent_middle_name': None, 'designated_agent_name': None, 'designated_agent_phone_number': None, 'designated_agent_prefix': None, 'designated_agent_state': None, 'designated_agent_street1': None, 'designated_agent_street2': None, 'designated_agent_suffix': None, 'designated_agent_title': None, 'designated_agent_zip': None, 'designation': 'U', 'designation_full': 'Unauthorized', 'filing_frequency': 'M', 'first_f1_date': '2004-05-17', 'first_file_date': '2004-05-17', 'is_active': True, 'last_cycle_has_activity': 2026, 'last_cycle_has_financial': 2026, 'last_f1_date': '2024-07-29', 'last_file_date': '2026-04-22', 'name': 'ACTBLUE', 'organization_type': None, 'organization_type_full': None, 'party': None, 'party_full': None, 'state': 'MA', 'state_full': 'Massachusetts', 'street_1': 'PO BOX 441146', 'street_2': None, 'treasurer_name': 'GILMER, GEORGE', 'zip': '02144'}",1750.0,LITTLE ROCK,NOT EMPLOYED,GARY,C00401224,SHELTON,,"SHELTON, GARY",NOT EMPLOYED,,AR,36 DUQUESNE DR,,,722233917,,P2026,,IND,INDIVIDUAL,PRIMARY,2026,1956215,F3,202603259856855571,,True,11AI,Contributions From Individuals/Persons Other Than Political Committees,4032520261425275010,2026-05-02T03:05:57,,,* EARMARKED CONTRIBUTION: SEE BELOW,False,,,https://docquery.fec.gov/cgi-bin/fecimg/?202603259856855571,15E,EARMARKED CONTRIBUTION,,P,,S,12P,2026,SA,ITEMIZED RECEIPTS,4032620261433440102,6821754,2026,C00401224,C00905471,HALLIE SHOFFNER FOR ARKANSAS,"SHOFFNER, HALLIE",S6AR00199,AR,DEM,DEM,selected,True,highest_total_receipts,,True,2026,2026-05-03T14:08:37.175312+00:00
N,NO CHANGE,,,,,,,,,,,,,,,"{'affiliated_committee_name': 'NONE', 'candidate_ids': ['S6AR00199'], 'city': 'LITTLE ROCK', 'committee_id': 'C00905471', 'committee_type': 'S', 'committee_type_full': 'Senate', 'cycle': 2026, 'cycles': [2026], 'cycles_has_activity': [2026], 'cycles_has_financial': [2026], 'designated_agent_city': 'LITTLE ROCK', 'designated_agent_first_name': 'HALLIE', 'designated_agent_last_name': 'SHOFFNER', 'designated_agent_middle_name': None, 'designated_agent_name': 'SHOFFNER, HALLIE', 'designated_agent_phone_number': '8702173332', 'designated_agent_prefix': None, 'designated_agent_state': 'AR', 'designated_agent_street1': '600 E. CAPITOL', 'designated_agent_street2': None, 'designated_agent_suffix': None, 'designated_agent_title': 'CANDIDATE', 'designated_agent_zip': '72202', 'designation': 'P', 'designation_full': 'Principal campaign committee', 'filing_frequency': 'Q', 'first_f1_date': '2025-05-16', 'first_file_date': '2025-05-16', 'is_active': True, 'last_cycle_has_activity': 2026, 'last_cycle_has_financial': 2026, 'last_f1_date': '2025-09-10', 'last_file_date': '2026-04-15', 'name': 'HALLIE SHOFFNER FOR ARKANSAS', 'organization_type': None, 'organization_type_full': None, 'party': 'DEM', 'party_full': 'DEMOCRATIC PARTY', 'state': 'AR', 'state_full': 'Arkansas', 'street_1': '600 E. CAPITOL STREET', 'street_2': 'P.O. BOX 57', 'treasurer_name': 'BARON, SHELLY', 'zip': '72202'}",C00905471,,,,,,,,,10.63,2026-02-07,,206.26,PINE BLUFF,NONE,NANCY,,MITCHELL-EDWARDS,,"MITCHELL-EDWARDS, NANCY",RETIRED,,AR,2920 S CHERRY ST,,,716035350,,P2026,,IND,INDIVIDUAL,PRIMARY,2026,1956215,F3,202603259856855543,,True,11AI,Contributions From Individuals/Persons Other Than Political Committees,4032520261425275010,2026-05-02T03:05:57,,,,False,,,https://docquery.fec.gov/cgi-bin/fecimg/?202603259856855543,15,CONTRIBUTION,,P,,S,12P,2026,SA,ITEMIZED RECEIPTS,4032620261433440018,7140773,2026,,C00905471,HALLIE SHOFFNER FOR ARKANSAS,"SHOFFNER, HALLIE",S6AR00199,AR,DEM,DEM,selected,True,highest_total_receipts,,True,2026,2026-05-03T14:08:37.175388+00:00
N,NO CHANGE,SA11AI,6822043E,,,,,,,,,,,,,"{'affiliated_committee_name': 'NONE', 'candidate_ids': ['S6AR00199'], 'city': 'LITTLE ROCK', 'committee_id': 'C00905471', 'committee_type': 'S', 'committee_type_full': 'Senate', 'cycle': 2026, 'cycles': [2026], 'cycles_has_activity': [2026], 'cycles_has_financial': [2026], 'designated_agent_city': 'LITTLE ROCK', 'designated_agent_first_name': 'HALLIE', 'designated_agent_last_name': 'SHOFFNER', 'designated_agent_middle_name': None, 'designated_agent_name': 'SHOFFNER, HALLIE', 'designated_agent_phone_number': '8702173332', 'designated_agent_prefix': None, 'designated_agent_state': 'AR', 'designated_agent_street1': '600 E. CAPITOL', 'designated_agent_street2': None, 'designated_agent_suffix': None, 'designated_agent_title': 'CANDIDATE', 'designated_agent_zip': '72202', 'designation': 'P', 'designation_full': 'Principal campaign committee', 'filing_frequency': 'Q', 'first_f1_date': '2025-05-16', 'first_file_date': '2025-05-16', 'is_active': True, 'last_cycle_has_activity': 2026, 'last_cycle_has_financial': 2026, 'last_f1_date': '2025-09-10', 'last_file_date': '2026-04-15', 'name': 'HALLIE SHOFFNER FOR ARKANSAS', 'organization_type': None, 'organization_type_full': None, 'party': 'DEM', 'party_full': 'DEMOCRATIC PARTY', 'state': 'AR', 'state_full': 'Arkansas', 'street_1': '600 E. CAPITOL STREET', 'street_2': 'P.O. BOX 57', 'treasurer_name': 'BARON, SHELLY', 'zip': '72202'}",C00905471,,,,,,,,,250.0,2026-02-07,"{'affiliated_committee_name': 'BLUE TO THE FUTURE 2024', 'candidate_ids': [], 'city': 'SOMERVILLE', 'committee_id': 'C00401224', 'committee_type': 'V', 'committee_type_full': 'Hybrid PAC (with Non-Contribution Account) - Nonqualified', 'cycle': 2026, 'cycles': [2004, 2006, 2008, 2010, 2012, 2014, 2016, 2018, 2020, 2022, 2024, 2026], 'cycles_has_activity': [2004, 2006, 2008, 2010, 2012, 2014, 2016, 2018, 2020, 2022, 2024, 2026], 'cycles_has_financial': [2004, 2006, 2008, 2010, 2012, 2014, 2016, 2018, 2020, 2022, 2024, 2026], 'designated_agent_city': None, 'designated_agent_first_name': None, 'designated_agent_last_name': None, 'designated_agent_middle_name': None, 'designated_agent_name': None, 'designated_agent_phone_number': None, 'designated_agent_prefix': None, 'designated_agent_state': None, 'designated_agent_street1': None, 'designated_agent_street2': None, 'designated_agent_suffix': None, 'designated_agent_title': None, 'designated_agent_zip': None, 'designation': 'U', 'designation_full': 'Unauthorized', 'filing_frequency': 'M', 'first_f1_date': '2004-05-17', 'first_file_date': '2004-05-17', 'is_active': True, 'last_cycle_has_activity': 2026, 'last_cycle_has_financial': 2026, 'last_f1_date': '2024-07-29', 'last_file_date': '2026-04-22', 'name': 'ACTBLUE', 'organization_type': None, 'organization_type_full': None, 'party': None, 'party_full': None, 'state': 'MA', 'state_full': 'Massachusetts', 'street_1': 'PO BOX 441146', 'street_2': None, 'treasurer_name': 'GILMER, GEORGE', 'zip': '02144'}",256.0,WASHINGTON,EUROFINS PSS,JORDAN,C00401224,DAVIS,,"DAVIS, JORDAN",SCIENTIST,,DC,1435 HOWARD RD SE,,,200204406,,P2026,,IND,INDIVIDUAL,PRIMARY,2026,1956215,F3,202603259856855535,,True,11AI,Contributions From Individuals/Persons Other Than Political Committees,4032520261425275010,2026-05-02T03:05:57,,,* EARMARKED CONTRIBUTION: SEE BELOW,False,,,https://docquery.fec.gov/cgi-bin/fecimg/?202603259856855535,15E,EARMARKED CONTRIBUTION,,P,,S,12P,2026,SA,ITEMIZED RECEIPTS,4032620261433438992,6822043,2026,C00401224,C00905471,HALLIE SHOFFNER FOR ARKANSAS,"SHOFFNER, HALLIE",S6AR00199,AR,DEM,DEM,selected,True,highest_total_receipts,,True,2026,2026-05-03T14:08:37.175460+00:00
N,NO CHANGE,SA11AI,6820792E,,,,,,,,,,,,,"{'affiliated_committee_name': 'NONE', 'candidate_ids': ['S6AR00199'], 'city': 'LITTLE ROCK', 'committee_id': 'C00905471', 'committee_type': 'S', 'committee_type_full': 'Senate', 'cycle': 2026, 'cycles': [2026], 'cycles_has_activity': [2026], 'cycles_has_financial': [2026], 'designated_agent_city': 'LITTLE ROCK', 'designated_agent_first_name': 'HALLIE', 'designated_agent_last_name': 'SHOFFNER', 'designated_agent_middle_name': None, 'designated_agent_name': 'SHOFFNER, HALLIE', 'designated_agent_phone_number': '8702173332', 'designated_agent_prefix': None, 'designated_agent_state': 'AR', 'designated_agent_street1': '600 E. CAPITOL', 'designated_agent_street2': None, 'designated_agent_suffix': None, 'designated_agent_title': 'CANDIDATE', 'designated_agent_zip': '72202', 'designation': 'P', 'designation_full': 'Principal campaign committee', 'filing_frequency': 'Q', 'first_f1_date': '2025-05-16', 'first_file_date': '2025-05-16', 'is_active': True, 'last_cycle_has_activity': 2026, 'last_cycle_has_financial': 2026, 'last_f1_date': '2025-09-10', 'last_file_date': '2026-04-15', 'name': 'HALLIE SHOFFNER FOR ARKANSAS', 'organization_type': None, 'organization_type_full': None, 'party': 'DEM', 'party_full': 'DEMOCRATIC PARTY', 'state': 'AR', 'state_full': 'Arkansas', 'street_1': '600 E. CAPITOL STREET', 'street_2': 'P.O. BOX 57', 'treasurer_name': 'BARON, SHELLY', 'zip': '72202'}",C00905471,,,,,,,,,25.0,2026-02-07,"{'affiliated_committee_name': 'BLUE TO THE FUTURE 2024', 'candidate_ids': [], 'city': 'SOMERVILLE', 'committee_id': 'C00401224', 'committee_type': 'V', 'committee_type_full': 'Hybrid PAC (with Non-Contribution Account) - Nonqualified', 'cycle': 2026, 'cycles': [2004, 2006, 2008, 2010, 2012, 2014, 2016, 2018, 2020, 2022, 2024, 2026], 'cycles_has_activity': [2004, 2006, 2008, 2010, 2012, 2014, 2016, 2018, 2020, 2022, 2024, 2026], 'cycles_has_financial': [2004, 2006, 2008, 2010, 2012, 2014, 2016, 2018, 2020, 2022, 2024, 2026], 'designated_agent_city': None, 'designated_agent_first_name': None, 'designated_agent_last_name': None, 'designated_agent_middle_name': None, 'designated_agent_name': None, 'designated_agent_phone_number': None, 'designated_agent_prefix': None, 'designated_agent_state': None, 'designated_agent_street1': None, 'designated_agent_street2': None, 'designated_agent_suffix': None, 'designated_agent_title': None, 'designated_agent_zip': None, 'designation': 'U', 'designation_full': 'Unauthorized', 'filing_frequency': 'M', 'first_f1_date': '2004-05-17', 'first_file_date': '2004-05-17', 'is_active': True, 'last_cycle_has_activity': 2026, 'last_cycle_has_financial': 2026, 'last_f1_date': '2024-07-29', 'last_file_date': '2026-04-22', 'name': 'ACTBLUE', 'organization_type': None, 'organization_type_full': None, 'party': None, 'party_full': None, 'state': 'MA', 'state_full': 'Massachusetts', 'street_1': 'PO BOX 441146', 'street_2': None, 'treasurer_name': 'GILMER, GEORGE', 'zip': '02144'}",225.0,SAMMAMISH,TMO,MARK,C00401224,ADKINS,,"ADKINS, MARK",ANALYST,,WA,24021 SE 46TH PL,,,980297590,,P2026,,IND,INDIVIDUAL,PRIMARY,2026,1956215,F3,202603259856855521,,True,11AI,Contributions From Individuals/Persons Other Than Political Committees,4032520261425275010,2026-05-02T03:05:57,,,* EARMARKED CONTRIBUTION: SEE BELOW,False,,,https://docquery.fec.gov/cgi-bin/fecimg/?202603259856855521,15E,EARMARKED CONTRIBUTION,,P,,S,12P,2026,SA,ITEMIZED RECEIPTS,4032620261433438950,6820792,2026,C00401224,C00905471,HALLIE SHOFFNER FOR ARKANSAS,"SHOFFNER, HALLIE",S6AR00199,AR,DEM,DEM,selected,True,highest_total_receipts,,True,2026,2026-05-03T14:08:37.175535+00:00
N,NO CHANGE,,,,,,,,,,,,,,,"{'affiliated_committee_name': 'NONE', 'candidate_ids': ['S6AR00199'], 'city': 'LITTLE ROCK', 'committee_id': 'C00905471', 'committee_type': 'S', 'committee_type_full': 'Senate', 'cycle': 2026, 'cycles': [2026], 'cycles_has_activity': [2026], 'cycles_has_financial': [2026], 'designated_agent_city': 'LITTLE ROCK', 'designated_agent_first_name': 'HALLIE', 'designated_agent_last_name': 'SHOFFNER', 'designated_agent_middle_name': None, 'designated_agent_name': 'SHOFFNER, HALLIE', 'designated_agent_phone_number': '8702173332', 'designated_agent_prefix': None, 'designated_agent_state': 'AR', 'designated_agent_street1': '600 E. CAPITOL', 'designated_agent_street2': None, 'designated_agent_suffix': None, 'designated_agent_title': 'CANDIDATE', 'designated_agent_zip': '72202', 'designation': 'P', 'designation_full': 'Principal campaign committee', 'filing_frequency': 'Q', 'first_f1_date': '2025-05-16', 'first_file_date': '2025-05-16', 'is_active': True, 'last_cycle_has_activity': 2026, 'last_cycle_has_financial': 2026, 'last_f1_date': '2025-09-10', 'last_file_date': '2026-04-15', 'name': 'HALLIE SHOFFNER FOR ARKANSAS', 'organization_type': None, 'organization_type_full': None, 'party': 'DEM', 'party_full': 'DEMOCRATIC PARTY', 'state': 'AR', 'state_full': 'Arkansas', 'street_1': '600 E. CAPITOL STREET', 'street_2': 'P.O. BOX 57', 'treasurer_name': 'BARON, SHELLY', 'zip': '72202'}",C00905471,,,,,,,,,519.0,2026-02-07,,1269.0,SEARCY,REAPER FARMS,JACK,,REAPER,,"REAPER, JACK",FARMER,,AR,141 B W DAVIS RD,,,721439231,,P2026,,IND,INDIVIDUAL,PRIMARY,2026,1956215,F3,202603259856855459,,True,11AI,Contributions From Individuals/Persons Other Than Political Committees,4032520261425275010,2026-05-02T03:05:57,,,,False,,,https://docquery.fec.gov/cgi-bin/fecimg/?202603259856855459,15,CONTRIBUTION,,P,,S,12P,2026,SA,ITEMIZED RECEIPTS,4032620261433438766,7140770,2026,,C00905471,HALLIE SHOFFNER FOR ARKANSAS,"SHOFFNER, HALLIE",S6AR00199,AR,DEM,DEM,selected,True,highest_total_receipts,,True,2026,2026-05-03T14:08:37.175606+00:00
N,NO CHANGE,SA11AI,6818948E,,,,,,,,,,,,,"{'affiliated_committee_name': 'NONE', 'candidate_ids': ['S6AR00199'], 'city': 'LITTLE ROCK', 'committee_id': 'C00905471', 'committee_type': 'S', 'committee_type_full': 'Senate', 'cycle': 2026, 'cycles': [2026], 'cycles_has_activity': [2026], 'cycles_has_financial': [2026], 'designated_agent_city': 'LITTLE ROCK', 'designated_agent_first_name': 'HALLIE', 'designated_agent_last_name': 'SHOFFNER', 'designated_agent_middle_name': None, 'designated_agent_name': 'SHOFFNER, HALLIE', 'designated_agent_phone_number': '8702173332', 'designated_agent_prefix': None, 'designated_agent_state': 'AR', 'designated_agent_street1': '600 E. CAPITOL', 'designated_agent_street2': None, 'designated_agent_suffix': None, 'designated_agent_title': 'CANDIDATE', 'designated_agent_zip': '72202', 'designation': 'P', 'designation_full': 'Principal campaign committee', 'filing_frequency': 'Q', 'first_f1_date': '2025-05-16', 'first_file_date': '2025-05-16', 'is_active': True, 'last_cycle_has_activity': 2026, 'last_cycle_has_financial': 2026, 'last_f1_date': '2025-09-10', 'last_file_date': '2026-04-15', 'name': 'HALLIE SHOFFNER FOR ARKANSAS', 'organization_type': None, 'organization_type_full': None, 'party': 'DEM', 'party_full': 'DEMOCRATIC PARTY', 'state': 'AR', 'state_full': 'Arkansas', 'street_1': '600 E. CAPITOL STREET', 'street_2': 'P.O. BOX 57', 'treasurer_name': 'BARON, SHELLY', 'zip': '72202'}",C00905471,,,,,,,,,250.0,2026-02-06,"{'affiliated_committee_name': 'BLUE TO THE FUTURE 2024', 'candidate_ids': [], 'city': 'SOMERVILLE', 'committee_id': 'C00401224', 'committee_type': 'V', 'committee_type_full': 'Hybrid PAC (with Non-Contribution Account) - Nonqualified', 'cycle': 2026, 'cycles': [2004, 2006, 2008, 2010, 2012, 2014, 2016, 2018, 2020, 2022, 2024, 2026], 'cycles_has_activity': [2004, 2006, 2008, 2010, 2012, 2014, 2016, 2018, 2020, 2022, 2024, 2026], 'cycles_has_financial': [2004, 2006, 2008, 2010, 2012, 2014, 2016, 2018, 2020, 2022, 2024, 2026], 'designated_agent_city': None, 'designated_agent_first_name': None, 'designated_agent_last_name': None, 'designated_agent_middle_name': None, 'designated_agent_name': None, 'designated_agent_phone_number': None, 'designated_agent_prefix': None, 'designated_agent_state': None, 'designated_agent_street1': None, 'designated_agent_street2': None, 'designated_agent_suffix': None, 'designated_agent_title': None, 'designated_agent_zip': None, 'designation': 'U', 'designation_full': 'Unauthorized', 'filing_frequency': 'M', 'first_f1_date': '2004-05-17', 'first_file_date': '2004-05-17', 'is_active': True, 'last_cycle_has_activity': 2026, 'last_cycle_has_financial': 2026, 'last_f1_date': '2024-07-29', 'last_file_date': '2026-04-22', 'name': 'ACTBLUE', 'organization_type': None, 'organization_type_full': None, 'party': None, 'party_full': None, 'state': 'MA', 'state_full': 'Massachusetts', 'street_1': 'PO BOX 441146', 'street_2': None, 'treasurer_name': 'GILMER, GEORGE', 'zip': '02144'}",250.0,HOT SPRINGS VILLAGE,NOT EMPLOYED,WILLIAM,C00401224,NETTLES,,"NETTLES, WILLIAM",NOT EMPLOYED,,AR,36 PILLAR LN,,,719097959,,P2026,,IND,INDIVIDUAL,PRIMARY,2026,1956215,F3,202603259856855694,,True,11AI,Contributions From Individuals/Persons Other Than Political Committees,4032520261425275010,2026-05-02T03:05:57,,,* EARMARKED CONTRIBUTION: SEE BELOW,False,,,https://docquery.fec.gov/cgi-bin/fecimg/?202603259856855694,15E,EARMARKED CONTRIBUTION,,P,,S,12P,2026,SA,ITEMIZED RECEIPTS,4032620261433440469,6818948,2026,C00401224,C00905471,HALLIE SHOFFNER FOR ARKANSAS,"SHOFFNER, HALLIE",S6AR00199,AR,DEM,DEM,selected,True,highest_total_receipts,,True,2026,2026-05-03T14:08:37.175678+00:00
N,NO CHANGE,,,,,,,,,,,,,,,"{'affiliated_committee_name': 'NONE', 'candidate_ids': ['S6AR00199'], 'city': 'LITTLE ROCK', 'committee_id': 'C00905471', 'committee_type': 'S', 'committee_type_full': 'Senate', 'cycle': 2026, 'cycles': [2026], 'cycles_has_activity': [2026], 'cycles_has_financial': [2026], 'designated_agent_city': 'LITTLE ROCK', 'designated_agent_first_name': 'HALLIE', 'designated_agent_last_name': 'SHOFFNER', 'designated_agent_middle_name': None, 'designated_agent_name': 'SHOFFNER, HALLIE', 'designated_agent_phone_number': '8702173332', 'designated_agent_prefix': None, 'designated_agent_state': 'AR', 'designated_agent_street1': '600 E. CAPITOL', 'designated_agent_street2': None, 'designated_agent_suffix': None, 'designated_agent_title': 'CANDIDATE', 'designated_agent_zip': '72202', 'designation': 'P', 'designation_full': 'Principal campaign committee', 'filing_frequency': 'Q', 'first_f1_date': '2025-05-16', 'first_file_date': '2025-05-16', 'is_active': True, 'last_cycle_has_activity': 2026, 'last_cycle_has_financial': 2026, 'last_f1_date': '2025-09-10', 'last_file_date': '2026-04-15', 'name': 'HALLIE SHOFFNER FOR ARKANSAS', 'organization_type': None, 'organization_type_full': None, 'party': 'DEM', 'party_full': 'DEMOCRATIC PARTY', 'state': 'AR', 'state_full': 'Arkansas', 'street_1': '600 E. CAPITOL STREET', 'street_2': 'P.O. BOX 57', 'treasurer_name': 'BARON, SHELLY', 'zip': '72202'}",C00905471,,,,,,,,,259.63,2026-02-06,,259.63,FAYETTEVILLE,RETIRED,WILLIAM,,ETGES,,"ETGES, WILLIAM",RETIRED,,AR,1132 N EASTWOOD DR,,,727012320,,P2026,,IND,INDIVIDUAL,PRIMARY,2026,1956215,F3,202603259856855638,,True,11AI,Contributions From Individuals/Persons Other Than Political Committees,4032520261425275010,2026-05-02T03:05:57,,,,False,,,https://docquery.fec.gov/cgi-bin/fecimg/?202603259856855638,15,CONTRIBUTION,,P,,S,12P,2026,SA,ITEMIZED RECEIPTS,4032620261433440301,6982276,2026,,C00905471,HALLIE SHOFFNER FOR ARKANSAS,"SHOFFNER, HALLIE",S6AR00199,AR,DEM,DEM,selected,True,highest_total_receipts,,True,2026,2026-05-03T14:08:37.175751+00:00
N,NO CHANGE,SA11AI,6817216E,,,,,,,,,,,,,"{'affiliated_committee_name': 'NONE', 'candidate_ids': ['S6AR00199'], 'city': 'LITTLE ROCK', 'committee_id': 'C00905471', 'committee_type': 'S', 'committee_type_full': 'Senate', 'cycle': 2026, 'cycles': [2026], 'cycles_has_activity': [2026], 'cycles_has_financial': [2026], 'designated_agent_city': 'LITTLE ROCK', 'designated_agent_first_name': 'HALLIE', 'designated_agent_last_name': 'SHOFFNER', 'designated_agent_middle_name': None, 'designated_agent_name': 'SHOFFNER, HALLIE', 'designated_agent_phone_number': '8702173332', 'designated_agent_prefix': None, 'designated_agent_state': 'AR', 'designated_agent_street1': '600 E. CAPITOL', 'designated_agent_street2': None, 'designated_agent_suffix': None, 'designated_agent_title': 'CANDIDATE', 'designated_agent_zip': '72202', 'designation': 'P', 'designation_full': 'Principal campaign committee', 'filing_frequency': 'Q', 'first_f1_date': '2025-05-16', 'first_file_date': '2025-05-16', 'is_active': True, 'last_cycle_has_activity': 2026, 'last_cycle_has_financial': 2026, 'last_f1_date': '2025-09-10', 'last_file_date': '2026-04-15', 'name': 'HALLIE SHOFFNER FOR ARKANSAS', 'organization_type': None, 'organization_type_full': None, 'party': 'DEM', 'party_full': 'DEMOCRATIC PARTY', 'state': 'AR', 'state_full': 'Arkansas', 'street_1': '600 E. CAPITOL STREET', 'street_2': 'P.O. BOX 57', 'treasurer_name': 'BARON, SHELLY', 'zip': '72202'}",C00905471,,,,,,,,,50.0,2026-02-06,"{'affiliated_committee_name': 'BLUE TO THE FUTURE 2024', 'candidate_ids': [], 'city': 'SOMERVILLE', 'committee_id': 'C00401224', 'committee_type': 'V', 'committee_type_full': 'Hybrid PAC (with Non-Contribution Account) - Nonqualified', 'cycle': 2026, 'cycles': [2004, 2006, 2008, 2010, 2012, 2014, 2016, 2018, 2020, 2022, 2024, 2026], 'cycles_has_activity': [2004, 2006, 2008, 2010, 2012, 2014, 2016, 2018, 2020, 2022, 2024, 2026], 'cycles_has_financial': [2004, 2006, 2008, 2010, 2012, 2014, 2016, 2018, 2020, 2022, 2024, 2026], 'designated_agent_city': None, 'designated_agent_first_name': None, 'designated_agent_last_name': None, 'designated_agent_middle_name': None, 'designated_agent_name': None, 'designated_agent_phone_number': None, 'designated_agent_prefix': None, 'designated_agent_state': None, 'designated_agent_street1': None, 'designated_agent_street2': None, 'designated_agent_suffix': None, 'designated_agent_title': None, 'designated_agent_zip': None, 'designation': 'U', 'designation_full': 'Unauthorized', 'filing_frequency': 'M', 'first_f1_date': '2004-05-17', 'first_file_date': '2004-05-17', 'is_active': True, 'last_cycle_has_activity': 2026, 'last_cycle_has_financial': 2026, 'last_f1_date': '2024-07-29', 'last_file_date': '2026-04-22', 'name': 'ACTBLUE', 'organization_type': None, 'organization_type_full': None, 'party': None, 'party_full': None, 'state': 'MA', 'state_full': 'Massachusetts', 'street_1': 'PO BOX 441146', 'street_2': None, 'treasurer_name': 'GILMER, GEORGE', 'zip': '02144'}",450.0,RIFLE,NOT EMPLOYED,JEAN,C00401224,BODDY,,"BODDY, JEAN",NOT EMPLOYED,,CO,241 E 3RD ST,,,816502319,,P2026,,IND,INDIVIDUAL,PRIMARY,2026,1956215,F3,202603259856855620,,True,11AI,Contributions From Individuals/Persons Other Than Political Committees,4032520261425275010,2026-05-02T03:05:57,,,* EARMARKED CONTRIBUTION: SEE BELOW,False,,,https://docquery.fec.gov/cgi-bin/fecimg/?202603259856855620,15E,EARMARKED CONTRIBUTION,,P,,S,12P,2026,SA,ITEMIZED RECEIPTS,4032620261433440248,6817216,2026,C00401224,C00905471,HALLIE SHOFFNER FOR ARKANSAS,"SHOFFNER, HALLIE",S6AR00199,AR,DEM,DEM,selected,True,highest_total_receipts,,True,2026,2026-05-03T14:08:37.175823+00:00
N,NO CHANGE,,,,,,,,,,,,,,,"{'affiliated_committee_name': 'NONE', 'candidate_ids': ['S6AR00199'], 'city': 'LITTLE ROCK', 'committee_id': 'C00905471', 'committee_type': 'S', 'committee_type_full': 'Senate', 'cycle': 2026, 'cycles': [2026], 'cycles_has_activity': [2026], 'cycles_has_financial': [2026], 'designated_agent_city': 'LITTLE ROCK', 'designated_agent_first_name': 'HALLIE', 'designated_agent_last_name': 'SHOFFNER', 'designated_agent_middle_name': None, 'designated_agent_name': 'SHOFFNER, HALLIE', 'designated_agent_phone_number': '8702173332', 'designated_agent_prefix': None, 'designated_agent_state': 'AR', 'designated_agent_street1': '600 E. CAPITOL', 'designated_agent_street2': None, 'designated_agent_suffix': None, 'designated_agent_title': 'CANDIDATE', 'designated_agent_zip': '72202', 'designation': 'P', 'designation_full': 'Principal campaign committee', 'filing_frequency': 'Q', 'first_f1_date': '2025-05-16', 'first_file_date': '2025-05-16', 'is_active': True, 'last_cycle_has_activity': 2026, 'last_cycle_has_financial': 2026, 'last_f1_date': '2025-09-10', 'last_file_date': '2026-04-15', 'name': 'HALLIE SHOFFNER FOR ARKANSAS', 'organization_type': None, 'organization_type_full': None, 'party': 'DEM', 'party_full': 'DEMOCRATIC PARTY', 'state': 'AR', 'state_full': 'Arkansas', 'street_1': '600 E. CAPITOL STREET', 'street_2': 'P.O. BOX 57', 'treasurer_name': 'BARON, SHELLY', 'zip': '72202'}",C00905471,,,,,,,,,1000.0,2026-02-06,,1000.0,JONESBORO,"HYNEMAN & ASSOCIATES, INC",MATT,,HYNEMAN,,"HYNEMAN, MATT",VP,,AR,1803 WOODSPOINT CV,,,724015176,,P2026,,IND,INDIVIDUAL,PRIMARY,2026,1956215,F3,202603259856855614,,True,11AI,Contributions From Individuals/Persons Other Than Political Committees,4032520261425275010,2026-05-02T03:05:57,,,,False,,,https://docquery.fec.gov/cgi-bin/fecimg/?202603259856855614,15,CONTRIBUTION,,P,,S,12P,2026,SA,ITEMIZED RECEIPTS,4032620261433440231,7142606,2026,,C00905471,HALLIE SHOFFNER FOR ARKANSAS,"SHOFFNER, HALLIE",S6AR00199,AR,DEM,DEM,selected,True,highest_total_receipts,,True,2026,2026-05-03T14:08:37.175894+00:00
N,NO CHANGE,SA11AI,6819145E,,,,,,,,,,,,,"{'affiliated_committee_name': 'NONE', 'candidate_ids': ['S6AR00199'], 'city': 'LITTLE ROCK', 'committee_id': 'C00905471', 'committee_type': 'S', 'committee_type_full': 'Senate', 'cycle': 2026, 'cycles': [2026], 'cycles_has_activity': [2026], 'cycles_has_financial': [2026], 'designated_agent_city': 'LITTLE ROCK', 'designated_agent_first_name': 'HALLIE', 'designated_agent_last_name': 'SHOFFNER', 'designated_agent_middle_name': None, 'designated_agent_name': 'SHOFFNER, HALLIE', 'designated_agent_phone_number': '8702173332', 'designated_agent_prefix': None, 'designated_agent_state': 'AR', 'designated_agent_street1': '600 E. CAPITOL', 'designated_agent_street2': None, 'designated_agent_suffix': None, 'designated_agent_title': 'CANDIDATE', 'designated_agent_zip': '72202', 'designation': 'P', 'designation_full': 'Principal campaign committee', 'filing_frequency': 'Q', 'first_f1_date': '2025-05-16', 'first_file_date': '2025-05-16', 'is_active': True, 'last_cycle_has_activity': 2026, 'last_cycle_has_financial': 2026, 'last_f1_date': '2025-09-10', 'last_file_date': '2026-04-15', 'name': 'HALLIE SHOFFNER FOR ARKANSAS', 'organization_type': None, 'organization_type_full': None, 'party': 'DEM', 'party_full': 'DEMOCRATIC PARTY', 'state': 'AR', 'state_full': 'Arkansas', 'street_1': '600 E. CAPITOL STREET', 'street_2': 'P.O. BOX 57', 'treasurer_name': 'BARON, SHELLY', 'zip': '72202'}",C00905471,,,,,,,,,250.0,2026-02-06,"{'affiliated_committee_name': 'BLUE TO THE FUTURE 2024', 'candidate_ids': [], 'city': 'SOMERVILLE', 'committee_id': 'C00401224', 'committee_type': 'V', 'committee_type_full': 'Hybrid PAC (with Non-Contribution Account) - Nonqualified', 'cycle': 2026, 'cycles': [2004, 2006, 2008, 2010, 2012, 2014, 2016, 2018, 2020, 2022, 2024, 2026], 'cycles_has_activity': [2004, 2006, 2008, 2010, 2012, 2014, 2016, 2018, 2020, 2022, 2024, 2026], 'cycles_has_financial': [2004, 2006, 2008, 2010, 2012, 2014, 2016, 2018, 2020, 2022, 2024, 2026], 'designated_agent_city': None, 'designated_agent_first_name': None, 'designated_agent_last_name': None, 'designated_agent_middle_name': None, 'designated_agent_name': None, 'designated_agent_phone_number': None, 'designated_agent_prefix': None, 'designated_agent_state': None, 'designated_agent_street1': None, 'designated_agent_street2': None, 'designated_agent_suffix': None, 'designated_agent_title': None, 'designated_agent_zip': None, 'designation': 'U', 'designation_full': 'Unauthorized', 'filing_frequency': 'M', 'first_f1_date': '2004-05-17', 'first_file_date': '2004-05-17', 'is_active': True, 'last_cycle_has_activity': 2026, 'last_cycle_has_financial': 2026, 'last_f1_date': '2024-07-29', 'last_file_date': '2026-04-22', 'name': 'ACTBLUE', 'organization_type': None, 'organization_type_full': None, 'party': None, 'party_full': None, 'state': 'MA', 'state_full': 'Massachusetts', 'street_1': 'PO BOX 441146', 'street_2': None, 'treasurer_name': 'GILMER, GEORGE', 'zip': '02144'}",250.0,ENCINO,SELF,HOLLAND,C00401224,TAYLOR,,"TAYLOR, HOLLAND",PERFORMER,,CA,15821 VENTURA BLVD,STE 500,,914362945,,P2026,,IND,INDIVIDUAL,PRIMARY,2026,1956215,F3,202603259856855597,,True,11AI,Contributions From Individuals/Persons Other Than Political Committees,4032520261425275010,2026-05-02T03:05:57,,,* EARMARKED CONTRIBUTION: SEE BELOW,False,,,https://docquery.fec.gov/cgi-bin/fecimg/?202603259856855597,15E,EARMARKED CONTRIBUTION,,P,,S,12P,2026,SA,ITEMIZED RECEIPTS,4032620261433440180,6819145,2026,C00401224,C00905471,HALLIE SHOFFNER FOR ARKANSAS,"SHOFFNER, HALLIE",S6AR00199,AR,DEM,DEM,selected,True,highest_total_receipts,,True,2026,2026-05-03T14:08:37.175966+00:00
C,CHANGE,SA11AI,6811744E,,,,,,,,,,,,,"{'affiliated_committee_name': 'NONE', 'candidate_ids': ['S6AR00199'], 'city': 'LITTLE ROCK', 'committee_id': 'C00905471', 'committee_type': 'S', 'committee_type_full': 'Senate', 'cycle': 2026, 'cycles': [2026], 'cycles_has_activity': [2026], 'cycles_has_financial': [2026], 'designated_agent_city': 'LITTLE ROCK', 'designated_agent_first_name': 'HALLIE', 'designated_agent_last_name': 'SHOFFNER', 'designated_agent_middle_name': None, 'designated_agent_name': 'SHOFFNER, HALLIE', 'designated_agent_phone_number': '8702173332', 'designated_agent_prefix': None, 'designated_agent_state': 'AR', 'designated_agent_street1': '600 E. CAPITOL', 'designated_agent_street2': None, 'designated_agent_suffix': None, 'designated_agent_title': 'CANDIDATE', 'designated_agent_zip': '72202', 'designation': 'P', 'designation_full': 'Principal campaign committee', 'filing_frequency': 'Q', 'first_f1_date': '2025-05-16', 'first_file_date': '2025-05-16', 'is_active': True, 'last_cycle_has_activity': 2026, 'last_cycle_has_financial': 2026, 'last_f1_date': '2025-09-10', 'last_file_date': '2026-04-15', 'name': 'HALLIE SHOFFNER FOR ARKANSAS', 'organization_type': None, 'organization_type_full': None, 'party': 'DEM', 'party_full': 'DEMOCRATIC PARTY', 'state': 'AR', 'state_full': 'Arkansas', 'street_1': '600 E. CAPITOL STREET', 'street_2': 'P.O. BOX 57', 'treasurer_name': 'BARON, SHELLY', 'zip': '72202'}",C00905471,,,,,,,,,10.0,2026-02-06,"{'affiliated_committee_name': 'BLUE TO THE FUTURE 2024', 'candidate_ids': [], 'city': 'SOMERVILLE', 'committee_id': 'C00401224', 'committee_type': 'V', 'committee_type_full': 'Hybrid PAC (with Non-Contribution Account) - Nonqualified', 'cycle': 2026, 'cycles': [2004, 2006, 2008, 2010, 2012, 2014, 2016, 2018, 2020, 2022, 2024, 2026], 'cycles_has_activity': [2004, 2006, 2008, 2010, 2012, 2014, 2016, 2018, 2020, 2022, 2024, 2026], 'cycles_has_financial': [2004, 2006, 2008, 2010, 2012, 2014, 2016, 2018, 2020, 2022, 2024, 2026], 'designated_agent_city': None, 'designated_agent_first_name': None, 'designated_agent_last_name': None, 'designated_agent_middle_name': None, 'designated_agent_name': None, 'designated_agent_phone_number': None, 'designated_agent_prefix': None, 'designated_agent_state': None, 'designated_agent_street1': None, 'designated_agent_street2': None, 'designated_agent_suffix': None, 'designated_agent_title': None, 'designated_agent_zip': None, 'designation': 'U', 'designation_full': 'Unauthorized', 'filing_frequency': 'M', 'first_f1_date': '2004-05-17', 'first_file_date': '2004-05-17', 'is_active': True, 'last_cycle_has_activity': 2026, 'last_cycle_has_financial': 2026, 'last_f1_date': '2024-07-29', 'last_file_date': '2026-04-22', 'name': 'ACTBLUE', 'organization_type': None, 'organization_type_full': None, 'party': None, 'party_full': None, 'state': 'MA', 'state_full': 'Massachusetts', 'street_1': 'PO BOX 441146', 'street_2': None, 'treasurer_name': 'GILMER, GEORGE', 'zip': '02144'}",278.27,LITTLE ROCK,HILLCREST,TOMMY,C00401224,BETHEA,,"BETHEA, TOMMY",CNC MACHINIST,,AR,617 W24TH ST,,,72206,,P2026,,IND,INDIVIDUAL,PRIMARY,2026,1956215,F3,202603259856855568,,True,11AI,Contributions From Individuals/Persons Other Than Political Committees,4032520261425275010,2026-05-02T03:05:57,,,* EARMARKED CONTRIBUTION: SEE BELOW,False,,,https://docquery.fec.gov/cgi-bin/fecimg/?202603259856855568,15E,EARMARKED CONTRIBUTION,,P,,S,12P,2026,SA,ITEMIZED RECEIPTS,4032620261433440093,6811744,2026,C00401224,C00905471,HALLIE SHOFFNER FOR ARKANSAS,"SHOFFNER, HALLIE",S6AR00199,AR,DEM,DEM,selected,True,highest_total_receipts,,True,2026,2026-05-03T14:08:37.176036+00:00
C,CHANGE,SA11AI,6819363E,,,,,,,,,,,,,"{'affiliated_committee_name': 'NONE', 'candidate_ids': ['S6AR00199'], 'city': 'LITTLE ROCK', 'committee_id': 'C00905471', 'committee_type': 'S', 'committee_type_full': 'Senate', 'cycle': 2026, 'cycles': [2026], 'cycles_has_activity': [2026], 'cycles_has_financial': [2026], 'designated_agent_city': 'LITTLE ROCK', 'designated_agent_first_name': 'HALLIE', 'designated_agent_last_name': 'SHOFFNER', 'designated_agent_middle_name': None, 'designated_agent_name': 'SHOFFNER, HALLIE', 'designated_agent_phone_number': '8702173332', 'designated_agent_prefix': None, 'designated_agent_state': 'AR', 'designated_agent_street1': '600 E. CAPITOL', 'designated_agent_street2': None, 'designated_agent_suffix': None, 'designated_agent_title': 'CANDIDATE', 'designated_agent_zip': '72202', 'designation': 'P', 'designation_full': 'Principal campaign committee', 'filing_frequency': 'Q', 'first_f1_date': '2025-05-16', 'first_file_date': '2025-05-16', 'is_active': True, 'last_cycle_has_activity': 2026, 'last_cycle_has_financial': 2026, 'last_f1_date': '2025-09-10', 'last_file_date': '2026-04-15', 'name': 'HALLIE SHOFFNER FOR ARKANSAS', 'organization_type': None, 'organization_type_full': None, 'party': 'DEM', 'party_full': 'DEMOCRATIC PARTY', 'state': 'AR', 'state_full': 'Arkansas', 'street_1': '600 E. CAPITOL STREET', 'street_2': 'P.O. BOX 57', 'treasurer_name': 'BARON, SHELLY', 'zip': '72202'}",C00905471,,,,,,,,,100.0,2026-02-06,"{'affiliated_committee_name': 'BLUE TO THE FUTURE 2024', 'candidate_ids': [], 'city': 'SOMERVILLE', 'committee_id': 'C00401224', 'committee_type': 'V', 'committee_type_full': 'Hybrid PAC (with Non-Contribution Account) - Nonqualified', 'cycle': 2026, 'cycles': [2004, 2006, 2008, 2010, 2012, 2014, 2016, 2018, 2020, 2022, 2024, 2026], 'cycles_has_activity': [2004, 2006, 2008, 2010, 2012, 2014, 2016, 2018, 2020, 2022, 2024, 2026], 'cycles_has_financial': [2004, 2006, 2008, 2010, 2012, 2014, 2016, 2018, 2020, 2022, 2024, 2026], 'designated_agent_city': None, 'designated_agent_first_name': None, 'designated_agent_last_name': None, 'designated_agent_middle_name': None, 'designated_agent_name': None, 'designated_agent_phone_number': None, 'designated_agent_prefix': None, 'designated_agent_state': None, 'designated_agent_street1': None, 'designated_agent_street2': None, 'designated_agent_suffix': None, 'designated_agent_title': None, 'designated_agent_zip': None, 'designation': 'U', 'designation_full': 'Unauthorized', 'filing_frequency': 'M', 'first_f1_date': '2004-05-17', 'first_file_date': '2004-05-17', 'is_active': True, 'last_cycle_has_activity': 2026, 'last_cycle_has_financial': 2026, 'last_f1_date': '2024-07-29', 'last_file_date': '2026-04-22', 'name': 'ACTBLUE', 'organization_type': None, 'organization_type_full': None, 'party': None, 'party_full': None, 'state': 'MA', 'state_full': 'Massachusetts', 'street_1': 'PO BOX 441146', 'street_2': None, 'treasurer_name': 'GILMER, GEORGE', 'zip': '02144'}",250.0,LITTLE ROCK,RETIRED,SHARLIE,C00401224,RIGBY,,"RIGBY, SHARLIE",RETIRED,,AR,201 MIRAMAR BLVD,,,722233200,,P2026,,IND,INDIVIDUAL,PRIMARY,2026,1956215,F3,202603259856855540,,True,11AI,Contributions From Individuals/Persons Other Than Political Committees,4032520261425275010,2026-05-02T03:05:57,,,* EARMARKED CONTRIBUTION: SEE BELOW,False,,,https://docquery.fec.gov/cgi-bin/fecimg/?202603259856855540,15E,EARMARKED CONTRIBUTION,,P,,S,12P,2026,SA,ITEMIZED RECEIPTS,4032620261433440009,6819363,2026,C00401224,C00905471,HALLIE SHOFFNER FOR ARKANSAS,"SHOFFNER, HALLIE",S6AR00199,AR,DEM,DEM,selected,True,highest_total_receipts,,True,2026,2026-05-03T14:08:37.176105+00:00
N,NO CHANGE,SA11AI,6811452E,,,,,,,,,,,,,"{'affiliated_committee_name': 'NONE', 'candidate_ids': ['S6AR00199'], 'city': 'LITTLE ROCK', 'committee_id': 'C00905471', 'committee_type': 'S', 'committee_type_full': 'Senate', 'cycle': 2026, 'cycles': [2026], 'cycles_has_activity': [2026], 'cycles_has_financial': [2026], 'designated_agent_city': 'LITTLE ROCK', 'designated_agent_first_name': 'HALLIE', 'designated_agent_last_name': 'SHOFFNER', 'designated_agent_middle_name': None, 'designated_agent_name': 'SHOFFNER, HALLIE', 'designated_agent_phone_number': '8702173332', 'designated_agent_prefix': None, 'designated_agent_state': 'AR', 'designated_agent_street1': '600 E. CAPITOL', 'designated_agent_street2': None, 'designated_agent_suffix': None, 'designated_agent_title': 'CANDIDATE', 'designated_agent_zip': '72202', 'designation': 'P', 'designation_full': 'Principal campaign committee', 'filing_frequency': 'Q', 'first_f1_date': '2025-05-16', 'first_file_date': '2025-05-16', 'is_active': True, 'last_cycle_has_activity': 2026, 'last_cycle_has_financial': 2026, 'last_f1_date': '2025-09-10', 'last_file_date': '2026-04-15', 'name': 'HALLIE SHOFFNER FOR ARKANSAS', 'organization_type': None, 'organization_type_full': None, 'party': 'DEM', 'party_full': 'DEMOCRATIC PARTY', 'state': 'AR', 'state_full': 'Arkansas', 'street_1': '600 E. CAPITOL STREET', 'street_2': 'P.O. BOX 57', 'treasurer_name': 'BARON, SHELLY', 'zip': '72202'}",C00905471,,,,,,,,,50.0,2026-02-06,"{'affiliated_committee_name': 'BLUE TO THE FUTURE 2024', 'candidate_ids': [], 'city': 'SOMERVILLE', 'committee_id': 'C00401224', 'committee_type': 'V', 'committee_type_full': 'Hybrid PAC (with Non-Contribution Account) - Nonqualified', 'cycle': 2026, 'cycles': [2004, 2006, 2008, 2010, 2012, 2014, 2016, 2018, 2020, 2022, 2024, 2026], 'cycles_has_activity': [2004, 2006, 2008, 2010, 2012, 2014, 2016, 2018, 2020, 2022, 2024, 2026], 'cycles_has_financial': [2004, 2006, 2008, 2010, 2012, 2014, 2016, 2018, 2020, 2022, 2024, 2026], 'designated_agent_city': None, 'designated_agent_first_name': None, 'designated_agent_last_name': None, 'designated_agent_middle_name': None, 'designated_agent_name': None, 'designated_agent_phone_number': None, 'designated_agent_prefix': None, 'designated_agent_state': None, 'designated_agent_street1': None, 'designated_agent_street2': None, 'designated_agent_suffix': None, 'designated_agent_title': None, 'designated_agent_zip': None, 'designation': 'U', 'designation_full': 'Unauthorized', 'filing_frequency': 'M', 'first_f1_date': '2004-05-17', 'first_file_date': '2004-05-17', 'is_active': True, 'last_cycle_has_activity': 2026, 'last_cycle_has_financial': 2026, 'last_f1_date': '2024-07-29', 'last_file_date': '2026-04-22', 'name': 'ACTBLUE', 'organization_type': None, 'organization_type_full': None, 'party': None, 'party_full': None, 'state': 'MA', 'state_full': 'Massachusetts', 'street_1': 'PO BOX 441146', 'street_2': None, 'treasurer_name': 'GILMER, GEORGE', 'zip': '02144'}",1300.0,LITTLE ROCK,NOT EMPLOYED,BOB,C00401224,RAZER,,"RAZER, BOB",NOT EMPLOYED,,AR,1709 N TYLER ST,,,722075339,,P2026,,IND,INDIVIDUAL,PRIMARY,2026,1956215,F3,202603259856855509,,True,11AI,Contributions From Individuals/Persons Other Than Political Committees,4032520261425275010,2026-05-02T03:05:57,,,* EARMARKED CONTRIBUTION: SEE BELOW,False,,,https://docquery.fec.gov/cgi-bin/fecimg/?202603259856855509,15E,EARMARKED CONTRIBUTION,,P,,S,12P,2026,SA,ITEMIZED RECEIPTS,4032620261433438916,6811452,2026,C00401224,C00905471,HALLIE SHOFFNER FOR ARKANSAS,"SHOFFNER, HALLIE",S6AR00199,AR,DEM,DEM,selected,True,highest_total_receipts,,True,2026,2026-05-03T14:08:37.176179+00:00
N,NO CHANGE,SA11AI,6815912E,,,,,,,,,,,,,"{'affiliated_committee_name': 'NONE', 'candidate_ids': ['S6AR00199'], 'city': 'LITTLE ROCK', 'committee_id': 'C00905471', 'committee_type': 'S', 'committee_type_full': 'Senate', 'cycle': 2026, 'cycles': [2026], 'cycles_has_activity': [2026], 'cycles_has_financial': [2026], 'designated_agent_city': 'LITTLE ROCK', 'designated_agent_first_name': 'HALLIE', 'designated_agent_last_name': 'SHOFFNER', 'designated_agent_middle_name': None, 'designated_agent_name': 'SHOFFNER, HALLIE', 'designated_agent_phone_number': '8702173332', 'designated_agent_prefix': None, 'designated_agent_state': 'AR', 'designated_agent_street1': '600 E. CAPITOL', 'designated_agent_street2': None, 'designated_agent_suffix': None, 'designated_agent_title': 'CANDIDATE', 'designated_agent_zip': '72202', 'designation': 'P', 'designation_full': 'Principal campaign committee', 'filing_frequency': 'Q', 'first_f1_date': '2025-05-16', 'first_file_date': '2025-05-16', 'is_active': True, 'last_cycle_has_activity': 2026, 'last_cycle_has_financial': 2026, 'last_f1_date': '2025-09-10', 'last_file_date': '2026-04-15', 'name': 'HALLIE SHOFFNER FOR ARKANSAS', 'organization_type': None, 'organization_type_full': None, 'party': 'DEM', 'party_full': 'DEMOCRATIC PARTY', 'state': 'AR', 'state_full': 'Arkansas', 'street_1': '600 E. CAPITOL STREET', 'street_2': 'P.O. BOX 57', 'treasurer_name': 'BARON, SHELLY', 'zip': '72202'}",C00905471,,,,,,,,,250.0,2026-02-06,"{'affiliated_committee_name': 'BLUE TO THE FUTURE 2024', 'candidate_ids': [], 'city': 'SOMERVILLE', 'committee_id': 'C00401224', 'committee_type': 'V', 'committee_type_full': 'Hybrid PAC (with Non-Contribution Account) - Nonqualified', 'cycle': 2026, 'cycles': [2004, 2006, 2008, 2010, 2012, 2014, 2016, 2018, 2020, 2022, 2024, 2026], 'cycles_has_activity': [2004, 2006, 2008, 2010, 2012, 2014, 2016, 2018, 2020, 2022, 2024, 2026], 'cycles_has_financial': [2004, 2006, 2008, 2010, 2012, 2014, 2016, 2018, 2020, 2022, 2024, 2026], 'designated_agent_city': None, 'designated_agent_first_name': None, 'designated_agent_last_name': None, 'designated_agent_middle_name': None, 'designated_agent_name': None, 'designated_agent_phone_number': None, 'designated_agent_prefix': None, 'designated_agent_state': None, 'designated_agent_street1': None, 'designated_agent_street2': None, 'designated_agent_suffix': None, 'designated_agent_title': None, 'designated_agent_zip': None, 'designation': 'U', 'designation_full': 'Unauthorized', 'filing_frequency': 'M', 'first_f1_date': '2004-05-17', 'first_file_date': '2004-05-17', 'is_active': True, 'last_cycle_has_activity': 2026, 'last_cycle_has_financial': 2026, 'last_f1_date': '2024-07-29', 'last_file_date': '2026-04-22', 'name': 'ACTBLUE', 'organization_type': None, 'organization_type_full': None, 'party': None, 'party_full': None, 'state': 'MA', 'state_full': 'Massachusetts', 'street_1': 'PO BOX 441146', 'street_2': None, 'treasurer_name': 'GILMER, GEORGE', 'zip': '02144'}",250.0,BATESVILLE,WHITE RIVER HEALTH,MELODY,C00401224,MOODY,,"MOODY, MELODY",PEDIATRICIAN,,AR,715 E MAIN ST,,,725013436,,P2026,,IND,INDIVIDUAL,PRIMARY,2026,1956215,F3,202603259856855499,,True,11AI,Contributions From Individuals/Persons Other Than Political Committees,4032520261425275010,2026-05-02T03:05:57,,,* EARMARKED CONTRIBUTION: SEE BELOW,False,,,https://docquery.fec.gov/cgi-bin/fecimg/?202603259856855499,15E,EARMARKED CONTRIBUTION,,P,,S,12P,2026,SA,ITEMIZED RECEIPTS,4032620261433438884,6815912,2026,C00401224,C00905471,HALLIE SHOFFNER FOR ARKANSAS,"SHOFFNER, HALLIE",S6AR00199,AR,DEM,DEM,selected,True,highest_total_receipts,,True,2026,2026-05-03T14:08:37.176253+00:00
C,CHANGE,,,,,,,,,,,,,,,"{'affiliated_committee_name': 'NONE', 'candidate_ids': ['S6AR00199'], 'city': 'LITTLE ROCK', 'committee_id': 'C00905471', 'committee_type': 'S', 'committee_type_full': 'Senate', 'cycle': 2026, 'cycles': [2026], 'cycles_has_activity': [2026], 'cycles_has_financial': [2026], 'designated_agent_city': 'LITTLE ROCK', 'designated_agent_first_name': 'HALLIE', 'designated_agent_last_name': 'SHOFFNER', 'designated_agent_middle_name': None, 'designated_agent_name': 'SHOFFNER, HALLIE', 'designated_agent_phone_number': '8702173332', 'designated_agent_prefix': None, 'designated_agent_state': 'AR', 'designated_agent_street1': '600 E. CAPITOL', 'designated_agent_street2': None, 'designated_agent_suffix': None, 'designated_agent_title': 'CANDIDATE', 'designated_agent_zip': '72202', 'designation': 'P', 'designation_full': 'Principal campaign committee', 'filing_frequency': 'Q', 'first_f1_date': '2025-05-16', 'first_file_date': '2025-05-16', 'is_active': True, 'last_cycle_has_activity': 2026, 'last_cycle_has_financial': 2026, 'last_f1_date': '2025-09-10', 'last_file_date': '2026-04-15', 'name': 'HALLIE SHOFFNER FOR ARKANSAS', 'organization_type': None, 'organization_type_full': None, 'party': 'DEM', 'party_full': 'DEMOCRATIC PARTY', 'state': 'AR', 'state_full': 'Arkansas', 'street_1': '600 E. CAPITOL STREET', 'street_2': 'P.O. BOX 57', 'treasurer_name': 'BARON, SHELLY', 'zip': '72202'}",C00905471,,,,,,,,,33.27,2026-02-06,,383.27,LITTLE ROCK,UNIVERSITY OF ARKANSAS FOR MEDICAL SCI,LOUISE,,MONTGOMERY,,"MONTGOMERY, LOUISE",LIBRARIAN,,AR,11105 WESTPOINT CT,,,722112540,,P2026,,IND,INDIVIDUAL,PRIMARY,2026,1956215,F3,202603259856855458,,True,11AI,Contributions From Individuals/Persons Other Than Political Committees,4032520261425275010,2026-05-02T03:05:57,,,,False,,,https://docquery.fec.gov/cgi-bin/fecimg/?202603259856855458,15,CONTRIBUTION,,P,,S,12P,2026,SA,ITEMIZED RECEIPTS,4032620261433438761,7140960,2026,,C00905471,HALLIE SHOFFNER FOR ARKANSAS,"SHOFFNER, HALLIE",S6AR00199,AR,DEM,DEM,selected,True,highest_total_receipts,,True,2026,2026-05-03T14:08:37.176327+00:00
N,NO CHANGE,SA11AI,6818420E,,,,,,,,,,,,,"{'affiliated_committee_name': 'NONE', 'candidate_ids': ['S6AR00199'], 'city': 'LITTLE ROCK', 'committee_id': 'C00905471', 'committee_type': 'S', 'committee_type_full': 'Senate', 'cycle': 2026, 'cycles': [2026], 'cycles_has_activity': [2026], 'cycles_has_financial': [2026], 'designated_agent_city': 'LITTLE ROCK', 'designated_agent_first_name': 'HALLIE', 'designated_agent_last_name': 'SHOFFNER', 'designated_agent_middle_name': None, 'designated_agent_name': 'SHOFFNER, HALLIE', 'designated_agent_phone_number': '8702173332', 'designated_agent_prefix': None, 'designated_agent_state': 'AR', 'designated_agent_street1': '600 E. CAPITOL', 'designated_agent_street2': None, 'designated_agent_suffix': None, 'designated_agent_title': 'CANDIDATE', 'designated_agent_zip': '72202', 'designation': 'P', 'designation_full': 'Principal campaign committee', 'filing_frequency': 'Q', 'first_f1_date': '2025-05-16', 'first_file_date': '2025-05-16', 'is_active': True, 'last_cycle_has_activity': 2026, 'last_cycle_has_financial': 2026, 'last_f1_date': '2025-09-10', 'last_file_date': '2026-04-15', 'name': 'HALLIE SHOFFNER FOR ARKANSAS', 'organization_type': None, 'organization_type_full': None, 'party': 'DEM', 'party_full': 'DEMOCRATIC PARTY', 'state': 'AR', 'state_full': 'Arkansas', 'street_1': '600 E. CAPITOL STREET', 'street_2': 'P.O. BOX 57', 'treasurer_name': 'BARON, SHELLY', 'zip': '72202'}",C00905471,,,,,,,,,50.0,2026-02-06,"{'affiliated_committee_name': 'BLUE TO THE FUTURE 2024', 'candidate_ids': [], 'city': 'SOMERVILLE', 'committee_id': 'C00401224', 'committee_type': 'V', 'committee_type_full': 'Hybrid PAC (with Non-Contribution Account) - Nonqualified', 'cycle': 2026, 'cycles': [2004, 2006, 2008, 2010, 2012, 2014, 2016, 2018, 2020, 2022, 2024, 2026], 'cycles_has_activity': [2004, 2006, 2008, 2010, 2012, 2014, 2016, 2018, 2020, 2022, 2024, 2026], 'cycles_has_financial': [2004, 2006, 2008, 2010, 2012, 2014, 2016, 2018, 2020, 2022, 2024, 2026], 'designated_agent_city': None, 'designated_agent_first_name': None, 'designated_agent_last_name': None, 'designated_agent_middle_name': None, 'designated_agent_name': None, 'designated_agent_phone_number': None, 'designated_agent_prefix': None, 'designated_agent_state': None, 'designated_agent_street1': None, 'designated_agent_street2': None, 'designated_agent_suffix': None, 'designated_agent_title': None, 'designated_agent_zip': None, 'designation': 'U', 'designation_full': 'Unauthorized', 'filing_frequency': 'M', 'first_f1_date': '2004-05-17', 'first_file_date': '2004-05-17', 'is_active': True, 'last_cycle_has_activity': 2026, 'last_cycle_has_financial': 2026, 'last_f1_date': '2024-07-29', 'last_file_date': '2026-04-22', 'name': 'ACTBLUE', 'organization_type': None, 'organization_type_full': None, 'party': None, 'party_full': None, 'state': 'MA', 'state_full': 'Massachusetts', 'street_1': 'PO BOX 441146', 'street_2': None, 'treasurer_name': 'GILMER, GEORGE', 'zip': '02144'}",400.0,RIVERSIDE,NOT EMPLOYED,WILLIAM,C00401224,HARRIS,,"HARRIS, WILLIAM",NOT EMPLOYED,,CA,3046 HAVERHILL CT,,,925064412,,P2026,,IND,INDIVIDUAL,PRIMARY,2026,1956215,F3,202603259856855451,,True,11AI,Contributions From Individuals/Persons Other Than Political Committees,4032520261425275010,2026-05-02T03:05:57,,,* EARMARKED CONTRIBUTION: SEE BELOW,False,,,https://docquery.fec.gov/cgi-bin/fecimg/?202603259856855451,15E,EARMARKED CONTRIBUTION,,P,,S,12P,2026,SA,ITEMIZED RECEIPTS,4032620261433438741,6818420,2026,C00401224,C00905471,HALLIE SHOFFNER FOR ARKANSAS,"SHOFFNER, HALLIE",S6AR00199,AR,DEM,DEM,selected,True,highest_total_receipts,,True,2026,2026-05-03T14:08:37.176398+00:00
N,NO CHANGE,,,,,,,,,,,,,,,"{'affiliated_committee_name': 'NONE', 'candidate_ids': ['S6AR00199'], 'city': 'LITTLE ROCK', 'committee_id': 'C00905471', 'committee_type': 'S', 'committee_type_full': 'Senate', 'cycle': 2026, 'cycles': [2026], 'cycles_has_activity': [2026], 'cycles_has_financial': [2026], 'designated_agent_city': 'LITTLE ROCK', 'designated_agent_first_name': 'HALLIE', 'designated_agent_last_name': 'SHOFFNER', 'designated_agent_middle_name': None, 'designated_agent_name': 'SHOFFNER, HALLIE', 'designated_agent_phone_number': '8702173332', 'designated_agent_prefix': None, 'designated_agent_state': 'AR', 'designated_agent_street1': '600 E. CAPITOL', 'designated_agent_street2': None, 'designated_agent_suffix': None, 'designated_agent_title': 'CANDIDATE', 'designated_agent_zip': '72202', 'designation': 'P', 'designation_full': 'Principal campaign committee', 'filing_frequency': 'Q', 'first_f1_date': '2025-05-16', 'first_file_date': '2025-05-16', 'is_active': True, 'last_cycle_has_activity': 2026, 'last_cycle_has_financial': 2026, 'last_f1_date': '2025-09-10', 'last_file_date': '2026-04-15', 'name': 'HALLIE SHOFFNER FOR ARKANSAS', 'organization_type': None, 'organization_type_full': None, 'party': 'DEM', 'party_full': 'DEMOCRATIC PARTY', 'state': 'AR', 'state_full': 'Arkansas', 'street_1': '600 E. CAPITOL STREET', 'street_2': 'P.O. BOX 57', 'treasurer_name': 'BARON, SHELLY', 'zip': '72202'}",C00905471,,,,,,,,,519.0,2026-02-05,,519.0,SEARCY,ROAPA,CHERYL,,PAYNE,,"PAYNE, CHERYL",PHYSICIAN,,AR,2961 W COUNTRY CLUB RD,,,721439466,,P2026,,IND,INDIVIDUAL,PRIMARY,2026,1956215,F3,202603259856855731,,True,11AI,Contributions From Individuals/Persons Other Than Political Committees,4032520261425275010,2026-05-02T03:05:57,,,,False,,,https://docquery.fec.gov/cgi-bin/fecimg/?202603259856855731,15,CONTRIBUTION,,P,,S,12P,2026,SA,ITEMIZED RECEIPTS,4032620261433440581,6982279,2026,,C00905471,HALLIE SHOFFNER FOR ARKANSAS,"SHOFFNER, HALLIE",S6AR00199,AR,DEM,DEM,selected,True,highest_total_receipts,,True,2026,2026-05-03T14:08:37.176469+00:00
N,NO CHANGE,SA11AI,6802659E,,,,,,,,,,,,,"{'affiliated_committee_name': 'NONE', 'candidate_ids': ['S6AR00199'], 'city': 'LITTLE ROCK', 'committee_id': 'C00905471', 'committee_type': 'S', 'committee_type_full': 'Senate', 'cycle': 2026, 'cycles': [2026], 'cycles_has_activity': [2026], 'cycles_has_financial': [2026], 'designated_agent_city': 'LITTLE ROCK', 'designated_agent_first_name': 'HALLIE', 'designated_agent_last_name': 'SHOFFNER', 'designated_agent_middle_name': None, 'designated_agent_name': 'SHOFFNER, HALLIE', 'designated_agent_phone_number': '8702173332', 'designated_agent_prefix': None, 'designated_agent_state': 'AR', 'designated_agent_street1': '600 E. CAPITOL', 'designated_agent_street2': None, 'designated_agent_suffix': None, 'designated_agent_title': 'CANDIDATE', 'designated_agent_zip': '72202', 'designation': 'P', 'designation_full': 'Principal campaign committee', 'filing_frequency': 'Q', 'first_f1_date': '2025-05-16', 'first_file_date': '2025-05-16', 'is_active': True, 'last_cycle_has_activity': 2026, 'last_cycle_has_financial': 2026, 'last_f1_date': '2025-09-10', 'last_file_date': '2026-04-15', 'name': 'HALLIE SHOFFNER FOR ARKANSAS', 'organization_type': None, 'organization_type_full': None, 'party': 'DEM', 'party_full': 'DEMOCRATIC PARTY', 'state': 'AR', 'state_full': 'Arkansas', 'street_1': '600 E. CAPITOL STREET', 'street_2': 'P.O. BOX 57', 'treasurer_name': 'BARON, SHELLY', 'zip': '72202'}",C00905471,,,,,,,,,200.0,2026-02-05,"{'affiliated_committee_name': 'BLUE TO THE FUTURE 2024', 'candidate_ids': [], 'city': 'SOMERVILLE', 'committee_id': 'C00401224', 'committee_type': 'V', 'committee_type_full': 'Hybrid PAC (with Non-Contribution Account) - Nonqualified', 'cycle': 2026, 'cycles': [2004, 2006, 2008, 2010, 2012, 2014, 2016, 2018, 2020, 2022, 2024, 2026], 'cycles_has_activity': [2004, 2006, 2008, 2010, 2012, 2014, 2016, 2018, 2020, 2022, 2024, 2026], 'cycles_has_financial': [2004, 2006, 2008, 2010, 2012, 2014, 2016, 2018, 2020, 2022, 2024, 2026], 'designated_agent_city': None, 'designated_agent_first_name': None, 'designated_agent_last_name': None, 'designated_agent_middle_name': None, 'designated_agent_name': None, 'designated_agent_phone_number': None, 'designated_agent_prefix': None, 'designated_agent_state': None, 'designated_agent_street1': None, 'designated_agent_street2': None, 'designated_agent_suffix': None, 'designated_agent_title': None, 'designated_agent_zip': None, 'designation': 'U', 'designation_full': 'Unauthorized', 'filing_frequency': 'M', 'first_f1_date': '2004-05-17', 'first_file_date': '2004-05-17', 'is_active': True, 'last_cycle_has_activity': 2026, 'last_cycle_has_financial': 2026, 'last_f1_date': '2024-07-29', 'last_file_date': '2026-04-22', 'name': 'ACTBLUE', 'organization_type': None, 'organization_type_full': None, 'party': None, 'party_full': None, 'state': 'MA', 'state_full': 'Massachusetts', 'street_1': 'PO BOX 441146', 'street_2': None, 'treasurer_name': 'GILMER, GEORGE', 'zip': '02144'}",850.0,BELLA VISTA,RETIRED,LEE,C00401224,WILLIAMS,,"WILLIAMS, LEE",BA VOLUNTEER YOGA TEACHER,,AR,15 SHELLY DR,,,727145210,,P2026,,IND,INDIVIDUAL,PRIMARY,2026,1956215,F3,202603259856855725,,True,11AI,Contributions From Individuals/Persons Other Than Political Committees,4032520261425275010,2026-05-02T03:05:57,,,* EARMARKED CONTRIBUTION: SEE BELOW,False,,,https://docquery.fec.gov/cgi-bin/fecimg/?202603259856855725,15E,EARMARKED CONTRIBUTION,,P,,S,12P,2026,SA,ITEMIZED RECEIPTS,4032620261433440564,6802659,2026,C00401224,C00905471,HALLIE SHOFFNER FOR ARKANSAS,"SHOFFNER, HALLIE",S6AR00199,AR,DEM,DEM,selected,True,highest_total_receipts,,True,2026,2026-05-03T14:08:37.176534+00:00
N,NO CHANGE,,,,,,,,,,,,,,,"{'affiliated_committee_name': 'NONE', 'candidate_ids': ['S6AR00199'], 'city': 'LITTLE ROCK', 'committee_id': 'C00905471', 'committee_type': 'S', 'committee_type_full': 'Senate', 'cycle': 2026, 'cycles': [2026], 'cycles_has_activity': [2026], 'cycles_has_financial': [2026], 'designated_agent_city': 'LITTLE ROCK', 'designated_agent_first_name': 'HALLIE', 'designated_agent_last_name': 'SHOFFNER', 'designated_agent_middle_name': None, 'designated_agent_name': 'SHOFFNER, HALLIE', 'designated_agent_phone_number': '8702173332', 'designated_agent_prefix': None, 'designated_agent_state': 'AR', 'designated_agent_street1': '600 E. CAPITOL', 'designated_agent_street2': None, 'designated_agent_suffix': None, 'designated_agent_title': 'CANDIDATE', 'designated_agent_zip': '72202', 'designation': 'P', 'designation_full': 'Principal campaign committee', 'filing_frequency': 'Q', 'first_f1_date': '2025-05-16', 'first_file_date': '2025-05-16', 'is_active': True, 'last_cycle_has_activity': 2026, 'last_cycle_has_financial': 2026, 'last_f1_date': '2025-09-10', 'last_file_date': '2026-04-15', 'name': 'HALLIE SHOFFNER FOR ARKANSAS', 'organization_type': None, 'organization_type_full': None, 'party': 'DEM', 'party_full': 'DEMOCRATIC PARTY', 'state': 'AR', 'state_full': 'Arkansas', 'street_1': '600 E. CAPITOL STREET', 'street_2': 'P.O. BOX 57', 'treasurer_name': 'BARON, SHELLY', 'zip': '72202'}",C00905471,,,,,,,,,33.27,2026-02-05,,308.27,NORTH LITTLE ROCK,AR CHILDREN'S HOSP,SARA,,BOWLING,,"BOWLING, SARA",EDUCATOR,,AR,4207 WESTRIDGE DR,,,721168156,,P2026,,IND,INDIVIDUAL,PRIMARY,2026,1956215,F3,202603259856855713,,True,11AI,Contributions From Individuals/Persons Other Than Political Committees,4032520261425275010,2026-05-02T03:05:57,,,,False,,,https://docquery.fec.gov/cgi-bin/fecimg/?202603259856855713,15,CONTRIBUTION,,P,,S,12P,2026,SA,ITEMIZED RECEIPTS,4032620261433440527,6983919,2026,,C00905471,HALLIE SHOFFNER FOR ARKANSAS,"SHOFFNER, HALLIE",S6AR00199,AR,DEM,DEM,selected,True,highest_total_receipts,,True,2026,2026-05-03T14:08:37.176594+00:00
N,NO CHANGE,,,,,,,,,,,,,,,"{'affiliated_committee_name': 'NONE', 'candidate_ids': ['S6AR00199'], 'city': 'LITTLE ROCK', 'committee_id': 'C00905471', 'committee_type': 'S', 'committee_type_full': 'Senate', 'cycle': 2026, 'cycles': [2026], 'cycles_has_activity': [2026], 'cycles_has_financial': [2026], 'designated_agent_city': 'LITTLE ROCK', 'designated_agent_first_name': 'HALLIE', 'designated_agent_last_name': 'SHOFFNER', 'designated_agent_middle_name': None, 'designated_agent_name': 'SHOFFNER, HALLIE', 'designated_agent_phone_number': '8702173332', 'designated_agent_prefix': None, 'designated_agent_state': 'AR', 'designated_agent_street1': '600 E. CAPITOL', 'designated_agent_street2': None, 'designated_agent_suffix': None, 'designated_agent_title': 'CANDIDATE', 'designated_agent_zip': '72202', 'designation': 'P', 'designation_full': 'Principal campaign committee', 'filing_frequency': 'Q', 'first_f1_date': '2025-05-16', 'first_file_date': '2025-05-16', 'is_active': True, 'last_cycle_has_activity': 2026, 'last_cycle_has_financial': 2026, 'last_f1_date': '2025-09-10', 'last_file_date': '2026-04-15', 'name': 'HALLIE SHOFFNER FOR ARKANSAS', 'organization_type': None, 'organization_type_full': None, 'party': 'DEM', 'party_full': 'DEMOCRATIC PARTY', 'state': 'AR', 'state_full': 'Arkansas', 'street_1': '600 E. CAPITOL STREET', 'street_2': 'P.O. BOX 57', 'treasurer_name': 'BARON, SHELLY', 'zip': '72202'}",C00905471,,,,,,,,,50.0,2026-02-05,,200.0,LITTLE ROCK,RETIRED,JENNIPHER,,BOONE,,"BOONE, JENNIPHER",SOCIAL WORKER,,AR,16201 PRIDE VALLEY RD,,,722234821,,P2026,,IND,INDIVIDUAL,PRIMARY,2026,1956215,F3,202603259856855703,,True,11AI,Contributions From Individuals/Persons Other Than Political Committees,4032520261425275010,2026-05-02T03:05:57,,,,False,,,https://docquery.fec.gov/cgi-bin/fecimg/?202603259856855703,,,,P,,S,12P,2026,SA,ITEMIZED RECEIPTS,4032620261433440498,6982288,2026,,C00905471,HALLIE SHOFFNER FOR ARKANSAS,"SHOFFNER, HALLIE",S6AR00199,AR,DEM,DEM,selected,True,highest_total_receipts,,True,2026,2026-05-03T14:08:37.176656+00:00
N,NO CHANGE,SA11AI,6796978E,,,,,,,,,,,,,"{'affiliated_committee_name': 'NONE', 'candidate_ids': ['S6AR00199'], 'city': 'LITTLE ROCK', 'committee_id': 'C00905471', 'committee_type': 'S', 'committee_type_full': 'Senate', 'cycle': 2026, 'cycles': [2026], 'cycles_has_activity': [2026], 'cycles_has_financial': [2026], 'designated_agent_city': 'LITTLE ROCK', 'designated_agent_first_name': 'HALLIE', 'designated_agent_last_name': 'SHOFFNER', 'designated_agent_middle_name': None, 'designated_agent_name': 'SHOFFNER, HALLIE', 'designated_agent_phone_number': '8702173332', 'designated_agent_prefix': None, 'designated_agent_state': 'AR', 'designated_agent_street1': '600 E. CAPITOL', 'designated_agent_street2': None, 'designated_agent_suffix': None, 'designated_agent_title': 'CANDIDATE', 'designated_agent_zip': '72202', 'designation': 'P', 'designation_full': 'Principal campaign committee', 'filing_frequency': 'Q', 'first_f1_date': '2025-05-16', 'first_file_date': '2025-05-16', 'is_active': True, 'last_cycle_has_activity': 2026, 'last_cycle_has_financial': 2026, 'last_f1_date': '2025-09-10', 'last_file_date': '2026-04-15', 'name': 'HALLIE SHOFFNER FOR ARKANSAS', 'organization_type': None, 'organization_type_full': None, 'party': 'DEM', 'party_full': 'DEMOCRATIC PARTY', 'state': 'AR', 'state_full': 'Arkansas', 'street_1': '600 E. CAPITOL STREET', 'street_2': 'P.O. BOX 57', 'treasurer_name': 'BARON, SHELLY', 'zip': '72202'}",C00905471,,,,,,,,,10.0,2026-02-05,"{'affiliated_committee_name': 'BLUE TO THE FUTURE 2024', 'candidate_ids': [], 'city': 'SOMERVILLE', 'committee_id': 'C00401224', 'committee_type': 'V', 'committee_type_full': 'Hybrid PAC (with Non-Contribution Account) - Nonqualified', 'cycle': 2026, 'cycles': [2004, 2006, 2008, 2010, 2012, 2014, 2016, 2018, 2020, 2022, 2024, 2026], 'cycles_has_activity': [2004, 2006, 2008, 2010, 2012, 2014, 2016, 2018, 2020, 2022, 2024, 2026], 'cycles_has_financial': [2004, 2006, 2008, 2010, 2012, 2014, 2016, 2018, 2020, 2022, 2024, 2026], 'designated_agent_city': None, 'designated_agent_first_name': None, 'designated_agent_last_name': None, 'designated_agent_middle_name': None, 'designated_agent_name': None, 'designated_agent_phone_number': None, 'designated_agent_prefix': None, 'designated_agent_state': None, 'designated_agent_street1': None, 'designated_agent_street2': None, 'designated_agent_suffix': None, 'designated_agent_title': None, 'designated_agent_zip': None, 'designation': 'U', 'designation_full': 'Unauthorized', 'filing_frequency': 'M', 'first_f1_date': '2004-05-17', 'first_file_date': '2004-05-17', 'is_active': True, 'last_cycle_has_activity': 2026, 'last_cycle_has_financial': 2026, 'last_f1_date': '2024-07-29', 'last_file_date': '2026-04-22', 'name': 'ACTBLUE', 'organization_type': None, 'organization_type_full': None, 'party': None, 'party_full': None, 'state': 'MA', 'state_full': 'Massachusetts', 'street_1': 'PO BOX 441146', 'street_2': None, 'treasurer_name': 'GILMER, GEORGE', 'zip': '02144'}",375.0,HOMOSASSA,NOT EMPLOYED,DAVID,C00401224,KALLAHER,,"KALLAHER, DAVID",NOT EMPLOYED,,FL,91 GOLFVIEW DR,,,344464269,,P2026,,IND,INDIVIDUAL,PRIMARY,2026,1956215,F3,202603259856855701,,True,11AI,Contributions From Individuals/Persons Other Than Political Committees,4032520261425275010,2026-05-02T03:05:57,,,* EARMARKED CONTRIBUTION: SEE BELOW,False,,,https://docquery.fec.gov/cgi-bin/fecimg/?202603259856855701,15E,EARMARKED CONTRIBUTION,,P,,S,12P,2026,SA,ITEMIZED RECEIPTS,4032620261433440492,6796978,2026,C00401224,C00905471,HALLIE SHOFFNER FOR ARKANSAS,"SHOFFNER, HALLIE",S6AR00199,AR,DEM,DEM,selected,True,highest_total_receipts,,True,2026,2026-05-03T14:08:37.176718+00:00
N,NO CHANGE,,,,,,,,,,,,,,,"{'affiliated_committee_name': 'NONE', 'candidate_ids': ['S6AR00199'], 'city': 'LITTLE ROCK', 'committee_id': 'C00905471', 'committee_type': 'S', 'committee_type_full': 'Senate', 'cycle': 2026, 'cycles': [2026], 'cycles_has_activity': [2026], 'cycles_has_financial': [2026], 'designated_agent_city': 'LITTLE ROCK', 'designated_agent_first_name': 'HALLIE', 'designated_agent_last_name': 'SHOFFNER', 'designated_agent_middle_name': None, 'designated_agent_name': 'SHOFFNER, HALLIE', 'designated_agent_phone_number': '8702173332', 'designated_agent_prefix': None, 'designated_agent_state': 'AR', 'designated_agent_street1': '600 E. CAPITOL', 'designated_agent_street2': None, 'designated_agent_suffix': None, 'designated_agent_title': 'CANDIDATE', 'designated_agent_zip': '72202', 'designation': 'P', 'designation_full': 'Principal campaign committee', 'filing_frequency': 'Q', 'first_f1_date': '2025-05-16', 'first_file_date': '2025-05-16', 'is_active': True, 'last_cycle_has_activity': 2026, 'last_cycle_has_financial': 2026, 'last_f1_date': '2025-09-10', 'last_file_date': '2026-04-15', 'name': 'HALLIE SHOFFNER FOR ARKANSAS', 'organization_type': None, 'organization_type_full': None, 'party': 'DEM', 'party_full': 'DEMOCRATIC PARTY', 'state': 'AR', 'state_full': 'Arkansas', 'street_1': '600 E. CAPITOL STREET', 'street_2': 'P.O. BOX 57', 'treasurer_name': 'BARON, SHELLY', 'zip': '72202'}",C00905471,,,,,,,,,259.63,2026-02-05,,259.63,PEACH ORCHARD,HALL IRRIGATION,KEITH,,HALL,,"HALL, KEITH",INSTALL IRRIGATION PIPELINES ON FARMS,,AR,97 HIGHWAY 280 97 SPUR,,,72453,,P2026,,IND,INDIVIDUAL,PRIMARY,2026,1956215,F3,202603259856855675,,True,11AI,Contributions From Individuals/Persons Other Than Political Committees,4032520261425275010,2026-05-02T03:05:57,,,,False,,,https://docquery.fec.gov/cgi-bin/fecimg/?202603259856855675,15,CONTRIBUTION,,P,,S,12P,2026,SA,ITEMIZED RECEIPTS,4032620261433440412,6982287,2026,,C00905471,HALLIE SHOFFNER FOR ARKANSAS,"SHOFFNER, HALLIE",S6AR00199,AR,DEM,DEM,selected,True,highest_total_receipts,,True,2026,2026-05-03T14:08:37.176779+00:00
N,NO CHANGE,,,,,,,,,,,,,,,"{'affiliated_committee_name': 'NONE', 'candidate_ids': ['S6AR00199'], 'city': 'LITTLE ROCK', 'committee_id': 'C00905471', 'committee_type': 'S', 'committee_type_full': 'Senate', 'cycle': 2026, 'cycles': [2026], 'cycles_has_activity': [2026], 'cycles_has_financial': [2026], 'designated_agent_city': 'LITTLE ROCK', 'designated_agent_first_name': 'HALLIE', 'designated_agent_last_name': 'SHOFFNER', 'designated_agent_middle_name': None, 'designated_agent_name': 'SHOFFNER, HALLIE', 'designated_agent_phone_number': '8702173332', 'designated_agent_prefix': None, 'designated_agent_state': 'AR', 'designated_agent_street1': '600 E. CAPITOL', 'designated_agent_street2': None, 'designated_agent_suffix': None, 'designated_agent_title': 'CANDIDATE', 'designated_agent_zip': '72202', 'designation': 'P', 'designation_full': 'Principal campaign committee', 'filing_frequency': 'Q', 'first_f1_date': '2025-05-16', 'first_file_date': '2025-05-16', 'is_active': True, 'last_cycle_has_activity': 2026, 'last_cycle_has_financial': 2026, 'last_f1_date': '2025-09-10', 'last_file_date': '2026-04-15', 'name': 'HALLIE SHOFFNER FOR ARKANSAS', 'organization_type': None, 'organization_type_full': None, 'party': 'DEM', 'party_full': 'DEMOCRATIC PARTY', 'state': 'AR', 'state_full': 'Arkansas', 'street_1': '600 E. CAPITOL STREET', 'street_2': 'P.O. BOX 57', 'treasurer_name': 'BARON, SHELLY', 'zip': '72202'}",C00905471,,,,,,,,,100.0,2026-02-05,,800.0,ROGERS,SELF,JOHN,,MACK,,"MACK, JOHN",ARCHITECT,,AR,617 S 6TH ST,,,727564413,,P2026,,IND,INDIVIDUAL,PRIMARY,2026,1956215,F3,202603259856855646,,True,11AI,Contributions From Individuals/Persons Other Than Political Committees,4032520261425275010,2026-05-02T03:05:57,,,,False,,,https://docquery.fec.gov/cgi-bin/fecimg/?202603259856855646,15,CONTRIBUTION,,P,,S,12P,2026,SA,ITEMIZED RECEIPTS,4032620261433440326,7142596,2026,,C00905471,HALLIE SHOFFNER FOR ARKANSAS,"SHOFFNER, HALLIE",S6AR00199,AR,DEM,DEM,selected,True,highest_total_receipts,,True,2026,2026-05-03T14:08:37.176842+00:00
N,NO CHANGE,,,,,,,,,,,,,,,"{'affiliated_committee_name': 'NONE', 'candidate_ids': ['S6AR00199'], 'city': 'LITTLE ROCK', 'committee_id': 'C00905471', 'committee_type': 'S', 'committee_type_full': 'Senate', 'cycle': 2026, 'cycles': [2026], 'cycles_has_activity': [2026], 'cycles_has_financial': [2026], 'designated_agent_city': 'LITTLE ROCK', 'designated_agent_first_name': 'HALLIE', 'designated_agent_last_name': 'SHOFFNER', 'designated_agent_middle_name': None, 'designated_agent_name': 'SHOFFNER, HALLIE', 'designated_agent_phone_number': '8702173332', 'designated_agent_prefix': None, 'designated_agent_state': 'AR', 'designated_agent_street1': '600 E. CAPITOL', 'designated_agent_street2': None, 'designated_agent_suffix': None, 'designated_agent_title': 'CANDIDATE', 'designated_agent_zip': '72202', 'designation': 'P', 'designation_full': 'Principal campaign committee', 'filing_frequency': 'Q', 'first_f1_date': '2025-05-16', 'first_file_date': '2025-05-16', 'is_active': True, 'last_cycle_has_activity': 2026, 'last_cycle_has_financial': 2026, 'last_f1_date': '2025-09-10', 'last_file_date': '2026-04-15', 'name': 'HALLIE SHOFFNER FOR ARKANSAS', 'organization_type': None, 'organization_type_full': None, 'party': 'DEM', 'party_full': 'DEMOCRATIC PARTY', 'state': 'AR', 'state_full': 'Arkansas', 'street_1': '600 E. CAPITOL STREET', 'street_2': 'P.O. BOX 57', 'treasurer_name': 'BARON, SHELLY', 'zip': '72202'}",C00905471,,,,,,,,,33.27,2026-02-05,,292.9,LITTLE ROCK,BAPTIST HEALTH,HERBERT,,HAHN,,"HAHN, HERBERT",PHYSICIAN,,AR,14 PIEDMONT LN,,,722232232,,P2026,,IND,INDIVIDUAL,PRIMARY,2026,1956215,F3,202603259856855619,,True,11AI,Contributions From Individuals/Persons Other Than Political Committees,4032520261425275010,2026-05-02T03:05:57,,,,False,,,https://docquery.fec.gov/cgi-bin/fecimg/?202603259856855619,15,CONTRIBUTION,,P,,S,12P,2026,SA,ITEMIZED RECEIPTS,4032620261433440245,6983916,2026,,C00905471,HALLIE SHOFFNER FOR ARKANSAS,"SHOFFNER, HALLIE",S6AR00199,AR,DEM,DEM,selected,True,highest_total_receipts,,True,2026,2026-05-03T14:08:37.176903+00:00
N,NO CHANGE,,,,,,,,,,,,,,,"{'affiliated_committee_name': 'NONE', 'candidate_ids': ['S6AR00199'], 'city': 'LITTLE ROCK', 'committee_id': 'C00905471', 'committee_type': 'S', 'committee_type_full': 'Senate', 'cycle': 2026, 'cycles': [2026], 'cycles_has_activity': [2026], 'cycles_has_financial': [2026], 'designated_agent_city': 'LITTLE ROCK', 'designated_agent_first_name': 'HALLIE', 'designated_agent_last_name': 'SHOFFNER', 'designated_agent_middle_name': None, 'designated_agent_name': 'SHOFFNER, HALLIE', 'designated_agent_phone_number': '8702173332', 'designated_agent_prefix': None, 'designated_agent_state': 'AR', 'designated_agent_street1': '600 E. CAPITOL', 'designated_agent_street2': None, 'designated_agent_suffix': None, 'designated_agent_title': 'CANDIDATE', 'designated_agent_zip': '72202', 'designation': 'P', 'designation_full': 'Principal campaign committee', 'filing_frequency': 'Q', 'first_f1_date': '2025-05-16', 'first_file_date': '2025-05-16', 'is_active': True, 'last_cycle_has_activity': 2026, 'last_cycle_has_financial': 2026, 'last_f1_date': '2025-09-10', 'last_file_date': '2026-04-15', 'name': 'HALLIE SHOFFNER FOR ARKANSAS', 'organization_type': None, 'organization_type_full': None, 'party': 'DEM', 'party_full': 'DEMOCRATIC PARTY', 'state': 'AR', 'state_full': 'Arkansas', 'street_1': '600 E. CAPITOL STREET', 'street_2': 'P.O. BOX 57', 'treasurer_name': 'BARON, SHELLY', 'zip': '72202'}",C00905471,,,,,,,,,250.0,2026-02-05,,1250.0,ARKANSAS CITY,SELF,ROBERT,,MOORE,,"MOORE, ROBERT",RETIRED,,AR,PO BOX 446,,,716300446,,P2026,,IND,INDIVIDUAL,PRIMARY,2026,1956215,F3,202603259856855597,,True,11AI,Contributions From Individuals/Persons Other Than Political Committees,4032520261425275010,2026-05-02T03:05:57,,,,False,,,https://docquery.fec.gov/cgi-bin/fecimg/?202603259856855597,15,CONTRIBUTION,,P,,S,12P,2026,SA,ITEMIZED RECEIPTS,4032620261433440178,7142645,2026,,C00905471,HALLIE SHOFFNER FOR ARKANSAS,"SHOFFNER, HALLIE",S6AR00199,AR,DEM,DEM,selected,True,highest_total_receipts,,True,2026,2026-05-03T14:08:37.176967+00:00
