fec_candidate_id,candidate_name,state,party,committee_id,committee_name,total_receipts,total_disbursements,cash_on_hand_end_period,cash_on_hand,debts_owed_by_committee,coverage_start_date,coverage_end_date,cycle,individual_contributions,individual_itemized_contributions,individual_unitemized_contributions,candidate_contribution,other_receipts,last_report_type_full,last_report_year,is_principal_committee,source_endpoint
S6ID00146,"ACHILLES, TODD BAKER",ID,IND,C00909309,TODD ACHILLES FOR IDAHO,412743.66,280248.03,140788.55,140788.55,0.0,2025-07-01T00:00:00,2026-03-31T00:00:00,2026,402243.66,336233.9,66009.76,10500.0,0.0,APRIL QUARTERLY,2026,True,committee_totals
S6MS00109,"ADLAKHA, SARAH ANNE DR",MS,REP,C00900944,SARAH ADLAKHA FOR SENATE,566184.12,556454.75,9729.37,9729.37,547000.0,2025-03-31T00:00:00,2026-02-18T00:00:00,2026,70184.12,65676.0,4508.12,0.0,0.0,PRE-PRIMARY,2026,True,committee_totals
S6LA00706,"ALBARES, NICHOLAS S.",LA,DEM,C00938944,NICHOLAS ALBARES FOR LOUISIANA,70920.59,16884.09,54036.5,54036.5,5275.0,2026-01-01T00:00:00,2026-03-31T00:00:00,2026,65645.59,55760.88,9884.71,0.0,0.0,APRIL QUARTERLY,2026,True,committee_totals
S6TX00305,"ALLEN, KEITH",TX,REP,C00886291,KEITH ALLEN 4 CONGRESS,156626.79,157571.33,0.0,0.0,0.0,2025-01-01T00:00:00,2026-03-31T00:00:00,2026,29950.4,24094.68,5855.72,2920.0,0.0,TERMINATION REPORT,2026,True,committee_totals
S6TX00305,"ALLEN, KEITH",TX,REP,C00886291,"KEITH ALLEN 4 SENATE, LLC.",200.0,0.0,944.54,944.54,0.0,2024-10-01T00:00:00,2024-12-31T00:00:00,2024,200.0,0.0,200.0,0.0,0.0,YEAR-END,2024,True,committee_totals
S2MO00775,"ALLEN, ROBERT",MO,REP,C00810820,COMMITTEE TO ELECT ROBERT BULLET ALLEN,823.76,823.76,1324.67,1324.67,0.0,2023-01-01T00:00:00,2024-03-31T00:00:00,2024,449.88,449.88,0.0,373.88,0.0,APRIL QUARTERLY,2024,True,committee_totals
S2MO00775,"ALLEN, ROBERT",MO,REP,C00810820,COMMITTEE TO ELECT ROBERT BULLET ALLEN,13917.94,13167.94,375.0,375.0,0.0,2022-04-01T00:00:00,2022-12-31T00:00:00,2022,750.0,500.0,250.0,13167.94,0.0,YEAR-END,2022,True,committee_totals
S4TX00722,"ALLRED, COLIN",TX,DEM,C00909572,ALLRED FOR TEXAS 2026,7462453.11,7459793.1,2660.01,2660.01,0.0,2025-07-01T00:00:00,2026-03-31T00:00:00,2026,6648544.94,2939731.72,3708813.22,0.0,13136.09,APRIL QUARTERLY,2026,True,committee_totals
S6TX00438,"ALLRED, COLIN",TX,DEM,C00909572,ALLRED FOR TEXAS 2026,7462453.11,7459793.1,2660.01,2660.01,0.0,2025-07-01T00:00:00,2026-03-31T00:00:00,2026,6648544.94,2939731.72,3708813.22,0.0,13136.09,APRIL QUARTERLY,2026,True,committee_totals
S6MT00295,"ALME, KURT",MT,REP,C00942060,ALME FOR SENATE,924643.51,15686.66,908956.85,908956.85,0.0,2026-01-01T00:00:00,2026-03-31T00:00:00,2026,355576.11,350652.17,4923.94,0.0,0.0,APRIL QUARTERLY,2026,True,committee_totals
S4MD00327,"ALSOBROOKS, ANGELA",MD,DEM,C00840017,ALSOBROOKS FOR SENATE,1514583.43,974813.68,589615.13,589615.13,35065.99,2025-01-01T00:00:00,2026-03-31T00:00:00,2026,713750.0,398569.47,315180.53,0.0,44188.36,APRIL QUARTERLY,2026,True,committee_totals
S4MD00327,"ALSOBROOKS, ANGELA",MD,DEM,C00840017,ALSOBROOKS FOR SENATE,31077805.53,31027960.15,49845.38,49845.38,101342.24,2023-05-01T00:00:00,2024-12-31T00:00:00,2024,23764486.41,15550208.26,8214278.15,0.0,42397.87,YEAR-END,2024,True,committee_totals
S6TX00370,"ALVAREZ, ANDREW",TX,REP,C00745356,ANDREW ALVAREZ FOR CONGRESS,3522.92,0.0,7045.84,7045.84,0.0,2021-01-01T00:00:00,2021-12-31T00:00:00,2022,0.0,0.0,0.0,0.0,3522.92,YEAR-END,2021,True,committee_totals
S4MI00694,"AMASH, JUSTIN",MI,REP,C00476291,JUSTIN AMASH FOR SENATE,552.18,3500.0,252.52,252.52,0.0,2025-01-01T00:00:00,2026-03-31T00:00:00,2026,0.0,0.0,0.0,549.66,0.0,APRIL QUARTERLY,2026,True,committee_totals
S4MI00694,"AMASH, JUSTIN",MI,REP,C00476291,JUSTIN AMASH FOR SENATE,914568.42,1282891.45,3200.34,3200.34,3500.0,2023-01-01T00:00:00,2024-12-31T00:00:00,2024,886825.99,731704.42,155121.57,0.0,0.0,YEAR-END,2024,True,committee_totals
S4MI00694,"AMASH, JUSTIN",MI,REP,C00476291,JUSTIN AMASH FOR CONGRESS,0.0,17281.24,371523.37,371523.37,0.0,2021-01-01T00:00:00,2022-12-31T00:00:00,2022,0.0,0.0,0.0,0.0,0.0,YEAR-END,2022,True,committee_totals
S4MI00694,"AMASH, JUSTIN",MI,REP,C00476291,JUSTIN AMASH FOR CONGRESS,1160520.21,853517.55,388804.61,388804.61,0.0,2019-01-01T00:00:00,2020-12-31T00:00:00,2020,1136836.6,591759.4,545077.2,0.0,0.0,YEAR-END,2020,True,committee_totals
S4MI00694,"AMASH, JUSTIN",MI,REP,C00476291,JUSTIN AMASH FOR CONGRESS,633938.01,769773.3,81801.95,81801.95,0.0,2017-01-01T00:00:00,2018-12-31T00:00:00,2018,580530.57,501788.18,78742.39,0.0,0.0,YEAR-END,2018,True,committee_totals
S4MI00694,"AMASH, JUSTIN",MI,REP,C00476291,JUSTIN AMASH FOR CONGRESS,688107.52,799297.29,217637.24,217637.24,0.0,2015-01-01T00:00:00,2016-12-31T00:00:00,2016,637088.28,553720.0,83368.28,0.0,2000.0,YEAR-END,2016,True,committee_totals
S4MI00694,"AMASH, JUSTIN",MI,REP,C00476291,JUSTIN AMASH FOR CONGRESS,1805117.17,1554133.68,328827.01,328827.01,0.0,2013-01-01T00:00:00,2014-12-31T00:00:00,2014,1671033.3,1289561.7,381471.6,4576.66,0.0,YEAR-END,2014,True,committee_totals
S4MI00694,"AMASH, JUSTIN",MI,REP,C00476291,JUSTIN AMASH FOR CONGRESS,1361048.44,1293710.96,77843.52,77843.52,100000.0,2011-01-01T00:00:00,2012-12-31T00:00:00,2012,1110707.77,906703.8,204003.97,22245.56,0.0,YEAR-END,2012,True,committee_totals
S4MI00694,"AMASH, JUSTIN",MI,REP,C00476291,JUSTIN AMASH FOR CONGRESS,1103513.44,1093007.4,10506.04,10506.04,408199.75,2010-01-01T00:00:00,2010-12-31T00:00:00,2010,748673.62,642190.0,106483.62,0.0,0.0,YEAR-END,2010,True,committee_totals
S4WI00173,"ANDERSON, PHILLIP NORMAN",WI,IND,C00835140,PHILLIP ANDERSON FOR US SENATE,52738.95,52615.37,123.58,123.58,0.0,2023-01-01T00:00:00,2024-12-25T00:00:00,2024,19049.73,12198.82,6850.91,19839.22,0.0,TERMINATION REPORT,2024,True,committee_totals
S6WI00152,"ANDERSON, PHILLIP NORMAN",WI,LIB,C00591123,ANDERSON FOR US SENATE,,,919.0,919.0,0.0,2016-01-01T00:00:00,2016-10-01T00:00:00,2016,9229.0,9229.0,0.0,320.0,0.0,OCTOBER QUARTERLY,2016,True,committee_totals
S6WI00152,"ANDERSON, PHILLIP NORMAN",WI,LIB,C00591123,ANDERSON FOR US SENATE,10948.0,5181.0,919.0,919.0,0.0,2016-01-01T00:00:00,2016-10-01T00:00:00,2016,10072.0,10072.0,0.0,875.0,0.0,OCTOBER QUARTERLY,2016,True,committee_totals
S6WI00152,"ANDERSON, PHILLIP NORMAN",WI,LIB,C00835140,PHILLIP ANDERSON FOR US SENATE,52738.95,52615.37,123.58,123.58,0.0,2023-01-01T00:00:00,2024-12-25T00:00:00,2024,19049.73,12198.82,6850.91,19839.22,0.0,TERMINATION REPORT,2024,True,committee_totals
S6SC04239,"ANDREWS, ANNIE",SC,DEM,C00906024,DR. ANNIE ANDREWS FOR SENATE,6519295.74,3880008.35,2639287.39,2639287.39,15688.47,2025-05-22T00:00:00,2026-03-31T00:00:00,2026,6456423.25,2473871.92,3982551.33,0.0,15.0,APRIL QUARTERLY,2026,True,committee_totals
S8NJ00392,"ANDREWS, ROBERT E",NJ,DEM,C00448654,ANDREWS FOR SENATE,58.11,155.0,1177.38,1177.38,114656.39,2025-01-01T00:00:00,2026-03-31T00:00:00,2026,0.0,0.0,0.0,0.0,58.11,APRIL QUARTERLY,2026,True,committee_totals
S8NJ00392,"ANDREWS, ROBERT E",NJ,DEM,C00448654,ANDREWS FOR SENATE,89.82,260.0,1274.27,1274.27,114656.39,2023-01-01T00:00:00,2024-12-31T00:00:00,2024,0.0,0.0,0.0,0.0,89.82,YEAR-END,2024,True,committee_totals
S8NJ00392,"ANDREWS, ROBERT E",NJ,DEM,C00448654,ANDREWS FOR SENATE,94.68,240.0,1444.45,1444.45,114656.39,2021-01-01T00:00:00,2022-12-31T00:00:00,2022,0.0,0.0,0.0,0.0,94.68,YEAR-END,2022,True,committee_totals
S8NJ00392,"ANDREWS, ROBERT E",NJ,DEM,C00448654,ANDREWS FOR SENATE,91.33,230.0,1589.77,1589.77,114656.39,2019-01-01T00:00:00,2020-12-31T00:00:00,2020,0.0,0.0,0.0,0.0,91.33,YEAR-END,2020,True,committee_totals
S8NJ00392,"ANDREWS, ROBERT E",NJ,DEM,C00448654,ANDREWS FOR SENATE,93.16,240.0,1728.44,1728.44,114656.39,2017-01-01T00:00:00,2018-12-31T00:00:00,2018,0.0,0.0,0.0,0.0,93.16,YEAR-END,2018,True,committee_totals
S8NJ00392,"ANDREWS, ROBERT E",NJ,DEM,C00448654,ANDREWS FOR SENATE,94.0,270.0,1872.0,1872.0,114606.0,2015-01-01T00:00:00,2016-12-31T00:00:00,2016,0.0,0.0,0.0,0.0,94.0,YEAR-END,2016,True,committee_totals
S8NJ00392,"ANDREWS, ROBERT E",NJ,DEM,C00448654,ANDREWS FOR SENATE,7110.0,14222.0,2048.0,2048.0,114606.0,2013-01-01T00:00:00,2014-12-31T00:00:00,2014,0.0,0.0,0.0,0.0,110.0,YEAR-END,2014,True,committee_totals
S8NJ00392,"ANDREWS, ROBERT E",NJ,DEM,C00448654,ANDREWS FOR SENATE,89238.0,81618.0,9163.0,9163.0,114606.0,2011-01-01T00:00:00,2012-12-31T00:00:00,2012,80655.0,80655.0,0.0,0.0,83.0,YEAR-END,2012,True,committee_totals
S8NJ00392,"ANDREWS, ROBERT E",NJ,DEM,C00448654,ANDREWS FOR SENATE,120775.0,128630.0,2044.0,2044.0,171703.0,2009-01-01T00:00:00,2010-12-31T00:00:00,2010,99425.0,99425.0,0.0,0.0,0.0,YEAR-END,2010,True,committee_totals
S8NJ00392,"ANDREWS, ROBERT E",NJ,DEM,C00448654,ANDREWS FOR SENATE,4039692.0,4029787.0,9903.0,9903.0,312529.0,2008-04-04T00:00:00,2008-12-31T00:00:00,2008,1883696.0,1883696.0,0.0,0.0,3565.0,YEAR-END,2008,True,committee_totals
S4TX00680,"ANDRUS, TRACY DR. SR.",TX,DEM,C00835108,COMMITTEE TO ELECT TRACY ANDRUS TO THE U.S. SENATE,18385.0,11749.08,6250.41,6250.41,0.0,2023-04-01T00:00:00,2024-06-30T00:00:00,2024,12885.0,12300.0,585.0,5500.0,0.0,JULY QUARTERLY,2024,False,committee_totals
S4MA00291,"ANTONELLIS, ROBERT JOSEPH",MA,REP,C00841080,ROBERT ANTONELLIS FOR US SENATE,2000.0,0.0,1369.37,1369.37,59434.57,2025-01-01T00:00:00,2026-03-31T00:00:00,2026,0.0,0.0,0.0,0.0,0.0,APRIL QUARTERLY,2026,True,committee_totals
S4MA00291,"ANTONELLIS, ROBERT JOSEPH",MA,REP,C00841080,ROBERT ANTONELLIS FOR US SENATE,41279.47,41910.1,-630.63,-630.63,56009.57,2023-04-01T00:00:00,2024-12-31T00:00:00,2024,18967.77,13680.19,5287.58,8000.0,420.0,YEAR-END,2024,True,committee_totals
S6IA00314,"ARENHOLZ, ASHLEY HINSON",IA,REP,C00706267,ASHLEY FOR IOWA,7267266.37,2679198.52,6516143.25,6516143.25,0.0,2025-01-01T00:00:00,2026-03-31T00:00:00,2026,3969585.99,3296771.38,672814.61,0.0,0.0,APRIL QUARTERLY,2026,True,committee_totals
S6IA00314,"ARENHOLZ, ASHLEY HINSON",IA,REP,C00706267,ASHLEY HINSON FOR CONGRESS,5600532.3,3740906.41,1928075.4,1928075.4,0.0,2023-01-01T00:00:00,2024-12-31T00:00:00,2024,3253294.79,2364391.16,888903.63,0.0,295.73,YEAR-END,2024,True,committee_totals
S6IA00314,"ARENHOLZ, ASHLEY HINSON",IA,REP,C00706267,ASHLEY HINSON FOR CONGRESS,7191283.9,7237999.97,68449.51,68449.51,0.0,2021-01-01T00:00:00,2022-12-31T00:00:00,2022,5048481.16,3330564.13,1717917.03,0.0,0.0,YEAR-END,2022,True,committee_totals
S6IA00314,"ARENHOLZ, ASHLEY HINSON",IA,REP,C00706267,ASHLEY HINSON FOR CONGRESS,5131115.06,5015949.48,115165.58,115165.58,72500.0,2019-04-01T00:00:00,2020-12-31T00:00:00,2020,4636273.53,2952375.52,1683898.01,2800.0,0.0,YEAR-END,2020,True,committee_totals
S6AR00207,"ASHBY, MICAH",AR,REP,C00919803,MICAH ASHBY FOR SENATE 2026,41161.53,126.26,754.4,754.4,734.4,2025-07-01T00:00:00,2026-02-11T00:00:00,2026,20.0,0.0,20.0,81.18,0.0,PRE-PRIMARY,2026,True,committee_totals
S6FL00749,"ATKINS, JOEY MENDOZA",FL,DEM,C00907998,JOEY MENDOZA ATKINS FOR SENATE,9123.75,6891.33,2232.42,2232.42,5000.0,2025-04-01T00:00:00,2026-03-31T00:00:00,2026,7123.75,3750.0,3373.75,0.0,0.0,APRIL QUARTERLY,2026,True,committee_totals
S6MT00261,"AUSTIN, KYLE",MT,LIB,C00870352,AUSTIN FOR CONGRESS,262094.97,226081.96,36013.01,36013.01,0.0,2025-01-01T00:00:00,2026-03-31T00:00:00,2026,526.5,526.5,0.0,261081.96,0.0,APRIL QUARTERLY,2026,True,committee_totals
S6MT00261,"AUSTIN, KYLE",MT,LIB,C00870352,AUSTIN FOR CONGRESS,4550.0,4500.0,550.0,550.0,0.0,2024-04-01T00:00:00,2024-12-31T00:00:00,2024,0.0,0.0,0.0,4550.0,0.0,YEAR-END,2024,True,committee_totals
S8MA00268,"AYYADURAI, SHIVA DR",MA,IND,C00638148,SHIVA 4 SENATE,7464.83,65587.65,0.0,0.0,0.0,2021-01-01T00:00:00,2022-04-01T00:00:00,2022,6262.17,270.0,5992.17,979.52,0.0,TERMINATION REPORT,2022,True,committee_totals
S8MA00268,"AYYADURAI, SHIVA DR",MA,IND,C00638148,SHIVA 4 SENATE,1811516.85,1753745.51,58122.82,58122.82,0.0,2019-01-01T00:00:00,2020-12-31T00:00:00,2020,755389.39,149518.89,605870.5,1055628.46,0.0,YEAR-END,2020,True,committee_totals
S8MA00268,"AYYADURAI, SHIVA DR",MA,IND,C00638148,SHIVA 4 SENATE,5008571.13,5008220.41,351.48,351.48,0.0,2017-01-01T00:00:00,2018-12-31T00:00:00,2018,201503.23,107613.0,93890.23,4805463.99,0.0,YEAR-END,2018,True,committee_totals
S8MA00268,"AYYADURAI, SHIVA DR",MA,IND,C00936542,SHIVA 4 SENATE,9869.51,2542.56,7326.95,7326.95,0.0,2026-01-01T00:00:00,2026-03-31T00:00:00,2026,4453.59,3700.0,754.0,5415.92,0.0,APRIL QUARTERLY,2026,True,committee_totals
S4MA00275,"AYYADURAI, SHIVA DR.",MA,IND,C00936542,SHIVA 4 SENATE,9869.51,2542.56,7326.95,7326.95,0.0,2026-01-01T00:00:00,2026-03-31T00:00:00,2026,4453.59,3700.0,754.0,5415.92,0.0,APRIL QUARTERLY,2026,True,committee_totals
S6CO00507,"BAISLEY, MARK",CO,REP,C00932848,BAISLEY FOR SENATE,31865.5,25745.69,6119.81,6119.81,0.0,2026-01-01T00:00:00,2026-03-31T00:00:00,2026,31845.5,30497.64,1347.86,0.0,20.0,APRIL QUARTERLY,2026,True,committee_totals
S2WI00219,"BALDWIN, TAMMY",WI,DEM,C00326801,TAMMY BALDWIN FOR SENATE,2354257.76,1812160.5,567364.11,567364.11,0.0,2025-01-01T00:00:00,2026-03-31T00:00:00,2026,2118887.1,968376.69,1150510.41,0.0,1627.53,APRIL QUARTERLY,2026,True,committee_totals
S2WI00219,"BALDWIN, TAMMY",WI,DEM,C00326801,TAMMY BALDWIN FOR SENATE,50228545.14,53242337.24,25266.85,25266.85,0.0,2023-01-01T00:00:00,2024-12-31T00:00:00,2024,42080848.61,27826022.65,14254825.96,0.0,472744.5,YEAR-END,2024,True,committee_totals
S2WI00219,"BALDWIN, TAMMY",WI,DEM,C00326801,TAMMY BALDWIN FOR SENATE,4665894.23,3580538.7,3039058.95,3039058.95,0.0,2021-01-01T00:00:00,2022-12-31T00:00:00,2022,4248568.99,2407758.17,1840810.82,0.0,2031.44,YEAR-END,2022,True,committee_totals
S2WI00219,"BALDWIN, TAMMY",WI,DEM,C00326801,TAMMY BALDWIN FOR SENATE,4701211.78,2889701.56,1953703.42,1953703.42,0.0,2019-01-01T00:00:00,2020-12-31T00:00:00,2020,4493502.39,2025260.09,2468242.3,0.0,1122.49,YEAR-END,2020,True,committee_totals
S2WI00219,"BALDWIN, TAMMY",WI,DEM,C00326801,TAMMY BALDWIN FOR SENATE,27758852.65,28706579.25,142193.2,142193.2,0.0,2017-01-01T00:00:00,2018-12-31T00:00:00,2018,24231447.78,14788020.33,9443424.45,0.0,0.0,YEAR-END,2018,True,committee_totals
S2WI00219,"BALDWIN, TAMMY",WI,DEM,C00326801,TAMMY BALDWIN FOR SENATE,2371269.0,1558287.0,1089919.0,1089919.0,0.0,2015-01-01T00:00:00,2016-12-31T00:00:00,2016,2017208.0,1045730.0,971474.0,0.0,62238.0,YEAR-END,2016,True,committee_totals
S2WI00219,"BALDWIN, TAMMY",WI,DEM,C00326801,TAMMY BALDWIN FOR SENATE,1384754.0,1284517.0,244089.0,244089.0,0.0,2013-01-01T00:00:00,2014-12-31T00:00:00,2014,1024096.0,462114.0,561978.0,0.0,88597.0,YEAR-END,2014,True,committee_totals
S2WI00219,"BALDWIN, TAMMY",WI,DEM,C00326801,TAMMY BALDWIN FOR SENATE,15089725.69,15650796.55,143852.0,143852.0,0.0,2011-01-01T00:00:00,2012-12-31T00:00:00,2012,13477549.03,7249912.03,6227635.0,0.0,2078.2,YEAR-END,2012,True,committee_totals
S2WI00219,"BALDWIN, TAMMY",WI,DEM,C00326801,TAMMY BALDWIN FOR CONGRESS,1197113.57,1084310.9,704923.45,704923.45,0.0,2009-01-01T00:00:00,2010-12-31T00:00:00,2010,827110.53,827110.53,0.0,0.0,8834.7,YEAR-END,2010,True,committee_totals
S2WI00219,"BALDWIN, TAMMY",WI,DEM,C00326801,TAMMY BALDWIN FOR CONGRESS,1471571.39,1159593.26,592120.78,592120.78,0.0,2007-01-01T00:00:00,2008-12-31T00:00:00,2008,1017391.16,1017391.16,0.0,0.0,12964.24,YEAR-END,2008,True,committee_totals
S2WI00219,"BALDWIN, TAMMY",WI,DEM,C00326801,TAMMY BALDWIN FOR CONGRESS,1565239.33,1617305.16,280142.65,280142.65,0.0,2005-01-01T00:00:00,2006-12-31T00:00:00,2006,1217571.6,1217571.6,0.0,0.0,11344.67,YEAR-END,2006,True,committee_totals
S2WI00219,"BALDWIN, TAMMY",WI,DEM,C00326801,TAMMY BALDWIN FOR CONGRESS,1709075.84,1448895.74,332208.48,332208.48,10000.0,2003-01-01T00:00:00,2004-12-31T00:00:00,2004,1419990.69,1419990.69,0.0,0.0,5297.4,YEAR-END,2004,True,committee_totals
S2WI00219,"BALDWIN, TAMMY",WI,DEM,C00326801,TAMMY BALDWIN FOR CONGRESS,1295047.12,1238880.06,72028.38,72028.38,10000.0,2001-01-01T00:00:00,2002-12-31T00:00:00,2002,898110.17,607941.17,0.0,1000.0,7334.24,YEAR-END,2002,True,committee_totals
S2WI00219,"BALDWIN, TAMMY",WI,DEM,C00326801,TAMMY BALDWIN FOR CONGRESS,1600964.0,1680093.0,15864.0,15864.0,0.0,1999-01-01T00:00:00,2000-12-31T00:00:00,2000,1129739.0,,,2000.0,,YEAR-END,2000,True,committee_totals
S2WI00219,"BALDWIN, TAMMY",WI,DEM,C00326801,TAMMY BALDWIN FOR CONGRESS,1571795.0,1474158.0,94994.0,94994.0,0.0,1997-01-01T00:00:00,1998-12-31T00:00:00,1998,1216701.0,,,1000.0,,YEAR-END,1998,True,committee_totals
S0MT00116,"BALLARD, JACK",MT,DEM,C00714295,JACK BALLARD FOR MONTANA,0.0,0.0,9.04,9.04,4520.0,2025-01-01T00:00:00,2026-03-31T00:00:00,2026,0.0,0.0,0.0,0.0,0.0,APRIL QUARTERLY,2026,True,committee_totals
S0MT00116,"BALLARD, JACK",MT,DEM,C00714295,JACK BALLARD FOR MONTANA,0.0,0.0,9.04,9.04,4520.0,2023-01-01T00:00:00,2024-12-31T00:00:00,2024,0.0,0.0,0.0,0.0,0.0,YEAR-END,2024,True,committee_totals
S0MT00116,"BALLARD, JACK",MT,DEM,C00714295,JACK BALLARD FOR MONTANA,91094.24,91224.56,9.04,9.04,4520.0,2021-01-01T00:00:00,2022-12-31T00:00:00,2022,89194.24,43660.0,45534.24,1000.0,0.0,YEAR-END,2022,True,committee_totals
S0MT00116,"BALLARD, JACK",MT,DEM,C00714295,JACK BALLARD FOR MONTANA,30575.0,30435.64,139.36,139.36,3620.0,2019-07-01T00:00:00,2020-12-31T00:00:00,2020,26595.0,21080.0,5515.0,360.0,0.0,YEAR-END,2020,True,committee_totals
S6MT00253,"BANKHEAD, ALANI INES",MT,DEM,C00937201,FRIENDS OF ALANI BANKHEAD,15240.06,5775.0,10625.06,10625.06,0.0,2025-10-01T00:00:00,2026-03-31T00:00:00,2026,11231.0,5653.0,5578.0,4009.06,0.0,APRIL QUARTERLY,2026,True,committee_totals
S4IN00196,"BANKS, JAMES E. HON.",IN,REP,C00577999,BANKS FOR SENATE,1867267.71,1464916.56,3015707.87,3015707.87,27931.73,2025-01-01T00:00:00,2026-03-31T00:00:00,2026,795886.21,623087.91,172798.3,0.0,122400.74,APRIL QUARTERLY,2026,True,committee_totals
S4IN00196,"BANKS, JAMES E. HON.",IN,REP,C00577999,BANKS FOR SENATE,7288500.99,6010627.68,2613356.72,2613356.72,151180.0,2023-01-01T00:00:00,2024-12-31T00:00:00,2024,4534399.13,3229250.02,1305149.11,0.0,86167.29,YEAR-END,2024,True,committee_totals
S4IN00196,"BANKS, JAMES E. HON.",IN,REP,C00577999,"JIM BANKS FOR CONGRESS, INC.",2653270.22,1762213.57,1335483.41,1335483.41,27052.41,2021-01-01T00:00:00,2022-12-31T00:00:00,2022,1794076.73,1084357.01,709719.72,0.0,0.0,YEAR-END,2022,True,committee_totals
S4IN00196,"BANKS, JAMES E. HON.",IN,REP,C00577999,"JIM BANKS FOR CONGRESS, INC.",1223958.73,791040.64,444426.76,444426.76,26481.23,2019-01-01T00:00:00,2020-12-31T00:00:00,2020,533976.19,403197.51,130778.68,0.0,1270.0,YEAR-END,2020,True,committee_totals
S4IN00196,"BANKS, JAMES E. HON.",IN,REP,C00577999,"JIM BANKS FOR CONGRESS, INC.",996926.15,1129677.09,11508.67,11508.67,59981.23,2017-01-01T00:00:00,2018-12-31T00:00:00,2018,455743.17,362328.0,93415.17,0.0,289.41,YEAR-END,2018,True,committee_totals
S4IN00196,"BANKS, JAMES E. HON.",IN,REP,C00577999,"JIM BANKS FOR CONGRESS, INC.",1755487.43,1611227.82,144259.61,144259.61,86601.77,2015-04-01T00:00:00,2016-12-31T00:00:00,2016,1392377.8,862863.16,529514.64,1124.63,0.0,YEAR-END,2016,True,committee_totals
S4MD00533,"BARAKAT, MOHAMMED",MD,REP,C00871491,BARAKAT FOR US SENATE,2211.86,2211.86,0.0,0.0,0.0,2024-01-01T00:00:00,2024-12-31T00:00:00,2024,2211.86,1563.52,648.34,0.0,0.0,TERMINATION REPORT,2024,True,committee_totals
S2WI00441,"BARNES, MANDELA",WI,DEM,C00784959,THE LONG RUN PAC,147246.44,422420.81,18642.69,18642.69,0.0,2025-01-01T00:00:00,2026-03-31T00:00:00,2026,87881.0,29212.5,58668.5,,,APRIL QUARTERLY,2026,False,committee_totals
S2WI00441,"BARNES, MANDELA",WI,DEM,C00784959,THE LONG RUN PAC,796395.01,1068277.87,293817.06,293817.06,0.0,2023-01-01T00:00:00,2024-12-31T00:00:00,2024,701468.46,288273.35,413195.11,,,YEAR-END,2024,False,committee_totals
S6WY00068,"BARRASSO, JOHN A",WY,REP,C00310482,BARRASSO FOR SENATE,66334.0,66334.0,0.0,0.0,,1997-01-01T00:00:00,1997-06-30T00:00:00,1998,,,,66334.0,,TERMINATION REPORT,1997,True,committee_totals
S6WY00068,"BARRASSO, JOHN A",WY,REP,C00310482,BARRASSO FOR SENATE,658939.0,658939.0,0.0,0.0,65833.0,1996-01-01T00:00:00,1996-12-31T00:00:00,1996,320386.0,,,116342.0,,YEAR-END,1996,True,committee_totals
S6WY00068,"BARRASSO, JOHN A",WY,REP,C00436386,FRIENDS OF JOHN BARRASSO,1303850.9,711084.28,8321195.21,8321195.21,0.0,2025-01-01T00:00:00,2026-03-31T00:00:00,2026,334831.6,298221.55,36610.05,0.0,338427.62,APRIL QUARTERLY,2026,True,committee_totals
S6WY00068,"BARRASSO, JOHN A",WY,REP,C00436386,FRIENDS OF JOHN BARRASSO,7761388.01,4520535.91,7728428.59,7728428.59,0.0,2023-01-01T00:00:00,2024-12-31T00:00:00,2024,3650337.75,3311645.92,338691.83,0.0,9212.74,YEAR-END,2024,True,committee_totals
S6WY00068,"BARRASSO, JOHN A",WY,REP,C00436386,FRIENDS OF JOHN BARRASSO,1881044.42,1515357.44,4487576.49,4487576.49,0.0,2021-01-01T00:00:00,2022-12-31T00:00:00,2022,1113785.67,621091.02,492694.65,0.0,1192.91,YEAR-END,2022,True,committee_totals
S6WY00068,"BARRASSO, JOHN A",WY,REP,C00436386,FRIENDS OF JOHN BARRASSO,1008180.71,844064.26,4121889.51,4121889.51,0.0,2019-01-01T00:00:00,2020-12-31T00:00:00,2020,547166.39,419504.99,127661.4,0.0,16326.26,YEAR-END,2020,True,committee_totals
S6WY00068,"BARRASSO, JOHN A",WY,REP,C00436386,FRIENDS OF JOHN BARRASSO,5667279.48,4458971.93,3957773.08,3957773.08,0.0,2017-01-01T00:00:00,2018-12-31T00:00:00,2018,2835749.77,2735606.0,100142.77,0.0,19006.02,YEAR-END,2018,True,committee_totals
S6WY00068,"BARRASSO, JOHN A",WY,REP,C00436386,FRIENDS OF JOHN BARRASSO,884579.0,747649.0,2749487.0,2749487.0,0.0,2015-01-01T00:00:00,2016-12-31T00:00:00,2016,436875.0,399618.0,37257.0,0.0,1097.0,YEAR-END,2016,True,committee_totals
S6WY00068,"BARRASSO, JOHN A",WY,REP,C00436386,FRIENDS OF JOHN BARRASSO,844711.0,842145.0,2612557.0,2612557.0,0.0,2013-01-01T00:00:00,2014-12-31T00:00:00,2014,369132.0,326335.0,42797.0,0.0,1236.0,YEAR-END,2014,True,committee_totals
S6WY00068,"BARRASSO, JOHN A",WY,REP,C00436386,FRIENDS OF JOHN BARRASSO,4012162.0,2003980.0,2609992.0,2609992.0,,2011-01-01T00:00:00,2012-12-31T00:00:00,2012,1969782.0,1789549.0,180232.0,0.0,410.0,YEAR-END,2012,True,committee_totals
S6WY00068,"BARRASSO, JOHN A",WY,REP,C00436386,FRIENDS OF JOHN BARRASSO,525534.0,528258.0,601811.0,601811.0,0.0,2009-01-01T00:00:00,2010-12-31T00:00:00,2010,239922.0,207660.0,32262.0,0.0,1381.0,YEAR-END,2010,True,committee_totals
S6WY00068,"BARRASSO, JOHN A",WY,REP,C00436386,FRIENDS OF JOHN BARRASSO,2585977.0,1981441.0,604536.0,604536.0,0.0,2007-07-01T00:00:00,2008-12-31T00:00:00,2008,1120297.0,922806.0,197489.0,0.0,51089.0,YEAR-END,2008,True,committee_totals
S6KY00286,"BARR, GARLAND ANDY",KY,REP,C00467571,"ANDY BARR FOR SENATE, INC.",7968106.41,7486809.96,4174374.09,4174374.09,0.0,2025-01-01T00:00:00,2026-03-31T00:00:00,2026,4466197.91,3828109.77,638088.14,0.0,201147.28,APRIL QUARTERLY,2026,True,committee_totals
S6KY00286,"BARR, GARLAND ANDY",KY,REP,C00467571,"ANDY BARR FOR CONGRESS, INC.",4973206.54,3320901.02,3693077.64,3693077.64,0.0,2023-01-01T00:00:00,2024-12-31T00:00:00,2024,2446173.83,2134303.43,311870.4,0.0,159339.37,YEAR-END,2024,True,committee_totals
S6KY00286,"BARR, GARLAND ANDY",KY,REP,C00467571,"ANDY BARR FOR CONGRESS, INC.",3845266.61,2159197.98,2040772.12,2040772.12,0.0,2021-01-01T00:00:00,2022-12-31T00:00:00,2022,1850352.12,1687475.8,162876.32,0.0,14189.49,YEAR-END,2022,True,committee_totals
S6KY00286,"BARR, GARLAND ANDY",KY,REP,C00467571,"ANDY BARR FOR CONGRESS, INC.",4611245.23,4391220.43,354703.49,354703.49,0.0,2019-01-01T00:00:00,2020-12-31T00:00:00,2020,2031020.2,1829441.31,201578.89,0.0,27814.8,YEAR-END,2020,True,committee_totals
S6KY00286,"BARR, GARLAND ANDY",KY,REP,C00467571,"ANDY BARR FOR CONGRESS, INC.",5310224.59,5652125.05,134678.69,134678.69,1046.24,2017-01-01T00:00:00,2018-12-31T00:00:00,2018,2807899.34,2600146.06,207753.28,0.0,9799.98,YEAR-END,2018,True,committee_totals
S6KY00286,"BARR, GARLAND ANDY",KY,REP,C00467571,"ANDY BARR FOR CONGRESS, INC.",2592303.48,2604489.66,476579.15,476579.15,0.0,2015-01-01T00:00:00,2016-12-31T00:00:00,2016,1388449.05,1300919.65,87529.4,0.0,3579.14,YEAR-END,2016,True,committee_totals
S6KY00286,"BARR, GARLAND ANDY",KY,REP,C00467571,"ANDY BARR FOR CONGRESS, INC.",2748741.62,2295731.11,488765.33,488765.33,0.0,2013-01-01T00:00:00,2014-12-31T00:00:00,2014,1530443.67,1413126.81,117316.86,0.0,503.0,YEAR-END,2014,True,committee_totals
S6KY00286,"BARR, GARLAND ANDY",KY,REP,C00467571,"ANDY BARR FOR CONGRESS, INC.",2221934.6,2211676.11,35754.82,35754.82,18037.22,2011-01-01T00:00:00,2012-12-31T00:00:00,2012,1756373.52,1548269.25,208104.27,0.0,4262.37,YEAR-END,2012,True,committee_totals
S6KY00286,"BARR, GARLAND ANDY",KY,REP,C00467571,"ANDY BARR FOR CONGRESS, INC.",1580018.1,1554521.77,25496.33,25496.33,150.0,2009-07-01T00:00:00,2010-12-31T00:00:00,2010,1399410.73,1273483.75,125926.98,0.0,311.91,YEAR-END,2010,True,committee_totals
S0KY00396,"BARRON, STEPHEN BRADLEY",KY,LIB,C00723270,BRAD BARRON FOR US SENATE,0.0,0.0,12811.57,12811.57,0.0,2025-01-01T00:00:00,2026-03-31T00:00:00,2026,0.0,0.0,0.0,0.0,0.0,APRIL QUARTERLY,2026,True,committee_totals
S0KY00396,"BARRON, STEPHEN BRADLEY",KY,LIB,C00723270,BRAD BARRON FOR US SENATE,0.0,0.0,12811.57,12811.57,0.0,2023-01-01T00:00:00,2024-12-31T00:00:00,2024,0.0,0.0,0.0,0.0,0.0,YEAR-END,2024,True,committee_totals
S0KY00396,"BARRON, STEPHEN BRADLEY",KY,LIB,C00723270,BRAD BARRON FOR US SENATE,0.0,0.0,12811.57,12811.57,0.0,2021-01-01T00:00:00,2022-12-31T00:00:00,2022,0.0,0.0,0.0,0.0,0.0,YEAR-END,2022,True,committee_totals
S0KY00396,"BARRON, STEPHEN BRADLEY",KY,LIB,C00723270,BRAD BARRON FOR US SENATE,126595.02,115857.43,12811.57,12811.57,0.0,2020-04-01T00:00:00,2020-12-31T00:00:00,2020,124845.67,102616.0,22229.67,1749.35,0.0,YEAR-END,2020,True,committee_totals
S4NJ00540,"BASHAW, CURTIS",NJ,REP,C00866152,"CURTIS BASHAW FOR US SENATE, INC.",142.39,67787.23,0.0,0.0,0.0,2025-01-01T00:00:00,2025-03-31T00:00:00,2026,142.39,0.0,142.39,0.0,0.0,TERMINATION REPORT,2025,True,committee_totals
S4NJ00540,"BASHAW, CURTIS",NJ,REP,C00866152,"CURTIS BASHAW FOR US SENATE, INC.",4249567.71,4181922.87,67644.84,67644.84,2054764.78,2024-01-01T00:00:00,2024-12-31T00:00:00,2024,2072777.5,1905244.09,167533.41,32364.74,9025.47,YEAR-END,2024,True,committee_totals
S8MT00010,"BAUCUS, MAX",MT,DEM,C00078865,BAUCUS '78 COMMITTEE,53297.0,67704.0,,,,1979-01-01T00:00:00,1980-12-31T00:00:00,1980,,,,,,TERMINATION REPORT,1980,False,committee_totals
S8MT00010,"BAUCUS, MAX",MT,DEM,C00431627,BAUCUS JOHNSON VICTORY FUND,353450.0,353448.0,0.0,0.0,0.0,2007-01-01T00:00:00,2008-09-30T00:00:00,2008,196450.0,193850.0,2600.0,0.0,0.0,TERMINATION REPORT,2008,False,committee_totals
S8MT00010,"BAUCUS, MAX",MT,DEM,C00383497,BAUCUS VICTORY FUND,13000.0,13000.0,0.0,0.0,0.0,2003-01-01T00:00:00,2003-06-30T00:00:00,2004,0.0,0.0,0.0,,,JULY QUARTERLY,2003,False,committee_totals
S8MT00010,"BAUCUS, MAX",MT,DEM,C00383497,BAUCUS VICTORY FUND,0.0,0.0,0.0,0.0,0.0,2002-11-22T00:00:00,2002-12-31T00:00:00,2002,0.0,0.0,0.0,,,YEAR-END,2002,False,committee_totals
S8MT00010,"BAUCUS, MAX",MT,DEM,C00431346,BIG SKY SENATE 2008,261437.0,261434.0,0.0,0.0,0.0,2007-01-09T00:00:00,2008-10-15T00:00:00,2008,261000.0,261000.0,0.0,,,TERMINATION REPORT,2008,False,committee_totals
S8MT00010,"BAUCUS, MAX",MT,DEM,C00471003,BIG SKY SENATE 2010,31750.0,31750.0,0.0,0.0,0.0,2009-10-01T00:00:00,2010-08-18T00:00:00,2010,11250.0,11250.0,0.0,,,TERMINATION REPORT,2010,False,committee_totals
S8MT00010,"BAUCUS, MAX",MT,DEM,C00377705,DASCHLE VICTORY FUND 2002,139710.0,139709.0,0.0,0.0,0.0,2002-04-01T00:00:00,2002-12-31T00:00:00,2002,120710.0,,,0.0,,TERMINATION REPORT,2002,False,committee_totals
S8MT00010,"BAUCUS, MAX",MT,DEM,C00140871,FRIENDS OF MAX BAUCUS,9562.0,56368.0,0.0,0.0,0.0,1985-01-01T00:00:00,1986-06-30T00:00:00,1986,,,,0.0,,TERMINATION REPORT,1986,False,committee_totals
S8MT00010,"BAUCUS, MAX",MT,DEM,C00140871,FRIENDS OF MAX BAUCUS,1239892.0,1224258.0,46806.0,46806.0,16896.0,1983-01-01T00:00:00,1984-12-31T00:00:00,1984,533512.0,,,,,YEAR-END,1984,False,committee_totals
S8MT00010,"BAUCUS, MAX",MT,DEM,C00140871,FRIENDS OF MAX BAUCUS,127572.0,97047.0,,,,1981-01-01T00:00:00,1982-12-31T00:00:00,1982,,,,,,YEAR-END,1982,False,committee_totals
S8MT00010,"BAUCUS, MAX",MT,DEM,C00209668,FRIENDS OF MAX BAUCUS,,23050.0,0.0,0.0,,1999-01-01T00:00:00,1999-06-30T00:00:00,2000,,,,,,MID-YEAR REPORT,1999,False,committee_totals
S8MT00010,"BAUCUS, MAX",MT,DEM,C00209668,FRIENDS OF MAX BAUCUS,133472.0,195104.0,28999.0,28999.0,0.0,1997-01-01T00:00:00,1998-12-31T00:00:00,1998,43958.0,,,0.0,,YEAR-END,1998,False,committee_totals
S8MT00010,"BAUCUS, MAX",MT,DEM,C00209668,FRIENDS OF MAX BAUCUS,3446478.0,3748502.0,42944.0,42944.0,71196.0,1995-01-01T00:00:00,1996-12-31T00:00:00,1996,1948665.0,,,,,YEAR-END,1996,False,committee_totals
S8MT00010,"BAUCUS, MAX",MT,DEM,C00209668,FRIENDS OF MAX BAUCUS,295576.0,262405.0,344968.0,344968.0,,1993-01-01T00:00:00,1994-12-31T00:00:00,1994,132906.0,,,,,YEAR-END,1994,False,committee_totals
S8MT00010,"BAUCUS, MAX",MT,DEM,C00209668,FRIENDS OF MAX BAUCUS,75689.0,269775.0,311797.0,311797.0,,1991-01-01T00:00:00,1992-12-31T00:00:00,1992,14166.0,,,0.0,,YEAR-END,1992,False,committee_totals
S8MT00010,"BAUCUS, MAX",MT,DEM,C00209668,FRIENDS OF MAX BAUCUS (1990 CAMPAIGN),2658477.0,2409207.0,505883.0,505883.0,,1989-01-01T00:00:00,1990-12-31T00:00:00,1990,1132586.0,,,,,YEAR-END,1990,False,committee_totals
S8MT00010,"BAUCUS, MAX",MT,DEM,C00209668,FRIENDS OF MAX BAUCUS (1990 CAMPAIGN),369745.0,116004.0,256611.0,256611.0,,1987-01-01T00:00:00,1988-12-31T00:00:00,1988,84729.0,,,,,YEAR-END,1988,False,committee_totals
S8MT00010,"BAUCUS, MAX",MT,DEM,C00209668,FRIENDS OF MAX BAUCUS (1990 CAMPAIGN),28787.0,25918.0,2870.0,2870.0,0.0,1986-01-01T00:00:00,1986-12-31T00:00:00,1986,,,,0.0,,YEAR-END,1986,False,committee_totals
S8MT00010,"BAUCUS, MAX",MT,DEM,C00253872,FRIENDS OF MAX BAUCUS 1996,4227.0,13022.0,0.0,0.0,,1991-01-01T00:00:00,1991-09-24T00:00:00,1992,1417.0,,,,,TERMINATION REPORT,1991,False,committee_totals
S8MT00010,"BAUCUS, MAX",MT,DEM,C00253872,FRIENDS OF MAX BAUCUS 1996,8851.0,55.0,8795.0,8795.0,,1990-11-27T00:00:00,1990-12-31T00:00:00,1990,4231.0,,,,,YEAR-END,1990,False,committee_totals
S8MT00010,"BAUCUS, MAX",MT,DEM,C00365791,GOOD GOVERNMENT 2002,90004.0,90004.0,0.0,0.0,0.0,2001-01-01T00:00:00,2001-09-30T00:00:00,2002,51000.0,0.0,0.0,,,TERMINATION REPORT,2001,False,committee_totals
S8MT00010,"BAUCUS, MAX",MT,DEM,C00328211,MAX'S PAC,0.0,75563.43,182384.68,182384.68,100.0,2025-01-01T00:00:00,2026-03-31T00:00:00,2026,0.0,0.0,0.0,,,APRIL MONTHLY,2026,False,committee_totals
S8MT00010,"BAUCUS, MAX",MT,DEM,C00328211,MAX'S PAC,250.0,202813.82,257948.11,257948.11,0.0,2023-01-01T00:00:00,2024-12-31T00:00:00,2024,0.0,0.0,0.0,,,YEAR-END,2024,False,committee_totals
S8MT00010,"BAUCUS, MAX",MT,DEM,C00364943,MONTANA 2002,378789.0,378788.0,0.0,0.0,0.0,2001-01-01T00:00:00,2002-11-25T00:00:00,2002,317400.0,0.0,0.0,,,POST-GENERAL,2002,False,committee_totals
S8MT00010,"BAUCUS, MAX",MT,DEM,C00446690,MONTANA VICTORY 2008,142340.0,142340.0,0.0,0.0,0.0,2008-01-01T00:00:00,2008-12-31T00:00:00,2008,130840.0,127260.0,3580.0,,,TERMINATION REPORT,2008,False,committee_totals
S8MT00010,"BAUCUS, MAX",MT,DEM,C00485524,MONTANA VICTORY 2010,25344.0,25344.0,0.0,0.0,0.0,2010-04-01T00:00:00,2010-10-13T00:00:00,2010,22844.0,18062.0,4782.0,,,TERMINATION REPORT,2010,False,committee_totals
S8MT00010,"BAUCUS, MAX",MT,DEM,C00496331,MONTANA VICTORY 2014,15200.0,15700.0,0.0,0.0,0.0,2013-01-01T00:00:00,2013-06-30T00:00:00,2014,15200.0,15200.0,0.0,,,TERMINATION REPORT,2013,False,committee_totals
S8MT00010,"BAUCUS, MAX",MT,DEM,C00496331,MONTANA VICTORY 2012,63303.0,62803.0,500.0,500.0,0.0,2011-01-01T00:00:00,2012-12-31T00:00:00,2012,59503.0,54083.0,5420.0,,,YEAR-END,2012,False,committee_totals
S8MT00010,"BAUCUS, MAX",MT,DEM,C00304857,SENATE VICTORY '96,225864.0,225862.0,0.0,0.0,0.0,1995-08-01T00:00:00,1996-02-29T00:00:00,1996,169130.0,0.0,0.0,,,MARCH MONTHLY,1996,False,committee_totals
S6SC04262,"BAUER, ANDRE",SC,REP,C00909929,ANDRE BAUER FOR U.S. SENATE,216272.42,216272.42,0.0,0.0,0.0,2025-06-21T00:00:00,2025-12-01T00:00:00,2026,216172.52,210453.15,5719.37,0.0,0.0,TERMINATION REPORT,2025,True,committee_totals
S8IN00049,"BAYH, EVAN",IN,DEM,C00306860,EVAN BAYH COMMITTEE,310775.13,27524.01,2232143.55,2232143.55,0.0,2025-01-01T00:00:00,2026-03-31T00:00:00,2026,0.0,0.0,0.0,0.0,310775.13,APRIL QUARTERLY,2026,True,committee_totals
S8IN00049,"BAYH, EVAN",IN,DEM,C00306860,EVAN BAYH COMMITTEE,503519.3,26214.43,1948892.43,1948892.43,0.0,2023-01-01T00:00:00,2024-12-31T00:00:00,2024,0.0,0.0,0.0,0.0,501946.89,YEAR-END,2024,True,committee_totals
S8IN00049,"BAYH, EVAN",IN,DEM,C00306860,EVAN BAYH COMMITTEE,441699.17,11757.1,1471587.56,1471587.56,0.0,2021-01-01T00:00:00,2022-12-31T00:00:00,2022,0.0,0.0,0.0,0.0,438591.46,YEAR-END,2022,True,committee_totals
S8IN00049,"BAYH, EVAN",IN,DEM,C00306860,EVAN BAYH COMMITTEE,-65780.97,21602.89,1041645.49,1041645.49,0.0,2019-01-01T00:00:00,2020-12-31T00:00:00,2020,0.0,0.0,0.0,0.0,-192485.05,YEAR-END,2020,True,committee_totals
S8IN00049,"BAYH, EVAN",IN,DEM,C00306860,EVAN BAYH COMMITTEE,386616.31,164463.0,1129029.35,1129029.35,0.0,2017-01-01T00:00:00,2018-12-31T00:00:00,2018,200.0,0.0,200.0,0.0,132545.31,YEAR-END,2018,True,committee_totals
S8IN00049,"BAYH, EVAN",IN,DEM,C00306860,EVAN BAYH COMMITTEE,4512158.0,13588564.0,906874.0,906874.0,0.0,2015-01-01T00:00:00,2016-12-31T00:00:00,2016,2982061.0,2510062.0,471996.0,0.0,-110535.0,YEAR-END,2016,True,committee_totals
S8IN00049,"BAYH, EVAN",IN,DEM,C00306860,EVAN BAYH COMMITTEE,357983.0,150824.0,9983284.0,9983284.0,0.0,2013-01-01T00:00:00,2014-12-31T00:00:00,2014,0.0,0.0,0.0,0.0,354022.0,YEAR-END,2014,True,committee_totals
S8IN00049,"BAYH, EVAN",IN,DEM,C00306860,EVAN BAYH COMMITTEE,-1901.0,447783.0,9776124.0,9776124.0,0.0,2011-01-01T00:00:00,2012-12-31T00:00:00,2012,0.0,0.0,0.0,0.0,-4094.0,YEAR-END,2012,True,committee_totals
S8IN00049,"BAYH, EVAN",IN,DEM,C00306860,EVAN BAYH COMMITTEE,2463188.0,3012117.0,10225810.0,10225810.0,0.0,2009-01-01T00:00:00,2010-12-31T00:00:00,2010,1459076.0,1434928.0,24148.0,0.0,170425.0,YEAR-END,2010,True,committee_totals
S8IN00049,"BAYH, EVAN",IN,DEM,C00306860,EVAN BAYH COMMITTEE,916297.0,694531.0,10896323.0,10896323.0,0.0,2007-01-01T00:00:00,2008-12-31T00:00:00,2008,21668.0,20518.0,1308.0,0.0,764978.0,YEAR-END,2008,True,committee_totals
S8IN00049,"BAYH, EVAN",IN,DEM,C00306860,EVAN BAYH COMMITTEE,5570363.0,1493885.0,10671553.0,10671553.0,0.0,2005-01-01T00:00:00,2006-12-31T00:00:00,2006,4484530.0,3783612.98,82583.96,0.0,482652.79,YEAR-END,2006,True,committee_totals
S8IN00049,"BAYH, EVAN",IN,DEM,C00306860,EVAN BAYH COMMITTEE,4820160.0,2250428.0,6595119.0,6595119.0,0.0,2003-01-01T00:00:00,2004-12-31T00:00:00,2004,2969066.0,,,0.0,,YEAR-END,2004,True,committee_totals
S8IN00049,"BAYH, EVAN",IN,DEM,C00306860,EVAN BAYH COMMITTEE,2207635.0,434276.0,4025388.0,4025388.0,0.0,2001-01-01T00:00:00,2002-12-31T00:00:00,2002,1507871.0,,,0.0,,YEAR-END,2002,True,committee_totals
S8IN00049,"BAYH, EVAN",IN,DEM,C00306860,EVAN BAYH COMMITTEE,653415.0,244170.0,2252029.0,2252029.0,0.0,1999-01-01T00:00:00,2000-12-31T00:00:00,2000,326734.0,,,0.0,,YEAR-END,2000,True,committee_totals
S8IN00049,"BAYH, EVAN",IN,DEM,C00306860,EVAN BAYH COMMITTEE,4162165.0,3914375.0,1842784.0,1842784.0,7653.0,1997-01-01T00:00:00,1998-12-31T00:00:00,1998,2734603.0,,,0.0,,YEAR-END,1998,True,committee_totals
S8IN00049,"BAYH, EVAN",IN,DEM,C00306860,EVAN BAYH COMMITTEE,1732781.0,137786.0,1594994.0,1594994.0,0.0,,1996-12-31T00:00:00,1996,1500492.0,,,0.0,,YEAR-END,1996,True,committee_totals
S6DE00156,"BEARDSLEY, CHRISTOPHER MR.",DE,DEM,C00927665,BEARDSLEY FOR SENATE,22356.0,13165.27,9190.73,9190.73,12850.0,2025-10-01T00:00:00,2025-12-31T00:00:00,2026,9006.0,7300.0,1706.0,0.0,0.0,YEAR-END,2025,True,committee_totals
S2NC00497,"BEASLEY, CHERI",NC,DEM,C00777904,CHERI BEASLEY FOR NORTH CAROLINA,0.0,18125.35,0.0,0.0,0.0,2025-01-01T00:00:00,2025-05-23T00:00:00,2026,0.0,0.0,0.0,0.0,0.0,TERMINATION REPORT,2025,True,committee_totals
S2NC00497,"BEASLEY, CHERI",NC,DEM,C00777904,CHERI BEASLEY FOR NORTH CAROLINA,201673.04,230915.48,18125.35,18125.35,0.0,2023-01-01T00:00:00,2024-12-31T00:00:00,2024,0.0,0.0,0.0,0.0,131461.25,YEAR-END,2024,True,committee_totals
S2NC00497,"BEASLEY, CHERI",NC,DEM,C00777904,CHERI BEASLEY FOR NORTH CAROLINA,38948343.76,38900975.97,47367.79,47367.79,0.0,2021-04-19T00:00:00,2022-12-31T00:00:00,2022,35250751.45,22438555.21,12812196.24,1167.54,0.0,YEAR-END,2022,True,committee_totals
S6SD01125,"BEAUDION, JULIAN C",SD,DEM,C00901694,JULIAN FOR U.S. SENATE,192473.04,185994.34,6478.7,6478.7,14458.22,2025-04-01T00:00:00,2026-03-31T00:00:00,2026,183243.08,132794.1,50448.98,3654.9,0.0,APRIL QUARTERLY,2026,True,committee_totals
S6MA00270,"BECH, NATHAN ALEXANDER",MA,REP,C00449397,COMMITTEE TO ELECT NATHAN BECH; THE,40000.0,43984.05,789.69,789.69,132087.21,2025-01-01T00:00:00,2026-03-31T00:00:00,2026,0.0,0.0,0.0,0.0,0.0,APRIL QUARTERLY,2026,True,committee_totals
S6MA00270,"BECH, NATHAN ALEXANDER",MA,REP,C00449397,COMMITTEE TO ELECT NATHAN BECH; THE,0.0,0.0,4773.74,4773.74,96860.95,2023-01-01T00:00:00,2024-12-31T00:00:00,2024,0.0,0.0,0.0,0.0,0.0,YEAR-END,2024,True,committee_totals
S6MA00270,"BECH, NATHAN ALEXANDER",MA,REP,C00449397,COMMITTEE TO ELECT NATHAN BECH; THE,0.0,0.0,4773.74,4773.74,96860.95,2021-01-01T00:00:00,2022-12-31T00:00:00,2022,0.0,0.0,0.0,0.0,0.0,YEAR-END,2022,True,committee_totals
S6MA00270,"BECH, NATHAN ALEXANDER",MA,REP,C00449397,COMMITTEE TO ELECT NATHAN BECH; THE,0.0,0.0,4773.74,4773.74,96860.95,2019-01-01T00:00:00,2020-12-31T00:00:00,2020,0.0,0.0,0.0,0.0,0.0,YEAR-END,2020,True,committee_totals
S6MA00270,"BECH, NATHAN ALEXANDER",MA,REP,C00449397,COMMITTEE TO ELECT NATHAN BECH; THE,0.0,0.0,4773.74,4773.74,96860.95,2017-01-01T00:00:00,2018-12-31T00:00:00,2018,0.0,0.0,0.0,0.0,0.0,YEAR-END,2018,True,committee_totals
S6MA00270,"BECH, NATHAN ALEXANDER",MA,REP,C00449397,COMMITTEE TO ELECT NATHAN BECH; THE,0.0,0.0,4773.74,4773.74,96860.95,2015-01-01T00:00:00,2016-12-31T00:00:00,2016,0.0,0.0,0.0,0.0,0.0,YEAR-END,2016,True,committee_totals
S6MA00270,"BECH, NATHAN ALEXANDER",MA,REP,C00449397,COMMITTEE TO ELECT NATHAN BECH; THE,0.0,0.0,4773.74,4773.74,96860.95,2013-01-01T00:00:00,2014-12-31T00:00:00,2014,0.0,0.0,0.0,0.0,0.0,YEAR-END,2014,True,committee_totals
S6MA00270,"BECH, NATHAN ALEXANDER",MA,REP,C00449397,COMMITTEE TO ELECT NATHAN BECH; THE,0.0,0.0,4773.74,4773.74,96860.95,2011-01-01T00:00:00,2012-12-31T00:00:00,2012,0.0,0.0,0.0,0.0,0.0,YEAR-END,2012,True,committee_totals
S6MA00270,"BECH, NATHAN ALEXANDER",MA,REP,C00449397,COMMITTEE TO ELECT NATHAN BECH; THE,0.0,2.09,4773.74,4773.74,96860.95,2009-01-01T00:00:00,2010-12-31T00:00:00,2010,0.0,0.0,0.0,0.0,0.0,YEAR-END,2010,True,committee_totals
S6MA00270,"BECH, NATHAN ALEXANDER",MA,REP,C00449397,COMMITTEE TO ELECT NATHAN BECH; THE,161390.03,157614.2,4775.83,4775.83,96860.95,2007-11-27T00:00:00,2008-12-31T00:00:00,2008,57229.08,29489.0,27740.08,0.0,0.0,YEAR-END,2008,True,committee_totals
S4NY00313,"BELLON, DAVID A. ESQ.",NY,REP,C00835199,DAVID A. BELLON FOR UNITED STATES SENATE,0.0,0.0,6334.67,6334.67,0.0,2025-01-01T00:00:00,2026-03-31T00:00:00,2026,0.0,0.0,0.0,0.0,0.0,APRIL QUARTERLY,2026,True,committee_totals
S4NY00313,"BELLON, DAVID A. ESQ.",NY,REP,C00835199,DAVID A. BELLON FOR UNITED STATES SENATE,43916.35,41812.4,6334.67,6334.67,0.0,2023-01-01T00:00:00,2024-12-31T00:00:00,2024,36999.0,29181.0,7818.0,6917.35,0.0,YEAR-END,2024,True,committee_totals
S2NY00374,"BEN-AVI, TYRRELL",NY,DEM,C00776468,TYRRELLNEWYORK,0.0,0.0,0.0,0.0,0.0,2023-01-01T00:00:00,2023-06-30T00:00:00,2024,0.0,0.0,0.0,0.0,0.0,JULY QUARTERLY,2023,True,committee_totals
S2NY00374,"BEN-AVI, TYRRELL",NY,DEM,C00776468,TYRRELLNEWYORK,10812.0,5781.5,0.0,0.0,0.0,2021-07-01T00:00:00,2022-03-31T00:00:00,2022,0.0,0.0,0.0,10812.0,0.0,APRIL QUARTERLY,2022,True,committee_totals
S6TX00560,"BENDER, ANNA",TX,REP,C00930131,ANNA BENDER FOR SENATE,0.0,0.0,0.0,0.0,5721.45,2025-04-11T00:00:00,2026-03-31T00:00:00,2026,0.0,0.0,0.0,0.0,0.0,TERMINATION REPORT,2026,True,committee_totals
S6SD01117,"BENGS, BRIAN",SD,IND,C00903641,BENGS FOR SOUTH DAKOTA,564715.66,511174.82,53540.84,53540.84,0.0,2025-04-28T00:00:00,2026-03-31T00:00:00,2026,558063.53,183652.0,374411.53,0.0,0.0,APRIL QUARTERLY,2026,True,committee_totals
S0CO00211,"BENNET, MICHAEL F.",CO,DEM,C00458398,BENNET FOR COLORADO,207237.02,453442.33,220650.23,220650.23,374819.0,2025-01-01T00:00:00,2026-03-31T00:00:00,2026,133177.49,87945.56,45231.93,0.0,17419.28,APRIL QUARTERLY,2026,True,committee_totals
S0CO00211,"BENNET, MICHAEL F.",CO,DEM,C00458398,BENNET FOR COLORADO,1181527.92,1455465.54,466855.54,466855.54,374819.0,2023-01-01T00:00:00,2024-12-31T00:00:00,2024,956042.51,557939.79,398102.72,0.0,0.0,YEAR-END,2024,True,committee_totals
S0CO00211,"BENNET, MICHAEL F.",CO,DEM,C00458398,BENNET FOR COLORADO,20720493.62,20505581.82,740793.16,740793.16,374819.0,2021-01-01T00:00:00,2022-12-31T00:00:00,2022,16971970.14,12058580.1,4913390.04,1559.37,2000.0,YEAR-END,2022,True,committee_totals
S0CO00211,"BENNET, MICHAEL F.",CO,DEM,C00458398,BENNET FOR COLORADO,756117.67,1757841.82,530128.36,530128.36,374819.0,2019-01-01T00:00:00,2020-12-31T00:00:00,2020,635839.41,446022.05,189817.36,0.0,1623.51,YEAR-END,2020,True,committee_totals
S0CO00211,"BENNET, MICHAEL F.",CO,DEM,C00458398,BENNET FOR COLORADO,775877.14,959148.21,1531852.51,1531852.51,374819.0,2017-01-01T00:00:00,2018-12-31T00:00:00,2018,399548.08,180378.1,219167.98,0.0,9035.86,YEAR-END,2018,True,committee_totals
S0CO00211,"BENNET, MICHAEL F.",CO,DEM,C00458398,BENNET FOR COLORADO,15575583.0,15094864.0,1715122.0,1715122.0,374819.0,2015-01-01T00:00:00,2016-12-31T00:00:00,2016,10726326.0,8858467.0,1517319.0,7400.0,11904.0,YEAR-END,2016,True,committee_totals
S0CO00211,"BENNET, MICHAEL F.",CO,DEM,C00458398,BENNET FOR COLORADO,1582407.0,783994.0,1234402.0,1234402.0,374819.0,2013-01-01T00:00:00,2014-12-31T00:00:00,2014,953997.0,808755.0,145240.0,0.0,1184.0,YEAR-END,2014,True,committee_totals
S0CO00211,"BENNET, MICHAEL F.",CO,DEM,C00458398,BENNET FOR COLORADO,882100.0,601627.0,435989.0,435989.0,500000.0,2011-01-01T00:00:00,2012-12-31T00:00:00,2012,372961.0,362893.0,10068.0,0.0,0.0,YEAR-END,2012,True,committee_totals
S0CO00211,"BENNET, MICHAEL F.",CO,DEM,C00458398,BENNET FOR COLORADO,13237822.0,13082307.0,155517.0,155517.0,530000.0,2009-01-01T00:00:00,2010-12-31T00:00:00,2010,9853253.0,8668074.0,1185176.0,3570.0,1453.0,YEAR-END,2010,True,committee_totals
S6IL00391,"BENNETT, DOUGLAS",IL,REP,C00634808,FRIENDS OF DOUG BENNETT,1000.0,906.15,1547.62,1547.62,115600.0,2025-01-01T00:00:00,2026-03-31T00:00:00,2026,0.0,0.0,0.0,1000.0,0.0,APRIL QUARTERLY,2026,True,committee_totals
S6IL00391,"BENNETT, DOUGLAS",IL,REP,C00634808,FRIENDS OF DOUG BENNETT,12000.0,15247.53,1453.77,1453.77,115600.0,2023-01-01T00:00:00,2024-12-31T00:00:00,2024,2000.0,2000.0,0.0,10000.0,0.0,YEAR-END,2024,True,committee_totals
S6IL00391,"BENNETT, DOUGLAS",IL,REP,C00634808,FRIENDS OF DOUG BENNETT,5300.0,2945.67,4701.3,4701.3,115600.0,2021-01-01T00:00:00,2022-12-31T00:00:00,2022,5300.0,5300.0,0.0,0.0,0.0,YEAR-END,2022,True,committee_totals
S6IL00391,"BENNETT, DOUGLAS",IL,REP,C00634808,FRIENDS OF DOUG BENNETT,4598.21,5009.97,2346.97,2346.97,115600.0,2019-01-01T00:00:00,2020-12-31T00:00:00,2020,0.0,0.0,0.0,2300.0,0.0,YEAR-END,2020,True,committee_totals
S6IL00391,"BENNETT, DOUGLAS",IL,REP,C00634808,FRIENDS OF DOUG BENNETT,293997.58,291510.64,2486.94,2486.94,115600.0,2017-01-01T00:00:00,2018-12-31T00:00:00,2018,150421.0,131217.0,19204.0,12100.0,0.0,YEAR-END,2018,True,committee_totals
S2AR00107,"BEQUETTE, JAKE MR.",AR,REP,C00784272,BEQUETTE FOR ARKANSAS,0.0,0.0,183.47,183.47,14953.71,2025-01-01T00:00:00,2026-03-31T00:00:00,2026,0.0,0.0,0.0,0.0,0.0,APRIL QUARTERLY,2026,True,committee_totals
S2AR00107,"BEQUETTE, JAKE MR.",AR,REP,C00784272,BEQUETTE FOR ARKANSAS,0.0,4619.74,183.47,183.47,14953.71,2023-01-01T00:00:00,2024-12-31T00:00:00,2024,0.0,0.0,0.0,0.0,0.0,YEAR-END,2024,True,committee_totals
S2AR00107,"BEQUETTE, JAKE MR.",AR,REP,C00784272,BEQUETTE FOR ARKANSAS,1395154.14,1390350.93,4803.21,4803.21,14953.71,2021-02-25T00:00:00,2022-12-31T00:00:00,2022,1347651.37,1122001.63,225649.74,43800.0,0.0,YEAR-END,2022,True,committee_totals
S4MI00496,"BEYDOUN, NASSER",MI,DEM,C00837112,COMMITTEE TO ELECT NASSER BEYDOUN,0.0,0.0,9690.79,9690.79,0.0,2025-01-01T00:00:00,2026-03-31T00:00:00,2026,0.0,0.0,0.0,0.0,0.0,APRIL QUARTERLY,2026,True,committee_totals
S4MI00496,"BEYDOUN, NASSER",MI,DEM,C00837112,COMMITTEE TO ELECT NASSER BEYDOUN,981221.15,967259.5,16246.13,16246.13,0.0,2023-01-01T00:00:00,2024-12-31T00:00:00,2024,978566.15,661213.33,317352.82,0.0,0.0,YEAR-END,2024,True,committee_totals
S0TX00365,"BIERSCHWALE, VIRGIL",TX,REP,C00728477,BIERSCHWALE FOR U.S. SENATE,4009.0,263.38,0.0,0.0,0.0,2019-10-01T00:00:00,2020-04-15T00:00:00,2020,2094.0,1954.0,140.0,1915.0,0.0,TERMINATION REPORT,2020,True,committee_totals
S0TX00365,"BIERSCHWALE, VIRGIL",TX,REP,C00908087,VIRGIL BIERSCHWALE FOR U.S. SENATE 2026,9988.18,9657.03,383.2,383.2,0.0,2025-04-01T00:00:00,2026-03-16T00:00:00,2026,7638.18,4795.25,2842.93,2350.0,0.0,TERMINATION REPORT,2026,True,committee_totals
S8TN00337,"BLACKBURN, MARSHA MRS.",TN,REP,C00376939,MARSHA FOR SENATE,2753251.3,2830269.25,5061596.83,5061596.83,0.0,2025-01-01T00:00:00,2026-03-31T00:00:00,2026,240177.23,177600.45,62576.78,0.0,177486.39,APRIL QUARTERLY,2026,True,committee_totals
S8TN00337,"BLACKBURN, MARSHA MRS.",TN,REP,C00376939,MARSHA FOR SENATE,13571274.34,12059746.53,5138614.78,5138614.78,0.0,2023-01-01T00:00:00,2024-12-31T00:00:00,2024,3874099.59,3275692.83,598406.76,0.0,277041.95,YEAR-END,2024,True,committee_totals
S8TN00337,"BLACKBURN, MARSHA MRS.",TN,REP,C00376939,MARSHA FOR SENATE,3200121.82,1253932.75,3627086.97,3627086.97,0.0,2021-01-01T00:00:00,2022-12-31T00:00:00,2022,516078.76,432718.74,83360.02,0.0,14170.01,YEAR-END,2022,True,committee_totals
S8TN00337,"BLACKBURN, MARSHA MRS.",TN,REP,C00376939,MARSHA FOR SENATE,1974716.37,907918.5,1680897.9,1680897.9,0.0,2019-01-01T00:00:00,2020-12-31T00:00:00,2020,1386678.19,1033350.45,353327.74,0.0,32626.28,YEAR-END,2020,True,committee_totals
S8TN00337,"BLACKBURN, MARSHA MRS.",TN,REP,C00376939,MARSHA FOR SENATE,14634619.97,16572477.7,614100.03,614100.03,0.0,2017-01-01T00:00:00,2018-12-31T00:00:00,2018,9763518.28,8196271.4,1567244.88,0.0,90242.2,YEAR-END,2018,True,committee_totals
S8TN00337,"BLACKBURN, MARSHA MRS.",TN,REP,C00376939,"MARSHA BLACKBURN FOR CONGRESS, INC.",2239550.04,1550219.15,2551958.0,2551958.0,7402.0,2015-01-01T00:00:00,2016-12-31T00:00:00,2016,899736.59,808558.0,91178.59,0.0,23691.77,YEAR-END,2016,True,committee_totals
S8TN00337,"BLACKBURN, MARSHA MRS.",TN,REP,C00376939,"MARSHA BLACKBURN FOR CONGRESS, INC.",2086901.07,1444428.87,1862627.81,1862627.81,7402.28,2013-01-01T00:00:00,2014-12-31T00:00:00,2014,852793.3,693600.82,159192.48,0.0,0.0,YEAR-END,2014,True,committee_totals
S8TN00337,"BLACKBURN, MARSHA MRS.",TN,REP,C00376939,"MARSHA BLACKBURN FOR CONGRESS, INC.",1779731.37,1408632.56,1220155.61,1220155.61,7402.28,2011-01-01T00:00:00,2012-12-31T00:00:00,2012,646216.31,580610.07,65606.24,0.0,0.0,YEAR-END,2012,True,committee_totals
S8TN00337,"BLACKBURN, MARSHA MRS.",TN,REP,C00376939,"MARSHA BLACKBURN FOR CONGRESS, INC.",1563192.71,1054615.97,849056.8,849056.8,7402.28,2009-01-01T00:00:00,2010-12-31T00:00:00,2010,690871.89,607334.98,83536.91,0.0,0.0,YEAR-END,2010,True,committee_totals
S8TN00337,"BLACKBURN, MARSHA MRS.",TN,REP,C00376939,MARSHA BLACKBURN FOR CONGRESS INC.,1246329.08,1558278.97,340480.06,340480.06,7402.28,2007-01-01T00:00:00,2008-12-31T00:00:00,2008,675651.89,544419.94,131231.95,0.0,300.0,YEAR-END,2008,True,committee_totals
S8TN00337,"BLACKBURN, MARSHA MRS.",TN,REP,C00376939,MARSHA BLACKBURN FOR CONGRESS INC.,1210653.85,845718.08,652429.95,652429.95,0.0,2005-01-01T00:00:00,2006-12-31T00:00:00,2006,687935.26,591911.92,96023.34,0.0,0.0,YEAR-END,2006,True,committee_totals
S8TN00337,"BLACKBURN, MARSHA MRS.",TN,REP,C00376939,MARSHA BLACKBURN FOR CONGRESS INC.,853017.8,669360.68,287494.18,287494.18,0.0,2003-01-01T00:00:00,2004-12-31T00:00:00,2004,444734.71,377420.71,67314.0,0.0,0.0,YEAR-END,2004,True,committee_totals
S8TN00337,"BLACKBURN, MARSHA MRS.",TN,REP,C00376939,"MARSHA BLACKBURN FOR CONGRESS, INC.",718030.33,669632.75,158546.89,158546.89,0.0,2002-03-01T00:00:00,2002-12-31T00:00:00,2002,494681.32,401342.32,93339.0,0.0,0.0,TERMINATION REPORT,2002,True,committee_totals
S6MT00246,"BLACKWOLF, MICHAEL JAMES MR.",MT,DEM,C00919936,BLACKWOLF FOR MONTANA,26144.0,25616.21,527.79,527.79,0.0,2025-07-01T00:00:00,2026-03-31T00:00:00,2026,25602.0,21150.0,4452.0,542.0,0.0,APRIL QUARTERLY,2026,True,committee_totals
S0CT00177,"BLUMENTHAL, RICHARD",CT,DEM,C00492991,BLUMENTHAL FOR CONNECTICUT,350712.06,277324.84,1311528.75,1311528.75,0.0,2025-01-01T00:00:00,2026-03-31T00:00:00,2026,175322.99,124443.5,50879.49,0.0,41769.46,APRIL QUARTERLY,2026,True,committee_totals
S0CT00177,"BLUMENTHAL, RICHARD",CT,DEM,C00492991,BLUMENTHAL FOR CONNECTICUT,398539.31,410286.54,1238141.53,1238141.53,0.0,2023-01-01T00:00:00,2024-12-31T00:00:00,2024,143085.11,88765.5,54319.61,0.0,91118.28,YEAR-END,2024,True,committee_totals
S0CT00177,"BLUMENTHAL, RICHARD",CT,DEM,C00492991,BLUMENTHAL FOR CONNECTICUT,7272349.12,9926503.73,1249888.76,1249888.76,0.0,2021-01-01T00:00:00,2022-12-31T00:00:00,2022,3730342.83,3440530.15,289812.68,1265.7,157237.32,YEAR-END,2022,True,committee_totals
S0CT00177,"BLUMENTHAL, RICHARD",CT,DEM,C00492991,BLUMENTHAL FOR CONNECTICUT,1375463.49,637169.67,3904043.37,3904043.37,0.0,2019-01-01T00:00:00,2020-12-31T00:00:00,2020,1126517.71,690168.75,436348.96,1746.79,19327.14,YEAR-END,2020,True,committee_totals
S0CT00177,"BLUMENTHAL, RICHARD",CT,DEM,C00492991,BLUMENTHAL FOR CONNECTICUT,710244.15,497913.72,3165749.55,3165749.55,0.0,2017-01-01T00:00:00,2018-12-31T00:00:00,2018,591915.69,278686.5,313229.19,173.0,16455.46,YEAR-END,2018,True,committee_totals
S0CT00177,"BLUMENTHAL, RICHARD",CT,DEM,C00492991,BLUMENTHAL FOR CONNECTICUT,7358868.0,5017462.0,2953419.0,2953419.0,0.0,2015-01-01T00:00:00,2016-12-31T00:00:00,2016,5512687.0,5065728.0,446956.0,42148.0,0.0,YEAR-END,2016,True,committee_totals
S0CT00177,"BLUMENTHAL, RICHARD",CT,DEM,C00492991,BLUMENTHAL FOR CONNECTICUT,1013836.0,404958.0,612015.0,612015.0,0.0,2013-01-01T00:00:00,2014-12-31T00:00:00,2014,612273.0,544290.0,67982.0,10475.0,0.0,YEAR-END,2014,True,committee_totals
S0CT00177,"BLUMENTHAL, RICHARD",CT,DEM,C00492991,BLUMENTHAL FOR CONNECTICUT,123679.0,120541.0,3135.0,3135.0,22876.0,2011-01-01T00:00:00,2012-12-31T00:00:00,2012,24740.0,23850.0,890.0,0.0,0.0,YEAR-END,2012,True,committee_totals
S4DE00060,"BLUNT ROCHESTER, LISA",DE,DEM,C00843391,LISA BLUNT ROCHESTER FOR SENATE,849819.29,884380.44,109896.03,109896.03,0.0,2025-01-01T00:00:00,2026-03-31T00:00:00,2026,405489.32,242815.56,162673.76,0.0,142321.13,APRIL QUARTERLY,2026,True,committee_totals
S4DE00060,"BLUNT ROCHESTER, LISA",DE,DEM,C00843391,LISA BLUNT ROCHESTER FOR SENATE,9934497.35,9790040.17,144457.18,144457.18,0.0,2023-06-21T00:00:00,2024-12-31T00:00:00,2024,6039846.28,3879607.98,2160238.3,268.1,0.0,YEAR-END,2024,True,committee_totals
S6MT00287,"BODNAR, SETH",MT,IND,C00941708,SETH BODNAR FOR MONTANA,1358574.95,213586.76,1144988.19,1144988.19,0.0,2026-03-04T00:00:00,2026-03-31T00:00:00,2026,1332524.95,1131904.0,200620.95,0.0,0.0,APRIL QUARTERLY,2026,True,committee_totals
S0NH00326,"BOLDUC, DONALD C.",NH,REP,C00711010,"BOLDUC 2022, INC.",0.0,51574.94,0.0,0.0,0.0,2025-01-01T00:00:00,2026-03-16T00:00:00,2026,0.0,0.0,0.0,0.0,0.0,TERMINATION REPORT,2026,True,committee_totals
S0NH00326,"BOLDUC, DONALD C.",NH,REP,C00711010,"BOLDUC 2022, INC.",106390.44,108514.0,51574.94,51574.94,0.0,2023-01-01T00:00:00,2024-12-31T00:00:00,2024,476.4,476.4,0.0,0.0,0.0,YEAR-END,2024,True,committee_totals
S0NH00326,"BOLDUC, DONALD C.",NH,REP,C00711010,"BOLDUC 2022, INC.",3977080.92,3955562.93,53698.5,53698.5,0.0,2021-01-01T00:00:00,2022-12-31T00:00:00,2022,3424621.37,1966518.27,1458103.1,0.0,0.0,YEAR-END,2022,True,committee_totals
S0NH00326,"BOLDUC, DONALD C.",NH,REP,C00711010,"BOLDUC 2022, INC.",1076113.8,1043933.29,32180.51,32180.51,0.0,2019-06-20T00:00:00,2020-12-31T00:00:00,2020,1057358.36,639023.58,418334.78,0.0,75.44,YEAR-END,2020,True,committee_totals
S6MO00289,"BOND, CHRISTOPHER S",MO,REP,C00403428,BOND SENATE VICTORY COMMITTEE,0.0,30057.15,0.0,0.0,0.0,2005-01-01T00:00:00,2005-01-18T00:00:00,2006,0.0,0.0,0.0,,,TERMINATION REPORT,2005,False,committee_totals
S6MO00289,"BOND, CHRISTOPHER S",MO,REP,C00403428,BOND SENATE VICTORY COMMITTEE,424419.59,394362.44,30057.15,30057.15,0.0,2004-07-07T00:00:00,2004-12-31T00:00:00,2004,402419.59,402119.59,300.0,,,YEAR-END,2004,False,committee_totals
S6MO00289,"BOND, CHRISTOPHER S",MO,REP,C00216705,KITPAC,0.0,75.0,541.05,541.05,0.0,2025-01-01T00:00:00,2026-03-31T00:00:00,2026,0.0,0.0,0.0,,,APRIL QUARTERLY,2026,False,committee_totals
S6MO00289,"BOND, CHRISTOPHER S",MO,REP,C00216705,KITPAC,0.0,120.0,616.05,616.05,0.0,2023-01-01T00:00:00,2024-12-31T00:00:00,2024,0.0,0.0,0.0,,,YEAR-END,2024,False,committee_totals
S6MO00289,"BOND, CHRISTOPHER S",MO,REP,C00216705,KITPAC,0.0,129.0,736.05,736.05,0.0,2021-01-01T00:00:00,2022-12-31T00:00:00,2022,0.0,0.0,0.0,,,YEAR-END,2022,False,committee_totals
S6MO00289,"BOND, CHRISTOPHER S",MO,REP,C00216705,KITPAC,0.0,5746.17,865.05,865.05,0.0,2019-01-01T00:00:00,2020-12-31T00:00:00,2020,0.0,0.0,0.0,,,YEAR-END,2020,False,committee_totals
S6MO00289,"BOND, CHRISTOPHER S",MO,REP,C00216705,KITPAC,0.0,4237.0,6611.22,6611.22,0.0,2017-01-01T00:00:00,2018-12-31T00:00:00,2018,0.0,0.0,0.0,,,YEAR-END,2018,False,committee_totals
S6MO00289,"BOND, CHRISTOPHER S",MO,REP,C00216705,KITPAC,0.0,13126.0,10848.22,10848.22,0.0,2015-01-01T00:00:00,2016-12-31T00:00:00,2016,0.0,0.0,0.0,,,YEAR-END,2016,False,committee_totals
S6MO00289,"BOND, CHRISTOPHER S",MO,REP,C00216705,KITPAC,0.0,36911.25,23974.22,23974.22,0.0,2013-01-01T00:00:00,2014-12-31T00:00:00,2014,0.0,0.0,0.0,,,YEAR-END,2014,False,committee_totals
S6MO00289,"BOND, CHRISTOPHER S",MO,REP,C00216705,KITPAC,219.2,163636.26,60885.47,60885.47,0.0,2011-01-01T00:00:00,2012-12-31T00:00:00,2012,0.0,0.0,0.0,,,YEAR-END,2012,False,committee_totals
S6MO00289,"BOND, CHRISTOPHER S",MO,REP,C00203992,L A '86 DINNER COMMITTEE,125860.0,125858.0,0.0,0.0,0.0,1986-01-01T00:00:00,1986-09-30T00:00:00,1986,0.0,0.0,0.0,,,TERMINATION REPORT,1986,False,committee_totals
S6MO00289,"BOND, CHRISTOPHER S",MO,REP,C00405456,MAJORITY FUND FOR AMERICA'S FUTURE COMMITTEE THE,70.07,104936.81,0.0,0.0,0.0,2005-01-01T00:00:00,2005-03-31T00:00:00,2006,0.0,0.0,0.0,,,TERMINATION REPORT,2005,False,committee_totals
S6MO00289,"BOND, CHRISTOPHER S",MO,REP,C00405456,MAJORITY FUND FOR AMERICA'S FUTURE COMMITTEE THE,299943.01,195076.27,104866.74,104866.74,0.0,2004-07-01T00:00:00,2004-12-31T00:00:00,2004,271443.01,233928.23,37514.78,,,YEAR-END,2004,False,committee_totals
S6MO00289,"BOND, CHRISTOPHER S",MO,REP,C00200246,MAJORITY LEADER'S 8600 JOINT TRUST,22177.0,28452.0,0.0,0.0,0.0,1987-01-01T00:00:00,1987-06-30T00:00:00,1988,0.0,0.0,0.0,,,MID-YEAR REPORT,1987,False,committee_totals
S6MO00289,"BOND, CHRISTOPHER S",MO,REP,C00200246,MAJORITY LEADER'S 8600 JOINT TRUST,756571.0,750293.0,6275.0,6275.0,20490.0,1985-07-01T00:00:00,1986-12-31T00:00:00,1986,0.0,0.0,0.0,,,YEAR-END,1986,False,committee_totals
S6MO00289,"BOND, CHRISTOPHER S",MO,REP,C00200402,MAJORITY MISSOURI-BOND,20000.0,20000.0,0.0,0.0,0.0,1985-07-01T00:00:00,1986-12-31T00:00:00,1986,,,,,,YEAR-END,1986,False,committee_totals
S6MO00289,"BOND, CHRISTOPHER S",MO,REP,C00200402,MAJORITY MISSOURI-BOND,0.0,0.0,0.0,0.0,0.0,1985-07-01T00:00:00,1986-12-31T00:00:00,1986,,,,,,YEAR-END,1986,False,committee_totals
S6MO00289,"BOND, CHRISTOPHER S",MO,REP,C00196592,MISSOURIANS FOR KIT BOND,142865.0,210638.0,0.0,0.0,0.0,1987-01-01T00:00:00,1988-06-30T00:00:00,1988,14619.0,,,0.0,,TERMINATION REPORT,1988,False,committee_totals
S6MO00289,"BOND, CHRISTOPHER S",MO,REP,C00196592,MISSOURIANS FOR KIT BOND,5444030.0,5376255.0,67773.0,67773.0,96749.0,,1986-12-31T00:00:00,1986,,,,4704.0,,YEAR-END,1986,False,committee_totals
S6MO00289,"BOND, CHRISTOPHER S",MO,REP,C00401158,N/W 2004 COMMITTEE,879435.0,879298.0,135.0,135.0,0.0,2004-05-18T00:00:00,2004-11-19T00:00:00,2004,82135.0,,,,,TERMINATION REPORT,2004,False,committee_totals
S6MO00289,"BOND, CHRISTOPHER S",MO,REP,C00242941,REPUBLICAN SENATORIAL INNER CIRCLE 1990,0.0,0.0,3179.0,3179.0,0.0,1993-01-01T00:00:00,1994-03-31T00:00:00,1994,0.0,0.0,0.0,,,APRIL QUARTERLY,1994,False,committee_totals
S6MO00289,"BOND, CHRISTOPHER S",MO,REP,C00242941,REPUBLICAN SENATORIAL INNER CIRCLE 1990,4853.0,160064.0,3179.0,3179.0,0.0,1991-01-01T00:00:00,1992-12-31T00:00:00,1992,0.0,0.0,0.0,,,YEAR-END,1992,False,committee_totals
S6MO00289,"BOND, CHRISTOPHER S",MO,REP,C00242941,REPUBLICAN SENATORIAL INNER CIRCLE 1990,3547511.0,3389120.0,158389.0,158389.0,0.0,,1990-12-31T00:00:00,1990,3114750.0,0.0,0.0,,,YEAR-END,1990,False,committee_totals
S6MO00289,"BOND, CHRISTOPHER S",MO,REP,C00247767,REPUBLICAN SENATORIAL INNER CIRCLE 1990-91,0.0,6832.0,0.0,0.0,0.0,1993-01-01T00:00:00,1994-05-11T00:00:00,1994,0.0,0.0,0.0,,,TERMINATION REPORT,1994,False,committee_totals
S6MO00289,"BOND, CHRISTOPHER S",MO,REP,C00247767,REPUBLICAN SENATORIAL INNER CIRCLE 1990-91,9995.0,32331.0,6832.0,6832.0,0.0,1991-01-01T00:00:00,1992-12-31T00:00:00,1992,475.0,0.0,0.0,,,YEAR-END,1992,False,committee_totals
S6MO00289,"BOND, CHRISTOPHER S",MO,REP,C00247767,REPUBLICAN SENATORIAL INNER CIRCLE 1990-91,1945620.0,1916451.0,29168.0,29168.0,0.0,,1990-12-31T00:00:00,1990,1623015.0,0.0,0.0,,,YEAR-END,1990,False,committee_totals
S6MO00289,"BOND, CHRISTOPHER S",MO,REP,C00401372,SENATE FREEDOM FUND COMMITTEE,1450.0,1450.0,0.0,0.0,0.0,2004-04-01T00:00:00,2004-10-13T00:00:00,2004,1450.0,1300.0,150.0,,,TERMINATION REPORT,2004,False,committee_totals
S6MO00289,"BOND, CHRISTOPHER S",MO,REP,C00265702,WARNER-NICKLES 1992 COMMITTEE,621432.0,621431.0,0.0,0.0,0.0,,1992-10-22T00:00:00,1992,24967.0,,,,,TERMINATION REPORT,1992,False,committee_totals
S6MO00289,"BOND, CHRISTOPHER S",MO,REP,C00326843,W/N 1997 COMMITTEE,783608.0,783296.0,312.0,312.0,0.0,1997-04-01T00:00:00,1997-12-31T00:00:00,1998,31750.0,,,,,TERMINATION REPORT,1997,False,committee_totals
S6MO00289,"BOND, CHRISTOPHER S",MO,REP,C00336032,W/N 1998 COMMITTEE,962104.0,961791.0,312.0,312.0,0.0,1998-04-15T00:00:00,1998-09-30T00:00:00,1998,51812.0,,,,,TERMINATION REPORT,1998,False,committee_totals
S6MO00289,"BOND, CHRISTOPHER S",MO,REP,C00251637,WNG 1991 COMMITTEE,516157.0,516157.0,0.0,0.0,0.0,1991-01-01T00:00:00,1991-12-31T00:00:00,1992,30000.0,,,,,YEAR-END,1991,False,committee_totals
S4FL00736,"BONOAN, FEENA",FL,LIB,C00877589,FRIENDS OF FEENA BONOAN,19716.9,19716.9,0.0,0.0,0.0,2024-02-20T00:00:00,2024-12-31T00:00:00,2024,11928.43,6157.62,5770.81,4688.47,0.0,TERMINATION REPORT,2024,True,committee_totals
S0KY00420,"BOOKER, CHARLES",KY,DEM,C00783274,BOOKER FOR KENTUCKY,2863.07,7819.2,776.56,776.56,89544.0,2025-01-01T00:00:00,2026-03-31T00:00:00,2026,2863.07,2860.07,3.0,0.0,0.0,APRIL QUARTERLY,2026,True,committee_totals
S0KY00420,"BOOKER, CHARLES",KY,DEM,C00783274,BOOKER FOR KENTUCKY,147125.06,147682.72,5732.69,5732.69,129574.0,2023-01-01T00:00:00,2024-12-31T00:00:00,2024,121237.0,46574.2,74662.8,0.0,4000.0,YEAR-END,2024,True,committee_totals
S0KY00420,"BOOKER, CHARLES",KY,DEM,C00783274,BOOKER FOR KENTUCKY,6556072.38,6549782.03,6290.35,6290.35,122089.79,2021-04-01T00:00:00,2022-12-31T00:00:00,2022,6311658.43,2933295.23,3378363.2,0.0,7866.0,YEAR-END,2022,True,committee_totals
S6KY00385,"BOOKER, CHARLES",KY,DEM,C00929208,BOOKER FOR THE COMMONWEALTH,368365.15,170264.65,198100.5,198100.5,0.0,2025-10-01T00:00:00,2026-03-31T00:00:00,2026,363364.86,131191.0,232173.86,0.0,0.0,APRIL QUARTERLY,2026,True,committee_totals
S4NJ00185,"BOOKER, CORY A.",NJ,DEM,C00540500,CORY BOOKER FOR SENATE,16808282.46,5829198.17,22171570.28,22171570.28,0.0,2025-01-01T00:00:00,2026-03-31T00:00:00,2026,12629918.79,4704378.68,7925540.11,0.0,456830.17,APRIL QUARTERLY,2026,True,committee_totals
S4NJ00185,"BOOKER, CORY A.",NJ,DEM,C00540500,CORY BOOKER FOR SENATE,7919520.16,4637639.76,11192485.99,11192485.99,0.0,2023-01-01T00:00:00,2024-12-31T00:00:00,2024,4233671.15,1922219.24,2311451.91,0.0,496220.21,YEAR-END,2024,True,committee_totals
S4NJ00185,"BOOKER, CORY A.",NJ,DEM,C00540500,CORY BOOKER FOR SENATE,6715393.45,4691894.15,7910605.59,7910605.59,0.0,2021-01-01T00:00:00,2022-12-31T00:00:00,2022,4343200.79,1750743.04,2592457.75,0.0,25118.97,YEAR-END,2022,True,committee_totals
S4NJ00185,"BOOKER, CORY A.",NJ,DEM,C00540500,CORY BOOKER FOR SENATE,8290750.95,6539134.14,5887106.29,5887106.29,0.0,2019-01-01T00:00:00,2020-12-31T00:00:00,2020,5317701.42,3434645.2,1883056.22,0.0,4829.54,YEAR-END,2020,True,committee_totals
S4NJ00185,"BOOKER, CORY A.",NJ,DEM,C00540500,CORY BOOKER FOR SENATE,6012679.26,3257638.51,4135489.48,4135489.48,167389.96,2017-01-01T00:00:00,2018-12-31T00:00:00,2018,3771708.56,2108250.73,1663454.83,0.0,14968.22,YEAR-END,2018,True,committee_totals
S4NJ00185,"BOOKER, CORY A.",NJ,DEM,C00540500,CORY BOOKER FOR SENATE,2315708.84,1782239.23,1380448.0,1380448.0,5266.0,2015-01-01T00:00:00,2016-12-31T00:00:00,2016,1853262.26,1463011.6,390248.66,0.0,2882.59,YEAR-END,2016,True,committee_totals
S4NJ00185,"BOOKER, CORY A.",NJ,DEM,C00540500,CORY BOOKER FOR SENATE,18368139.0,17521163.0,846977.0,846977.0,5266.0,2013-01-01T00:00:00,2014-12-31T00:00:00,2014,15340868.0,14218105.0,1122759.0,0.0,5464.0,YEAR-END,2014,True,committee_totals
S0AR00150,"BOOZMAN, SEN. JOHN",AR,REP,C00476317,BOOZMAN FOR ARKANSAS,359638.54,199913.46,1270501.58,1270501.58,0.0,2025-01-01T00:00:00,2026-03-31T00:00:00,2026,96651.42,96250.0,401.42,0.0,38433.86,APRIL QUARTERLY,2026,True,committee_totals
S0AR00150,"BOOZMAN, SEN. JOHN",AR,REP,C00476317,BOOZMAN FOR ARKANSAS,726859.47,508302.65,1110776.5,1110776.5,0.0,2023-01-01T00:00:00,2024-12-31T00:00:00,2024,190933.42,167176.5,23756.92,0.0,35442.93,YEAR-END,2024,True,committee_totals
S0AR00150,"BOOZMAN, SEN. JOHN",AR,REP,C00476317,BOOZMAN FOR ARKANSAS,6769987.02,6784608.71,892219.68,892219.68,0.0,2021-01-01T00:00:00,2022-12-31T00:00:00,2022,3225487.7,3058152.66,167335.04,0.0,1268.76,YEAR-END,2022,True,committee_totals
S0AR00150,"BOOZMAN, SEN. JOHN",AR,REP,C00476317,BOOZMAN FOR ARKANSAS,700984.03,291255.46,906841.37,906841.37,0.0,2019-01-01T00:00:00,2020-12-31T00:00:00,2020,218411.8,198825.5,19586.3,0.0,6455.37,YEAR-END,2020,True,committee_totals
S0AR00150,"BOOZMAN, SEN. JOHN",AR,REP,C00476317,BOOZMAN FOR ARKANSAS,297946.92,259514.65,497112.8,497112.8,0.0,2017-01-01T00:00:00,2018-12-31T00:00:00,2018,114056.0,100500.0,13556.0,0.0,172.5,YEAR-END,2018,True,committee_totals
S0AR00150,"BOOZMAN, SEN. JOHN",AR,REP,C00476317,BOOZMAN FOR ARKANSAS,4178410.0,3988330.0,458682.0,458682.0,0.0,2015-01-01T00:00:00,2016-12-31T00:00:00,2016,2152542.0,2040027.0,112514.0,0.0,35.0,YEAR-END,2016,True,committee_totals
S0AR00150,"BOOZMAN, SEN. JOHN",AR,REP,C00476317,BOOZMAN FOR ARKANSAS,464390.0,295853.0,268602.0,268602.0,0.0,2013-01-01T00:00:00,2014-12-31T00:00:00,2014,289701.0,226655.0,63046.0,0.0,0.0,YEAR-END,2014,True,committee_totals
S0AR00150,"BOOZMAN, SEN. JOHN",AR,REP,C00476317,BOOZMAN FOR ARKANSAS,277224.0,212216.0,100069.0,100069.0,0.0,2011-01-01T00:00:00,2012-12-31T00:00:00,2012,154987.0,79105.0,75882.0,0.0,0.0,YEAR-END,2012,True,committee_totals
S0AR00150,"BOOZMAN, SEN. JOHN",AR,REP,C00476317,BOOZMAN FOR ARKANSAS,3680708.0,3666977.0,13731.0,13731.0,0.0,2010-01-01T00:00:00,2010-12-31T00:00:00,2010,2462986.0,2096675.0,366307.0,0.0,86.0,YEAR-END,2010,True,committee_totals
S6IL00656,"BOTSFORD, STEVE",IL,DEM,C00920348,BOTSFORD FOR ILLINOIS,372718.37,372618.2,100.17,100.17,0.0,2025-07-01T00:00:00,2026-03-31T00:00:00,2026,9717.0,8450.0,1267.0,362994.57,6.8,APRIL QUARTERLY,2026,True,committee_totals
S4UT00324,"BOWEN, CARLTON E.",UT,IAP,C00877688,CARLTON 4 US SENATE ,31444.64,35280.99,78.65,78.65,0.0,2023-12-29T00:00:00,2024-12-31T00:00:00,2024,6855.83,6619.83,256.0,28483.81,0.0,YEAR-END,2024,True,committee_totals
S6GA00267,"BOX, REAGAN",GA,REP,C00818807,REAGAN BOX FOR US HOUSE 2026,82041.04,90345.82,-261.54,-261.54,0.0,2025-01-01T00:00:00,2026-03-31T00:00:00,2026,82041.04,62482.22,19558.82,0.0,0.0,APRIL QUARTERLY,2026,True,committee_totals
S6GA00267,"BOX, REAGAN",GA,REP,C00818807,REAGAN BOX US SENATE 2026,33606.11,26130.41,8043.24,8043.24,0.0,2023-01-01T00:00:00,2024-12-31T00:00:00,2024,33339.82,23498.1,9841.72,16.29,0.0,YEAR-END,2024,True,committee_totals
S6GA00267,"BOX, REAGAN",GA,REP,C00818807,REAGAN BOX US SENATE 2026,0.0,0.0,567.54,567.54,0.0,2022-07-01T00:00:00,2022-12-31T00:00:00,2022,0.0,0.0,0.0,0.0,0.0,YEAR-END,2022,True,committee_totals
S8CA00515,"BRADLEY, JAMES",CA,REP,C00674085,JAMES BRADLEY FOR US SENATE,1175.01,17727.56,499.69,499.69,245.0,2025-01-01T00:00:00,2026-03-31T00:00:00,2026,10.0,0.0,10.0,1040.0,63.94,APRIL QUARTERLY,2026,True,committee_totals
S8CA00515,"BRADLEY, JAMES",CA,REP,C00674085,JAMES BRADLEY FOR US SENATE,196982.69,180015.22,17052.24,17052.24,245.0,2023-01-01T00:00:00,2024-12-31T00:00:00,2024,192679.99,57168.6,135511.39,134.23,1262.01,YEAR-END,2024,True,committee_totals
S8CA00515,"BRADLEY, JAMES",CA,REP,C00674085,JAMES P. BRADLEY FOR US SENATE,150696.93,154265.32,84.77,84.77,9382.6,2021-01-01T00:00:00,2022-12-31T00:00:00,2022,128529.3,45669.0,82860.3,0.0,0.0,YEAR-END,2022,True,committee_totals
S8CA00515,"BRADLEY, JAMES",CA,REP,C00674085,JAMES P. BRADLEY FOR US SENATE,7087.53,3434.37,3653.16,3653.16,5179.53,2020-10-01T00:00:00,2020-12-31T00:00:00,2020,1605.0,480.0,1125.0,0.0,0.0,YEAR-END,2020,True,committee_totals
S0TN00342,"BRADSHAW, MARQUITA",TN,DEM,C00846048,MARQUITA BRADSHAW FOR U S SENATE,881.21,511.27,448.59,448.59,0.0,2025-01-01T00:00:00,2026-03-31T00:00:00,2026,881.21,0.0,881.21,0.0,0.0,APRIL QUARTERLY,2026,True,committee_totals
S0TN00342,"BRADSHAW, MARQUITA",TN,DEM,C00846048,MARQUITA BRADSHAW FOR U S SENATE,39727.68,39649.03,78.65,78.65,0.0,2023-07-01T00:00:00,2024-12-31T00:00:00,2024,35139.5,19130.0,16009.5,3200.0,0.0,YEAR-END,2024,True,committee_totals
S0TN00342,"BRADSHAW, MARQUITA",TN,DEM,C00720805,MARQUITA BRADSHAW FOR US SENATE,0.0,16208.96,0.0,0.0,0.0,2021-01-01T00:00:00,2021-01-31T00:00:00,2022,0.0,0.0,0.0,0.0,0.0,TERMINATION REPORT,2021,True,committee_totals
S0TN00342,"BRADSHAW, MARQUITA",TN,DEM,C00720805,MARQUITA BRADSHAW FOR US SENATE,1628980.09,1612771.13,16208.96,16208.96,0.0,2019-09-27T00:00:00,2020-12-31T00:00:00,2020,1564486.33,609650.56,954835.77,0.0,0.0,YEAR-END,2020,True,committee_totals
S4TN00542,"BRADSHAW, MARQUITA",TN,DEM,C00846048,MARQUITA BRADSHAW FOR U S SENATE,881.21,511.27,448.59,448.59,0.0,2025-01-01T00:00:00,2026-03-31T00:00:00,2026,881.21,0.0,881.21,0.0,0.0,APRIL QUARTERLY,2026,True,committee_totals
S4TN00542,"BRADSHAW, MARQUITA",TN,DEM,C00846048,MARQUITA BRADSHAW FOR U S SENATE,39727.68,39649.03,78.65,78.65,0.0,2023-07-01T00:00:00,2024-12-31T00:00:00,2024,35139.5,19130.0,16009.5,3200.0,0.0,YEAR-END,2024,True,committee_totals
S8IN00171,"BRAUN, MIKE",IN,REP,C00680454,BRAUN VICTORY COMMITTEE,10194.03,16788.01,0.0,0.0,0.0,2019-01-01T00:00:00,2020-11-23T00:00:00,2020,0.0,0.0,0.0,,,TERMINATION REPORT,2020,False,committee_totals
S8IN00171,"BRAUN, MIKE",IN,REP,C00680454,BRAUN VICTORY COMMITTEE,998292.9,991698.92,6593.98,6593.98,0.0,2018-06-07T00:00:00,2018-12-31T00:00:00,2018,986292.9,985567.9,725.0,,,YEAR-END,2018,False,committee_totals
S8IN00171,"BRAUN, MIKE",IN,REP,C00689471,FOUNDERS COMMITTEE; THE,372500.0,372500.0,0.0,0.0,0.0,2018-10-01T00:00:00,2018-12-31T00:00:00,2018,372500.0,372500.0,0.0,0.0,0.0,TERMINATION REPORT,2018,False,committee_totals
S8IN00171,"BRAUN, MIKE",IN,REP,C00653147,FREEDOM & OPPORTUNITY FUND,144774.26,27700.97,115081.72,115081.72,0.0,2025-01-01T00:00:00,2026-03-31T00:00:00,2026,0.0,0.0,0.0,,,APRIL QUARTERLY,2026,False,committee_totals
S8IN00171,"BRAUN, MIKE",IN,REP,C00685230,GROW THE MAJORITY,80500.0,80500.0,0.0,0.0,0.0,2018-08-08T00:00:00,2018-10-17T00:00:00,2018,76000.0,76000.0,0.0,0.0,0.0,TERMINATION REPORT,2018,False,committee_totals
S8IN00171,"BRAUN, MIKE",IN,REP,C00683029,KEEP THE SENATE RED 2018,1433715.0,1433715.0,0.0,0.0,0.0,2018-07-01T00:00:00,2018-12-31T00:00:00,2018,1337720.0,1336950.0,770.0,,,TERMINATION REPORT,2018,False,committee_totals
S8IN00171,"BRAUN, MIKE",IN,REP,C00652081,PROTECTING THE MAJORITY COMMITTEE,0.0,15200.0,0.0,0.0,0.0,2019-01-01T00:00:00,2019-06-30T00:00:00,2020,0.0,0.0,0.0,,,TERMINATION REPORT,2019,False,committee_totals
S8IN00171,"BRAUN, MIKE",IN,REP,C00652081,PROTECTING THE MAJORITY COMMITTEE,445350.0,430150.0,15200.0,15200.0,0.0,2017-07-01T00:00:00,2018-12-31T00:00:00,2018,303850.0,303850.0,0.0,,,YEAR-END,2018,False,committee_totals
S8IN00171,"BRAUN, MIKE",IN,REP,C00681163,STRENGTHEN THE SENATE MAJORITY 2018,2534.88,9395.83,0.0,0.0,0.0,2019-01-01T00:00:00,2019-06-30T00:00:00,2020,0.0,0.0,0.0,,,TERMINATION REPORT,2019,False,committee_totals
S8IN00171,"BRAUN, MIKE",IN,REP,C00681163,STRENGTHEN THE SENATE MAJORITY 2018,1008061.0,1001200.05,6860.95,6860.95,0.0,2018-06-15T00:00:00,2018-12-31T00:00:00,2018,995450.0,995450.0,0.0,,,YEAR-END,2018,False,committee_totals
S2CO00209,"BREMER, ELI",CO,REP,C00786723,ELI FOR COLORADO,0.0,0.0,0.0,0.0,65937.74,2025-01-01T00:00:00,2025-03-31T00:00:00,2026,0.0,0.0,0.0,0.0,0.0,APRIL QUARTERLY,2025,True,committee_totals
S2CO00209,"BREMER, ELI",CO,REP,C00786723,ELI FOR COLORADO,0.0,2353.2,0.0,0.0,65937.74,2023-01-01T00:00:00,2024-12-31T00:00:00,2024,0.0,0.0,0.0,0.0,0.0,YEAR-END,2024,True,committee_totals
S2CO00209,"BREMER, ELI",CO,REP,C00786723,ELI FOR COLORADO,503475.54,501122.34,2353.2,2353.2,68290.94,2021-07-01T00:00:00,2022-12-31T00:00:00,2022,498475.54,440042.0,58433.54,0.0,0.0,YEAR-END,2022,True,committee_totals
S6CO00408,"BRESLIN, KAREN",CO,DEM,C00897488,BRESLIN FOR US SENATE,164777.91,155619.71,9158.2,9158.2,0.0,2025-01-01T00:00:00,2026-03-31T00:00:00,2026,158107.34,54994.74,103112.6,573.82,0.0,APRIL QUARTERLY,2026,True,committee_totals
S2AL00145,"BRITT, KATIE BOYD",AL,REP,C00781443,BRITT FOR ALABAMA INC,2354118.85,1240070.25,5223597.3,5223597.3,30327.0,2025-01-01T00:00:00,2026-03-31T00:00:00,2026,1967510.46,1270798.58,696711.88,0.0,6000.0,APRIL QUARTERLY,2026,True,committee_totals
S2AL00145,"BRITT, KATIE BOYD",AL,REP,C00781443,BRITT FOR ALABAMA INC,3907112.1,1506294.88,4109548.7,4109548.7,30327.0,2023-01-01T00:00:00,2024-12-31T00:00:00,2024,3017323.47,1800569.44,1216754.03,0.0,2200.0,YEAR-END,2024,True,committee_totals
S2AL00145,"BRITT, KATIE BOYD",AL,REP,C00781443,BRITT FOR ALABAMA INC,11353922.19,9645190.71,1708731.48,1708731.48,30327.0,2021-04-01T00:00:00,2022-12-31T00:00:00,2022,9080039.94,8388238.08,691801.86,0.0,0.0,YEAR-END,2022,True,committee_totals
S2AZ00356,"BRNOVICH, MARK MR.",AZ,REP,C00781898,BRNOVICH FOR SENATE,25.0,0.99,5180.66,5180.66,463173.45,2025-01-01T00:00:00,2026-03-31T00:00:00,2026,25.0,0.0,25.0,0.0,0.0,APRIL QUARTERLY,2026,True,committee_totals
S2AZ00356,"BRNOVICH, MARK MR.",AZ,REP,C00781898,BRNOVICH FOR SENATE,78.65,167.48,5156.65,5156.65,463173.45,2023-01-01T00:00:00,2024-12-31T00:00:00,2024,15.0,0.0,15.0,0.0,0.0,YEAR-END,2024,True,committee_totals
S2AZ00356,"BRNOVICH, MARK MR.",AZ,REP,C00781898,BRNOVICH FOR SENATE,3184414.92,3179169.44,5245.48,5245.48,460563.2,2021-04-01T00:00:00,2022-12-31T00:00:00,2022,3138703.94,1895468.75,1243235.19,5800.0,0.0,YEAR-END,2022,True,committee_totals
S6SC04270,"BROWN, BRANDON",SC,DEM,C00911149,BRANDON BROWN FOR SOUTH CAROLINA,69568.6,20369.01,0.0,0.0,0.0,2025-10-01T00:00:00,2026-09-30T00:00:00,2026,69568.6,2300.0,67268.6,0.0,0.0,OCTOBER QUARTERLY,2026,True,committee_totals
S6NC00373,"BROWN, DON",NC,REP,C00857110,DON BROWN FOR SENATE,224689.23,225529.84,0.0,0.0,0.0,2025-01-01T00:00:00,2026-04-13T00:00:00,2026,211660.12,142977.23,68682.89,11634.26,500.0,TERMINATION REPORT,2026,True,committee_totals
S6NC00373,"BROWN, DON",NC,REP,C00857110,DON BROWN FOR CONGRESS,90297.91,89457.3,840.61,840.61,8800.0,2023-11-15T00:00:00,2024-12-31T00:00:00,2024,80387.91,73595.21,6792.7,1110.0,0.0,YEAR-END,2024,True,committee_totals
S2NV00308,"BROWN, SAM",NV,REP,C00845032,AMERICAN HORIZON PAC,256505.31,117921.69,402179.89,402179.89,0.0,2025-01-01T00:00:00,2026-03-31T00:00:00,2026,0.0,0.0,0.0,,,APRIL QUARTERLY,2026,False,committee_totals
S2NV00308,"BROWN, SAM",NV,REP,C00829481,BROWN FOR NV SENATE REPUBLICAN NOMINEE FUND 2024,47914.23,2031.87,0.0,0.0,0.0,2023-01-01T00:00:00,2024-09-29T00:00:00,2024,5149.46,623.0,4526.46,,0.0,TERMINATION REPORT,2024,False,committee_totals
S2NV00308,"BROWN, SAM",NV,REP,C00829481,BROWN FOR NV SENATE REPUBLICAN NOMINEE FUND 2024,144652.71,190535.07,0.0,0.0,0.0,2023-01-01T00:00:00,2024-09-29T00:00:00,2024,2597.43,530.0,2067.43,0.0,0.0,TERMINATION REPORT,2024,False,committee_totals
S2NV00308,"BROWN, SAM",NV,REP,C00783936,SAM BROWN PAC,0.0,0.0,0.0,0.0,0.0,2023-01-01T00:00:00,2023-03-31T00:00:00,2024,0.0,0.0,0.0,,,TERMINATION REPORT,2023,False,committee_totals
S2NV00308,"BROWN, SAM",NV,REP,C00783936,SAM BROWN PAC,4406285.99,4406285.99,0.0,0.0,0.0,2021-05-01T00:00:00,2022-12-31T00:00:00,2022,4304934.94,2078188.05,2226746.89,,,YEAR-END,2022,False,committee_totals
S4NH00120,"BROWN, SCOTT",NH,REP,C00561845,2014 SENATORS CLASSIC COMMITTEE,1061900.0,1061899.0,0.0,0.0,0.0,2014-04-01T00:00:00,2014-10-15T00:00:00,2014,67900.0,67900.0,0.0,0.0,0.0,TERMINATION REPORT,2014,False,committee_totals
S4NH00120,"BROWN, SCOTT",NH,REP,C00561886,BROWN VICTORY COMMITTEE,1612752.5,1612752.5,0.0,0.0,0.0,2014-04-01T00:00:00,2014-11-24T00:00:00,2014,1611650.0,1610350.0,1300.0,,,TERMINATION REPORT,2014,False,committee_totals
S4NH00120,"BROWN, SCOTT",NH,REP,C00563858,FOUNDERS SENATE CANDIDATE COMMITTEE,7000.0,34633.67,0.0,0.0,0.0,2015-01-01T00:00:00,2015-06-30T00:00:00,2016,2000.0,2000.0,0.0,,,TERMINATION REPORT,2015,False,committee_totals
S4NH00120,"BROWN, SCOTT",NH,REP,C00563858,FOUNDERS SENATE CANDIDATE COMMITTEE,1182300.0,1154666.33,27633.67,27633.67,0.0,2014-04-01T00:00:00,2014-12-31T00:00:00,2014,1157800.0,1157800.0,0.0,,,YEAR-END,2014,False,committee_totals
S4NH00120,"BROWN, SCOTT",NH,REP,C00563130,GOP VICTORY FUND 2014,963582.0,963581.98,0.0,0.0,0.0,2014-04-01T00:00:00,2014-12-31T00:00:00,2014,963582.0,963582.0,0.0,,,TERMINATION REPORT,2014,False,committee_totals
S4NH00120,"BROWN, SCOTT",NH,REP,C00560003,STRONG COUNTRY FOR TODAY AND TOMORROW,114028.05,143001.23,99595.92,99595.92,0.0,2025-01-01T00:00:00,2026-03-31T00:00:00,2026,373.92,0.0,373.92,,,APRIL MONTHLY,2026,False,committee_totals
S4NH00120,"BROWN, SCOTT",NH,REP,C00560003,STRONG COUNTRY FOR TODAY AND TOMORROW (SCOTTPAC),8250.39,44533.15,128569.1,128569.1,0.0,2023-01-01T00:00:00,2024-12-31T00:00:00,2024,2500.0,2500.0,0.0,,,YEAR-END,2024,False,committee_totals
S4NH00120,"BROWN, SCOTT",NH,REP,C00560003,STRONG COUNTRY FOR TODAY AND TOMORROW (SCOTTPAC),18691.69,79579.56,164851.86,164851.86,0.0,2021-01-01T00:00:00,2022-12-31T00:00:00,2022,0.0,0.0,0.0,,,YEAR-END,2022,False,committee_totals
S4NH00120,"BROWN, SCOTT",NH,REP,C00560003,STRONG COUNTRY FOR TODAY AND TOMORROW (SCOTTPAC),108097.38,167.0,225739.73,225739.73,0.0,2019-01-01T00:00:00,2020-12-31T00:00:00,2020,0.0,0.0,0.0,,,YEAR-END,2020,False,committee_totals
S4NH00120,"BROWN, SCOTT",NH,REP,C00560003,STRONG COUNTRY FOR TODAY AND TOMORROW (SCOTTPAC),36816.66,45221.01,117809.35,117809.35,0.0,2017-01-01T00:00:00,2018-12-31T00:00:00,2018,0.0,0.0,0.0,,,YEAR-END,2018,False,committee_totals
S4NH00120,"BROWN, SCOTT",NH,REP,C00560003,STRONG COUNTRY FOR TODAY AND TOMORROW (SCOTTPAC),235076.59,167889.71,126213.7,126213.7,0.0,2015-01-01T00:00:00,2016-12-31T00:00:00,2016,0.0,0.0,0.0,,,YEAR-END,2016,False,committee_totals
S6NH00166,"BROWN, SCOTT P.",NH,REP,C00909622,"SCOTT BROWN FOR NEW HAMPSHIRE, INC.",1664338.14,880952.11,783386.03,783386.03,0.0,2025-06-24T00:00:00,2026-03-31T00:00:00,2026,930183.98,519317.03,410866.95,0.0,0.0,APRIL QUARTERLY,2026,True,committee_totals
S6OH00163,"BROWN, SHERROD",OH,DEM,C00916288,FRIENDS OF SHERROD BROWN,25979968.48,8951326.24,17028642.24,17028642.24,0.0,2025-08-11T00:00:00,2026-04-15T00:00:00,2026,21053052.02,11396837.31,9656214.71,0.0,117287.6,PRE-PRIMARY,2026,True,committee_totals
S4TX00888,"BROWN, THEODORE E. JR.",TX,LIB,C00857623,TED BROWN ELECTION COMMITTEE,6200.0,5257.79,1010.09,1010.09,0.0,2025-01-01T00:00:00,2026-03-31T00:00:00,2026,1200.0,650.0,550.0,5000.0,0.0,APRIL QUARTERLY,2026,True,committee_totals
S4TX00888,"BROWN, THEODORE E. JR.",TX,LIB,C00857623,TED BROWN ELECTION COMMITTEE,13994.0,13926.12,67.88,67.88,0.0,2023-11-21T00:00:00,2024-12-31T00:00:00,2024,8794.0,4560.0,4234.0,5200.0,0.0,YEAR-END,2024,True,committee_totals
S0OK00370,"BROYLES, ABBY",OK,DEM,C00725762,ABBY BROYLES FOR US SENATE,0.0,4503.07,35493.38,35493.38,19114.48,2021-01-01T00:00:00,2021-03-31T00:00:00,2022,0.0,0.0,0.0,0.0,0.0,APRIL QUARTERLY,2021,True,committee_totals
S0OK00370,"BROYLES, ABBY",OK,DEM,C00725762,ABBY BROYLES FOR US SENATE,2089401.41,2062803.89,39996.45,39996.45,19114.48,2019-10-01T00:00:00,2020-12-31T00:00:00,2020,2001852.15,1231016.71,770835.44,0.0,171.76,YEAR-END,2020,True,committee_totals
S2SC00145,"BRUCE, CATHERINE FLEMING MS.",SC,DEM,C00798827,CATHERINE FLEMING BRUCE FOR UNITED STATES SENATE,0.0,0.0,5030.29,5030.29,0.0,2025-01-01T00:00:00,2025-09-30T00:00:00,2026,0.0,0.0,0.0,0.0,0.0,OCTOBER QUARTERLY,2025,True,committee_totals
S2SC00145,"BRUCE, CATHERINE FLEMING MS.",SC,DEM,C00798827,CATHERINE FLEMING BRUCE FOR UNITED STATES SENATE,0.0,0.0,5030.29,5030.29,0.0,2023-01-01T00:00:00,2024-12-31T00:00:00,2024,0.0,0.0,0.0,0.0,0.0,YEAR-END,2024,True,committee_totals
S2SC00145,"BRUCE, CATHERINE FLEMING MS.",SC,DEM,C00798827,CATHERINE FLEMING BRUCE FOR UNITED STATES SENATE,28402.41,22150.72,5030.29,5030.29,0.0,2022-01-01T00:00:00,2022-12-31T00:00:00,2022,28377.41,14862.64,13514.77,0.0,25.0,YEAR-END,2022,True,committee_totals
S2NC00596,"BRYANT, LEONARD L",NC,REP,C00793265,BRYANT FOR US SENATE,0.0,0.0,1791.0,1791.0,2341.0,2023-01-01T00:00:00,2024-03-31T00:00:00,2024,0.0,0.0,0.0,0.0,0.0,APRIL QUARTERLY,2024,True,committee_totals
S2NC00596,"BRYANT, LEONARD L",NC,REP,C00793265,BRYANT FOR US SENATE,6627.26,4836.26,1791.0,1791.0,2341.0,2021-10-01T00:00:00,2022-12-31T00:00:00,2022,50.0,0.0,50.0,745.0,1740.26,YEAR-END,2022,True,committee_totals
S4GA11103,"BUCKLEY, ALLEN",GA,IND,C00394064,BUCKLEY FOR SENATE,42377.0,42376.0,0.0,0.0,0.0,2003-12-01T00:00:00,2004-12-31T00:00:00,2004,13269.0,,,14938.0,,TERMINATION REPORT,2004,True,committee_totals
S4GA11103,"BUCKLEY, ALLEN",GA,IND,C00451872,BUCKLEY FOR SENATE,26628.0,28666.0,0.0,0.0,0.0,2008-04-01T00:00:00,2008-11-24T00:00:00,2008,14681.0,6066.0,8613.0,8509.0,,POST-GENERAL,2008,True,committee_totals
S4GA11103,"BUCKLEY, ALLEN",GA,IND,C00738716,BUCKLEY FOR U.S. SENATE 2020 LLC,0.0,6.0,0.0,0.0,0.0,2021-01-01T00:00:00,2021-05-05T00:00:00,2022,0.0,0.0,0.0,0.0,0.0,TERMINATION REPORT,2021,True,committee_totals
S4GA11103,"BUCKLEY, ALLEN",GA,IND,C00738716,BUCKLEY FOR U.S. SENATE 2020 LLC,23597.62,23597.62,0.0,0.0,1085.96,2020-01-01T00:00:00,2020-12-31T00:00:00,2020,13011.02,8299.02,4712.0,0.0,0.0,YEAR-END,2020,True,committee_totals
S2NC00505,"BUDD, THEODORE P",NC,REP,C00614776,TED BUDD FOR SENATE,1108350.93,961551.31,429157.89,429157.89,0.0,2025-01-01T00:00:00,2026-03-31T00:00:00,2026,731407.78,454869.71,276538.07,0.0,0.0,APRIL QUARTERLY,2026,True,committee_totals
S2NC00505,"BUDD, THEODORE P",NC,REP,C00614776,TED BUDD FOR SENATE,2111873.54,2101703.0,282358.27,282358.27,75000.0,2023-01-01T00:00:00,2024-12-31T00:00:00,2024,1267904.19,721942.05,545962.14,0.0,0.0,YEAR-END,2024,True,committee_totals
S2NC00505,"BUDD, THEODORE P",NC,REP,C00614776,TED BUDD FOR SENATE,14756213.34,15555024.27,272187.73,272187.73,541542.28,2021-01-01T00:00:00,2022-12-31T00:00:00,2022,10543728.12,7221711.85,3322016.27,265.81,0.0,YEAR-END,2022,True,committee_totals
S2NC00505,"BUDD, THEODORE P",NC,REP,C00614776,TED BUDD FOR CONGRESS,2325418.77,1324658.73,1070998.66,1070998.66,0.0,2019-01-01T00:00:00,2020-12-31T00:00:00,2020,1373534.85,964014.95,409519.9,0.0,0.0,YEAR-END,2020,True,committee_totals
S2NC00505,"BUDD, THEODORE P",NC,REP,C00614776,TED BUDD FOR CONGRESS,2432467.17,2381821.24,70238.62,70238.62,0.0,2017-01-01T00:00:00,2018-12-31T00:00:00,2018,1309901.6,1095918.0,213983.6,0.0,0.0,YEAR-END,2018,True,committee_totals
S2NC00505,"BUDD, THEODORE P",NC,REP,C00614776,TED BUDD FOR CONGRESS,611328.76,591736.07,19592.69,19592.69,34000.0,2016-04-01T00:00:00,2016-12-31T00:00:00,2016,392707.91,339248.0,53459.91,0.0,0.0,YEAR-END,2016,True,committee_totals
S0MT00173,"BULLOCK, STEVE",MT,DEM,C00741611,BIG SKY VALUES,4679.25,168471.66,544355.72,544355.72,0.0,2025-01-01T00:00:00,2026-03-31T00:00:00,2026,4679.25,1745.0,2934.25,,,APRIL MONTHLY,2026,False,committee_totals
S0MT00173,"BULLOCK, STEVE",MT,DEM,C00741611,BIG SKY VALUES,95816.03,602879.83,708148.13,708148.13,0.0,2023-01-01T00:00:00,2024-12-31T00:00:00,2024,93181.03,19177.0,74004.03,,,YEAR-END,2024,False,committee_totals
S0MT00173,"BULLOCK, STEVE",MT,DEM,C00741611,BIG SKY VALUES,565265.67,303604.09,1211011.72,1211011.72,0.0,2021-01-01T00:00:00,2022-12-31T00:00:00,2022,93892.6,28589.0,65303.6,,,YEAR-END,2022,False,committee_totals
S6NE00145,"BURBANK, CINDY",NE,DE,C00941641,CINDY BURBANK FOR SENATE,4163.0,164.47,3998.53,3998.53,0.0,2026-01-01T00:00:00,2026-03-31T00:00:00,2026,4163.0,3750.0,413.0,0.0,0.0,APRIL QUARTERLY,2026,True,committee_totals
S6RI00270,"BURBRIDGE, CONNOR",RI,DEM,C00902601,BURBRIDGE FOR RI,10434.82,9568.62,866.2,866.2,0.0,2025-04-01T00:00:00,2026-03-31T00:00:00,2026,8934.82,3160.66,5774.16,1500.0,0.0,APRIL QUARTERLY,2026,True,committee_totals
S6AL00500,"BURTON, MATTHEW SETH",AL,REP,C00935403,FRIENDS OF SETH BURTON,58254.23,31654.28,26599.95,26599.95,0.0,2025-12-20T00:00:00,2026-03-31T00:00:00,2026,50768.61,48465.61,2303.0,7485.62,0.0,APRIL QUARTERLY,2026,True,committee_totals
S4MS00203,"BURTON, TIMOTHY GHANNON COLONEL(R)",MS,REP,C00854125,BURTON FOR US SENATE,0.0,1595.63,0.0,0.0,0.0,2025-01-01T00:00:00,2025-04-30T00:00:00,2026,0.0,0.0,0.0,0.0,0.0,TERMINATION REPORT,2025,True,committee_totals
S4MS00203,"BURTON, TIMOTHY GHANNON COLONEL(R)",MS,REP,C00854125,BURTON FOR US SENATE,218188.17,216592.54,1595.63,1595.63,13594.25,2023-10-01T00:00:00,2024-12-31T00:00:00,2024,165730.0,146925.0,18805.0,0.0,19389.26,YEAR-END,2024,True,committee_totals
S0TN00201,"BUSH, BYRON",TN,REP,C00725846,COMMITTEE FOR BYRON BUSH FOR US SENATE,0.0,0.0,36789.79,36789.79,373000.0,2025-01-01T00:00:00,2025-09-30T00:00:00,2026,0.0,0.0,0.0,0.0,0.0,OCTOBER QUARTERLY,2025,True,committee_totals
S0TN00201,"BUSH, BYRON",TN,REP,C00725846,COMMITTEE FOR BYRON BUSH FOR US SENATE,0.0,0.0,36789.79,36789.79,373000.0,2023-01-01T00:00:00,2024-12-31T00:00:00,2024,0.0,0.0,0.0,0.0,0.0,YEAR-END,2024,True,committee_totals
S0TN00201,"BUSH, BYRON",TN,REP,C00725846,COMMITTEE FOR BYRON BUSH FOR US SENATE,0.0,0.0,36789.79,36789.79,373000.0,2021-01-01T00:00:00,2022-12-31T00:00:00,2022,0.0,0.0,0.0,0.0,0.0,YEAR-END,2022,True,committee_totals
S0TN00201,"BUSH, BYRON",TN,REP,C00725846,COMMITTEE FOR BYRON BUSH FOR US SENATE,441099.06,404309.27,36789.79,36789.79,373000.0,2019-10-01T00:00:00,2020-12-31T00:00:00,2020,10899.06,7750.0,3149.06,0.0,0.0,YEAR-END,2020,True,committee_totals
S6IL00565,"BUSTOS, AWISI",IL,DEM,C00907931,FRIENDS OF AWISI,42028.81,46453.58,0.0,0.0,0.0,2025-10-01T00:00:00,2026-02-25T00:00:00,2026,28.81,28.81,0.0,0.0,0.0,PRE-PRIMARY,2026,True,committee_totals
S6WY00217,"BYRD, JAMES WILLARD MR.",WY,DEM,C00938738,BYRD FOR US SENATE,9653.0,8319.97,1822.79,1822.79,0.0,2026-01-01T00:00:00,2026-03-31T00:00:00,2026,9653.0,8420.0,1233.0,0.0,0.0,APRIL QUARTERLY,2026,True,committee_totals
S0AL00206,"BYRNE, BRADLEY ROBERTS",AL,REP,C00697417,"BYRNE FOR SENATE, INC.",0.0,0.0,3933.13,3933.13,0.0,2025-01-01T00:00:00,2026-03-31T00:00:00,2026,0.0,0.0,0.0,0.0,0.0,APRIL QUARTERLY,2026,True,committee_totals
S0AL00206,"BYRNE, BRADLEY ROBERTS",AL,REP,C00697417,"BYRNE FOR SENATE, INC.",0.0,0.0,3933.13,3933.13,0.0,2023-01-01T00:00:00,2024-12-31T00:00:00,2024,0.0,0.0,0.0,0.0,0.0,YEAR-END,2024,True,committee_totals
S0AL00206,"BYRNE, BRADLEY ROBERTS",AL,REP,C00697417,"BYRNE FOR SENATE, INC.",2642.96,13066.9,3933.13,3933.13,0.0,2021-01-01T00:00:00,2022-12-31T00:00:00,2022,0.0,0.0,0.0,0.0,0.0,YEAR-END,2022,True,committee_totals
S0AL00206,"BYRNE, BRADLEY ROBERTS",AL,REP,C00697417,"BYRNE FOR SENATE, INC.",3539485.35,3525128.28,14357.07,14357.07,0.0,2019-01-01T00:00:00,2020-12-31T00:00:00,2020,1017201.01,907540.0,109661.01,0.0,0.0,YEAR-END,2020,True,committee_totals
S0NJ00068,"BYRNE, BRENDAN THOMAS JR",NJ,DEM,C00347591,FRIENDS OF TOM BYRNE,703955.43,93511.11,1265111.33,1265111.33,0.0,2025-01-01T00:00:00,2026-03-31T00:00:00,2026,0.0,0.0,0.0,0.0,703276.71,APRIL QUARTERLY,2026,True,committee_totals
S0NJ00068,"BYRNE, BRENDAN THOMAS JR",NJ,DEM,C00347591,FRIENDS OF TOM BYRNE,70174.26,449905.03,654667.01,654667.01,0.0,2023-01-01T00:00:00,2024-12-31T00:00:00,2024,0.0,0.0,0.0,0.0,70174.26,YEAR-END,2024,True,committee_totals
S0NJ00068,"BYRNE, BRENDAN THOMAS JR",NJ,DEM,C00347591,FRIENDS OF TOM BYRNE,99062.76,265088.43,1034397.78,1034397.78,300000.0,2021-01-01T00:00:00,2022-12-31T00:00:00,2022,0.0,0.0,0.0,0.0,99062.76,YEAR-END,2022,True,committee_totals
S0NJ00068,"BYRNE, BRENDAN THOMAS JR",NJ,DEM,C00347591,FRIENDS OF TOM BYRNE,77956.82,213772.46,1200423.45,1200423.45,500000.0,2019-01-01T00:00:00,2020-12-31T00:00:00,2020,0.0,0.0,0.0,0.0,77956.82,YEAR-END,2020,True,committee_totals
S0NJ00068,"BYRNE, BRENDAN THOMAS JR",NJ,DEM,C00347591,FRIENDS OF TOM BYRNE,82711.0,5416.0,1336238.0,1336238.0,690000.0,2017-01-01T00:00:00,2018-12-31T00:00:00,2018,0.0,0.0,0.0,0.0,82711.0,YEAR-END,2018,True,committee_totals
S0NJ00068,"BYRNE, BRENDAN THOMAS JR",NJ,DEM,C00347591,FRIENDS OF TOM BYRNE,75276.0,27669.0,1258950.0,1258950.0,690000.0,2015-01-01T00:00:00,2016-12-31T00:00:00,2016,0.0,0.0,0.0,0.0,75276.0,YEAR-END,2016,True,committee_totals
S0NJ00068,"BYRNE, BRENDAN THOMAS JR",NJ,DEM,C00347591,FRIENDS OF TOM BYRNE,141055.0,22492.0,1211340.0,1211340.0,690000.0,2013-01-01T00:00:00,2014-12-31T00:00:00,2014,0.0,0.0,0.0,0.0,141055.0,YEAR-END,2014,True,committee_totals
S0NJ00068,"BYRNE, BRENDAN THOMAS JR",NJ,DEM,C00347591,FRIENDS OF TOM BYRNE,65375.0,11206.0,1092775.0,1092775.0,690000.0,2011-01-01T00:00:00,2012-12-31T00:00:00,2012,0.0,0.0,0.0,0.0,65375.0,YEAR-END,2012,True,committee_totals
S0NJ00068,"BYRNE, BRENDAN THOMAS JR",NJ,DEM,C00347591,FRIENDS OF TOM BYRNE,30779.0,2233.0,1035503.0,1035503.0,690000.0,2009-01-01T00:00:00,2010-12-31T00:00:00,2010,0.0,0.0,0.0,0.0,30779.0,YEAR-END,2010,True,committee_totals
S0NJ00068,"BYRNE, BRENDAN THOMAS JR",NJ,DEM,C00347591,FRIENDS OF TOM BYRNE,522868.0,19014.0,1006957.0,1006957.0,690000.0,2007-01-01T00:00:00,2008-12-31T00:00:00,2008,0.0,0.0,0.0,0.0,22868.0,YEAR-END,2008,True,committee_totals
S0NJ00068,"BYRNE, BRENDAN THOMAS JR",NJ,DEM,C00347591,FRIENDS OF TOM BYRNE,19331.0,1065.0,503104.0,503104.0,190000.0,2005-01-01T00:00:00,2006-12-31T00:00:00,2006,0.0,0.0,0.0,0.0,13511.0,YEAR-END,2006,True,committee_totals
S0NJ00068,"BYRNE, BRENDAN THOMAS JR",NJ,DEM,C00347591,FRIENDS OF TOM BYRNE,9904.0,2964.0,484810.0,484810.0,190000.0,2003-01-01T00:00:00,2004-12-31T00:00:00,2004,0.0,,,0.0,,YEAR-END,2004,True,committee_totals
S0NJ00068,"BYRNE, BRENDAN THOMAS JR",NJ,DEM,C00347591,FRIENDS OF TOM BYRNE,16802.0,31355.0,4778.0,4778.0,190000.0,2001-01-01T00:00:00,2002-12-31T00:00:00,2002,0.0,,,0.0,,YEAR-END,2002,True,committee_totals
S0NJ00068,"BYRNE, BRENDAN THOMAS JR",NJ,DEM,C00347591,FRIENDS OF TOM BYRNE,652247.0,160317.0,492424.0,492424.0,190000.0,1999-01-01T00:00:00,2000-12-31T00:00:00,2000,426269.0,,,0.0,,YEAR-END,2000,True,committee_totals
S6ME00316,"CALABRESE, CARMEM VINCENT MR.",ME,REP,C00902759,CARMEN4SENATE.COM,17759.71,21259.71,-3500.0,-3500.0,0.0,2025-04-01T00:00:00,2025-09-30T00:00:00,2026,17759.71,17759.71,0.0,0.0,0.0,OCTOBER QUARTERLY,2025,True,committee_totals
S6ME00324,"CALABRESE, CARMEN VINCENT MR.",ME,REP,C00902759,CARMEN4SENATE.COM,17759.71,21259.71,-3500.0,-3500.0,0.0,2025-04-01T00:00:00,2025-09-30T00:00:00,2026,17759.71,17759.71,0.0,0.0,0.0,OCTOBER QUARTERLY,2025,True,committee_totals
S6KY00237,"CAMERON, DANIEL",KY,REP,C00898189,CAMERON FOR SENATE INC.,2060372.38,1295627.37,764745.01,764745.01,0.0,2025-02-21T00:00:00,2026-03-31T00:00:00,2026,2057566.49,1535267.31,522299.18,0.0,805.89,APRIL QUARTERLY,2026,True,committee_totals
S4FL00637,"CAMPBELL, STANLEY",FL,DEM,C00851725,STANLEY CAMPBELL FOR US SENATE,0.0,118434.38,0.0,0.0,1401000.0,2025-01-01T00:00:00,2025-03-31T00:00:00,2026,0.0,0.0,0.0,0.0,0.0,TERMINATION REPORT,2025,True,committee_totals
S4FL00637,"CAMPBELL, STANLEY",FL,DEM,C00851725,STANLEY CAMPBELL FOR US SENATE,1509617.41,1391650.16,118434.38,118434.38,1401000.0,2023-10-01T00:00:00,2024-12-31T00:00:00,2024,108617.41,70030.05,38587.36,0.0,0.0,YEAR-END,2024,True,committee_totals
S6TX00545,"CANADY, SARA LARUE",TX,REP,C00929406,SARA FOR SENATE,770.0,7490.84,-429.81,-429.81,0.0,2025-10-01T00:00:00,2026-03-31T00:00:00,2026,705.0,500.0,205.0,0.0,0.0,APRIL QUARTERLY,2026,True,committee_totals
S8WA00194,"CANTWELL, MARIA",WA,DEM,C00349506,FRIENDS OF MARIA,671716.74,1147976.64,134951.29,134951.29,2071350.9,2025-01-01T00:00:00,2026-03-31T00:00:00,2026,670915.14,304841.73,366073.41,0.0,150.53,APRIL QUARTERLY,2026,True,committee_totals
S8WA00194,"CANTWELL, MARIA",WA,DEM,C00349506,FRIENDS OF MARIA,11147595.82,10726015.97,611211.19,611211.19,2173182.85,2023-01-01T00:00:00,2024-12-31T00:00:00,2024,10134572.64,9014093.63,1120479.01,0.0,150491.52,YEAR-END,2024,True,committee_totals
S8WA00194,"CANTWELL, MARIA",WA,DEM,C00349506,FRIENDS OF MARIA,921937.29,1127914.02,189631.34,189631.34,2171350.9,2021-01-01T00:00:00,2022-12-31T00:00:00,2022,786963.19,517069.96,269893.23,0.0,9.32,YEAR-END,2022,True,committee_totals
S8WA00194,"CANTWELL, MARIA",WA,DEM,C00349506,FRIENDS OF MARIA,955976.58,1130261.19,395608.07,395608.07,2171350.9,2019-01-01T00:00:00,2020-12-31T00:00:00,2020,935714.12,357084.37,578629.75,0.0,128.92,YEAR-END,2020,True,committee_totals
S8WA00194,"CANTWELL, MARIA",WA,DEM,C00349506,FRIENDS OF MARIA,9399420.74,9635913.14,569892.68,569892.68,2171350.9,2017-01-01T00:00:00,2018-12-31T00:00:00,2018,8998701.26,6786052.65,2212644.61,0.0,347.53,YEAR-END,2018,True,committee_totals
S8WA00194,"CANTWELL, MARIA",WA,DEM,C00349506,FRIENDS OF MARIA,1167917.0,1139592.0,806383.0,806383.0,2171350.0,2015-01-01T00:00:00,2016-12-31T00:00:00,2016,1112898.0,759051.0,353843.0,0.0,1351.0,YEAR-END,2016,True,committee_totals
S8WA00194,"CANTWELL, MARIA",WA,DEM,C00349506,FRIENDS OF MARIA,1212531.0,1188762.0,778056.0,778056.0,2171350.0,2013-01-01T00:00:00,2014-12-31T00:00:00,2014,743855.0,360453.0,383401.0,0.0,22218.0,YEAR-END,2014,True,committee_totals
S8WA00194,"CANTWELL, MARIA",WA,DEM,C00349506,FRIENDS OF MARIA,9423369.0,9168345.0,754289.0,754289.0,2177453.0,2011-01-01T00:00:00,2012-12-31T00:00:00,2012,8807894.0,6511504.0,2296383.0,0.0,2725.0,YEAR-END,2012,True,committee_totals
S8WA00194,"CANTWELL, MARIA",WA,DEM,C00349506,FRIENDS OF MARIA,1587582.0,1144479.0,499264.0,499264.0,2174474.0,2009-01-01T00:00:00,2010-12-31T00:00:00,2010,1584582.0,1204399.0,380181.0,0.0,0.0,YEAR-END,2010,True,committee_totals
S8WA00194,"CANTWELL, MARIA",WA,DEM,C00349506,FRIENDS OF MARIA,967207.0,1057589.0,56161.0,56161.0,2278998.0,2007-01-01T00:00:00,2008-12-31T00:00:00,2008,897928.0,549418.0,348509.0,0.0,0.0,YEAR-END,2008,True,committee_totals
S8WA00194,"CANTWELL, MARIA",WA,DEM,C00349506,CANTWELL 2012,13725773.0,14013932.0,146544.0,146544.0,2350098.0,2005-01-01T00:00:00,2006-12-31T00:00:00,2006,12915252.0,9361759.0,3553487.0,0.0,191239.0,YEAR-END,2006,True,committee_totals
S8WA00194,"CANTWELL, MARIA",WA,DEM,C00349506,CANTWELL 2006,1794461.0,1409437.0,434702.0,434702.0,2502300.0,2003-01-01T00:00:00,2004-12-31T00:00:00,2004,1736724.0,,,0.0,,YEAR-END,2004,True,committee_totals
S8WA00194,"CANTWELL, MARIA",WA,DEM,C00349506,CANTWELL 2006,8658876.0,8614567.0,49678.0,49678.0,3127441.0,2001-01-01T00:00:00,2002-12-31T00:00:00,2002,2441804.0,,,0.0,,YEAR-END,2002,True,committee_totals
S8WA00194,"CANTWELL, MARIA",WA,DEM,C00349506,CANTWELL 2000 COM,11538665.0,11533295.0,5369.0,5369.0,4286936.0,1999-10-01T00:00:00,2000-12-31T00:00:00,2000,1227858.0,,,6530790.0,,YEAR-END,2000,True,committee_totals
S4VA00353,"CAO, HUNG",VA,REP,C00802488,HUNG CAO FOR VIRGINIA,9935.86,194157.15,223584.34,223584.34,0.0,2025-01-01T00:00:00,2026-03-31T00:00:00,2026,-75.85,-75.85,0.0,654.04,9278.92,APRIL QUARTERLY,2026,True,committee_totals
S4VA00353,"CAO, HUNG",VA,REP,C00802488,HUNG CAO FOR VIRGINIA,9832460.01,9517135.17,407805.63,407805.63,0.0,2023-01-01T00:00:00,2024-12-31T00:00:00,2024,9531954.86,5188975.92,4342978.94,0.0,2723.88,YEAR-END,2024,True,committee_totals
S4VA00353,"CAO, HUNG",VA,REP,C00802488,CAO FOR CONGRESS,3304902.6,3212421.81,92480.79,92480.79,0.0,2022-01-26T00:00:00,2022-12-31T00:00:00,2022,3101740.72,1850022.22,1251718.5,96.0,51.0,YEAR-END,2022,True,committee_totals
S4WV00159,"CAPITO, SHELLEY MOORE",WV,REP,C00539825,CAPITO FOR WEST VIRGINIA,3906185.63,2152797.56,4064753.28,4064753.28,0.0,2025-01-01T00:00:00,2026-04-22T00:00:00,2026,2158207.47,2112169.71,46037.76,0.0,76.24,PRE-PRIMARY,2026,True,committee_totals
S4WV00159,"CAPITO, SHELLEY MOORE",WV,REP,C00539825,CAPITO FOR WEST VIRGINIA,1001825.11,1529244.12,2311365.21,2311365.21,0.0,2023-01-01T00:00:00,2024-12-31T00:00:00,2024,315123.11,289711.0,25412.11,0.0,0.0,YEAR-END,2024,True,committee_totals
S4WV00159,"CAPITO, SHELLEY MOORE",WV,REP,C00539825,CAPITO FOR WEST VIRGINIA,862872.33,494618.45,2838784.22,2838784.22,0.0,2021-01-01T00:00:00,2022-12-31T00:00:00,2022,350719.65,319985.0,30734.65,0.0,0.0,YEAR-END,2022,True,committee_totals
S4WV00159,"CAPITO, SHELLEY MOORE",WV,REP,C00539825,CAPITO FOR WEST VIRGINIA,4941477.43,3161354.34,2470530.34,2470530.34,0.0,2019-01-01T00:00:00,2020-12-31T00:00:00,2020,2430596.77,2085617.5,344979.27,0.0,20.92,YEAR-END,2020,True,committee_totals
S4WV00159,"CAPITO, SHELLEY MOORE",WV,REP,C00539825,CAPITO FOR WEST VIRGINIA,673052.15,382759.45,690525.82,690525.82,0.0,2017-01-01T00:00:00,2018-12-31T00:00:00,2018,180446.0,156160.0,24286.0,0.0,248.15,YEAR-END,2018,True,committee_totals
S4WV00159,"CAPITO, SHELLEY MOORE",WV,REP,C00539825,CAPITO FOR WEST VIRGINIA,137546.0,419550.0,400232.0,400232.0,0.0,2015-01-01T00:00:00,2016-12-31T00:00:00,2016,19556.0,19350.0,206.0,0.0,886.0,YEAR-END,2016,True,committee_totals
S4WV00159,"CAPITO, SHELLEY MOORE",WV,REP,C00539825,CAPITO FOR WEST VIRGINIA,7860642.0,8781918.0,682236.0,682236.0,0.0,2013-01-01T00:00:00,2014-12-31T00:00:00,2014,4960366.0,4599456.0,360907.0,0.0,25547.0,YEAR-END,2014,True,committee_totals
S4WV00159,"CAPITO, SHELLEY MOORE",WV,REP,C00539825,CAPITO FOR WEST VIRGINIA,1624826.0,21314.0,1603511.0,1603511.0,,2012-12-01T00:00:00,2012-12-31T00:00:00,2012,2075.0,2000.0,75.0,,,YEAR-END,2012,True,committee_totals
S6IL00490,"CAPPARELLI, R CARY",IL,REP,C00911628,CAPPARELLI FOR US SENATE,13471.89,12643.39,828.5,828.5,4748.41,2025-04-28T00:00:00,2026-04-14T00:00:00,2026,8473.48,6576.36,1897.12,250.0,0.0,TERMINATION REPORT,2026,True,committee_totals
S6MD03177,"CARDIN, BENJAMIN L",MD,DEM,C00411587,"BEN CARDIN FOR SENATE, INC.",7213.91,427404.23,43251.41,43251.41,0.0,2025-01-01T00:00:00,2026-03-31T00:00:00,2026,0.0,0.0,0.0,0.0,1256.66,APRIL QUARTERLY,2026,True,committee_totals
S6MD03177,"CARDIN, BENJAMIN L",MD,DEM,C00411587,"BEN CARDIN FOR SENATE, INC.",30982.35,585829.17,463441.73,463441.73,0.0,2023-01-01T00:00:00,2024-12-31T00:00:00,2024,3118.0,1850.0,1268.0,0.0,8442.15,YEAR-END,2024,True,committee_totals
S6MD03177,"CARDIN, BENJAMIN L",MD,DEM,C00411587,"BEN CARDIN FOR SENATE, INC.",182295.47,316274.91,1018288.55,1018288.55,0.0,2021-01-01T00:00:00,2022-12-31T00:00:00,2022,95628.58,93560.0,2068.58,0.0,1714.89,YEAR-END,2022,True,committee_totals
S6MD03177,"CARDIN, BENJAMIN L",MD,DEM,C00411587,"BEN CARDIN FOR SENATE, INC.",207360.9,316816.01,1152267.99,1152267.99,0.0,2019-01-01T00:00:00,2020-12-31T00:00:00,2020,75074.0,67485.0,7589.0,0.0,960.33,YEAR-END,2020,True,committee_totals
S6MD03177,"CARDIN, BENJAMIN L",MD,DEM,C00411587,"BEN CARDIN FOR SENATE, INC.",4067153.24,3509769.73,1261723.1,1261723.1,0.0,2017-01-01T00:00:00,2018-12-31T00:00:00,2018,2444480.75,2316789.0,127687.75,0.0,617.93,YEAR-END,2018,True,committee_totals
S6MD03177,"CARDIN, BENJAMIN L",MD,DEM,C00411587,"BEN CARDIN FOR SENATE, INC.",518211.0,504808.0,704338.0,704338.0,0.0,2015-01-01T00:00:00,2016-12-31T00:00:00,2016,127929.0,110650.0,17279.0,0.0,617.0,YEAR-END,2016,True,committee_totals
S6MD03177,"CARDIN, BENJAMIN L",MD,DEM,C00411587,"BEN CARDIN FOR SENATE, INC.",338988.0,371830.0,690935.0,690935.0,0.0,2013-01-01T00:00:00,2014-12-31T00:00:00,2014,98581.0,94350.0,4231.0,0.0,623.0,YEAR-END,2014,True,committee_totals
S6MD03177,"CARDIN, BENJAMIN L",MD,DEM,C00411587,BEN CARDIN FOR SENATE,5594299.0,5252815.0,726870.0,726870.0,0.0,2011-01-01T00:00:00,2012-12-31T00:00:00,2012,3232367.0,2852334.0,380030.0,0.0,2834.0,YEAR-END,2012,True,committee_totals
S6MD03177,"CARDIN, BENJAMIN L",MD,DEM,C00411587,BEN CARDIN FOR SENATE,716383.0,436503.0,385385.0,385385.0,0.0,2009-01-01T00:00:00,2010-12-31T00:00:00,2010,447518.0,435484.0,12034.0,0.0,1564.0,YEAR-END,2010,True,committee_totals
S6MD03177,"CARDIN, BENJAMIN L",MD,DEM,C00411587,BEN CARDIN FOR SENATE,471021.0,535498.0,105504.0,105504.0,0.0,2007-01-01T00:00:00,2008-12-31T00:00:00,2008,263153.0,246139.0,17014.0,0.0,613.0,YEAR-END,2008,True,committee_totals
S6MD03177,"CARDIN, BENJAMIN L",MD,DEM,C00411587,BEN CARDIN FOR SENATE,8775424.0,8676056.0,99369.0,99369.0,0.0,2005-04-01T00:00:00,2006-12-31T00:00:00,2006,6814331.0,6014077.0,800250.0,0.0,10704.0,YEAR-END,2006,True,committee_totals
S6IA00249,"CARLIN, JAMES",IA,REP,C00898148,JIM CARLIN FOR US SENATE,293966.17,279387.32,14578.85,14578.85,193506.46,2024-12-01T00:00:00,2026-03-31T00:00:00,2026,103031.08,62881.25,40149.83,0.0,7.89,APRIL QUARTERLY,2026,True,committee_totals
S2IA00131,"CARLIN, JAMES M.",IA,REP,C00769208,CARLIN FOR US SENATE,0.0,0.0,0.0,0.0,0.0,2025-01-01T00:00:00,2025-02-16T00:00:00,2026,0.0,0.0,0.0,0.0,0.0,TERMINATION REPORT,2025,True,committee_totals
S2IA00131,"CARLIN, JAMES M.",IA,REP,C00769208,CARLIN FOR US SENATE,0.0,15.66,0.0,0.0,0.0,2023-01-01T00:00:00,2024-12-31T00:00:00,2024,0.0,0.0,0.0,0.0,0.0,YEAR-END,2024,True,committee_totals
S2IA00131,"CARLIN, JAMES M.",IA,REP,C00769208,CARLIN FOR US SENATE,583857.35,583841.69,15.66,15.66,7500.0,2021-01-01T00:00:00,2022-12-31T00:00:00,2022,109243.6,66951.82,42291.78,464075.8,430.83,YEAR-END,2022,True,committee_totals
S4IN00279,"CARMICHAEL, ROBERT MARC",IN,DEM,C00845859,CARMICHAEL FOR US SENATE,0.0,0.0,13200.15,13200.15,3147.12,2025-01-01T00:00:00,2025-06-30T00:00:00,2026,0.0,0.0,0.0,0.0,0.0,JULY QUARTERLY,2025,True,committee_totals
S4IN00279,"CARMICHAEL, ROBERT MARC",IN,DEM,C00845859,CARMICHAEL FOR US SENATE,114319.39,101119.24,13200.15,13200.15,3147.12,2023-07-01T00:00:00,2024-12-31T00:00:00,2024,108043.39,90586.39,17457.0,1000.0,0.0,YEAR-END,2024,True,committee_totals
S8DE00079,"CARPER, THOMAS R.",DE,DEM,C00349217,CARPER FOR SENATE,0.0,55789.69,0.0,0.0,0.0,2025-01-01T00:00:00,2025-03-31T00:00:00,2026,0.0,0.0,0.0,0.0,0.0,TERMINATION REPORT,2025,True,committee_totals
S8DE00079,"CARPER, THOMAS R.",DE,DEM,C00349217,CARPER FOR SENATE,232443.49,731738.41,55789.69,55789.69,0.0,2023-01-01T00:00:00,2024-12-31T00:00:00,2024,133593.23,127481.96,6111.27,0.0,3310.04,YEAR-END,2024,True,committee_totals
S8DE00079,"CARPER, THOMAS R.",DE,DEM,C00349217,CARPER FOR SENATE,883553.29,632816.39,555084.61,555084.61,0.0,2021-01-01T00:00:00,2022-12-31T00:00:00,2022,330434.89,303338.49,27096.4,0.0,428.4,YEAR-END,2022,True,committee_totals
S8DE00079,"CARPER, THOMAS R.",DE,DEM,C00349217,CARPER FOR SENATE,688511.18,744805.33,304347.71,304347.71,0.0,2019-01-01T00:00:00,2020-12-31T00:00:00,2020,274165.95,235071.19,39094.76,0.0,1139.29,YEAR-END,2020,True,committee_totals
S8DE00079,"CARPER, THOMAS R.",DE,DEM,C00349217,CARPER FOR SENATE,3236955.45,3121074.42,360641.86,360641.86,0.0,2017-01-01T00:00:00,2018-12-31T00:00:00,2018,1260577.33,1157454.0,103121.33,0.0,1154.22,YEAR-END,2018,True,committee_totals
S8DE00079,"CARPER, THOMAS R.",DE,DEM,C00349217,CARPER FOR SENATE,627565.0,760838.0,244760.0,244760.0,0.0,2015-01-01T00:00:00,2016-12-31T00:00:00,2016,158291.0,149817.0,8474.0,0.0,1901.0,YEAR-END,2016,True,committee_totals
S8DE00079,"CARPER, THOMAS R.",DE,DEM,C00349217,CARPER FOR SENATE,529897.0,1005242.0,378033.0,378033.0,0.0,2013-01-01T00:00:00,2014-12-31T00:00:00,2014,234484.0,201121.0,33363.0,0.0,3176.0,YEAR-END,2014,True,committee_totals
S8DE00079,"CARPER, THOMAS R.",DE,DEM,C00349217,CARPER FOR SENATE,3516328.0,3462004.0,853377.0,853377.0,0.0,2011-01-01T00:00:00,2012-12-31T00:00:00,2012,1333076.0,1270348.0,62728.0,0.0,8430.0,YEAR-END,2012,True,committee_totals
S8DE00079,"CARPER, THOMAS R.",DE,DEM,C00349217,CARPER FOR SENATE,882966.0,783827.0,799054.0,799054.0,0.0,2009-01-01T00:00:00,2010-12-31T00:00:00,2010,349064.0,330570.0,18494.0,0.0,25338.0,YEAR-END,2010,True,committee_totals
S8DE00079,"CARPER, THOMAS R.",DE,DEM,C00349217,CARPER FOR SENATE,483209.0,1078195.0,699915.0,699915.0,0.0,2007-01-01T00:00:00,2008-12-31T00:00:00,2008,196341.0,146486.0,49855.0,0.0,53510.0,YEAR-END,2008,True,committee_totals
S8DE00079,"CARPER, THOMAS R.",DE,DEM,C00349217,CARPER FOR SENATE,3177275.0,2632603.0,1294901.0,1294901.0,0.0,2005-01-01T00:00:00,2006-12-31T00:00:00,2006,1561674.0,1002340.0,48223.0,0.0,5222.0,YEAR-END,2006,True,committee_totals
S8DE00079,"CARPER, THOMAS R.",DE,DEM,C00349217,CARPER FOR SENATE,1058238.0,472174.0,751279.0,751279.0,0.0,2003-01-01T00:00:00,2004-12-31T00:00:00,2004,605821.0,,,0.0,,YEAR-END,2004,True,committee_totals
S8DE00079,"CARPER, THOMAS R.",DE,DEM,C00349217,CARPER FOR SENATE,800272.0,603815.0,165215.0,165215.0,0.0,2001-01-01T00:00:00,2002-12-31T00:00:00,2002,422683.0,,,0.0,,YEAR-END,2002,True,committee_totals
S8DE00079,"CARPER, THOMAS R.",DE,DEM,C00349217,CARPER FOR SENATE,2637816.0,2607021.0,30795.0,30795.0,0.0,1999-09-21T00:00:00,2000-12-31T00:00:00,2000,1940950.0,,,0.0,,YEAR-END,2000,True,committee_totals
S6GA00374,"CARTER, EARL LEROY",GA,REP,C00543967,BUDDY CARTER FOR SENATE,6713652.93,6002322.36,3730260.91,3730260.91,3000000.0,2025-01-01T00:00:00,2026-03-31T00:00:00,2026,1958981.79,1510044.86,448936.93,0.0,120274.68,APRIL QUARTERLY,2026,True,committee_totals
S6GA00374,"CARTER, EARL LEROY",GA,REP,C00543967,BUDDY CARTER FOR CONGRESS,2597666.23,1396344.13,3018930.34,3018930.34,0.0,2023-01-01T00:00:00,2024-12-31T00:00:00,2024,719028.02,625413.84,93614.18,0.0,59667.86,YEAR-END,2024,True,committee_totals
S6GA00374,"CARTER, EARL LEROY",GA,REP,C00543967,BUDDY CARTER FOR CONGRESS,2127328.91,2015646.01,1817608.24,1817608.24,0.0,2021-01-01T00:00:00,2022-12-31T00:00:00,2022,1053804.58,927571.74,126232.84,0.0,2755.86,YEAR-END,2022,True,committee_totals
S6GA00374,"CARTER, EARL LEROY",GA,REP,C00543967,BUDDY CARTER FOR CONGRESS,2347613.19,1766880.02,1705925.34,1705925.34,0.0,2019-01-01T00:00:00,2020-12-31T00:00:00,2020,1135759.61,1010659.32,125100.29,0.0,0.0,YEAR-END,2020,True,committee_totals
S6GA00374,"CARTER, EARL LEROY",GA,REP,C00543967,BUDDY CARTER FOR CONGRESS,2093065.4,1471407.53,1125192.17,1125192.17,0.0,2017-01-01T00:00:00,2018-12-31T00:00:00,2018,943035.72,868985.19,74050.53,0.0,0.0,YEAR-END,2018,True,committee_totals
S6GA00374,"CARTER, EARL LEROY",GA,REP,C00543967,BUDDY CARTER FOR CONGRESS,1271835.81,987256.84,503534.3,503534.3,250000.0,2015-01-01T00:00:00,2016-12-31T00:00:00,2016,597539.64,559777.33,37762.31,0.0,0.0,YEAR-END,2016,True,committee_totals
S6GA00374,"CARTER, EARL LEROY",GA,REP,C00543967,BUDDY CARTER FOR CONGRESS,1825004.42,1606049.09,218955.33,218955.33,500000.0,2013-04-01T00:00:00,2014-12-31T00:00:00,2014,861994.31,796152.97,65841.34,0.0,4843.25,YEAR-END,2014,True,committee_totals
S6PA00217,"CASEY, ROBERT P. JR.",PA,DEM,C00431056,BOB CASEY FOR SENATE INC,646277.42,782180.63,859136.77,859136.77,0.0,2025-01-01T00:00:00,2026-03-31T00:00:00,2026,0.0,0.0,0.0,0.0,539638.45,APRIL QUARTERLY,2026,True,committee_totals
S6PA00217,"CASEY, ROBERT P. JR.",PA,DEM,C00431056,BOB CASEY FOR SENATE INC,58147345.34,60234187.73,995039.98,995039.98,0.0,2023-01-01T00:00:00,2024-12-31T00:00:00,2024,43598592.23,27196147.21,16402445.02,0.0,3437502.02,YEAR-END,2024,True,committee_totals
S6PA00217,"CASEY, ROBERT P. JR.",PA,DEM,C00431056,BOB CASEY FOR SENATE INC,4526303.87,2695666.66,3081882.37,3081882.37,0.0,2021-01-01T00:00:00,2022-12-31T00:00:00,2022,3833267.69,2569669.2,1263598.49,0.0,2002.87,YEAR-END,2022,True,committee_totals
S6PA00217,"CASEY, ROBERT P. JR.",PA,DEM,C00431056,BOB CASEY FOR SENATE INC,2212851.86,1449624.23,1251245.16,1251245.16,0.0,2019-01-01T00:00:00,2020-12-31T00:00:00,2020,1742591.11,1132199.31,610391.8,0.0,2894.4,YEAR-END,2020,True,committee_totals
S6PA00217,"CASEY, ROBERT P. JR.",PA,DEM,C00431056,BOB CASEY FOR SENATE INC,17816254.19,18934799.74,488017.53,488017.53,0.0,2017-01-01T00:00:00,2018-12-31T00:00:00,2018,13224847.78,9710711.99,3514131.79,0.0,192.0,YEAR-END,2018,True,committee_totals
S6PA00217,"CASEY, ROBERT P. JR.",PA,DEM,C00431056,BOB CASEY FOR SENATE INC,2570303.0,1320756.0,1606564.0,1606564.0,0.0,2015-01-01T00:00:00,2016-12-31T00:00:00,2016,1631757.0,1554394.0,77359.0,0.0,4208.0,YEAR-END,2016,True,committee_totals
S6PA00217,"CASEY, ROBERT P. JR.",PA,DEM,C00431056,BOB CASEY FOR SENATE INC,1404369.0,1157359.0,357016.0,357016.0,0.0,2013-01-01T00:00:00,2014-12-31T00:00:00,2014,890336.0,868402.0,21932.0,0.0,14002.0,YEAR-END,2014,True,committee_totals
S6PA00217,"CASEY, ROBERT P. JR.",PA,DEM,C00431056,BOB CASEY FOR SENATE INC,11157095.0,12363026.0,110002.0,110002.0,0.0,2011-01-01T00:00:00,2012-12-31T00:00:00,2012,7921957.0,7078221.0,843731.0,0.0,1997.0,YEAR-END,2012,True,committee_totals
S6PA00217,"CASEY, ROBERT P. JR.",PA,DEM,C00431056,BOB CASEY FOR SENATE INC,2135354.0,1069604.0,1315935.0,1315935.0,26749.0,2009-01-01T00:00:00,2010-12-31T00:00:00,2010,1662080.0,1565521.0,96558.0,0.0,4394.0,YEAR-END,2010,True,committee_totals
S6PA00217,"CASEY, ROBERT P. JR.",PA,DEM,C00431056,BOB CASEY FOR SENATE INC,848058.0,648824.0,250185.0,250185.0,0.0,2007-01-01T00:00:00,2008-12-31T00:00:00,2008,403682.0,392998.0,10684.0,0.0,120871.0,YEAR-END,2008,True,committee_totals
S6PA00217,"CASEY, ROBERT P. JR.",PA,DEM,C00431056,BOB CASEY FOR SENATE INC,51150.0,198.0,50951.0,50951.0,0.0,2006-11-28T00:00:00,2006-12-31T00:00:00,2006,30150.0,30000.0,150.0,0.0,0.0,YEAR-END,2006,True,committee_totals
S4LA00107,"CASSIDY, WILLIAM M.",LA,REP,C00543983,BILL CASSIDY FOR US SENATE,6507706.19,5959587.57,7128536.9,7128536.9,0.0,2025-01-01T00:00:00,2026-03-31T00:00:00,2026,2303602.81,2259340.32,44262.49,0.0,274590.46,APRIL QUARTERLY,2026,True,committee_totals
S4LA00107,"CASSIDY, WILLIAM M.",LA,REP,C00543983,BILL CASSIDY FOR US SENATE,4060477.24,681168.21,6580418.28,6580418.28,0.0,2023-01-01T00:00:00,2024-12-31T00:00:00,2024,1494319.18,1425764.44,68554.74,0.0,234932.09,YEAR-END,2024,True,committee_totals
S4LA00107,"CASSIDY, WILLIAM M.",LA,REP,C00543983,BILL CASSIDY FOR US SENATE,2537358.39,973926.06,3201109.25,3201109.25,0.0,2021-01-01T00:00:00,2022-12-31T00:00:00,2022,1486212.77,1339952.48,146260.29,0.0,8870.53,YEAR-END,2022,True,committee_totals
S4LA00107,"CASSIDY, WILLIAM M.",LA,REP,C00543983,BILL CASSIDY FOR US SENATE,7447725.9,8576103.29,1637676.92,1637676.92,0.0,2019-01-01T00:00:00,2020-12-31T00:00:00,2020,4521421.72,3994425.47,526996.25,0.0,103540.82,YEAR-END,2020,True,committee_totals
S4LA00107,"CASSIDY, WILLIAM M.",LA,REP,C00543983,BILL CASSIDY FOR US SENATE,2794569.25,1305110.16,2766054.31,2766054.31,0.0,2017-01-01T00:00:00,2018-12-31T00:00:00,2018,1974308.0,1921810.0,52498.0,0.0,150.0,YEAR-END,2018,True,committee_totals
S4LA00107,"CASSIDY, WILLIAM M.",LA,REP,C00543983,BILL CASSIDY FOR US SENATE,1230676.0,846534.0,1276597.0,1276597.0,2551.0,2015-01-01T00:00:00,2016-12-31T00:00:00,2016,845999.0,784945.0,61053.0,0.0,748.0,YEAR-END,2016,True,committee_totals
S4LA00107,"CASSIDY, WILLIAM M.",LA,REP,C00543983,BILL CASSIDY FOR US SENATE,15550475.0,14658019.0,892455.0,892455.0,0.0,2013-04-01T00:00:00,2014-12-31T00:00:00,2014,10334699.0,9119829.0,1214869.0,0.0,3431.0,YEAR-END,2014,True,committee_totals
S4ME00147,"CHERRY, JASON SETH",ME,IND,C00863787,JASON CHERRY FOR SENATE,110021.44,103988.78,21.44,21.44,55000.0,2024-01-01T00:00:00,2024-12-22T00:00:00,2024,21.44,0.0,21.44,0.0,0.0,TERMINATION REPORT,2024,True,committee_totals
S6CO00549,"CHEW, ROBERT",CO,FWD,C00944298,ROBERT CHEW FOR SENATE,150000.0,0.0,150000.0,150000.0,150000.0,2026-03-20T00:00:00,2026-03-31T00:00:00,2026,0.0,0.0,0.0,0.0,0.0,APRIL QUARTERLY,2026,True,committee_totals
S6CO00556,"CHEW, ROBERT",CO,OTH,C00944298,ROBERT CHEW FOR SENATE,150000.0,0.0,150000.0,150000.0,150000.0,2026-03-20T00:00:00,2026-03-31T00:00:00,2026,0.0,0.0,0.0,0.0,0.0,APRIL QUARTERLY,2026,True,committee_totals
S2IL00200,"CHLEBEK, CASEY",IL,REP,C00903823,CASEY CHLEBEK FOR US SENATE,202000.0,201972.54,27.46,27.46,37000.0,2025-04-01T00:00:00,2026-03-31T00:00:00,2026,80000.0,80000.0,0.0,85000.0,0.0,APRIL QUARTERLY,2026,True,committee_totals
S2IL00200,"CHLEBEK, CASEY",IL,REP,C00789479,CASEY FOR US SENATE,129656.03,160819.34,115.88,115.88,129556.03,2022-01-01T00:00:00,2022-06-30T00:00:00,2022,100.0,0.0,100.0,0.0,0.0,JULY QUARTERLY,2022,True,committee_totals
S0IL00550,"CHLEBEK, CASEY",IL,REP,C00903823,CASEY CHLEBEK FOR US SENATE,202000.0,201972.54,27.46,27.46,37000.0,2025-04-01T00:00:00,2026-03-31T00:00:00,2026,80000.0,80000.0,0.0,85000.0,0.0,APRIL QUARTERLY,2026,True,committee_totals
S0IL00550,"CHLEBEK, CASEY",IL,REP,C00714998,CASEY FOR SENATE,37726.2,40177.92,1160.46,1160.46,1286.46,2019-07-01T00:00:00,2020-06-30T00:00:00,2020,7002.14,3650.0,3352.14,5100.0,0.0,JULY QUARTERLY,2020,True,committee_totals
S0IL00550,"CHLEBEK, CASEY",IL,REP,C00789479,CASEY FOR US SENATE,129656.03,160819.34,115.88,115.88,129556.03,2022-01-01T00:00:00,2022-06-30T00:00:00,2022,100.0,0.0,100.0,0.0,0.0,JULY QUARTERLY,2022,True,committee_totals
S6IL00466,"CHLEBEK, CASIMER MR.",IL,REP,C00903823,CASEY CHLEBEK FOR US SENATE,202000.0,201972.54,27.46,27.46,37000.0,2025-04-01T00:00:00,2026-03-31T00:00:00,2026,80000.0,80000.0,0.0,85000.0,0.0,APRIL QUARTERLY,2026,True,committee_totals
S8PA00270,"CHRISTIANA, JAMES JOSEPH III",PA,REP,C00638304,JIM CHRISTIANA FOR SENATE,0.0,0.0,1889.07,1889.07,37900.0,2025-01-01T00:00:00,2026-03-31T00:00:00,2026,0.0,0.0,0.0,0.0,0.0,APRIL QUARTERLY,2026,True,committee_totals
S8PA00270,"CHRISTIANA, JAMES JOSEPH III",PA,REP,C00638304,JIM CHRISTIANA FOR SENATE,0.0,50.0,1889.07,1889.07,37900.0,2023-01-01T00:00:00,2024-12-31T00:00:00,2024,0.0,0.0,0.0,0.0,0.0,YEAR-END,2024,True,committee_totals
S8PA00270,"CHRISTIANA, JAMES JOSEPH III",PA,REP,C00638304,JIM CHRISTIANA FOR SENATE,0.0,50.0,1939.07,1939.07,37900.0,2021-01-01T00:00:00,2022-12-31T00:00:00,2022,0.0,0.0,0.0,0.0,0.0,YEAR-END,2022,True,committee_totals
S8PA00270,"CHRISTIANA, JAMES JOSEPH III",PA,REP,C00638304,JIM CHRISTIANA FOR SENATE,0.0,37.49,1989.07,1989.07,37900.0,2019-01-01T00:00:00,2020-12-31T00:00:00,2020,0.0,0.0,0.0,0.0,0.0,YEAR-END,2020,True,committee_totals
S8PA00270,"CHRISTIANA, JAMES JOSEPH III",PA,REP,C00638304,JIM CHRISTIANA FOR SENATE,302403.96,300377.02,2026.56,2026.56,37900.0,2017-04-01T00:00:00,2018-12-31T00:00:00,2018,250419.0,223725.0,26693.0,1685.0,0.0,YEAR-END,2018,True,committee_totals
S2ND00123,"CHRISTIANSEN, KATRINA",ND,DEM,C00852467,FRIENDS OF KATRINA CHRISTIANSEN,8432.24,16691.46,0.0,0.0,0.0,2025-01-01T00:00:00,2025-06-30T00:00:00,2026,0.0,0.0,0.0,0.0,0.0,TERMINATION REPORT,2025,True,committee_totals
S2ND00123,"CHRISTIANSEN, KATRINA",ND,DEM,C00852467,FRIENDS OF KATRINA CHRISTIANSEN,3066029.91,3057770.69,8259.22,8259.22,0.0,2023-10-04T00:00:00,2024-12-31T00:00:00,2024,3017631.6,1342083.25,1675548.35,1210.0,0.0,YEAR-END,2024,True,committee_totals
S6GA00366,"CLEMENT, CHRISTINA LOREN REV DR TRUSTE",GA,REP,C00857128,STATE OF LOC NATION FOR CLEMENT FOR SENATE,50250930.0,2234.41,50248695.59,50248695.59,50250000.0,2025-10-01T00:00:00,2026-03-31T00:00:00,2026,930.0,900.0,30.0,0.0,0.0,APRIL QUARTERLY,2026,True,committee_totals
S0NY00188,"CLINTON, HILLARY RODHAM",NY,DEM,C00358895,FRIENDS OF HILLARY,0.0,22343.44,0.0,0.0,0.0,2025-01-01T00:00:00,2025-06-30T00:00:00,2026,0.0,0.0,0.0,0.0,0.0,TERMINATION REPORT,2025,True,committee_totals
S0NY00188,"CLINTON, HILLARY RODHAM",NY,DEM,C00358895,FRIENDS OF HILLARY,0.0,0.0,22343.44,22343.44,0.0,2023-01-01T00:00:00,2024-12-31T00:00:00,2024,0.0,0.0,0.0,0.0,0.0,YEAR-END,2024,True,committee_totals
S0NY00188,"CLINTON, HILLARY RODHAM",NY,DEM,C00358895,FRIENDS OF HILLARY,0.0,0.0,22343.44,22343.44,0.0,2021-01-01T00:00:00,2022-12-31T00:00:00,2022,0.0,0.0,0.0,0.0,0.0,YEAR-END,2022,True,committee_totals
S0NY00188,"CLINTON, HILLARY RODHAM",NY,DEM,C00358895,FRIENDS OF HILLARY,4168.37,0.0,22343.44,22343.44,0.0,2019-01-01T00:00:00,2020-12-31T00:00:00,2020,0.0,0.0,0.0,0.0,0.0,YEAR-END,2020,True,committee_totals
S0NY00188,"CLINTON, HILLARY RODHAM",NY,DEM,C00358895,FRIENDS OF HILLARY,5333.0,3425.41,18175.07,18175.07,0.0,2017-01-01T00:00:00,2018-12-31T00:00:00,2018,0.0,0.0,0.0,0.0,5144.0,YEAR-END,2018,True,committee_totals
S0NY00188,"CLINTON, HILLARY RODHAM",NY,DEM,C00358895,FRIENDS OF HILLARY,7684.0,149447.0,16268.0,16268.0,0.0,2015-01-01T00:00:00,2016-12-31T00:00:00,2016,0.0,0.0,0.0,0.0,3841.0,YEAR-END,2016,True,committee_totals
S0NY00188,"CLINTON, HILLARY RODHAM",NY,DEM,C00358895,FRIENDS OF HILLARY,631921.0,745205.0,158033.0,158033.0,0.0,2013-01-01T00:00:00,2014-12-31T00:00:00,2014,0.0,0.0,0.0,0.0,528517.0,YEAR-END,2014,True,committee_totals
S0NY00188,"CLINTON, HILLARY RODHAM",NY,DEM,C00358895,FRIENDS OF HILLARY,119974.0,1451511.0,271318.0,271318.0,0.0,2011-01-01T00:00:00,2012-12-31T00:00:00,2012,0.0,0.0,0.0,0.0,98085.0,YEAR-END,2012,True,committee_totals
S0NY00188,"CLINTON, HILLARY RODHAM",NY,DEM,C00358895,FRIENDS OF HILLARY,30700.0,3792174.0,1602855.0,1602855.0,0.0,2009-01-01T00:00:00,2010-12-31T00:00:00,2010,3855.0,2400.0,1455.0,0.0,10244.0,YEAR-END,2010,True,committee_totals
S0NY00188,"CLINTON, HILLARY RODHAM",NY,DEM,C00358895,FRIENDS OF HILLARY,6951811.0,12608564.0,5364334.0,5364334.0,36305.0,2007-01-01T00:00:00,2008-12-31T00:00:00,2008,206174.0,103056.0,103118.0,0.0,151398.0,YEAR-END,2008,True,committee_totals
S0NY00188,"CLINTON, HILLARY RODHAM",NY,DEM,C00358895,FRIENDS OF HILLARY,39833526.0,34358255.0,11021087.0,11021087.0,93363.0,2005-01-01T00:00:00,2006-12-31T00:00:00,2006,37136715.0,20875864.0,6658875.0,0.0,845754.0,YEAR-END,2006,True,committee_totals
S0NY00188,"CLINTON, HILLARY RODHAM",NY,DEM,C00358895,FRIENDS OF HILLARY,10279335.0,4912387.0,5545815.0,5545815.0,229139.0,2003-01-01T00:00:00,2004-12-31T00:00:00,2004,9637834.0,,,0.0,,YEAR-END,2004,True,committee_totals
S0NY00188,"CLINTON, HILLARY RODHAM",NY,DEM,C00358895,FRIENDS OF HILLARY,1353310.0,1271003.0,178869.0,178869.0,8704.0,2001-01-01T00:00:00,2002-12-31T00:00:00,2002,1094192.0,,,0.0,,YEAR-END,2002,True,committee_totals
S0NY00188,"CLINTON, HILLARY RODHAM",NY,DEM,C00358895,FRIENDS OF HILLARY,11660497.0,11563934.0,96562.0,96562.0,0.0,2000-06-12T00:00:00,2000-12-31T00:00:00,2000,162433.0,,,0.0,,YEAR-END,2000,True,committee_totals
S0WA00258,"CODAY, ARTHUR JR MD",WA,REP,C00471482,CODAY FOR US SENATE,0.0,0.0,552.56,552.56,21297.82,2025-01-01T00:00:00,2026-03-31T00:00:00,2026,0.0,0.0,0.0,0.0,0.0,APRIL QUARTERLY,2026,True,committee_totals
S0WA00258,"CODAY, ARTHUR JR MD",WA,REP,C00471482,CODAY FOR US SENATE,0.0,0.0,552.56,552.56,21297.82,2023-01-01T00:00:00,2024-12-31T00:00:00,2024,0.0,0.0,0.0,0.0,0.0,YEAR-END,2024,True,committee_totals
S0WA00258,"CODAY, ARTHUR JR MD",WA,REP,C00471482,CODAY FOR US SENATE,500.0,189.0,552.56,552.56,21297.82,2021-01-01T00:00:00,2022-12-31T00:00:00,2022,0.0,0.0,0.0,0.0,0.0,YEAR-END,2022,True,committee_totals
S0WA00258,"CODAY, ARTHUR JR MD",WA,REP,C00471482,CODAY FOR US SENATE,200.0,1425.0,241.56,241.56,20616.82,2019-01-01T00:00:00,2020-12-31T00:00:00,2020,200.0,0.0,200.0,0.0,0.0,YEAR-END,2020,True,committee_totals
S0WA00258,"CODAY, ARTHUR JR MD",WA,REP,C00471482,CODAY FOR US SENATE,24673.5,23205.64,1466.56,1466.56,20616.82,2017-01-01T00:00:00,2018-12-31T00:00:00,2018,24673.5,21453.5,3220.0,0.0,0.0,YEAR-END,2018,True,committee_totals
S0WA00258,"CODAY, ARTHUR JR MD",WA,REP,C00471482,CODAY FOR US SENATE,0.0,0.0,0.0,0.0,17976.0,2015-01-01T00:00:00,2016-12-31T00:00:00,2016,0.0,0.0,0.0,0.0,0.0,YEAR-END,2016,True,committee_totals
S0WA00258,"CODAY, ARTHUR JR MD",WA,REP,C00471482,CODAY FOR US SENATE,0.0,11778.0,0.0,0.0,17976.0,2013-01-01T00:00:00,2014-12-31T00:00:00,2014,0.0,0.0,0.0,0.0,0.0,YEAR-END,2014,True,committee_totals
S0WA00258,"CODAY, ARTHUR JR MD",WA,REP,C00471482,CODAY FOR US SENATE,87293.0,88331.0,11778.0,11778.0,29755.0,2011-01-01T00:00:00,2012-12-31T00:00:00,2012,69157.0,51988.0,17169.0,0.0,10533.0,YEAR-END,2012,True,committee_totals
S0WA00258,"CODAY, ARTHUR JR MD",WA,REP,C00471482,CODAY FOR US SENATE,90926.0,78210.0,13043.0,13043.0,0.0,2009-10-01T00:00:00,2010-12-31T00:00:00,2010,61271.0,44449.0,16821.0,0.0,1.0,YEAR-END,2010,True,committee_totals
S0GA00567,"COLLINS, DOUGLAS ALLEN",GA,REP,C00736983,DLJCC PAC (DARING LEADERSHIP JUMPSTARTING CONSERVATIVE CAUSES PAC),65.46,15799.04,0.0,0.0,0.0,2023-01-01T00:00:00,2024-12-31T00:00:00,2024,0.0,0.0,0.0,,,TERMINATION REPORT,2024,False,committee_totals
S0GA00567,"COLLINS, DOUGLAS ALLEN",GA,REP,C00736983,DLJCC PAC (DARING LEADERSHIP JUMPSTARTING CONSERVATIVE CAUSES PAC),39381.69,44419.61,15733.58,15733.58,0.0,2021-01-01T00:00:00,2022-12-31T00:00:00,2022,0.0,0.0,0.0,,,YEAR-END,2022,False,committee_totals
S6GA00390,"COLLINS, MICHAEL A JR",GA,REP,C00544684,MIKE COLLINS FOR SENATE,4318376.94,2790134.88,2125437.15,2125437.15,286941.43,2025-01-01T00:00:00,2026-03-31T00:00:00,2026,2696771.72,1547559.75,1149211.97,65000.0,0.0,APRIL QUARTERLY,2026,True,committee_totals
S6GA00390,"COLLINS, MICHAEL A JR",GA,REP,C00544684,COLLINS FOR CONGRESS,1713411.61,1313288.15,597195.09,597195.09,286941.43,2023-01-01T00:00:00,2024-12-31T00:00:00,2024,1233349.27,537044.06,696305.21,0.0,0.0,YEAR-END,2024,True,committee_totals
S6GA00390,"COLLINS, MICHAEL A JR",GA,REP,C00544684,COLLINS FOR CONGRESS,1467857.85,1270786.22,197071.63,197071.63,286941.43,2021-01-01T00:00:00,2022-12-31T00:00:00,2022,806062.39,771524.87,34537.52,0.0,0.0,YEAR-END,2022,True,committee_totals
S6GA00390,"COLLINS, MICHAEL A JR",GA,REP,C00544684,COLLINS FOR CONGRESS,0.0,0.0,0.0,0.0,155941.43,2019-01-01T00:00:00,2020-12-31T00:00:00,2020,0.0,0.0,0.0,0.0,0.0,YEAR-END,2020,True,committee_totals
S6GA00390,"COLLINS, MICHAEL A JR",GA,REP,C00544684,COLLINS FOR CONGRESS,0.0,0.0,0.0,0.0,155941.43,2017-01-01T00:00:00,2018-12-31T00:00:00,2018,0.0,0.0,0.0,0.0,0.0,YEAR-END,2018,True,committee_totals
S6GA00390,"COLLINS, MICHAEL A JR",GA,REP,C00544684,COLLINS FOR CONGRESS,0.0,0.0,0.0,0.0,155941.43,2015-01-01T00:00:00,2016-12-31T00:00:00,2016,0.0,0.0,0.0,0.0,0.0,YEAR-END,2016,True,committee_totals
S6GA00390,"COLLINS, MICHAEL A JR",GA,REP,C00544684,COLLINS FOR CONGRESS,647121.64,647121.64,0.0,0.0,155941.43,2013-04-01T00:00:00,2014-12-31T00:00:00,2014,389570.14,365430.0,24140.14,1200.0,1.5,YEAR-END,2014,True,committee_totals
S6ME00159,"COLLINS, SUSAN M.",ME,REP,C00314575,COLLINS FOR SENATOR,10463303.65,3038765.01,10000847.54,10000847.54,0.0,2025-01-01T00:00:00,2026-03-31T00:00:00,2026,5959045.69,5161284.54,797761.15,0.0,92451.18,APRIL QUARTERLY,2026,True,committee_totals
S6ME00159,"COLLINS, SUSAN M.",ME,REP,C00314575,COLLINS FOR SENATOR,1624001.46,645110.41,2576308.9,2576308.9,0.0,2023-01-01T00:00:00,2024-12-31T00:00:00,2024,940099.24,909147.71,30951.53,0.0,75412.67,YEAR-END,2024,True,committee_totals
S6ME00159,"COLLINS, SUSAN M.",ME,REP,C00314575,COLLINS FOR SENATOR,1136249.1,834023.73,1597417.85,1597417.85,0.0,2021-01-01T00:00:00,2022-12-31T00:00:00,2022,675455.42,629838.98,45616.44,0.0,217817.27,YEAR-END,2022,True,committee_totals
S6ME00159,"COLLINS, SUSAN M.",ME,REP,C00314575,COLLINS FOR SENATOR,27861513.88,29194046.17,1295192.48,1295192.48,0.0,2019-01-01T00:00:00,2020-12-31T00:00:00,2020,23100846.72,17906545.27,5194301.45,0.0,57110.37,YEAR-END,2020,True,committee_totals
S6ME00159,"COLLINS, SUSAN M.",ME,REP,C00314575,COLLINS FOR SENATOR,2646333.55,955060.97,2627724.77,2627724.77,0.0,2017-01-01T00:00:00,2018-12-31T00:00:00,2018,1974088.55,1317981.99,656106.56,0.0,0.0,YEAR-END,2018,True,committee_totals
S6ME00159,"COLLINS, SUSAN M.",ME,REP,C00314575,COLLINS FOR SENATOR,269559.0,261870.0,936454.0,936454.0,0.0,2015-01-01T00:00:00,2016-12-31T00:00:00,2016,88655.0,87025.0,1630.0,0.0,25629.0,YEAR-END,2016,True,committee_totals
S6ME00159,"COLLINS, SUSAN M.",ME,REP,C00314575,COLLINS FOR SENATOR,5299858.0,5292309.0,928767.0,928767.0,0.0,2013-01-01T00:00:00,2014-12-31T00:00:00,2014,2965987.0,2832110.0,133877.0,0.0,7494.0,YEAR-END,2014,True,committee_totals
S6ME00159,"COLLINS, SUSAN M.",ME,REP,C00314575,COLLINS FOR SENATOR,650976.0,193120.0,921220.0,921220.0,0.0,2011-01-01T00:00:00,2012-12-31T00:00:00,2012,224767.0,219513.0,5255.0,0.0,770.0,YEAR-END,2012,True,committee_totals
S6ME00159,"COLLINS, SUSAN M.",ME,REP,C00314575,COLLINS FOR SENATOR,417325.0,217672.0,463365.0,463365.0,0.0,2009-01-01T00:00:00,2010-12-31T00:00:00,2010,152713.0,115344.0,37369.0,0.0,55285.0,YEAR-END,2010,True,committee_totals
S6ME00159,"COLLINS, SUSAN M.",ME,REP,C00314575,COLLINS FOR SENATOR,7593350.0,7765295.0,263713.0,263713.0,0.0,2007-01-01T00:00:00,2008-12-31T00:00:00,2008,4410976.0,4108822.0,302154.0,0.0,204729.0,YEAR-END,2008,True,committee_totals
S6ME00159,"COLLINS, SUSAN M.",ME,REP,C00314575,COLLINS FOR SENATOR,307444.0,111868.0,435657.0,435657.0,0.0,2005-01-01T00:00:00,2006-12-31T00:00:00,2006,180022.0,150841.0,3221.0,0.0,12373.83,YEAR-END,2006,True,committee_totals
S6ME00159,"COLLINS, SUSAN M.",ME,REP,C00314575,COLLINS FOR SENATOR,138956.0,119463.0,240081.0,240081.0,0.0,2003-01-01T00:00:00,2004-12-31T00:00:00,2004,47945.0,,,0.0,,YEAR-END,2004,True,committee_totals
S6ME00159,"COLLINS, SUSAN M.",ME,REP,C00314575,COLLINS FOR SENATOR,4014799.0,3961167.0,220589.0,220589.0,0.0,2001-01-01T00:00:00,2002-12-31T00:00:00,2002,2271170.0,,,0.0,,YEAR-END,2002,True,committee_totals
S6ME00159,"COLLINS, SUSAN M.",ME,REP,C00314575,COLLINS FOR SENATOR,136117.0,103126.0,166955.0,166955.0,0.0,1999-01-01T00:00:00,2000-12-31T00:00:00,2000,96854.0,,,0.0,,YEAR-END,2000,True,committee_totals
S6ME00159,"COLLINS, SUSAN M.",ME,REP,C00314575,COLLINS FOR SENATOR,115676.0,82062.0,133964.0,133964.0,0.0,1997-01-01T00:00:00,1998-12-31T00:00:00,1998,90159.0,,,0.0,,YEAR-END,1998,True,committee_totals
S6ME00159,"COLLINS, SUSAN M.",ME,REP,C00314575,COLLINS FOR SENATOR,1721825.0,1621475.0,100349.0,100349.0,0.0,1996-02-07T00:00:00,1996-12-31T00:00:00,1996,1055237.0,,,1196.0,,YEAR-END,1996,True,committee_totals
S6MS00133,"COLOM, SCOTT",MS,DEM,C00918359,SCOTT COLOM FOR SENATE,1619367.76,1059740.86,559626.9,559626.9,86514.64,2025-08-21T00:00:00,2026-03-31T00:00:00,2026,1367121.97,1137141.35,229980.62,0.0,0.0,APRIL QUARTERLY,2026,True,committee_totals
S2NC00745,"COLON, ROBERT",NC,DEM,C00815225,ROBERT COLON NC,23601.26,23601.26,0.0,0.0,0.0,2022-03-21T00:00:00,2022-05-17T00:00:00,2022,0.0,0.0,0.0,23601.26,0.0,TERMINATION REPORT,2022,True,committee_totals
S2NV00399,"CONRAD, WILLIAM ""BILL""",NV,REP,C00810077,BILL CONRAD FOR US SENATE,12476.0,16259.56,0.0,0.0,0.0,2023-07-01T00:00:00,2024-12-31T00:00:00,2024,9876.0,9100.0,776.0,0.0,0.0,TERMINATION REPORT,2024,True,committee_totals
S4NV00296,"CONRAD, WILLIAM BRYAN",NV,REP,C00810077,BILL CONRAD FOR US SENATE,12476.0,16259.56,0.0,0.0,0.0,2023-07-01T00:00:00,2024-12-31T00:00:00,2024,9876.0,9100.0,776.0,0.0,0.0,TERMINATION REPORT,2024,True,committee_totals
S0DE00092,"COONS, CHRISTOPHER A.",DE,DEM,C00475392,CHRIS COONS FOR DELAWARE,3044649.37,1100177.83,4129671.39,4129671.39,0.0,2025-01-01T00:00:00,2026-03-31T00:00:00,2026,1532745.3,1488366.16,44379.14,0.0,76633.03,APRIL QUARTERLY,2026,True,committee_totals
S0DE00092,"COONS, CHRISTOPHER A.",DE,DEM,C00475392,CHRIS COONS FOR DELAWARE,1749727.9,1385630.43,2185199.85,2185199.85,0.0,2023-01-01T00:00:00,2024-12-31T00:00:00,2024,1055486.82,999699.64,55787.18,0.0,92635.76,YEAR-END,2024,True,committee_totals
S0DE00092,"COONS, CHRISTOPHER A.",DE,DEM,C00475392,CHRIS COONS FOR DELAWARE,979328.91,998739.79,1821102.38,1821102.38,0.0,2021-01-01T00:00:00,2022-12-31T00:00:00,2022,675593.31,599459.84,76133.47,0.0,14.84,YEAR-END,2022,True,committee_totals
S0DE00092,"COONS, CHRISTOPHER A.",DE,DEM,C00475392,CHRIS COONS FOR DELAWARE,6081414.85,4746086.79,1840513.26,1840513.26,0.0,2019-01-01T00:00:00,2020-12-31T00:00:00,2020,3981462.28,3718838.31,262623.97,0.0,600.0,YEAR-END,2020,True,committee_totals
S0DE00092,"COONS, CHRISTOPHER A.",DE,DEM,C00475392,CHRIS COONS FOR DELAWARE,761125.64,632598.01,505185.2,505185.2,0.0,2017-01-01T00:00:00,2018-12-31T00:00:00,2018,531819.93,486114.85,45704.08,0.0,786.0,YEAR-END,2018,True,committee_totals
S0DE00092,"COONS, CHRISTOPHER A.",DE,DEM,C00475392,CHRIS COONS FOR DELAWARE,375233.0,716809.0,376659.0,376659.0,0.0,2015-01-01T00:00:00,2016-12-31T00:00:00,2016,226641.0,197576.0,29064.0,70509.27,1291.0,YEAR-END,2016,True,committee_totals
S0DE00092,"COONS, CHRISTOPHER A.",DE,DEM,C00475392,CHRIS COONS FOR DELAWARE,4770827.0,4859457.0,718234.0,718234.0,0.0,2013-01-01T00:00:00,2014-12-31T00:00:00,2014,2845059.0,2643765.0,201290.0,0.0,5049.0,YEAR-END,2014,True,committee_totals
S0DE00092,"COONS, CHRISTOPHER A.",DE,DEM,C00475392,CHRIS COONS FOR DELAWARE,1058187.0,597399.0,806862.0,806862.0,0.0,2011-01-01T00:00:00,2012-12-31T00:00:00,2012,496505.0,455730.0,40774.0,0.0,0.0,YEAR-END,2012,True,committee_totals
S0DE00092,"COONS, CHRISTOPHER A.",DE,DEM,C00475392,CHRIS COONS FOR DELAWARE,4215136.0,3869062.0,346074.0,346074.0,0.0,2010-01-01T00:00:00,2010-12-31T00:00:00,2010,2713795.0,2203886.0,509906.0,0.0,0.0,YEAR-END,2010,True,committee_totals
S6NC00407,"COOPER, ROY",NC,DEM,C00913566,COOPER FOR NORTH CAROLINA,26822372.69,8366909.64,18455463.05,18455463.05,0.0,2025-07-25T00:00:00,2026-03-31T00:00:00,2026,10689977.85,6606673.0,4083304.85,0.0,48650.1,APRIL QUARTERLY,2026,True,committee_totals
S8CT00121,"COREY, MATTHEW MCKINNON",CT,REP,C00654392,COREY FOR SENATE,600.0,17967.96,0.0,0.0,0.0,2019-01-01T00:00:00,2019-06-30T00:00:00,2020,100.0,0.0,100.0,0.0,0.0,TERMINATION REPORT,2019,True,committee_totals
S8CT00121,"COREY, MATTHEW MCKINNON",CT,REP,C00654392,COREY FOR SENATE,190461.61,173092.4,17367.96,17367.96,16695.53,2017-07-01T00:00:00,2018-12-31T00:00:00,2018,170543.61,81700.0,88843.61,818.0,0.0,YEAR-END,2018,True,committee_totals
S8CT00121,"COREY, MATTHEW MCKINNON",CT,REP,C00878561,COREY FOR SENATE,0.0,7217.4,0.0,0.0,10000.0,2025-01-01T00:00:00,2025-03-31T00:00:00,2026,0.0,0.0,0.0,0.0,0.0,APRIL QUARTERLY,2025,True,committee_totals
S8CT00121,"COREY, MATTHEW MCKINNON",CT,REP,C00878561,COREY FOR SENATE,257655.82,250438.42,7217.4,7217.4,10000.0,2024-04-30T00:00:00,2024-12-31T00:00:00,2024,238005.52,134989.38,103016.14,975.3,0.0,YEAR-END,2024,True,committee_totals
S6TN00216,"CORKER, ROBERT P JR",TN,REP,C00430462,BOB CORKER FOR SENATE 2018 INC,975779.61,252814.93,8508490.28,8508490.28,0.0,2025-01-01T00:00:00,2026-03-31T00:00:00,2026,0.0,0.0,0.0,0.0,975779.61,APRIL QUARTERLY,2026,True,committee_totals
S6TN00216,"CORKER, ROBERT P JR",TN,REP,C00430462,BOB CORKER FOR SENATE 2018 INC,1655020.7,196820.44,7785525.6,7785525.6,0.0,2023-01-01T00:00:00,2024-12-31T00:00:00,2024,0.0,0.0,0.0,0.0,1635666.74,YEAR-END,2024,True,committee_totals
S6TN00216,"CORKER, ROBERT P JR",TN,REP,C00430462,BOB CORKER FOR SENATE 2018 INC,731041.12,394321.0,6327325.34,6327325.34,0.0,2021-01-01T00:00:00,2022-12-31T00:00:00,2022,0.0,0.0,0.0,0.0,731041.12,YEAR-END,2022,True,committee_totals
S6TN00216,"CORKER, ROBERT P JR",TN,REP,C00430462,BOB CORKER FOR SENATE 2018 INC,811784.87,272888.52,5990605.22,5990605.22,0.0,2019-01-01T00:00:00,2020-12-31T00:00:00,2020,0.0,0.0,0.0,0.0,811784.87,YEAR-END,2020,True,committee_totals
S6TN00216,"CORKER, ROBERT P JR",TN,REP,C00430462,BOB CORKER FOR SENATE 2018 INC,2180001.39,2662398.93,5451708.87,5451708.87,0.0,2017-01-01T00:00:00,2018-12-31T00:00:00,2018,1500099.0,1476154.0,23945.0,0.0,115165.39,YEAR-END,2018,True,committee_totals
S6TN00216,"CORKER, ROBERT P JR",TN,REP,C00430462,BOB CORKER FOR SENATE 2018 INC,813708.0,556726.0,5934106.0,5934106.0,0.0,2015-01-01T00:00:00,2016-12-31T00:00:00,2016,577265.0,518814.0,58451.0,0.0,71685.0,YEAR-END,2016,True,committee_totals
S6TN00216,"CORKER, ROBERT P JR",TN,REP,C00430462,BOB CORKER FOR SENATE 2018 INC,770922.0,770404.0,5677125.0,5677125.0,0.0,2013-01-01T00:00:00,2014-12-31T00:00:00,2014,297562.0,244130.0,53432.0,0.0,209868.0,YEAR-END,2014,True,committee_totals
S6TN00216,"CORKER, ROBERT P JR",TN,REP,C00430462,BOB CORKER FOR SENATE 2012,9994587.0,5453512.0,5676609.0,5676609.0,0.0,2011-01-01T00:00:00,2012-12-31T00:00:00,2012,7513701.0,7288459.0,225240.0,0.0,72987.0,YEAR-END,2012,True,committee_totals
S6TN00216,"CORKER, ROBERT P JR",TN,REP,C00430462,BOB CORKER FOR SENATE 2012,1280958.0,271832.0,1135539.0,1135539.0,0.0,2009-01-01T00:00:00,2010-12-31T00:00:00,2010,820532.0,740258.0,80274.0,0.0,8297.0,YEAR-END,2010,True,committee_totals
S6TN00216,"CORKER, ROBERT P JR",TN,REP,C00430462,BOB CORKER FOR SENATE 2012,833091.0,716852.0,126414.0,126414.0,0.0,2007-01-01T00:00:00,2008-12-31T00:00:00,2008,691214.0,658450.0,32764.0,0.0,0.0,YEAR-END,2008,True,committee_totals
S6TN00216,"CORKER, ROBERT P JR",TN,REP,C00430462,BOB CORKER FOR SENATE 2012,30600.0,20421.0,10178.0,10178.0,0.0,2006-11-08T00:00:00,2006-12-31T00:00:00,2006,25600.0,25600.0,0.0,0.0,0.0,YEAR-END,2006,True,committee_totals
S2TX00106,"CORNYN, JOHN SEN",TX,REP,C00369033,TEXANS FOR SENATOR JOHN CORNYN INC.,7234490.25,6434691.52,4922081.39,4922081.39,0.0,2025-01-01T00:00:00,2026-03-31T00:00:00,2026,2921683.55,2749175.97,172507.58,0.0,338951.91,APRIL QUARTERLY,2026,True,committee_totals
S2TX00106,"CORNYN, JOHN SEN",TX,REP,C00369033,TEXANS FOR SENATOR JOHN CORNYN INC.,3377426.45,851024.74,4122282.66,4122282.66,0.0,2023-01-01T00:00:00,2024-12-31T00:00:00,2024,1270535.55,1195827.4,74708.15,0.0,191677.0,YEAR-END,2024,True,committee_totals
S2TX00106,"CORNYN, JOHN SEN",TX,REP,C00369033,TEXANS FOR SENATOR JOHN CORNYN INC.,2279853.33,1317433.07,1595880.95,1595880.95,0.0,2021-01-01T00:00:00,2022-12-31T00:00:00,2022,1393647.98,1098104.68,295543.3,0.0,2686.52,YEAR-END,2022,True,committee_totals
S2TX00106,"CORNYN, JOHN SEN",TX,REP,C00369033,TEXANS FOR SENATOR JOHN CORNYN INC.,28609181.93,33765847.59,633460.69,633460.69,0.0,2019-01-01T00:00:00,2020-12-31T00:00:00,2020,18598842.22,12039414.05,6559428.17,0.0,842677.36,YEAR-END,2020,True,committee_totals
S2TX00106,"CORNYN, JOHN SEN",TX,REP,C00369033,TEXANS FOR SENATOR JOHN CORNYN INC,4442539.56,1549054.11,5790126.35,5790126.35,0.0,2017-01-01T00:00:00,2018-12-31T00:00:00,2018,1339642.69,1195932.23,143710.46,0.0,95117.39,YEAR-END,2018,True,committee_totals
S2TX00106,"CORNYN, JOHN SEN",TX,REP,C00369033,TEXANS FOR SENATOR JOHN CORNYN INC,1318698.0,1333839.0,2896642.0,2896642.0,0.0,2015-01-01T00:00:00,2016-12-31T00:00:00,2016,550537.0,521676.0,28861.0,0.0,73915.0,YEAR-END,2016,True,committee_totals
S2TX00106,"CORNYN, JOHN SEN",TX,REP,C00369033,TEXANS FOR SENATOR JOHN CORNYN INC,11405135.0,10202184.0,2911783.0,2911783.0,0.0,2013-01-01T00:00:00,2014-12-31T00:00:00,2014,7053880.0,6495742.0,558138.0,0.0,23535.0,YEAR-END,2014,True,committee_totals
S2TX00106,"CORNYN, JOHN SEN",TX,REP,C00369033,TEXANS FOR SENATOR JOHN CORNYN INC,1790931.0,905130.0,2671655.0,2671655.0,0.0,2011-01-01T00:00:00,2012-12-31T00:00:00,2012,1183570.0,1113576.0,69994.0,0.0,57482.0,YEAR-END,2012,True,committee_totals
S2TX00106,"CORNYN, JOHN SEN",TX,REP,C00369033,TEXANS FOR SENATOR JOHN CORNYN INC,2542288.0,1116658.0,1785856.0,1785856.0,0.0,2009-01-01T00:00:00,2010-12-31T00:00:00,2010,1643325.0,1487110.0,156215.0,0.0,28559.0,YEAR-END,2010,True,committee_totals
S2TX00106,"CORNYN, JOHN SEN",TX,REP,C00369033,TEXANS FOR SENATOR JOHN CORNYN INC,13727473.0,16454518.0,360227.0,360227.0,53896.0,2007-01-01T00:00:00,2008-12-31T00:00:00,2008,10061260.0,8886283.0,1174976.0,0.0,524611.0,YEAR-END,2008,True,committee_totals
S2TX00106,"CORNYN, JOHN SEN",TX,REP,C00369033,TEXANS FOR SENATOR JOHN CORNYN INC,3324712.0,1275005.0,3087270.0,3087270.0,32986.0,2005-01-01T00:00:00,2006-12-31T00:00:00,2006,2824752.0,1753450.53,98658.33,0.0,95688.92,YEAR-END,2006,True,committee_totals
S2TX00106,"CORNYN, JOHN SEN",TX,REP,C00369033,TEXANS FOR SENATOR JOHN CORNYN INC,2274152.0,1265175.0,1037562.0,1037562.0,6344.0,2003-01-01T00:00:00,2004-12-31T00:00:00,2004,1798515.0,,,0.0,,YEAR-END,2004,True,committee_totals
S2TX00106,"CORNYN, JOHN SEN",TX,REP,C00369033,JOHN CORNYN FOR SENATE INC,9798366.0,9769780.0,28587.0,28587.0,397646.0,2001-09-05T00:00:00,2002-12-31T00:00:00,2002,7905277.0,,,0.0,,YEAR-END,2002,True,committee_totals
S6NV00200,"CORTEZ MASTO, CATHERINE",NV,DEM,C00575548,CATHERINE CORTEZ MASTO FOR SENATE,1842748.74,1999039.34,3339755.42,3339755.42,0.0,2025-01-01T00:00:00,2026-03-31T00:00:00,2026,1388610.41,853375.22,535235.19,0.0,85900.33,APRIL QUARTERLY,2026,True,committee_totals
S6NV00200,"CORTEZ MASTO, CATHERINE",NV,DEM,C00575548,CATHERINE CORTEZ MASTO FOR SENATE,3281416.68,2786552.64,3496046.02,3496046.02,0.0,2023-01-01T00:00:00,2024-12-31T00:00:00,2024,2809817.83,1274021.14,1535796.69,0.0,114131.41,YEAR-END,2024,True,committee_totals
S6NV00200,"CORTEZ MASTO, CATHERINE",NV,DEM,C00575548,CATHERINE CORTEZ MASTO FOR SENATE,60613860.94,60637548.91,3001181.98,3001181.98,0.0,2021-01-01T00:00:00,2022-12-31T00:00:00,2022,55543614.55,32415198.48,23128416.07,0.0,-296380.77,YEAR-END,2022,True,committee_totals
S6NV00200,"CORTEZ MASTO, CATHERINE",NV,DEM,C00575548,CATHERINE CORTEZ-MASTO FOR SENATE,4036581.99,2081599.76,3024869.95,3024869.95,0.0,2019-01-01T00:00:00,2020-12-31T00:00:00,2020,3601187.75,1367939.91,2233247.84,0.0,32612.83,YEAR-END,2020,True,committee_totals
S6NV00200,"CORTEZ MASTO, CATHERINE",NV,DEM,C00575548,CATHERINE CORTEZ MASTO FOR SENATE,2500545.83,1651211.87,1069887.72,1069887.72,0.0,2017-01-01T00:00:00,2018-12-31T00:00:00,2018,1871028.43,804223.51,1066801.92,0.0,36507.89,YEAR-END,2018,True,committee_totals
S6NV00200,"CORTEZ MASTO, CATHERINE",NV,DEM,C00575548,CATHERINE CORTEZ MASTO FOR SENATE,19968577.25,19005870.0,220554.0,220554.0,0.0,2015-04-08T00:00:00,2016-12-31T00:00:00,2016,16584262.46,11176831.32,6307427.14,0.0,2262.5,YEAR-END,2016,True,committee_totals
S4ME00113,"COSTELLO, DAVID",ME,DEM,C00837609,COSTELLO FOR SENATE,111307.55,111626.88,0.0,0.0,0.0,2023-04-01T00:00:00,2024-12-12T00:00:00,2024,26517.81,19692.35,6825.46,7746.36,43.38,TERMINATION REPORT,2024,True,committee_totals
S4ME00113,"COSTELLO, DAVID",ME,DEM,C00907881,COSTELLO FOR U.S. SENATE,143480.66,96332.4,47148.26,47148.26,30000.0,2024-12-28T00:00:00,2026-03-31T00:00:00,2026,28678.25,17809.7,10868.55,4795.98,6.43,APRIL QUARTERLY,2026,True,committee_totals
S4AR00103,"COTTON, THOMAS",AR,REP,C00499988,"COTTON FOR SENATE, INC.",5406039.51,3069823.75,9787085.59,9787085.59,73959.0,2025-01-01T00:00:00,2026-03-31T00:00:00,2026,2747248.07,2268061.28,479186.79,0.0,404831.47,APRIL QUARTERLY,2026,True,committee_totals
S4AR00103,"COTTON, THOMAS",AR,REP,C00499988,"COTTON FOR SENATE, INC.",2488964.09,2821992.91,7450869.83,7450869.83,73959.0,2023-01-01T00:00:00,2024-12-31T00:00:00,2024,1537499.24,942455.19,595044.05,0.0,465046.12,YEAR-END,2024,True,committee_totals
S4AR00103,"COTTON, THOMAS",AR,REP,C00499988,"COTTON FOR SENATE, INC.",4878968.62,3492022.96,7783898.65,7783898.65,73959.0,2021-01-01T00:00:00,2022-12-31T00:00:00,2022,3356793.15,1474872.13,1881921.02,0.0,19392.22,YEAR-END,2022,True,committee_totals
S4AR00103,"COTTON, THOMAS",AR,REP,C00499988,"COTTON FOR SENATE, INC.",9139904.91,4842303.46,6396952.99,6396952.99,73959.0,2019-01-01T00:00:00,2020-12-31T00:00:00,2020,6395452.56,3156186.37,3239266.19,0.0,31420.68,YEAR-END,2020,True,committee_totals
S4AR00103,"COTTON, THOMAS",AR,REP,C00499988,COTTON FOR SENATE,2678691.66,851186.67,2099351.54,2099351.54,73959.0,2017-01-01T00:00:00,2018-12-31T00:00:00,2018,1083748.08,739773.0,343974.08,0.0,16385.64,YEAR-END,2018,True,committee_totals
S4AR00103,"COTTON, THOMAS",AR,REP,C00499988,COTTON FOR SENATE,1170418.0,1151866.0,271846.0,271846.0,105862.0,2015-01-01T00:00:00,2016-12-31T00:00:00,2016,678477.0,380369.0,298108.0,0.0,3006.0,YEAR-END,2016,True,committee_totals
S4AR00103,"COTTON, THOMAS",AR,REP,C00499988,COTTON FOR SENATE,13911690.06,13814166.59,215874.0,215874.0,447694.0,2013-01-01T00:00:00,2014-12-31T00:00:00,2014,10892504.11,8307696.59,2584805.52,0.0,8543.0,YEAR-END,2014,True,committee_totals
S4AR00103,"COTTON, THOMAS",AR,REP,C00499988,COTTON FOR CONGRESS,2213217.51,2094866.54,118350.97,118350.97,0.0,2011-07-01T00:00:00,2012-12-31T00:00:00,2012,1745771.53,1513623.91,232147.62,0.0,0.0,YEAR-END,2012,True,committee_totals
S4GA11202,"COYNE, JOHN F III",GA,REP,C00613380,JOHN COYNE FOR US SENATE,421.46,475.0,56.0,56.0,4068.0,2017-01-01T00:00:00,2017-09-30T00:00:00,2018,0.0,0.0,0.0,0.0,0.0,OCTOBER QUARTERLY,2017,True,committee_totals
S4GA11202,"COYNE, JOHN F III",GA,REP,C00613380,JOHN COYNE FOR US SENATE,5899.0,9186.5,56.0,56.0,4068.0,2016-01-01T00:00:00,2016-12-31T00:00:00,2016,0.0,64.0,0.0,480.0,0.0,YEAR-END,2016,True,committee_totals
S6MN00499,"CRAIG, ANGIE",MN,DEM,C00903690,ANGIE CRAIG FOR MINNESOTA,9290611.68,4395298.62,4895313.06,4895313.06,389289.67,2025-04-20T00:00:00,2026-03-31T00:00:00,2026,7242492.33,5821078.22,1421414.11,0.0,22983.93,APRIL QUARTERLY,2026,True,committee_totals
S8ND00120,"CRAMER, KEVIN MR.",ND,REP,C00504704,CRAMER FOR SENATE,989847.21,1013079.59,2331656.99,2331656.99,0.0,2025-01-01T00:00:00,2026-03-31T00:00:00,2026,814274.63,340291.97,473982.66,0.0,27318.82,APRIL QUARTERLY,2026,True,committee_totals
S8ND00120,"CRAMER, KEVIN MR.",ND,REP,C00504704,CRAMER FOR SENATE,5562461.74,3614113.14,2354889.37,2354889.37,0.0,2023-01-01T00:00:00,2024-12-31T00:00:00,2024,2647741.19,1882643.49,765097.7,0.0,0.0,YEAR-END,2024,True,committee_totals
S8ND00120,"CRAMER, KEVIN MR.",ND,REP,C00504704,CRAMER FOR SENATE,566360.27,381510.32,403240.77,403240.77,0.0,2021-01-01T00:00:00,2022-12-31T00:00:00,2022,279914.67,251848.17,28066.5,0.0,502.5,YEAR-END,2022,True,committee_totals
S8ND00120,"CRAMER, KEVIN MR.",ND,REP,C00504704,CRAMER FOR SENATE,448655.14,425786.65,218390.82,218390.82,0.0,2019-01-01T00:00:00,2020-12-31T00:00:00,2020,168736.6,102095.91,66640.69,0.0,300.9,YEAR-END,2020,True,committee_totals
S8ND00120,"CRAMER, KEVIN MR.",ND,REP,C00504704,CRAMER FOR SENATE,6031115.66,6231101.27,195522.33,195522.33,0.0,2017-01-01T00:00:00,2018-12-31T00:00:00,2018,3721721.43,3204735.49,516985.94,0.0,420.68,YEAR-END,2018,True,committee_totals
S8ND00120,"CRAMER, KEVIN MR.",ND,REP,C00504704,CRAMER FOR CONGRESS,1408240.58,1033730.28,395408.26,395408.26,0.0,2015-01-01T00:00:00,2016-12-31T00:00:00,2016,534840.42,446082.07,88758.35,0.0,300.0,YEAR-END,2016,True,committee_totals
S8ND00120,"CRAMER, KEVIN MR.",ND,REP,C00504704,CRAMER FOR CONGRESS,1492880.34,1505728.11,20897.96,20897.96,2804.0,2013-01-01T00:00:00,2014-12-31T00:00:00,2014,933837.04,780276.59,153560.45,0.0,0.0,YEAR-END,2014,True,committee_totals
S8ND00120,"CRAMER, KEVIN MR.",ND,REP,C00504704,CRAMER FOR CONGRESS,1325478.8,1291733.07,33745.73,33745.73,0.0,2011-10-20T00:00:00,2012-12-31T00:00:00,2012,981732.22,897358.75,84373.47,0.0,0.0,YEAR-END,2012,True,committee_totals
S8ID00027,"CRAPO, MICHAEL D",ID,REP,C00330886,MIKE CRAPO FOR US SENATE,1047393.27,590918.68,3028068.4,3028068.4,0.0,2025-01-01T00:00:00,2026-03-31T00:00:00,2026,242394.11,240327.02,2067.09,0.0,37976.39,APRIL QUARTERLY,2026,True,committee_totals
S8ID00027,"CRAPO, MICHAEL D",ID,REP,C00330886,MIKE CRAPO FOR US SENATE,1131919.91,946693.76,2571593.81,2571593.81,0.0,2023-01-01T00:00:00,2024-12-31T00:00:00,2024,333407.8,298337.58,35070.22,0.0,57289.29,YEAR-END,2024,True,committee_totals
S8ID00027,"CRAPO, MICHAEL D",ID,REP,C00330886,MIKE CRAPO FOR US SENATE,4821698.11,6517722.51,2386367.66,2386367.66,0.0,2021-01-01T00:00:00,2022-12-31T00:00:00,2022,1510435.77,1382394.57,128041.2,0.0,6689.16,YEAR-END,2022,True,committee_totals
S8ID00027,"CRAPO, MICHAEL D",ID,REP,C00330886,MIKE CRAPO FOR US SENATE,1060061.74,534770.84,4082392.06,4082392.06,0.0,2019-01-01T00:00:00,2020-12-31T00:00:00,2020,302391.84,287910.0,14481.84,0.0,23184.37,YEAR-END,2020,True,committee_totals
S8ID00027,"CRAPO, MICHAEL D",ID,REP,C00330886,MIKE CRAPO FOR US SENATE,1777035.04,1085698.36,3557101.16,3557101.16,0.0,2017-01-01T00:00:00,2018-12-31T00:00:00,2018,505377.5,501292.5,4085.0,0.0,17933.27,YEAR-END,2018,True,committee_totals
S8ID00027,"CRAPO, MICHAEL D",ID,REP,C00330886,MIKE CRAPO FOR US SENATE,4289036.0,4923910.0,2865764.0,2865764.0,0.0,2015-01-01T00:00:00,2016-12-31T00:00:00,2016,2886863.0,1772200.0,114661.0,0.0,20051.0,YEAR-END,2016,True,committee_totals
S8ID00027,"CRAPO, MICHAEL D",ID,REP,C00330886,MIKE CRAPO FOR US SENATE,891716.0,605477.0,3500640.0,3500640.0,0.0,2013-01-01T00:00:00,2014-12-31T00:00:00,2014,237936.0,237050.0,886.0,0.0,17297.0,YEAR-END,2014,True,committee_totals
S8ID00027,"CRAPO, MICHAEL D",ID,REP,C00330886,MIKE CRAPO FOR US SENATE,738834.0,322352.0,3464400.0,3464400.0,0.0,2011-01-01T00:00:00,2012-12-31T00:00:00,2012,352273.0,308368.0,43905.0,0.0,43522.0,YEAR-END,2012,True,committee_totals
S8ID00027,"CRAPO, MICHAEL D",ID,REP,C00330886,MIKE CRAPO FOR US SENATE,3670595.0,2531845.0,3047916.0,3047916.0,0.0,2009-01-01T00:00:00,2010-12-31T00:00:00,2010,1596237.0,1594856.0,1381.0,0.0,105574.0,YEAR-END,2010,True,committee_totals
S8ID00027,"CRAPO, MICHAEL D",ID,REP,C00330886,MIKE CRAPO FOR US SENATE,867930.0,517277.0,1909164.0,1909164.0,0.0,2007-01-01T00:00:00,2008-12-31T00:00:00,2008,373725.0,373725.0,0.0,0.0,147471.0,YEAR-END,2008,True,committee_totals
S8ID00027,"CRAPO, MICHAEL D",ID,REP,C00330886,MIKE CRAPO FOR US SENATE,576305.0,333153.0,1558511.0,1558511.0,0.0,2005-01-01T00:00:00,2006-12-31T00:00:00,2006,236649.0,204934.0,1250.0,0.0,64404.57,YEAR-END,2006,True,committee_totals
S8ID00027,"CRAPO, MICHAEL D",ID,REP,C00330886,MIKE CRAPO FOR US SENATE,1948398.0,1031912.0,1315358.0,1315358.0,0.0,2003-01-01T00:00:00,2004-12-31T00:00:00,2004,545418.0,,,0.0,,YEAR-END,2004,True,committee_totals
S8ID00027,"CRAPO, MICHAEL D",ID,REP,C00330886,MIKE CRAPO FOR US SENATE,260412.0,170069.0,398873.0,398873.0,0.0,2001-01-01T00:00:00,2002-12-31T00:00:00,2002,47020.0,,,0.0,,YEAR-END,2002,True,committee_totals
S8ID00027,"CRAPO, MICHAEL D",ID,REP,C00330886,MIKE CRAPO FOR US SENATE,183566.0,114420.0,308531.0,308531.0,0.0,1999-01-01T00:00:00,2000-12-31T00:00:00,2000,11520.0,,,0.0,,YEAR-END,2000,True,committee_totals
S8ID00027,"CRAPO, MICHAEL D",ID,REP,C00330886,MIKE CRAPO FOR US SENATE,1803195.0,1563811.0,239385.0,239385.0,0.0,1997-07-01T00:00:00,1998-12-31T00:00:00,1998,677655.0,,,0.0,,YEAR-END,1998,True,committee_totals
S6LA00680,"CROCKETT, GARY",LA,DEM,C00941070,COMMITTEE TO ELECT GARY CROCKETT FOR LOUISIANA,350000.0,12138.94,675722.12,675722.12,350000.0,2026-01-01T00:00:00,2026-03-31T00:00:00,2026,0.0,0.0,0.0,0.0,0.0,APRIL QUARTERLY,2026,True,committee_totals
S6TX00552,"CROCKETT, JASMINE",TX,DEM,C00929901,JASMINE FOR TEXAS,11092295.26,10459209.13,633086.13,633086.13,0.0,2025-12-08T00:00:00,2026-03-31T00:00:00,2026,6152063.47,1439975.23,4712088.24,0.0,32347.16,APRIL QUARTERLY,2026,True,committee_totals
S6AL00302,"CRUMPTON, RONALD (RON) STEVEN",AL,DEM,C00575530,CRUMPTON FOR ALABAMA,0.0,0.0,5.14,5.14,0.0,2025-04-01T00:00:00,2026-03-31T00:00:00,2026,0.0,0.0,0.0,0.0,0.0,APRIL QUARTERLY,2026,True,committee_totals
S6AL00302,"CRUMPTON, RONALD (RON) STEVEN",AL,DEM,C00575530,CRUMPTON FOR ALABAMA,0.0,0.0,5.14,5.14,0.0,2023-01-01T00:00:00,2024-12-31T00:00:00,2024,0.0,0.0,0.0,0.0,0.0,APRIL QUARTERLY,2024,True,committee_totals
S6AL00302,"CRUMPTON, RONALD (RON) STEVEN",AL,DEM,C00575530,CRUMPTON FOR ALABAMA,0.0,0.0,5.76,5.76,0.0,2021-01-01T00:00:00,2022-12-31T00:00:00,2022,0.0,0.0,0.0,0.0,0.0,YEAR-END,2022,True,committee_totals
S6AL00302,"CRUMPTON, RONALD (RON) STEVEN",AL,DEM,C00575530,CRUMPTON FOR ALABAMA,0.0,0.0,5.76,5.76,0.0,2019-01-01T00:00:00,2020-12-31T00:00:00,2020,0.0,0.0,0.0,0.0,0.0,YEAR-END,2020,True,committee_totals
S6AL00302,"CRUMPTON, RONALD (RON) STEVEN",AL,DEM,C00575530,CRUMPTON FOR ALABAMA,4559.0,4983.6,5.0,5.0,0.0,2017-01-01T00:00:00,2018-12-31T00:00:00,2018,4559.0,2700.0,1851.0,0.0,0.0,YEAR-END,2018,True,committee_totals
S6AL00302,"CRUMPTON, RONALD (RON) STEVEN",AL,DEM,C00575530,CRUMPTON FOR ALABAMA,33268.0,32369.0,442.0,442.0,0.0,2015-04-01T00:00:00,2016-12-31T00:00:00,2016,29628.0,16614.0,13054.0,0.0,0.0,YEAR-END,2016,True,committee_totals
S2TX00312,"CRUZ, RAFAEL EDWARD  TED",TX,REP,C00492785,TED CRUZ FOR SENATE,8266381.4,7469079.02,2584009.58,2584009.58,0.0,2025-01-01T00:00:00,2026-03-31T00:00:00,2026,6772276.63,3636131.43,3136145.2,0.0,26256.72,APRIL QUARTERLY,2026,True,committee_totals
S2TX00312,"CRUZ, RAFAEL EDWARD  TED",TX,REP,C00492785,TED CRUZ FOR SENATE,74050030.94,75643604.41,1786707.2,1786707.2,0.0,2023-01-01T00:00:00,2024-12-31T00:00:00,2024,67435723.31,37722671.61,29713051.7,0.0,69912.88,YEAR-END,2024,True,committee_totals
S2TX00312,"CRUZ, RAFAEL EDWARD  TED",TX,REP,C00492785,TED CRUZ FOR SENATE,19404179.67,20618900.53,3380280.67,3380280.67,0.0,2021-01-01T00:00:00,2022-12-31T00:00:00,2022,17309687.8,7350812.51,9958875.29,0.0,806721.55,YEAR-END,2022,True,committee_totals
S2TX00312,"CRUZ, RAFAEL EDWARD  TED",TX,REP,C00492785,TED CRUZ FOR SENATE,13659655.01,9222612.12,4595001.53,4595001.53,10000.0,2019-01-01T00:00:00,2020-12-31T00:00:00,2020,12064513.12,4658518.6,7405994.52,0.0,479823.5,YEAR-END,2020,True,committee_totals
S2TX00312,"CRUZ, RAFAEL EDWARD  TED",TX,REP,C00492785,TED CRUZ FOR SENATE,35409076.68,39458809.82,157958.64,157958.64,10000.0,2017-01-01T00:00:00,2018-12-31T00:00:00,2018,29234222.19,17213798.56,12020422.63,0.0,515390.19,YEAR-END,2018,True,committee_totals
S2TX00312,"CRUZ, RAFAEL EDWARD  TED",TX,REP,C00492785,TED CRUZ FOR SENATE,6154650.0,3255304.0,4207690.0,4207690.0,0.0,2015-01-01T00:00:00,2016-12-31T00:00:00,2016,2196377.0,699670.0,1496707.0,0.0,73664.0,YEAR-END,2016,True,committee_totals
S2TX00312,"CRUZ, RAFAEL EDWARD  TED",TX,REP,C00492785,TED CRUZ FOR SENATE,4104991.0,3276062.0,1308343.0,1308343.0,545000.0,2013-01-01T00:00:00,2014-12-31T00:00:00,2014,1494404.0,890401.0,604001.0,0.0,12754.0,YEAR-END,2014,True,committee_totals
S2TX00312,"CRUZ, RAFAEL EDWARD  TED",TX,REP,C00492785,TED CRUZ FOR SENATE,15098279.0,14618864.0,479413.0,479413.0,904178.0,2011-01-01T00:00:00,2012-12-31T00:00:00,2012,12044363.0,9700522.0,2343838.0,0.0,9200.0,YEAR-END,2012,True,committee_totals
S4NV00379,"CUNNINGHAM, CHRIS",NV,LIB,C00867622,COMMITTEE TO ELECT CHRIS CUNNINGHAM,0.0,0.0,0.0,0.0,0.0,2025-01-01T00:00:00,2025-03-31T00:00:00,2026,0.0,0.0,0.0,0.0,0.0,TERMINATION REPORT,2025,True,committee_totals
S4NV00379,"CUNNINGHAM, CHRIS",NV,LIB,C00867622,COMMITTEE TO ELECT CHRIS CUNNINGHAM,15573.29,15598.29,0.0,0.0,0.0,2024-01-01T00:00:00,2024-12-31T00:00:00,2024,7477.6,7100.0,377.6,890.0,0.0,YEAR-END,2024,True,committee_totals
S4UT00282,"CURTIS, JOHN",UT,REP,C00647339,JOHN CURTIS FOR UTAH,622121.94,748290.0,662514.6,662514.6,0.0,2025-01-01T00:00:00,2026-03-31T00:00:00,2026,295579.81,293162.39,2417.42,0.0,0.0,APRIL QUARTERLY,2026,True,committee_totals
S4UT00282,"CURTIS, JOHN",UT,REP,C00647339,JOHN CURTIS FOR UTAH,5640855.75,5239012.32,788682.66,788682.66,0.0,2023-01-01T00:00:00,2024-12-31T00:00:00,2024,2319425.97,2289182.01,30243.96,0.0,0.17,YEAR-END,2024,True,committee_totals
S4UT00282,"CURTIS, JOHN",UT,REP,C00647339,CURTIS FOR CONGRESS,2158235.3,2122701.24,386839.23,386839.23,0.0,2021-01-01T00:00:00,2022-12-31T00:00:00,2022,644943.0,637800.0,7143.0,0.0,0.01,YEAR-END,2022,True,committee_totals
S4UT00282,"CURTIS, JOHN",UT,REP,C00647339,CURTIS FOR CONGRESS,905501.13,718455.03,351305.17,351305.17,0.0,2019-01-01T00:00:00,2020-12-31T00:00:00,2020,264536.8,257250.0,7286.8,0.0,0.0,YEAR-END,2020,True,committee_totals
S4UT00282,"CURTIS, JOHN",UT,REP,C00647339,CURTIS FOR CONGRESS,1628253.3,1463994.23,164259.07,164259.07,25000.0,2017-04-01T00:00:00,2018-12-31T00:00:00,2018,989483.04,931960.14,57522.9,0.0,0.0,YEAR-END,2018,True,committee_totals
S2MT00096,"DAINES, STEVE",MT,REP,C00491357,STEVE DAINES FOR MONTANA,4709051.07,2192226.74,4275067.25,4275067.25,44813.08,2025-01-01T00:00:00,2026-03-31T00:00:00,2026,1383655.38,1179432.34,204223.04,0.0,157835.45,APRIL QUARTERLY,2026,True,committee_totals
S2MT00096,"DAINES, STEVE",MT,REP,C00491357,STEVE DAINES FOR MONTANA,1682254.18,669095.42,1758242.92,1758242.92,44813.08,2023-01-01T00:00:00,2024-12-31T00:00:00,2024,588963.55,460895.94,128067.61,0.0,136082.58,YEAR-END,2024,True,committee_totals
S2MT00096,"DAINES, STEVE",MT,REP,C00491357,STEVE DAINES FOR MONTANA,1944205.28,1306904.09,745084.16,745084.16,44813.08,2021-01-01T00:00:00,2022-12-31T00:00:00,2022,1007168.04,693586.38,313581.66,0.0,28685.03,YEAR-END,2022,True,committee_totals
S2MT00096,"DAINES, STEVE",MT,REP,C00491357,STEVE DAINES FOR MONTANA,31879414.77,33221808.14,107782.97,107782.97,44813.08,2019-01-01T00:00:00,2020-12-31T00:00:00,2020,27088647.52,15295018.66,11793628.86,0.0,73677.64,YEAR-END,2020,True,committee_totals
S2MT00096,"DAINES, STEVE",MT,REP,C00491357,STEVE DAINES FOR MONTANA,961862.18,437131.96,1450176.34,1450176.34,0.0,2017-01-01T00:00:00,2018-12-31T00:00:00,2018,419146.72,359259.67,59886.05,0.0,34423.46,YEAR-END,2018,True,committee_totals
S2MT00096,"DAINES, STEVE",MT,REP,C00491357,STEVE DAINES FOR MONTANA,478684.0,412359.0,925444.0,925444.0,0.0,2015-01-01T00:00:00,2016-12-31T00:00:00,2016,164659.0,135256.0,29403.0,0.0,44821.0,YEAR-END,2016,True,committee_totals
S2MT00096,"DAINES, STEVE",MT,REP,C00491357,STEVE DAINES FOR MONTANA,7512469.91,6668759.0,859118.0,859118.0,0.0,2013-01-01T00:00:00,2014-12-31T00:00:00,2014,4619384.54,3746973.98,872405.56,0.0,2243.31,YEAR-END,2014,True,committee_totals
S2MT00096,"DAINES, STEVE",MT,REP,C00491357,STEVE DAINES FOR MONTANA,1830490.65,2021595.6,15407.18,15407.18,71281.39,2011-01-01T00:00:00,2012-12-31T00:00:00,2012,1310254.51,1103681.26,206573.25,66664.75,2091.11,YEAR-END,2012,True,committee_totals
S2MT00096,"DAINES, STEVE",MT,REP,C00491357,STEVE DAINES FOR MONTANA,234644.0,28132.0,206512.0,206512.0,9250.0,2010-10-01T00:00:00,2010-12-31T00:00:00,2010,217894.0,196723.0,21171.0,9250.0,0.0,YEAR-END,2010,True,committee_totals
S6VA00184,"DANIELS, LORITA DR.",VA,DEM,C00925453,LORITA DANIELS FOR US SENATE,54994.61,46430.84,8563.77,8563.77,45375.17,2026-01-01T00:00:00,2026-03-31T00:00:00,2026,9563.33,5300.0,4263.33,300.0,0.0,APRIL QUARTERLY,2026,True,committee_totals
S6NC00472,"DANSIE, RICHARD",NC,REP,C00929232,DANSIE FOR US SENATE,2410.17,1780.0,630.17,630.17,2400.0,2025-12-01T00:00:00,2025-12-31T00:00:00,2026,10.0,0.0,10.0,0.0,0.17,YEAR-END,2025,True,committee_totals
S6SC04296,"DANS, PAUL",SC,REP,C00913624,PAUL DANS FOR SENATE,1011421.12,565237.47,446183.65,446183.65,684665.96,2025-07-01T00:00:00,2026-03-31T00:00:00,2026,330368.44,284377.8,45990.64,0.0,0.0,APRIL QUARTERLY,2026,True,committee_totals
S6KS00247,"DAVIS, CHRISTY",KS,DEM,C00915934,CHRISTY DAVIS FOR KANSAS 2026,137068.03,77796.18,59271.85,59271.85,0.0,2025-07-01T00:00:00,2026-03-31T00:00:00,2026,137068.03,130543.03,6525.0,0.0,0.0,APRIL QUARTERLY,2026,True,committee_totals
S6LA00615,"DAVIS, JAMIE",LA,DEM,C00929117,JAMIE DAVIS FOR U.S. SENATE,325965.17,184143.76,141821.41,141821.41,10000.0,2025-10-01T00:00:00,2026-03-31T00:00:00,2026,315965.16,35975.0,279990.16,0.0,0.01,APRIL QUARTERLY,2026,True,committee_totals
S6MA00262,"DAWICKI, MORGAN GIFFORD",MA,IND,C00909663,CAMPAIGN FOR MORGAN G DAWICKI,16497.8,7308.9,3997.99,3997.99,0.0,2025-07-01T00:00:00,2026-03-31T00:00:00,2026,12166.72,10000.0,2166.72,4331.08,0.0,APRIL QUARTERLY,2026,True,committee_totals
S6IL00623,"DEAN, JONATHAN",IL,DEM,C00915280,DEAN FOR ILLINOIS,124404.07,100311.38,24092.69,24092.69,61077.0,2025-07-01T00:00:00,2026-03-31T00:00:00,2026,50993.35,31923.22,19070.13,11407.09,503.63,APRIL QUARTERLY,2026,True,committee_totals
S6MA00304,"DEATON, JOHN",MA,REP,C00926139,JOHN DEATON FOR SENATE,1400141.01,571567.1,828573.91,828573.91,1005000.0,2025-10-01T00:00:00,2026-03-31T00:00:00,2026,320775.19,280944.6,39830.59,53414.0,24541.41,APRIL QUARTERLY,2026,True,committee_totals
S4MA00358,"DEATON, JOHN",MA,REP,C00870337,JOHN DEATON FOR SENATE INC.,38.22,48374.32,0.0,0.0,0.0,2025-01-01T00:00:00,2025-04-03T00:00:00,2026,-5.0,0.0,-5.0,0.0,0.0,TERMINATION REPORT,2025,True,committee_totals
S4MA00358,"DEATON, JOHN",MA,REP,C00870337,JOHN DEATON FOR SENATE INC.,2244282.53,2195946.43,48336.1,48336.1,1003301.65,2024-01-01T00:00:00,2024-12-31T00:00:00,2024,1147559.95,678047.83,469512.12,10268.5,10275.0,YEAR-END,2024,True,committee_totals
S6IL00607,"DELGADO, ADAM",IL,DEM,C00914390,COMMITTEE TO ELECT ADAM DELGADO FOR US SENATE,56308.96,76786.16,-19467.2,-19467.2,0.0,2025-07-01T00:00:00,2026-03-31T00:00:00,2026,13326.71,12177.71,1149.0,42374.87,0.0,APRIL QUARTERLY,2026,True,committee_totals
S2FL00631,"DEMINGS, VAL",FL,DEM,C00590489,VDUSS PAC,0.0,0.0,0.0,0.0,0.0,2025-01-01T00:00:00,2025-03-07T00:00:00,2026,0.0,0.0,0.0,,,TERMINATION REPORT,2025,False,committee_totals
S2FL00631,"DEMINGS, VAL",FL,DEM,C00590489,VDUSS PAC,296949.88,629862.71,0.0,0.0,0.0,2023-01-01T00:00:00,2024-12-31T00:00:00,2024,0.0,0.0,0.0,,,TERMINATION REPORT,2024,False,committee_totals
S6VA00226,"DE PAULA, ALEX",VA,REP,C00937904,ALEX DE PAULA FOR US SENATE,5675.01,4000.0,1675.01,1675.01,5500.0,2026-01-01T00:00:00,2026-03-31T00:00:00,2026,175.01,0.0,175.01,0.0,0.0,TERMINATION REPORT,2026,True,committee_totals
S6SC04361,"DISMUKES, THOMAS KEITH",SC,REP,C00943746,THOMAS DISMUKES FOR SENATE,14935.0,13125.0,1810.0,1810.0,0.0,2026-01-01T00:00:00,2026-03-31T00:00:00,2026,3835.0,3735.0,100.0,11100.0,0.0,APRIL QUARTERLY,2026,True,committee_totals
S6NM01145,"DODSON, MATT",NM,DEM,C00926444,MATT DODSON 4 THE 99 PERCENT,11843.44,8069.46,3773.98,3773.98,0.0,2025-10-01T00:00:00,2026-03-31T00:00:00,2026,4838.44,1350.0,3488.44,7005.0,0.0,APRIL QUARTERLY,2026,True,committee_totals
S2OH00477,"DOLAN, MATT",OH,REP,C00831636,DOLAN FOR OHIO,908.1,67501.81,46540.41,46540.41,12697000.0,2025-01-01T00:00:00,2026-03-31T00:00:00,2026,0.0,0.0,0.0,0.0,308.1,APRIL QUARTERLY,2026,True,committee_totals
S2OH00477,"DOLAN, MATT",OH,REP,C00831636,DOLAN FOR OHIO,12722445.88,12609311.76,113134.12,113134.12,12697000.0,2023-01-01T00:00:00,2024-12-31T00:00:00,2024,2365741.74,2287625.83,78115.91,0.0,60745.23,YEAR-END,2024,True,committee_totals
S4NM00183,"DOMENICI, NELLA LOUISE LOUISE",NM,REP,C00865956,NELLA FOR SENATE,2535.8,70693.82,3499.55,3499.55,2800000.0,2025-01-01T00:00:00,2026-03-31T00:00:00,2026,-764.2,-237.5,-526.7,3300.0,0.0,APRIL QUARTERLY,2026,True,committee_totals
S4NM00183,"DOMENICI, NELLA LOUISE LOUISE",NM,REP,C00865956,NELLA FOR SENATE,7013192.46,6941534.89,71657.57,71657.57,2800000.0,2024-01-01T00:00:00,2024-12-31T00:00:00,2024,2299469.56,1685148.44,614321.12,5531.1,0.0,YEAR-END,2024,True,committee_totals
S2IN00091,"DONNELLY, JOSEPH S",IN,DEM,C00393652,DONNELLY FOR INDIANA,322.25,10529.01,90511.8,90511.8,0.0,2025-01-01T00:00:00,2026-03-31T00:00:00,2026,0.0,0.0,0.0,0.0,4.25,APRIL QUARTERLY,2026,True,committee_totals
S2IN00091,"DONNELLY, JOSEPH S",IN,DEM,C00393652,DONNELLY FOR INDIANA,6.73,38706.76,100718.56,100718.56,0.0,2023-01-01T00:00:00,2024-12-31T00:00:00,2024,0.0,0.0,0.0,0.0,6.73,YEAR-END,2024,True,committee_totals
S2IN00091,"DONNELLY, JOSEPH S",IN,DEM,C00393652,DONNELLY FOR INDIANA,6.6,32342.06,139418.59,139418.59,0.0,2021-01-01T00:00:00,2022-12-31T00:00:00,2022,0.0,0.0,0.0,0.0,6.6,YEAR-END,2022,True,committee_totals
S2IN00091,"DONNELLY, JOSEPH S",IN,DEM,C00393652,DONNELLY FOR INDIANA,226032.09,228150.59,171754.05,171754.05,0.0,2019-01-01T00:00:00,2020-12-31T00:00:00,2020,0.0,0.0,0.0,0.0,25.04,YEAR-END,2020,True,committee_totals
S2IN00091,"DONNELLY, JOSEPH S",IN,DEM,C00393652,DONNELLY FOR INDIANA,14585917.72,15800916.06,173872.55,173872.55,0.0,2017-01-01T00:00:00,2018-12-31T00:00:00,2018,10595662.29,7885548.61,2710112.68,15000.0,1015.38,YEAR-END,2018,True,committee_totals
S2IN00091,"DONNELLY, JOSEPH S",IN,DEM,C00393652,DONNELLY FOR INDIANA,1531671.0,607705.0,1388871.0,1388871.0,0.0,2015-01-01T00:00:00,2016-12-31T00:00:00,2016,673641.0,877242.0,46398.0,0.0,482.0,YEAR-END,2016,True,committee_totals
S2IN00091,"DONNELLY, JOSEPH S",IN,DEM,C00393652,DONNELLY FOR INDIANA,1135426.0,764457.0,464904.0,464904.0,0.0,2013-01-01T00:00:00,2014-12-31T00:00:00,2014,673373.0,596431.0,76940.0,0.0,10822.0,YEAR-END,2014,True,committee_totals
S2IN00091,"DONNELLY, JOSEPH S",IN,DEM,C00393652,DONNELLY FOR INDIANA,5662233.36,5588317.08,93936.0,93936.0,98430.0,2011-01-01T00:00:00,2012-12-31T00:00:00,2012,4180724.93,3119660.01,1061060.92,40.0,113.29,YEAR-END,2012,True,committee_totals
S2IN00091,"DONNELLY, JOSEPH S",IN,DEM,C00393652,JOE DONNELLY FOR CONGRESS,1723644.27,1988562.77,20019.39,20019.39,42046.02,2009-01-01T00:00:00,2010-12-31T00:00:00,2010,689669.98,586894.77,102775.21,0.0,3681.87,YEAR-END,2010,True,committee_totals
S2IN00091,"DONNELLY, JOSEPH S",IN,DEM,C00393652,JOE DONNELLY FOR CONGRESS,1846898.45,1599272.29,284937.89,284937.89,28380.0,2007-01-01T00:00:00,2008-12-31T00:00:00,2008,698325.81,625285.09,73040.72,0.0,0.0,YEAR-END,2008,True,committee_totals
S2IN00091,"DONNELLY, JOSEPH S",IN,DEM,C00393652,JOE DONNELLY FOR CONGRESS,1626441.02,1589244.91,37311.73,37311.73,201323.71,2005-01-01T00:00:00,2006-12-31T00:00:00,2006,936399.18,650876.65,285522.53,1500.0,0.0,YEAR-END,2006,True,committee_totals
S2IN00091,"DONNELLY, JOSEPH S",IN,DEM,C00393652,DONNELLY FOR CONGRESS COMMITTEE,706066.01,708290.56,115.62,115.62,101900.0,2003-12-17T00:00:00,2004-12-31T00:00:00,2004,301456.83,183177.07,93554.76,109394.18,0.0,YEAR-END,2004,True,committee_totals
S6GA00408,"DOOLEY, DEREK",GA,REP,C00914531,DOOLEY FOR GEORGIA,3671916.59,1448348.05,2223568.54,2223568.54,0.0,2025-07-01T00:00:00,2026-03-31T00:00:00,2026,3661842.21,3561053.59,100788.62,0.0,0.0,APRIL QUARTERLY,2026,True,committee_totals
S8MT00218,"DOWNING, TROY",MT,REP,C00640052,TROY DOWNING FOR US SENATE,22021.94,32156.32,0.0,0.0,250000.0,2023-01-01T00:00:00,2024-12-31T00:00:00,2024,0.0,0.0,0.0,22021.94,0.0,TERMINATION REPORT,2024,True,committee_totals
S8MT00218,"DOWNING, TROY",MT,REP,C00640052,TROY DOWNING FOR US SENATE,0.0,0.0,10134.38,10134.38,282156.32,2021-01-01T00:00:00,2022-12-31T00:00:00,2022,0.0,0.0,0.0,0.0,0.0,YEAR-END,2022,True,committee_totals
S8MT00218,"DOWNING, TROY",MT,REP,C00640052,TROY DOWNING FOR US SENATE,0.0,416.43,10134.38,10134.38,282156.32,2019-01-01T00:00:00,2020-12-31T00:00:00,2020,0.0,0.0,0.0,0.0,0.0,YEAR-END,2020,True,committee_totals
S8MT00218,"DOWNING, TROY",MT,REP,C00640052,TROY DOWNING FOR US SENATE,1495357.0,1484804.0,10550.81,10550.81,282156.32,2017-05-01T00:00:00,2018-12-31T00:00:00,2018,388890.0,350963.0,37927.0,0.0,0.0,YEAR-END,2018,True,committee_totals
S2NY00382,"DRIGGERS, CALVIN",NY,REP,C00774265,CALVIN JOB D. DBA MR. LOGISTICS FOR CONGRESS,231.33,0.0,240.74,240.74,0.0,2023-10-01T00:00:00,2023-12-31T00:00:00,2024,231.33,0.0,231.33,0.0,0.0,YEAR-END,2023,True,committee_totals
S2NY00382,"DRIGGERS, CALVIN",NY,REP,C00774265,CALVIN JOB D. DBA MR. LOGISTICS FOR CONGRESS,6002.0,372.35,0.0,0.0,0.0,2021-04-01T00:00:00,2022-12-05T00:00:00,2022,5000.0,5000.0,0.0,1002.0,0.0,POST-GENERAL,2022,True,committee_totals
S2FL00557,"DRIGGERS, CALVIN JOB",FL,REP,C00774265,CALVIN JOB D. DBA MR. LOGISTICS FOR CONGRESS,231.33,0.0,240.74,240.74,0.0,2023-10-01T00:00:00,2023-12-31T00:00:00,2024,231.33,0.0,231.33,0.0,0.0,YEAR-END,2023,True,committee_totals
S2FL00557,"DRIGGERS, CALVIN JOB",FL,REP,C00774265,CALVIN JOB D. DBA MR. LOGISTICS FOR CONGRESS,6002.0,372.35,0.0,0.0,0.0,2021-04-01T00:00:00,2022-12-05T00:00:00,2022,5000.0,5000.0,0.0,1002.0,0.0,POST-GENERAL,2022,True,committee_totals
S6IL00292,"DUCKWORTH, L. TAMMY",IL,DEM,C00574889,TAMMY FOR ILLINOIS,4300519.14,3242661.33,3801810.77,3801810.77,0.0,2025-01-01T00:00:00,2026-03-31T00:00:00,2026,3728401.47,1319013.06,2409388.41,0.0,104930.84,APRIL QUARTERLY,2026,True,committee_totals
S6IL00292,"DUCKWORTH, L. TAMMY",IL,DEM,C00574889,TAMMY FOR ILLINOIS,4571747.48,3410616.28,2743952.96,2743952.96,0.0,2023-01-01T00:00:00,2024-12-31T00:00:00,2024,3684933.82,1437064.22,2247869.6,0.0,126292.57,YEAR-END,2024,True,committee_totals
S6IL00292,"DUCKWORTH, L. TAMMY",IL,DEM,C00574889,TAMMY FOR ILLINOIS,14799221.88,15890348.99,1582821.76,1582821.76,0.0,2021-01-01T00:00:00,2022-12-31T00:00:00,2022,11430651.78,6028917.29,5401734.49,0.0,10735.12,YEAR-END,2022,True,committee_totals
S6IL00292,"DUCKWORTH, L. TAMMY",IL,DEM,C00574889,TAMMY FOR ILLINOIS,4171421.0,2635315.82,2673948.87,2673948.87,0.0,2019-01-01T00:00:00,2020-12-31T00:00:00,2020,3693143.14,1420993.04,2272150.1,0.0,8552.4,YEAR-END,2020,True,committee_totals
S6IL00292,"DUCKWORTH, L. TAMMY",IL,DEM,C00574889,TAMMY FOR ILLINOIS,2250456.91,1250015.93,1137843.69,1137843.69,0.0,2017-01-01T00:00:00,2018-12-31T00:00:00,2018,1809155.17,779464.23,1029687.94,0.0,67445.72,YEAR-END,2018,True,committee_totals
S6IL00292,"DUCKWORTH, L. TAMMY",IL,DEM,C00574889,TAMMY FOR ILLINOIS,16499322.0,16761919.0,137402.0,137402.0,0.0,2015-03-30T00:00:00,2016-12-31T00:00:00,2016,12903810.0,7723251.0,5180553.0,0.0,5228.0,YEAR-END,2016,True,committee_totals
S6AR00173,"DUNBAR, ETHAN N SR.",AR,DEM,C00916502,FRIENDS OF NOEL DBA ETHANFORARKANSAS,17461.7,22253.18,1110.62,1110.62,0.0,2025-09-02T00:00:00,2026-03-27T00:00:00,2026,16960.7,10991.89,5968.81,420.0,0.0,TERMINATION REPORT,2026,True,committee_totals
S6NC00449,"DUPRE, MARGOT",NC,REP,C00921965,MARGOT DUPRE FOR US SENATE,60000.0,51150.0,8850.0,8850.0,60000.0,2026-01-01T00:00:00,2026-03-31T00:00:00,2026,0.0,0.0,0.0,0.0,0.0,APRIL QUARTERLY,2026,True,committee_totals
S6IL00151,"DURBIN, RICHARD J.",IL,DEM,C00148999,FRIENDS OF DICK DURBIN COMMITTEE,79857.6,778171.85,976472.97,976472.97,0.0,2025-01-01T00:00:00,2026-03-31T00:00:00,2026,32050.68,21371.81,10678.87,0.0,3019.91,APRIL QUARTERLY,2026,True,committee_totals
S6IL00151,"DURBIN, RICHARD J.",IL,DEM,C00148999,FRIENDS OF DICK DURBIN COMMITTEE,1106383.69,915337.33,1674787.22,1674787.22,0.0,2023-01-01T00:00:00,2024-12-31T00:00:00,2024,402296.26,303030.12,99266.14,0.0,4439.98,YEAR-END,2024,True,committee_totals
S6IL00151,"DURBIN, RICHARD J.",IL,DEM,C00148999,FRIENDS OF DICK DURBIN COMMITTEE,1190534.22,783279.92,1483740.86,1483740.86,0.0,2021-01-01T00:00:00,2022-12-31T00:00:00,2022,683888.94,390930.11,292958.83,0.0,4792.06,YEAR-END,2022,True,committee_totals
S6IL00151,"DURBIN, RICHARD J.",IL,DEM,C00148999,FRIENDS OF DICK DURBIN COMMITTEE,7326799.36,8263750.73,1076486.56,1076486.56,0.0,2019-01-01T00:00:00,2020-12-31T00:00:00,2020,3696013.5,2770377.2,925636.3,0.0,25169.58,YEAR-END,2020,True,committee_totals
S6IL00151,"DURBIN, RICHARD J.",IL,DEM,C00148999,FRIENDS OF DICK DURBIN COMMITTEE,2061580.72,867319.4,2013437.93,2013437.93,0.0,2017-01-01T00:00:00,2018-12-31T00:00:00,2018,1325039.88,654041.5,670996.38,0.0,9736.94,YEAR-END,2018,True,committee_totals
S6IL00151,"DURBIN, RICHARD J.",IL,DEM,C00148999,FRIENDS OF DICK DURBIN,1151486.0,1073760.0,819176.0,819176.0,0.0,2015-01-01T00:00:00,2016-12-31T00:00:00,2016,806747.0,444251.0,362493.0,0.0,8764.0,YEAR-END,2016,True,committee_totals
S6IL00151,"DURBIN, RICHARD J.",IL,DEM,C00148999,FRIENDS OF DICK DURBIN,7856360.0,9705619.0,741450.0,741450.0,0.0,2013-01-01T00:00:00,2014-12-31T00:00:00,2014,5576144.0,4730388.0,845752.0,0.0,-24351.0,YEAR-END,2014,True,committee_totals
S6IL00151,"DURBIN, RICHARD J.",IL,DEM,C00148999,FRIENDS OF DICK DURBIN,1658624.0,1319525.0,2590707.0,2590707.0,0.0,2011-01-01T00:00:00,2012-12-31T00:00:00,2012,1216343.0,1082336.0,134006.0,0.0,18431.0,YEAR-END,2012,True,committee_totals
S6IL00151,"DURBIN, RICHARD J.",IL,DEM,C00148999,FRIENDS OF DICK DURBIN COMMITTEE,806568.35,1590584.0,2251609.0,2251609.0,0.0,2009-01-01T00:00:00,2010-12-31T00:00:00,2010,377788.0,345990.0,31798.0,0.0,21161.0,YEAR-END,2010,True,committee_totals
S6IL00151,"DURBIN, RICHARD J.",IL,DEM,C00148999,FRIENDS OF DICK DURBIN COMMITTEE,8116764.0,8016455.0,3035621.0,3035621.0,0.0,2007-01-01T00:00:00,2008-12-31T00:00:00,2008,5495413.0,5203718.0,291691.0,0.0,531762.0,YEAR-END,2008,True,committee_totals
S6IL00151,"DURBIN, RICHARD J.",IL,DEM,C00148999,FRIENDS OF DICK DURBIN COMMITTEE,2961250.0,4688296.0,2935314.0,2935314.0,0.0,2005-01-01T00:00:00,2006-12-31T00:00:00,2006,2310129.0,1436370.0,192262.37,0.0,214530.94,YEAR-END,2006,True,committee_totals
S6IL00151,"DURBIN, RICHARD J.",IL,DEM,C00148999,FRIENDS OF DICK DURBIN COMMITTEE,239536.0,407621.0,1662359.0,1662359.0,0.0,2003-01-01T00:00:00,2004-12-31T00:00:00,2004,78335.0,,,0.0,,YEAR-END,2004,True,committee_totals
S6IL00151,"DURBIN, RICHARD J.",IL,DEM,C00148999,FRIENDS OF DICK DURBIN COMMITTEE,5188251.0,4979865.0,1830445.0,1830445.0,0.0,2001-01-01T00:00:00,2002-12-31T00:00:00,2002,3326031.0,,,0.0,,YEAR-END,2002,True,committee_totals
S6IL00151,"DURBIN, RICHARD J.",IL,DEM,C00148999,FRIENDS OF DICK DURBIN COMMITTEE,1975784.0,461828.0,1622060.0,1622060.0,0.0,1999-01-01T00:00:00,2000-12-31T00:00:00,2000,1529752.0,,,0.0,,YEAR-END,2000,True,committee_totals
S6IL00151,"DURBIN, RICHARD J.",IL,DEM,C00148999,FRIENDS OF DICK DURBIN COMMITTEE,519296.0,431015.0,108104.0,108104.0,0.0,1997-01-01T00:00:00,1998-12-31T00:00:00,1998,252921.0,,,0.0,,YEAR-END,1998,True,committee_totals
S6IL00151,"DURBIN, RICHARD J.",IL,DEM,C00148999,FRIENDS OF DICK DURBIN COMMITTEE,4767940.0,4966804.0,19822.0,19822.0,70402.0,1995-01-01T00:00:00,1996-12-31T00:00:00,1996,3337700.0,,,0.0,,YEAR-END,1996,True,committee_totals
S6IL00151,"DURBIN, RICHARD J.",IL,DEM,C00148999,DURBIN FOR CONGRESS COMMITTEE,859748.0,692886.0,218684.0,218684.0,0.0,1993-01-01T00:00:00,1994-12-31T00:00:00,1994,355977.0,,,0.0,,YEAR-END,1994,True,committee_totals
S6IL00151,"DURBIN, RICHARD J.",IL,DEM,C00148999,DURBIN FOR CONGRESS COMMITTEE,666110.0,921659.0,51822.0,51822.0,0.0,1991-01-01T00:00:00,1992-12-31T00:00:00,1992,203115.0,,,0.0,,YEAR-END,1992,True,committee_totals
S6IL00151,"DURBIN, RICHARD J.",IL,DEM,C00148999,DURBIN FOR CONGRESS COMMITTEE,338066.0,209360.0,307371.0,307371.0,0.0,1989-01-01T00:00:00,1990-12-31T00:00:00,1990,97710.0,,,0.0,,YEAR-END,1990,True,committee_totals
S6IL00151,"DURBIN, RICHARD J.",IL,DEM,C00148999,DURBIN FOR CONGRESS COMMITTEE,373425.0,257591.0,178667.0,178667.0,5015.0,1987-01-01T00:00:00,1988-12-31T00:00:00,1988,131141.0,,,0.0,,YEAR-END,1988,True,committee_totals
S4CA00639,"EARLY, ERIC",CA,REP,C00837526,ERIC EARLY FOR U.S. SENATE 2024,0.0,450.0,1615.43,1615.43,160635.57,2025-01-01T00:00:00,2026-03-31T00:00:00,2026,0.0,0.0,0.0,0.0,0.0,APRIL QUARTERLY,2026,True,committee_totals
S4CA00639,"EARLY, ERIC",CA,REP,C00837526,ERIC EARLY FOR U.S. SENATE 2024,904178.95,902113.52,2065.43,2065.43,160635.57,2023-01-01T00:00:00,2024-12-31T00:00:00,2024,678321.14,265549.03,412772.11,19401.61,0.01,YEAR-END,2024,True,committee_totals
S6VA00192,"EICHELBERGER, GREGORY",VA,DEM,C00925610,GREGORY EICHELBERGER FOR U.S. SENATE,5697.72,5697.72,0.0,0.0,0.0,2025-01-01T00:00:00,2026-01-15T00:00:00,2026,1778.0,1250.0,528.0,3919.72,0.0,TERMINATION REPORT,2026,True,committee_totals
S4NY00362,"EISEN, JOSHUA DR.",NY,REP,C00852483,EISEN FOR NY,305744.0,299422.94,6321.06,6321.06,250000.0,2023-10-04T00:00:00,2024-06-30T00:00:00,2024,5744.0,5300.0,444.0,50000.0,0.0,JULY QUARTERLY,2024,True,committee_totals
S4WV00399,"ELLIOTT, GLENN FREDERICK MR. JR.",WV,DEM,C00864819,ELLIOTT FOR WEST VIRGINIA,0.0,0.0,0.0,0.0,0.0,2024-11-26T00:00:00,2025-03-24T00:00:00,2026,0.0,0.0,0.0,0.0,0.0,TERMINATION REPORT,2025,True,committee_totals
S4WV00399,"ELLIOTT, GLENN FREDERICK MR. JR.",WV,DEM,C00864819,ELLIOTT FOR WEST VIRGINIA,855051.42,845941.7,9109.72,9109.72,0.0,2024-01-01T00:00:00,2024-11-25T00:00:00,2024,838815.08,838815.08,0.0,0.0,5168.34,POST-GENERAL,2024,True,committee_totals
S2FL00458,"ELLISON, ALLEN",FL,DEM,C00574236,ALLEN ELLISON FOR US SENATE,0.0,0.0,155.61,155.61,4800.0,2023-01-01T00:00:00,2024-12-31T00:00:00,2024,0.0,0.0,0.0,0.0,0.0,TERMINATION REPORT,2024,False,committee_totals
S2FL00458,"ELLISON, ALLEN",FL,DEM,C00574236,ALLEN ELLISON FOR US SENATE,89854.45,85261.49,155.61,155.61,4800.0,2021-01-01T00:00:00,2022-12-31T00:00:00,2022,84817.86,28643.88,56173.98,0.0,0.0,YEAR-END,2022,False,committee_totals
S2FL00458,"ELLISON, ALLEN",FL,DEM,C00574236,ALLEN ELLISON FOR US SENATE,84005.43,78767.35,6155.8,6155.8,1000.0,2019-01-01T00:00:00,2020-12-31T00:00:00,2020,78072.87,30795.02,47277.85,0.0,0.0,YEAR-END,2020,False,committee_totals
S2FL00458,"ELLISON, ALLEN",FL,DEM,C00574236,ALLEN ELLISON FOR CONGRESS CAMPAIGN COMMITTEE,3469.33,4189.53,917.72,917.72,0.0,2017-01-01T00:00:00,2018-12-31T00:00:00,2018,3469.33,1000.0,2469.33,0.0,0.0,YEAR-END,2018,False,committee_totals
S2FL00458,"ELLISON, ALLEN",FL,DEM,C00574236,ALLEN ELLISON FOR CONGRESS CAMPAIGN COMMITTEE,18086.74,16448.82,1637.92,1637.92,0.0,2015-03-01T00:00:00,2016-12-31T00:00:00,2016,12525.9,6800.0,5725.9,0.0,0.0,YEAR-END,2016,False,committee_totals
S6MI00418,"EL-SAYED, ABDUL",MI,DEM,C00902668,ABDUL FOR U.S. SENATE,7646727.83,5117400.65,2529327.18,2529327.18,0.0,2025-01-01T00:00:00,2026-03-31T00:00:00,2026,7572495.77,5571782.85,2000712.92,14000.0,4.65,APRIL QUARTERLY,2026,True,committee_totals
S6LA00581,"EMERSON, JULIE CATHRYN",LA,REP,C00923631,JULIE EMERSON FOR LOUISIANA,688875.02,656194.34,32680.68,32680.68,0.0,2025-10-01T00:00:00,2026-03-31T00:00:00,2026,362375.02,360067.25,2307.77,0.0,0.0,APRIL QUARTERLY,2026,True,committee_totals
S4VA00247,"EMORD, JONATHAN WALKER MR.",VA,REP,C00832253,EMORD FOR SENATE INC.,7359.47,7359.47,0.0,0.0,0.0,2025-01-01T00:00:00,2025-10-10T00:00:00,2026,0.0,0.0,0.0,7359.47,0.0,TERMINATION REPORT,2025,True,committee_totals
S4VA00247,"EMORD, JONATHAN WALKER MR.",VA,REP,C00832253,EMORD FOR SENATE INC.,893768.61,893768.61,0.0,0.0,408100.0,2022-09-24T00:00:00,2024-12-31T00:00:00,2024,317304.99,251995.47,65309.52,165278.93,0.0,YEAR-END,2024,True,committee_totals
S4IA00129,"ERNST, JONI K",IA,REP,C00546788,JONI FOR IOWA,1997585.68,2240263.66,1997164.76,1997164.76,0.0,2025-01-01T00:00:00,2026-03-31T00:00:00,2026,997371.94,763432.68,233939.26,0.0,31.7,APRIL QUARTERLY,2026,True,committee_totals
S4IA00129,"ERNST, JONI K",IA,REP,C00546788,JONI FOR IOWA,2921862.7,1655755.5,2239842.74,2239842.74,0.0,2023-01-01T00:00:00,2024-12-31T00:00:00,2024,2020872.76,1366043.95,654828.81,0.0,43.91,YEAR-END,2024,True,committee_totals
S4IA00129,"ERNST, JONI K",IA,REP,C00546788,JONI FOR IOWA,2035244.25,1589923.64,973735.54,973735.54,0.0,2021-01-01T00:00:00,2022-12-31T00:00:00,2022,1430612.55,709647.61,720964.94,0.0,2.9,YEAR-END,2022,True,committee_totals
S4IA00129,"ERNST, JONI K",IA,REP,C00546788,JONI FOR IOWA,27686921.36,28521656.12,528414.93,528414.93,0.0,2019-01-01T00:00:00,2020-12-31T00:00:00,2020,21787105.09,12954057.9,8833047.19,0.0,8.11,YEAR-END,2020,True,committee_totals
S4IA00129,"ERNST, JONI K",IA,REP,C00546788,JONI FOR IOWA,1765599.36,843336.08,1363149.69,1363149.69,0.0,2017-01-01T00:00:00,2018-12-31T00:00:00,2018,744712.76,415855.77,330856.99,0.0,125.78,YEAR-END,2018,True,committee_totals
S4IA00129,"ERNST, JONI K",IA,REP,C00546788,JONI FOR IOWA,1109368.0,894689.0,0.0,0.0,0.0,2015-01-01T00:00:00,2016-12-31T00:00:00,2016,352464.0,224358.0,128106.0,0.0,1166.0,YEAR-END,2016,True,committee_totals
S4IA00129,"ERNST, JONI K",IA,REP,C00546788,JONI FOR IOWA,12011101.0,11913212.0,97888.0,97888.0,289561.0,2013-07-01T00:00:00,2014-12-31T00:00:00,2014,9619298.0,7266054.0,2353243.0,2600.0,0.0,YEAR-END,2014,True,committee_totals
S8MS00287,"ESPY, MICHAEL",MS,DEM,C00675884,MIKE ESPY FOR SENATE CAMPAIGN COMMITTEE,0.0,3527.0,133717.44,133717.44,0.0,2025-01-01T00:00:00,2026-03-31T00:00:00,2026,0.0,0.0,0.0,0.0,0.0,APRIL QUARTERLY,2026,True,committee_totals
S8MS00287,"ESPY, MICHAEL",MS,DEM,C00675884,MIKE ESPY FOR SENATE CAMPAIGN COMMITTEE,0.0,90524.45,137244.44,137244.44,0.0,2023-01-01T00:00:00,2024-12-31T00:00:00,2024,0.0,0.0,0.0,0.0,0.0,YEAR-END,2024,True,committee_totals
S8MS00287,"ESPY, MICHAEL",MS,DEM,C00675884,MIKE ESPY FOR SENATE CAMPAIGN COMMITTEE,336781.98,284606.17,227768.89,227768.89,0.0,2021-01-01T00:00:00,2022-12-31T00:00:00,2022,0.0,0.0,0.0,0.0,156069.85,YEAR-END,2022,True,committee_totals
S8MS00287,"ESPY, MICHAEL",MS,DEM,C00675884,MIKE ESPY FOR SENATE CAMPAIGN COMMITTEE,12320919.34,12439496.96,175593.08,175593.08,0.0,2019-01-01T00:00:00,2020-12-31T00:00:00,2020,11801285.58,5256650.79,6544634.79,0.0,0.0,YEAR-END,2020,True,committee_totals
S8MS00287,"ESPY, MICHAEL",MS,DEM,C00675884,MIKE ESPY FOR SENATE CAMPAIGN COMMITTEE,7488521.96,7194351.26,294170.7,294170.7,0.0,2018-04-01T00:00:00,2018-12-31T00:00:00,2018,6412012.12,3387611.19,3024400.93,0.0,0.0,YEAR-END,2018,True,committee_totals
S4NJ00524,"ESTRADA, MICHAEL",NJ,IND,C00864496,MICHAEL ESTRADA FOR SENATE,5218.2,657.67,4560.53,4560.53,0.0,2023-09-25T00:00:00,2024-07-20T00:00:00,2024,5218.2,5208.2,10.0,0.0,0.0,TERMINATION REPORT,2024,True,committee_totals
S6ME00399,"EVANS, DAVID ALAN",ME,IND,C00921767,COMMITTEE TO ELECT DAVID EVANS,6436.72,6436.72,0.0,0.0,0.0,2025-10-01T00:00:00,2025-12-31T00:00:00,2026,6436.72,5831.72,605.0,0.0,0.0,TERMINATION REPORT,2025,True,committee_totals
S2VT00334,"EVANS-FRANTZ, ISAAC",VT,DEM,C00811182,ISAAC FOR VERMONT,0.0,2486.5,9588.48,9588.48,0.0,2025-01-01T00:00:00,2026-03-31T00:00:00,2026,0.0,0.0,0.0,0.0,0.0,APRIL QUARTERLY,2026,True,committee_totals
S2VT00334,"EVANS-FRANTZ, ISAAC",VT,DEM,C00811182,ISAAC FOR VERMONT,3.6,6002.19,12074.98,12074.98,0.0,2023-01-01T00:00:00,2024-12-31T00:00:00,2024,0.0,0.0,0.0,0.0,0.0,YEAR-END,2024,True,committee_totals
S2VT00334,"EVANS-FRANTZ, ISAAC",VT,DEM,C00811182,ISAAC FOR VERMONT,123835.03,105761.46,18073.57,18073.57,0.0,2022-04-01T00:00:00,2022-12-31T00:00:00,2022,122465.02,98646.32,23818.7,100.0,0.0,YEAR-END,2022,True,committee_totals
S6IL00672,"EVANS, JEANNIE",IL,REP,C00921759,JEANNIE FOR ILLINOIS,1280369.17,1136878.25,143490.92,143490.92,900000.0,2025-10-01T00:00:00,2026-03-31T00:00:00,2026,224338.0,222000.0,2338.0,121706.39,0.0,APRIL QUARTERLY,2026,True,committee_totals
S6ID00120,"EVANS, JOE",ID,REP,C00894816,JOE EVANS FOR SENATE,7741.0,7650.17,90.83,90.83,6791.0,2026-03-01T00:00:00,2026-03-30T00:00:00,2026,850.0,,850.0,,,APRIL QUARTERLY,2026,True,committee_totals
S6ID00013,"EVANS, JOHN VICTOR",ID,DEM,C00197046,EVANS COMMITTEE,11272.0,11272.0,0.0,0.0,0.0,1985-03-28T00:00:00,1985-06-30T00:00:00,1986,,,,,,MID-YEAR REPORT,1985,False,committee_totals
S6ID00013,"EVANS, JOHN VICTOR",ID,DEM,C00194472,JOHN EVANS POLITICAL ACTION COMMITTEE,2079.84,22235.3,49226.93,49226.93,0.0,2025-01-01T00:00:00,2026-03-31T00:00:00,2026,0.0,0.0,0.0,,,APRIL QUARTERLY,2026,False,committee_totals
S6ID00013,"EVANS, JOHN VICTOR",ID,DEM,C00194472,JOHN EVANS POLITICAL ACTION COMMITTEE,3642.78,2467.0,69382.39,69382.39,0.0,2023-01-01T00:00:00,2024-12-31T00:00:00,2024,0.0,0.0,0.0,,,YEAR-END,2024,False,committee_totals
S6ID00013,"EVANS, JOHN VICTOR",ID,DEM,C00194472,JOHN EVANS POLITICAL ACTION COMMITTEE,937.64,320.9,68206.61,68206.61,0.0,2021-01-01T00:00:00,2022-12-31T00:00:00,2022,0.0,0.0,0.0,,,YEAR-END,2022,False,committee_totals
S6ID00013,"EVANS, JOHN VICTOR",ID,DEM,C00194472,JOHN EVANS POLITICAL ACTION COMMITTEE,1163.77,634.93,67589.87,67589.87,0.0,2019-01-01T00:00:00,2020-12-31T00:00:00,2020,0.0,0.0,0.0,,,YEAR-END,2020,False,committee_totals
S6ID00013,"EVANS, JOHN VICTOR",ID,DEM,C00194472,JOHN EVANS POLITICAL ACTION COMMITTEE,389.89,126.67,66379.26,66379.26,0.0,2017-01-01T00:00:00,2018-12-31T00:00:00,2018,0.0,0.0,0.0,,,YEAR-END,2018,False,committee_totals
S6ID00013,"EVANS, JOHN VICTOR",ID,DEM,C00194472,JOHN EVANS POLITICAL ACTION COMMITTEE,16625.55,16077.34,65728.19,65728.19,0.0,2015-01-01T00:00:00,2016-12-31T00:00:00,2016,0.0,0.0,0.0,,,YEAR-END,2016,False,committee_totals
S6ID00013,"EVANS, JOHN VICTOR",ID,DEM,C00194472,JOHN EVANS POLITICAL ACTION COMMITTEE,4207.07,2150.01,65179.98,65179.98,0.0,2013-01-01T00:00:00,2014-12-31T00:00:00,2014,0.0,0.0,0.0,,,YEAR-END,2014,False,committee_totals
S6ID00013,"EVANS, JOHN VICTOR",ID,DEM,C00194472,JOHN EVANS POLITICAL ACTION COMMITTEE,4022.0,1408.0,63308.0,63308.0,,2011-01-01T00:00:00,2012-12-31T00:00:00,2012,0.0,0.0,0.0,,,YEAR-END,2012,False,committee_totals
S6ID00013,"EVANS, JOHN VICTOR",ID,DEM,C00194472,JOHN EVANS POLITICAL ACTION COMMITTEE,5055.27,2425.0,0.0,0.0,0.0,2009-01-01T00:00:00,2010-12-31T00:00:00,2010,0.0,0.0,0.0,,,YEAR-END,2010,False,committee_totals
S6WV00147,"EVANS, JONATHAN DERRICK",WV,REP,C00832154,EVANS FOR WV,1215521.63,1171561.84,104890.57,104890.57,0.0,2025-01-01T00:00:00,2026-04-22T00:00:00,2026,1184917.44,322868.46,862048.98,0.0,15940.49,PRE-PRIMARY,2026,True,committee_totals
S6WV00147,"EVANS, JONATHAN DERRICK",WV,REP,C00832154,EVANS FOR WV,1062145.01,1001214.23,60930.78,60930.78,0.0,2023-01-01T00:00:00,2024-12-31T00:00:00,2024,1038108.06,292558.86,745549.2,100.0,21376.96,YEAR-END,2024,True,committee_totals
S4TN00500,"FAIN, DYLAN LEE MR. N/A",TN,DEM,C00794974,AMERICA FOR THE FUTURE,0.0,0.0,0.0,0.0,0.0,2021-11-19T00:00:00,2026-04-22T00:00:00,2026,0.0,0.0,0.0,0.0,0.0,TERMINATION REPORT,2026,True,committee_totals
S6VA00143,"FARINGTON, KIM",VA,REP,C00893099,KIM FARINGTON FOR SENATE,121987.69,99465.72,22740.55,22740.55,89000.0,2025-01-01T00:00:00,2026-03-31T00:00:00,2026,27483.37,24952.53,2530.84,0.0,0.0,APRIL QUARTERLY,2026,True,committee_totals
S6VA00143,"FARINGTON, KIM",VA,REP,C00893099,KIM FARINGTON FOR SENATE,3591.5,3372.92,218.58,218.58,0.0,2024-11-01T00:00:00,2024-12-31T00:00:00,2024,156.15,0.0,156.15,3435.35,0.0,YEAR-END,2024,True,committee_totals
S6KY00260,"FARIS, MICHAEL",KY,REP,C00903930,MIKE FARIS FOR U.S. SENATE,61529.95,78371.26,-16841.31,-16841.31,0.0,2025-02-01T00:00:00,2026-03-31T00:00:00,2026,50310.93,43550.03,6760.9,10219.02,0.0,APRIL QUARTERLY,2026,True,committee_totals
S6KY00278,"FARIS, MICHAEL JAMES",KY,REP,C00903930,MIKE FARIS FOR U.S. SENATE,61529.95,78371.26,-16841.31,-16841.31,0.0,2025-02-01T00:00:00,2026-03-31T00:00:00,2026,50310.93,43550.03,6760.9,10219.02,0.0,APRIL QUARTERLY,2026,True,committee_totals
S8OH00144,"FARIS, STEPHEN I MR",OH,IND,C00688465,FARIS WRITE IN FOR SENATE,1925.24,1900.96,155.94,155.94,0.0,2025-01-01T00:00:00,2026-03-31T00:00:00,2026,0.0,0.0,0.0,1925.24,0.0,APRIL QUARTERLY,2026,True,committee_totals
S8OH00144,"FARIS, STEPHEN I MR",OH,IND,C00688465,FARIS WRITE IN FOR SENATE,1568.56,1559.17,131.66,131.66,0.0,2023-01-01T00:00:00,2024-12-31T00:00:00,2024,0.0,0.0,0.0,1568.56,0.0,YEAR-END,2024,True,committee_totals
S8OH00144,"FARIS, STEPHEN I MR",OH,IND,C00688465,FARIS WRITE IN FOR SENATE,6670.66,6548.39,122.27,122.27,0.0,2021-01-01T00:00:00,2022-12-31T00:00:00,2022,4000.0,4000.0,0.0,2670.66,0.0,YEAR-END,2022,True,committee_totals
S8OH00144,"FARIS, STEPHEN I MR",OH,IND,C00688465,FARIS WRITE IN FOR SENATE,800.48,800.48,0.0,0.0,0.0,2019-01-01T00:00:00,2020-12-31T00:00:00,2020,0.0,0.0,0.0,800.48,0.0,YEAR-END,2020,True,committee_totals
S8OH00144,"FARIS, STEPHEN I MR",OH,IND,C00688465,FARIS WRITE IN FOR SENATE,8049.0,8049.0,0.0,0.0,0.0,2018-08-10T00:00:00,2018-12-31T00:00:00,2018,1442.0,1442.0,0.0,5131.0,0.0,YEAR-END,2018,True,committee_totals
S6ME00357,"FAVREAU, TUCKER",ME,DEM,C00907873,TUCKER FOR MAINE,13599.1,5076.27,8522.83,8522.83,0.0,2025-04-01T00:00:00,2026-03-31T00:00:00,2026,4928.77,3892.77,1036.0,8670.25,0.08,APRIL QUARTERLY,2026,True,committee_totals
S2NH00280,"FENTON, BRUCE",NH,REP,C00816967,BRUCE FENTON FOR LIBERTY,0.0,83426.24,0.0,0.0,1724693.76,2025-01-01T00:00:00,2025-04-02T00:00:00,2026,0.0,0.0,0.0,0.0,0.0,TERMINATION REPORT,2025,True,committee_totals
S2NH00280,"FENTON, BRUCE",NH,REP,C00816967,BRUCE FENTON FOR LIBERTY,0.0,336.29,83426.24,83426.24,1808100.0,2023-01-01T00:00:00,2024-12-31T00:00:00,2024,0.0,0.0,0.0,0.0,0.0,YEAR-END,2024,True,committee_totals
S2NH00280,"FENTON, BRUCE",NH,REP,C00816967,BRUCE FENTON FOR LIBERTY,1845260.27,1761497.74,83762.53,83762.53,1808100.0,2022-04-01T00:00:00,2022-12-31T00:00:00,2022,35077.24,27282.0,7795.24,0.0,0.0,YEAR-END,2022,True,committee_totals
S6PA00274,"FETTERMAN, JOHN KARL",PA,DEM,C00765800,FETTERMAN FOR PA,1962346.71,2280352.2,1996681.1,1996681.1,22281.12,2025-01-01T00:00:00,2026-03-31T00:00:00,2026,1697304.01,1228877.43,468426.58,0.0,54440.22,APRIL QUARTERLY,2026,True,committee_totals
S6PA00274,"FETTERMAN, JOHN KARL",PA,DEM,C00765800,FETTERMAN FOR PA,7442913.67,5755576.9,2314686.59,2314686.59,5034.75,2023-01-01T00:00:00,2024-12-31T00:00:00,2024,6818809.43,2617112.55,4201696.88,0.0,156424.54,YEAR-END,2024,True,committee_totals
S6PA00274,"FETTERMAN, JOHN KARL",PA,DEM,C00765800,FETTERMAN FOR PA,76336560.56,75709210.74,627349.82,627349.82,3720.0,2021-01-01T00:00:00,2022-12-31T00:00:00,2022,68305748.66,31062526.78,37243221.88,0.0,4980408.3,YEAR-END,2022,True,committee_totals
S6PA00274,"FETTERMAN, JOHN KARL",PA,DEM,C00586578,FETTERMAN FOR SENATE,0.0,0.0,-1335.0,-1335.0,0.0,2017-01-01T00:00:00,2017-03-31T00:00:00,2018,0.0,0.0,0.0,0.0,0.0,APRIL QUARTERLY,2017,True,committee_totals
S6PA00274,"FETTERMAN, JOHN KARL",PA,DEM,C00586578,FETTERMAN FOR SENATE,759764.0,761099.35,-1335.0,-1335.0,0.0,2015-07-01T00:00:00,2016-12-31T00:00:00,2016,722533.0,288520.09,434009.91,29723.0,0.0,YEAR-END,2016,True,committee_totals
S6WV00188,"FETTY ANDERSON, RACHEL LEE",WV,DEM,C00932459,ELECT FETTY ANDERSON SENATE CAMPAIGN,18927.28,10017.1,15906.81,15906.81,0.0,2026-01-01T00:00:00,2026-03-31T00:00:00,2026,11036.88,7286.88,3750.0,7890.4,0.0,APRIL QUARTERLY,2026,True,committee_totals
S4MD00293,"FICKER, ROBIN",MD,REP,C00832733,ROBIN FICKER FOR US SENATE,26.6,225.0,0.0,0.0,0.0,2025-01-01T00:00:00,2026-01-16T00:00:00,2026,0.0,0.0,0.0,0.0,0.03,TERMINATION REPORT,2026,True,committee_totals
S4MD00293,"FICKER, ROBIN",MD,REP,C00832733,ROBIN FICKER FOR US SENATE,4430739.88,4428872.48,198.4,198.4,0.0,2023-01-01T00:00:00,2024-12-31T00:00:00,2024,21130.0,4261.0,16869.0,0.0,1.38,YEAR-END,2024,True,committee_totals
S8TN00352,"FINCHER, STEPHEN",TN,REP,C00466854,STEPHEN FINCHER FOR SENATE,41094.5,25292.1,1290626.87,1290626.87,0.0,2025-01-01T00:00:00,2026-03-31T00:00:00,2026,0.0,0.0,0.0,0.0,41094.5,APRIL QUARTERLY,2026,False,committee_totals
S8TN00352,"FINCHER, STEPHEN",TN,REP,C00466854,STEPHEN FINCHER FOR SENATE,23908.95,294876.28,1274824.47,1274824.47,0.0,2023-01-01T00:00:00,2024-12-31T00:00:00,2024,0.0,0.0,0.0,0.0,23908.95,YEAR-END,2024,False,committee_totals
S8TN00352,"FINCHER, STEPHEN",TN,REP,C00466854,STEPHEN FINCHER FOR SENATE,9259.75,53045.03,1545791.8,1545791.8,0.0,2021-01-01T00:00:00,2022-12-31T00:00:00,2022,0.0,0.0,0.0,0.0,9259.75,YEAR-END,2022,False,committee_totals
S8TN00352,"FINCHER, STEPHEN",TN,REP,C00466854,STEPHEN FINCHER FOR SENATE,13378.15,166999.91,1589577.08,1589577.08,0.0,2019-01-01T00:00:00,2020-12-31T00:00:00,2020,0.0,0.0,0.0,0.0,13361.65,YEAR-END,2020,False,committee_totals
S8TN00352,"FINCHER, STEPHEN",TN,REP,C00466854,STEPHEN FINCHER FOR SENATE,1536681.7,2183069.86,1743198.84,1743198.84,0.0,2017-01-01T00:00:00,2018-12-31T00:00:00,2018,1402505.0,1394420.0,8085.0,5400.0,18617.31,YEAR-END,2018,False,committee_totals
S8TN00352,"FINCHER, STEPHEN",TN,REP,C00466854,STEVE FINCHER FOR CONGRESS,521477.03,676252.83,2389553.6,2389553.6,0.0,2015-01-01T00:00:00,2016-12-31T00:00:00,2016,31250.32,31150.0,100.32,0.0,22958.71,YEAR-END,2016,False,committee_totals
S8TN00352,"FINCHER, STEPHEN",TN,REP,C00466854,STEVE FINCHER FOR CONGRESS,1723988.37,629223.24,2544329.4,2544329.4,0.0,2013-01-01T00:00:00,2014-12-31T00:00:00,2014,877866.64,851110.03,26756.61,0.0,23503.31,YEAR-END,2014,False,committee_totals
S8TN00352,"FINCHER, STEPHEN",TN,REP,C00466854,STEVE FINCHER FOR CONGRESS,2251745.71,911702.99,1449567.21,1449567.21,0.0,2011-01-01T00:00:00,2012-12-31T00:00:00,2012,1334401.36,1288231.56,46169.8,0.0,8741.02,YEAR-END,2012,False,committee_totals
S8TN00352,"FINCHER, STEPHEN",TN,REP,C00466854,STEVE FINCHER FOR CONGRESS,2974526.46,2865001.97,109524.49,109524.49,51164.77,2009-07-01T00:00:00,2010-12-31T00:00:00,2010,2136785.59,1976132.42,160653.17,0.0,6866.26,YEAR-END,2010,False,committee_totals
S2IA00164,"FINKENAUER, ABBY",IA,DEM,C00785279,ABBY FOR IOWA,15065.71,19820.44,4718.44,4718.44,318625.32,2025-01-01T00:00:00,2026-03-31T00:00:00,2026,37.5,0.0,37.5,0.0,15028.21,APRIL QUARTERLY,2026,True,committee_totals
S2IA00164,"FINKENAUER, ABBY",IA,DEM,C00785279,ABBY FOR IOWA,86850.99,95308.84,9473.17,9473.17,321625.32,2023-01-01T00:00:00,2024-12-31T00:00:00,2024,2208.0,250.0,1958.0,0.0,83950.0,YEAR-END,2024,True,committee_totals
S2IA00164,"FINKENAUER, ABBY",IA,DEM,C00785279,ABBY FOR IOWA,4204897.71,4186966.69,17931.02,17931.02,346567.99,2021-07-01T00:00:00,2022-12-31T00:00:00,2022,3950666.59,1968560.21,1982106.38,0.0,111553.85,YEAR-END,2022,True,committee_totals
S2NE00094,"FISCHER, DEBRA S.",NE,REP,C00498907,DEB FISCHER FOR US SENATE,683790.62,401868.6,307133.85,307133.85,0.0,2025-01-01T00:00:00,2026-03-31T00:00:00,2026,300777.29,288776.33,12000.96,0.0,0.0,APRIL QUARTERLY,2026,True,committee_totals
S2NE00094,"FISCHER, DEBRA S.",NE,REP,C00498907,DEB FISCHER FOR US SENATE,6555361.2,7930346.81,25211.83,25211.83,95547.54,2023-01-01T00:00:00,2024-12-31T00:00:00,2024,2675034.51,2363052.23,311982.28,0.0,6652.54,YEAR-END,2024,True,committee_totals
S2NE00094,"FISCHER, DEBRA S.",NE,REP,C00498907,DEB FISCHER FOR US SENATE,1238406.34,666702.23,1400197.44,1400197.44,0.0,2021-01-01T00:00:00,2022-12-31T00:00:00,2022,596905.06,421593.17,175311.89,0.0,0.0,YEAR-END,2022,True,committee_totals
S2NE00094,"FISCHER, DEBRA S.",NE,REP,C00498907,DEB FISCHER FOR US SENATE,894209.87,577333.44,828493.33,828493.33,0.0,2019-01-01T00:00:00,2020-12-31T00:00:00,2020,488927.7,336593.34,152334.36,0.0,0.0,YEAR-END,2020,True,committee_totals
S2NE00094,"FISCHER, DEBRA S.",NE,REP,C00498907,DEB FISCHER FOR US SENATE,4508637.55,5015890.38,511616.9,511616.9,0.0,2017-01-01T00:00:00,2018-12-31T00:00:00,2018,2294909.33,2102517.89,192391.44,0.0,0.0,YEAR-END,2018,True,committee_totals
S2NE00094,"FISCHER, DEBRA S.",NE,REP,C00498907,DEB FISCHER FOR US SENATE INC,1363483.0,449080.01,1018869.0,1018869.0,0.0,2015-01-01T00:00:00,2016-12-31T00:00:00,2016,542360.0,481233.0,61127.0,0.0,0.0,YEAR-END,2016,True,committee_totals
S2NE00094,"FISCHER, DEBRA S.",NE,REP,C00498907,DEB FISCHER FOR US SENATE INC,577052.0,583197.0,104468.0,104468.0,0.0,2013-01-01T00:00:00,2014-12-31T00:00:00,2014,268475.0,210015.0,58460.0,0.0,0.0,YEAR-END,2014,True,committee_totals
S2NE00094,"FISCHER, DEBRA S.",NE,REP,C00498907,DEB FISCHER FOR US SENATE INC,5283975.0,5176461.0,107514.0,107514.0,251392.0,2011-07-01T00:00:00,2012-12-31T00:00:00,2012,3815905.0,2854087.0,961816.0,5000.0,0.0,YEAR-END,2012,True,committee_totals
S2AZ00141,"FLAKE, JEFF",AZ,REP,C00637181,2017 SENATORS CLASSIC COMMITTEE,1055737.0,1055736.0,0.0,0.0,0.0,2017-04-01T00:00:00,2017-09-30T00:00:00,2018,47500.0,47500.0,0.0,0.0,0.0,TERMINATION REPORT,2017,False,committee_totals
S2AZ00141,"FLAKE, JEFF",AZ,REP,C00516997,AYOTTE FLAKE & REHBERG VICTORY COMMITTEE,40270.0,40268.0,0.0,0.0,0.0,2012-01-01T00:00:00,2012-12-31T00:00:00,2012,40270.0,40270.0,0.0,0.0,0.0,TERMINATION REPORT,2012,False,committee_totals
S2AZ00141,"FLAKE, JEFF",AZ,REP,C00519801,"BERG, BROWN, FLAKE VICTORY COMMITTEE",55000.0,55000.0,0.0,0.0,0.0,2012-04-01T00:00:00,2012-06-30T00:00:00,2012,50000.0,50000.0,0.0,,,TERMINATION REPORT,2012,False,committee_totals
S2AZ00141,"FLAKE, JEFF",AZ,REP,C00528687,FLAKE VICTORY COMMITTEE,706809.0,711809.0,0.0,0.0,0.0,2012-07-01T00:00:00,2012-12-31T00:00:00,2012,694309.0,692049.0,2260.0,,,TERMINATION REPORT,2012,False,committee_totals
S2AZ00141,"FLAKE, JEFF",AZ,REP,C00547489,FLAKE VICTORY COMMITTEE,1447068.06,1448009.84,0.0,0.0,0.0,2017-01-01T00:00:00,2018-01-31T00:00:00,2018,1422167.85,1420234.85,1933.0,,,TERMINATION REPORT,2018,False,committee_totals
S2AZ00141,"FLAKE, JEFF",AZ,REP,C00547489,FLAKE VICTORY COMMITTEE,53442.39,53365.6,941.78,941.78,0.0,2015-01-01T00:00:00,2016-12-31T00:00:00,2016,48300.0,48300.0,0.0,,,YEAR-END,2016,False,committee_totals
S2AZ00141,"FLAKE, JEFF",AZ,REP,C00547489,FLAKE VICTORY COMMITTEE,51300.14,50435.15,864.99,864.99,0.0,2013-07-01T00:00:00,2014-12-31T00:00:00,2014,46300.0,46200.0,100.0,,,YEAR-END,2014,False,committee_totals
S2AZ00141,"FLAKE, JEFF",AZ,REP,C00495077,FOUNDERS' COMMITTEE,2915126.62,2915126.62,0.0,0.0,0.0,2011-04-01T00:00:00,2012-12-31T00:00:00,2012,2904626.62,2903799.62,827.0,,,TERMINATION REPORT,2012,False,committee_totals
S2AZ00141,"FLAKE, JEFF",AZ,REP,C00498576,GOOD GOVERNMENT FUND; THE,164750.0,164750.0,0.0,0.0,0.0,2011-07-01T00:00:00,2011-10-13T00:00:00,2012,129750.0,129000.0,750.0,,,TERMINATION REPORT,2011,False,committee_totals
S2AZ00141,"FLAKE, JEFF",AZ,REP,C00347260,JEFF FLAKE FOR US SENATE INC.,0.0,8300.0,813052.48,813052.48,0.0,2025-01-01T00:00:00,2026-03-31T00:00:00,2026,0.0,0.0,0.0,0.0,0.0,APRIL QUARTERLY,2026,False,committee_totals
S2AZ00141,"FLAKE, JEFF",AZ,REP,C00347260,JEFF FLAKE FOR US SENATE INC.,0.0,19842.4,821352.48,821352.48,0.0,2023-01-01T00:00:00,2024-12-31T00:00:00,2024,0.0,0.0,0.0,0.0,0.0,YEAR-END,2024,False,committee_totals
S2AZ00141,"FLAKE, JEFF",AZ,REP,C00347260,JEFF FLAKE FOR US SENATE INC.,0.0,253916.17,841194.88,841194.88,0.0,2021-01-01T00:00:00,2022-12-31T00:00:00,2022,0.0,0.0,0.0,0.0,0.0,YEAR-END,2022,False,committee_totals
S2AZ00141,"FLAKE, JEFF",AZ,REP,C00347260,JEFF FLAKE FOR US SENATE INC.,4140.04,30996.47,1095111.05,1095111.05,0.0,2019-01-01T00:00:00,2020-12-31T00:00:00,2020,0.0,0.0,0.0,0.0,878.93,YEAR-END,2020,False,committee_totals
S2AZ00141,"FLAKE, JEFF",AZ,REP,C00347260,JEFF FLAKE FOR US SENATE INC,4147037.08,3605282.91,1121967.48,1121967.48,0.0,2017-01-01T00:00:00,2018-12-31T00:00:00,2018,2420191.0,2323468.0,96723.0,0.0,1057.08,YEAR-END,2018,False,committee_totals
S2AZ00141,"FLAKE, JEFF",AZ,REP,C00347260,JEFF FLAKE FOR US SENATE INC,1012430.0,541821.0,580214.0,580214.0,0.0,2015-01-01T00:00:00,2016-12-31T00:00:00,2016,580490.0,533405.0,47085.0,0.0,11868.0,YEAR-END,2016,False,committee_totals
S2AZ00141,"FLAKE, JEFF",AZ,REP,C00347260,JEFF FLAKE FOR US SENATE INC,477315.0,463704.0,109605.0,109605.0,0.0,2013-01-01T00:00:00,2014-12-31T00:00:00,2014,222653.0,174630.0,48023.0,0.0,3975.0,YEAR-END,2014,False,committee_totals
S2AZ00141,"FLAKE, JEFF",AZ,REP,C00347260,JEFF FLAKE FOR US SENATE INC,9026951.0,9557420.0,95995.0,95995.0,0.0,2011-01-01T00:00:00,2012-12-31T00:00:00,2012,7119692.0,5872312.0,1247375.0,787674.57,1740.0,YEAR-END,2012,False,committee_totals
S2AZ00141,"FLAKE, JEFF",AZ,REP,C00347260,JEFF FLAKE FOR CONGRESS,538758.2,774230.95,627851.61,627851.61,0.0,2009-01-01T00:00:00,2010-12-31T00:00:00,2010,495242.98,383110.0,112132.98,0.0,629.19,YEAR-END,2010,False,committee_totals
S2AZ00141,"FLAKE, JEFF",AZ,REP,C00347260,JEFF FLAKE FOR CONGRESS,1289324.86,845011.38,863325.27,863325.27,0.0,2007-01-01T00:00:00,2008-12-31T00:00:00,2008,1131981.46,1031746.62,100234.84,0.0,0.0,YEAR-END,2008,False,committee_totals
S2AZ00141,"FLAKE, JEFF",AZ,REP,C00347260,JEFF FLAKE FOR CONGRESS,543620.78,272424.81,419036.79,419036.79,0.0,2005-01-01T00:00:00,2006-12-31T00:00:00,2006,391697.41,378869.48,12827.93,0.0,360.0,YEAR-END,2006,False,committee_totals
S2AZ00141,"FLAKE, JEFF",AZ,REP,C00347260,JEFF FLAKE FOR CONGRESS,644792.73,675061.38,147120.22,147120.22,0.0,2003-01-01T00:00:00,2004-12-31T00:00:00,2004,525285.02,480373.07,44911.95,0.0,2007.71,YEAR-END,2004,False,committee_totals
S2AZ00141,"FLAKE, JEFF",AZ,REP,C00347260,JEFF FLAKE FOR CONGRESS,373430.54,265352.99,169588.87,169588.87,0.0,2001-01-01T00:00:00,2002-12-31T00:00:00,2002,227947.0,78800.0,3087.0,0.0,0.0,YEAR-END,2002,False,committee_totals
S2AZ00141,"FLAKE, JEFF",AZ,REP,C00347260,JEFF FLAKE FOR CONGRESS,558483.0,505210.0,61511.0,61511.0,0.0,1999-01-01T00:00:00,2000-12-31T00:00:00,2000,420998.0,,,1000.0,,YEAR-END,2000,False,committee_totals
S2AZ00141,"FLAKE, JEFF",AZ,REP,C00652081,PROTECTING THE MAJORITY COMMITTEE,0.0,15200.0,0.0,0.0,0.0,2019-01-01T00:00:00,2019-06-30T00:00:00,2020,0.0,0.0,0.0,,,TERMINATION REPORT,2019,False,committee_totals
S2AZ00141,"FLAKE, JEFF",AZ,REP,C00652081,PROTECTING THE MAJORITY COMMITTEE,445350.0,430150.0,15200.0,15200.0,0.0,2017-07-01T00:00:00,2018-12-31T00:00:00,2018,303850.0,303850.0,0.0,,,YEAR-END,2018,False,committee_totals
S6MN00440,"FLANAGAN, MARGARET",MN,DFL,C00897751,PEGGY FLANAGAN FOR MINNESOTA,4646309.17,3502299.33,1144009.84,1144009.84,0.0,2025-01-01T00:00:00,2026-03-31T00:00:00,2026,4481745.83,2248495.53,2233250.3,3500.0,0.0,APRIL QUARTERLY,2026,True,committee_totals
S6LA00318,"FLEMING, JOHN C. JR.",LA,REP,C00597013,FLEMING FOR LOUISIANA,11227243.48,9076736.19,2169403.67,2169403.67,3654723.0,2025-01-01T00:00:00,2026-03-31T00:00:00,2026,593743.48,555140.64,38602.84,0.0,1500.0,APRIL QUARTERLY,2026,True,committee_totals
S6LA00318,"FLEMING, JOHN C. JR.",LA,REP,C00597013,FLEMING FOR LOUISIANA,36285.0,17446.39,18896.38,18896.38,528998.0,2023-01-01T00:00:00,2024-12-31T00:00:00,2024,4285.0,3900.0,385.0,0.0,0.0,YEAR-END,2024,True,committee_totals
S6LA00318,"FLEMING, JOHN C. JR.",LA,REP,C00597013,FLEMING FOR LOUISIANA,0.0,15.0,57.77,57.77,498998.0,2021-01-01T00:00:00,2022-12-31T00:00:00,2022,0.0,0.0,0.0,0.0,0.0,YEAR-END,2022,True,committee_totals
S6LA00318,"FLEMING, JOHN C. JR.",LA,REP,C00597013,FLEMING FOR LOUISIANA,0.0,30.0,72.77,72.77,498998.0,2019-01-01T00:00:00,2020-12-31T00:00:00,2020,0.0,0.0,0.0,0.0,0.0,YEAR-END,2020,True,committee_totals
S6LA00318,"FLEMING, JOHN C. JR.",LA,REP,C00597013,FLEMING FOR LOUISIANA,10533.0,14562.62,102.77,102.77,498998.0,2017-01-01T00:00:00,2018-12-31T00:00:00,2018,3702.0,3700.0,2.0,0.0,0.0,YEAR-END,2018,True,committee_totals
S6LA00318,"FLEMING, JOHN C. JR.",LA,REP,C00597013,FLEMING FOR LOUISIANA,5033352.0,5029217.0,4135.0,4135.0,500000.0,2015-12-01T00:00:00,2016-12-31T00:00:00,2016,1956394.0,1569525.0,386867.0,0.0,1325.0,YEAR-END,2016,True,committee_totals
S2CT00264,"FLYNN, JOHN J",CT,REP,C00709964,JOHN J FLYNN FOR US SENATE,18536.53,17679.61,9183.19,9183.19,0.0,2021-01-01T00:00:00,2022-04-17T00:00:00,2022,0.0,0.0,0.0,18536.53,0.0,PRE-CONVENTION,2022,False,committee_totals
S2CT00264,"FLYNN, JOHN J",CT,REP,C00709964,JOHN J FLYNN FOR US SENATE,13360.11,60.0,13360.11,13360.11,0.0,2019-01-01T00:00:00,2020-12-31T00:00:00,2020,0.0,0.0,0.0,13360.11,0.0,YEAR-END,2020,False,committee_totals
S6NE00160,"FORBES, WILLIAM",NE,DEM,C00943969,BILL FORBES FOR NEBRASKA,1000.0,1000.0,0.0,0.0,0.0,2026-01-01T00:00:00,2026-04-22T00:00:00,2026,0.0,0.0,0.0,1000.0,0.0,PRE-PRIMARY,2026,True,committee_totals
S4PA00287,"FORKNER, WILLIAM",PA,DEM,C00848002,FRIENDS OF WILLIAM FORKNER,0.0,0.0,195.22,195.22,0.0,2025-01-01T00:00:00,2025-04-15T00:00:00,2026,0.0,0.0,0.0,0.0,0.0,TERMINATION REPORT,2025,True,committee_totals
S4PA00287,"FORKNER, WILLIAM",PA,DEM,C00848002,FRIENDS OF WILLIAM FORKNER,6008.97,11163.47,195.22,195.22,0.0,2023-01-01T00:00:00,2024-12-31T00:00:00,2024,853.0,250.0,603.0,5155.97,0.0,YEAR-END,2024,True,committee_totals
S6KY00328,"FORSYTHE, LOGAN",KY,DEM,C00919811,LOGAN FOR KENTUCKY,46938.03,43805.16,3132.87,3132.87,0.0,2025-09-08T00:00:00,2025-12-31T00:00:00,2026,46271.77,13700.0,32571.77,0.0,0.0,YEAR-END,2025,True,committee_totals
S8MN00438,"FRANKEN, AL",MN,DEM,C00570960,AL FRANKEN FOR SENATE,65586.96,410468.02,1401137.26,1401137.26,0.0,2025-01-01T00:00:00,2026-03-31T00:00:00,2026,0.0,0.0,0.0,0.0,65586.96,APRIL QUARTERLY,2026,True,committee_totals
S8MN00438,"FRANKEN, AL",MN,DEM,C00570960,AL FRANKEN FOR SENATE,139542.26,500944.25,1746018.32,1746018.32,0.0,2023-01-01T00:00:00,2024-12-31T00:00:00,2024,0.0,0.0,0.0,0.0,139542.26,YEAR-END,2024,True,committee_totals
S8MN00438,"FRANKEN, AL",MN,DEM,C00570960,AL FRANKEN FOR SENATE,52612.09,561162.39,2107420.31,2107420.31,0.0,2021-01-01T00:00:00,2022-12-31T00:00:00,2022,0.0,0.0,0.0,0.0,52551.36,YEAR-END,2022,True,committee_totals
S8MN00438,"FRANKEN, AL",MN,DEM,C00570960,AL FRANKEN FOR SENATE,39001.93,72586.13,2615970.61,2615970.61,0.0,2019-01-01T00:00:00,2020-12-31T00:00:00,2020,0.0,0.0,0.0,0.0,38757.69,YEAR-END,2020,True,committee_totals
S8MN00438,"FRANKEN, AL",MN,DEM,C00570960,AL FRANKEN FOR SENATE,3695955.78,2376456.57,2649554.81,2649554.81,0.0,2017-01-01T00:00:00,2018-12-31T00:00:00,2018,3352020.29,973385.17,2378634.12,0.0,55334.76,YEAR-END,2018,True,committee_totals
S8MN00438,"FRANKEN, AL",MN,DEM,C00570960,AL FRANKEN FOR SENATE ,3413609.0,2083551.0,1330056.0,1330056.0,0.0,2015-01-01T00:00:00,2016-12-31T00:00:00,2016,2717208.0,737735.0,1979468.0,0.0,143985.0,YEAR-END,2016,True,committee_totals
S8MN00438,"FRANKEN, AL",MN,DEM,C00570960,AL FRANKEN FOR SENATE 2020,0.0,0.0,0.0,0.0,0.0,2014-12-08T00:00:00,2014-12-31T00:00:00,2014,0.0,0.0,0.0,0.0,0.0,YEAR-END,2014,True,committee_totals
S2IA00172,"FRANKEN, MICHAEL T",IA,DEM,C00791525,"MICHAEL FRANKEN FOR IOWA, INC",1073.33,52309.2,0.0,0.0,0.0,2023-01-01T00:00:00,2024-12-31T00:00:00,2024,0.0,0.0,0.0,0.0,0.0,TERMINATION REPORT,2024,True,committee_totals
S2IA00172,"FRANKEN, MICHAEL T",IA,DEM,C00791525,"MICHAEL FRANKEN FOR IOWA, INC",11468780.34,11417544.47,51235.87,51235.87,0.0,2021-10-01T00:00:00,2022-12-31T00:00:00,2022,11312983.59,4825859.3,6487124.29,0.0,0.01,YEAR-END,2022,True,committee_totals
S4MN00510,"FRASER, JOSEPH",MN,REP,C00867705,FRIENDS OF JOE FRASER,30.0,9903.6,8693.3,8693.3,198898.57,2025-01-01T00:00:00,2026-03-31T00:00:00,2026,30.0,0.0,30.0,0.0,0.0,APRIL QUARTERLY,2026,True,committee_totals
S4MN00510,"FRASER, JOSEPH",MN,REP,C00867705,FRIENDS OF JOE FRASER,77212.83,58665.93,18546.9,18546.9,198898.57,2024-01-01T00:00:00,2024-12-31T00:00:00,2024,75712.83,57801.25,17911.58,0.0,0.0,YEAR-END,2024,True,committee_totals
S6SC04197,"FREEMAN, KYLE ODONNELL",SC,DEM,C00888479,KYLE FREEMAN FOR SENATE,42972.0,42639.43,1235.87,1235.87,35940.2,2025-01-01T00:00:00,2026-03-31T00:00:00,2026,13472.0,11700.0,1772.0,0.0,0.0,APRIL QUARTERLY,2026,True,committee_totals
S6SC04197,"FREEMAN, KYLE ODONNELL",SC,DEM,C00888479,KYLE FREEMAN FOR SENATE,10503.3,9600.0,903.3,903.3,6500.0,2024-10-01T00:00:00,2024-12-31T00:00:00,2024,4003.3,3750.0,253.3,0.0,0.0,YEAR-END,2024,True,committee_totals
S2MD00602,"FRIEND, LORIE R",MD,REP,C00814442,ELECT-A-FRIEND,0.0,0.0,-2161.94,-2161.94,8692.25,2025-01-01T00:00:00,2026-03-31T00:00:00,2026,0.0,0.0,0.0,0.0,0.0,APRIL QUARTERLY,2026,True,committee_totals
S2MD00602,"FRIEND, LORIE R",MD,REP,C00814442,ELECT-A-FRIEND,1417.35,5127.7,-2161.94,-2161.94,8692.25,2023-01-01T00:00:00,2024-12-31T00:00:00,2024,1040.05,250.0,790.05,0.0,0.38,YEAR-END,2024,True,committee_totals
S2MD00602,"FRIEND, LORIE R",MD,REP,C00814442,ELECT-A-FRIEND,10338.6,9540.19,1548.41,1548.41,2369.33,2022-04-01T00:00:00,2022-12-31T00:00:00,2022,6969.05,6514.05,455.0,0.0,0.22,YEAR-END,2022,True,committee_totals
S6WV00154,"GAASERUD, ALEXANDER",WV,REP,C00885459,ALEX FOR WEST VIRGINIA,3000.0,1740.0,1260.0,1260.0,3000.0,2025-01-01T00:00:00,2026-03-31T00:00:00,2026,0.0,0.0,0.0,0.0,0.0,APRIL QUARTERLY,2026,True,committee_totals
S6WV00154,"GAASERUD, ALEXANDER",WV,REP,C00885459,ALEX FOR WEST VIRGINIA,0.0,0.0,0.0,0.0,0.0,2024-07-16T00:00:00,2024-12-31T00:00:00,2024,0.0,0.0,0.0,0.0,0.0,YEAR-END,2024,True,committee_totals
S4AZ00139,"GALLEGO, RUBEN",AZ,DEM,C00558627,GALLEGO FOR ARIZONA,3825377.22,2108123.24,1928406.68,1928406.68,0.0,2025-01-01T00:00:00,2026-03-31T00:00:00,2026,3135715.53,1511137.35,1624578.18,0.0,42815.43,APRIL QUARTERLY,2026,True,committee_totals
S4AZ00139,"GALLEGO, RUBEN",AZ,DEM,C00558627,GALLEGO FOR ARIZONA,64657199.96,65722622.25,211152.7,211152.7,0.0,2023-01-01T00:00:00,2024-12-31T00:00:00,2024,59385707.27,32405329.46,26980377.81,0.0,500000.0,YEAR-END,2024,True,committee_totals
S4AZ00139,"GALLEGO, RUBEN",AZ,DEM,C00558627,GALLEGO FOR ARIZONA,2933465.25,2273861.31,1276574.99,1276574.99,0.0,2021-01-01T00:00:00,2022-12-31T00:00:00,2022,2039449.38,1158873.76,880575.62,0.0,2000.0,YEAR-END,2022,True,committee_totals
S4AZ00139,"GALLEGO, RUBEN",AZ,DEM,C00558627,GALLEGO FOR ARIZONA,1826462.48,1668669.29,616971.05,616971.05,0.0,2019-01-01T00:00:00,2020-12-31T00:00:00,2020,1078495.12,744469.68,334025.44,0.0,0.0,YEAR-END,2020,True,committee_totals
S4AZ00139,"GALLEGO, RUBEN",AZ,DEM,C00558627,GALLEGO FOR ARIZONA,1029052.74,953135.67,459177.86,459177.86,0.0,2017-01-01T00:00:00,2018-12-31T00:00:00,2018,469702.16,361549.57,108152.59,0.0,0.0,YEAR-END,2018,True,committee_totals
S4AZ00139,"GALLEGO, RUBEN",AZ,DEM,C00558627,GALLEGO FOR ARIZONA,1093477.4,734379.24,383260.79,383260.79,2500.0,2015-01-01T00:00:00,2016-12-31T00:00:00,2016,568901.24,435928.76,132972.48,0.0,5191.73,YEAR-END,2016,True,committee_totals
S4AZ00139,"GALLEGO, RUBEN",AZ,DEM,C00558627,GALLEGO FOR ARIZONA,936188.95,911026.32,24162.63,24162.63,16500.0,2014-01-01T00:00:00,2014-12-31T00:00:00,2014,592533.31,485693.1,106840.21,5300.0,0.13,YEAR-END,2014,True,committee_totals
S4WA00581,"GARCIA, DR RAUL",WA,REP,C00844688,GARCIA FOR WA,0.0,0.0,0.0,0.0,0.0,2025-01-01T00:00:00,2025-01-02T00:00:00,2026,0.0,0.0,0.0,0.0,0.0,TERMINATION REPORT,2025,True,committee_totals
S4WA00581,"GARCIA, DR RAUL",WA,REP,C00844688,GARCIA FOR WA,773708.95,773708.95,0.0,0.0,0.0,2023-07-01T00:00:00,2024-12-31T00:00:00,2024,667251.97,565668.03,101583.94,36882.01,2574.97,YEAR-END,2024,True,committee_totals
S4VA00239,"GARCIA, EDWARD",VA,REP,C00830026,GARCIA FOR VIRGINIA,0.0,40.5,4026.09,4026.09,162089.92,2025-01-01T00:00:00,2026-03-31T00:00:00,2026,0.0,0.0,0.0,0.0,0.0,APRIL QUARTERLY,2026,True,committee_totals
S4VA00239,"GARCIA, EDWARD",VA,REP,C00830026,GARCIA FOR VIRGINIA,328243.77,348670.28,4066.59,4066.59,162089.92,2023-01-01T00:00:00,2024-12-31T00:00:00,2024,269936.93,164618.61,105318.32,2000.0,0.0,YEAR-END,2024,True,committee_totals
S4VA00239,"GARCIA, EDWARD",VA,REP,C00830026,GARCIA FOR VIRGINIA,32725.0,8231.9,24493.1,24493.1,30000.0,2022-10-01T00:00:00,2022-12-31T00:00:00,2022,2725.0,2700.0,25.0,0.0,0.0,YEAR-END,2022,True,committee_totals
S4CA00803,"GARVEY, STEVE",CA,REP,C00852897,THE GARVEY LEADERSHIP PAC,118.08,32626.79,548460.52,548460.52,0.0,2025-01-01T00:00:00,2026-03-31T00:00:00,2026,0.0,0.0,0.0,,,APRIL QUARTERLY,2026,False,committee_totals
S4CA00407,"GARY-PANDOL, DENICE LYN MS.",CA,REP,C00809384,DENICE GARY-PANDOL FOR UNITED STATES SENATE CALIFORNIA 2024,0.0,0.0,456.44,456.44,11624.14,2025-01-01T00:00:00,2026-03-31T00:00:00,2026,0.0,0.0,0.0,0.0,0.0,APRIL QUARTERLY,2026,True,committee_totals
S4CA00407,"GARY-PANDOL, DENICE LYN MS.",CA,REP,C00809384,DENICE GARY-PANDOL FOR UNITED STATES SENATE CALIFORNIA 2024,101984.99,111045.3,456.44,456.44,11624.14,2023-01-01T00:00:00,2024-12-31T00:00:00,2024,98641.99,61065.0,37576.99,1343.0,0.0,YEAR-END,2024,True,committee_totals
S4CA00407,"GARY-PANDOL, DENICE LYN MS.",CA,REP,C00809384,DENICE GARY-PANDOL FOR UNITED STATES SENATE CALIFORNIA 2024,27424.32,17907.57,9516.75,9516.75,4583.4,2021-01-01T00:00:00,2022-12-31T00:00:00,2022,27324.32,15304.32,12020.0,100.0,0.0,YEAR-END,2022,True,committee_totals
S0ME00111,"GIDEON, SARA",ME,DEM,C00709899,SARA GIDEON FOR MAINE,55104.97,1135824.25,2680700.74,2680700.74,0.0,2025-01-01T00:00:00,2026-03-31T00:00:00,2026,0.0,0.0,0.0,0.0,54707.17,APRIL QUARTERLY,2026,True,committee_totals
S0ME00111,"GIDEON, SARA",ME,DEM,C00709899,SARA GIDEON FOR MAINE,261781.51,1171682.94,3761420.02,3761420.02,0.0,2023-01-01T00:00:00,2024-12-31T00:00:00,2024,0.0,0.0,0.0,0.0,261757.65,YEAR-END,2024,True,committee_totals
S0ME00111,"GIDEON, SARA",ME,DEM,C00709899,SARA GIDEON FOR MAINE,1172814.27,8060997.24,4671321.45,4671321.45,0.0,2021-01-01T00:00:00,2022-12-31T00:00:00,2022,49.87,0.0,49.87,0.0,1021089.5,YEAR-END,2022,True,committee_totals
S0ME00111,"GIDEON, SARA",ME,DEM,C00709899,SARA GIDEON FOR MAINE,75629137.16,64069682.74,11559504.42,11559504.42,0.0,2019-06-20T00:00:00,2020-12-31T00:00:00,2020,73418288.25,43000256.41,30418031.84,1131.56,452.05,YEAR-END,2020,True,committee_totals
S4WA00599,"GIESICK, PAUL LAWRENCE",WA,DEM,C00846394,PAUL GIESICK POLITICAL COMMITTEE,0.0,6910.2,210.0,210.0,0.0,2024-04-01T00:00:00,2024-07-22T00:00:00,2024,0.0,0.0,0.0,0.0,0.0,PRE-PRIMARY,2024,True,committee_totals
S4CA00845,"GILANI, SEPI",CA,DEM,C00854109,SEPI GILANI US SENATE 2024,0.0,659.88,1545.4,1545.4,0.0,2025-01-01T00:00:00,2026-03-31T00:00:00,2026,0.0,0.0,0.0,0.0,0.0,APRIL QUARTERLY,2026,True,committee_totals
S4CA00845,"GILANI, SEPI",CA,DEM,C00854109,SEPI GILANI US SENATE 2024,13764.0,11558.72,2205.28,2205.28,0.0,2023-10-01T00:00:00,2024-12-31T00:00:00,2024,13764.0,11750.0,2014.0,0.0,0.0,YEAR-END,2024,True,committee_totals
S0NY00410,"GILLIBRAND, KIRSTEN",NY,DEM,C00413914,GILLIBRAND FOR SENATE,2198878.25,946803.49,1967801.67,1967801.67,0.0,2025-01-01T00:00:00,2026-03-31T00:00:00,2026,824794.65,552509.0,272285.65,0.0,47140.2,APRIL QUARTERLY,2026,True,committee_totals
S0NY00410,"GILLIBRAND, KIRSTEN",NY,DEM,C00413914,GILLIBRAND FOR SENATE,9798986.57,14135378.85,715726.91,715726.91,0.0,2023-01-01T00:00:00,2024-12-31T00:00:00,2024,4446971.88,3331132.71,1115839.17,0.0,452430.67,YEAR-END,2024,True,committee_totals
S0NY00410,"GILLIBRAND, KIRSTEN",NY,DEM,C00413914,GILLIBRAND FOR SENATE,4156067.42,846374.27,5052119.19,5052119.19,0.0,2021-01-01T00:00:00,2022-12-31T00:00:00,2022,2850981.28,1871066.47,979914.81,0.0,9579.26,YEAR-END,2022,True,committee_totals
S0NY00410,"GILLIBRAND, KIRSTEN",NY,DEM,C00413914,GILLIBRAND FOR SENATE,1767104.89,10340080.93,1742426.04,1742426.04,0.0,2019-01-01T00:00:00,2020-12-31T00:00:00,2020,194863.0,66286.14,128576.86,0.0,98907.67,YEAR-END,2020,True,committee_totals
S0NY00410,"GILLIBRAND, KIRSTEN",NY,DEM,C00413914,GILLIBRAND FOR SENATE,17940045.06,9891306.99,10315402.08,10315402.08,0.0,2017-01-01T00:00:00,2018-12-31T00:00:00,2018,16290311.45,10486360.89,5803946.56,0.0,44003.48,YEAR-END,2018,True,committee_totals
S0NY00410,"GILLIBRAND, KIRSTEN",NY,DEM,C00413914,GILLIBRAND FOR SENATE,1804566.0,1197344.0,2266662.0,2266662.0,0.0,2015-01-01T00:00:00,2016-12-31T00:00:00,2016,1582165.0,1132562.0,449600.0,0.0,4859.0,YEAR-END,2016,True,committee_totals
S0NY00410,"GILLIBRAND, KIRSTEN",NY,DEM,C00413914,GILLIBRAND FOR SENATE,1137776.0,1452305.0,1659439.0,1659439.0,0.0,2013-01-01T00:00:00,2014-12-31T00:00:00,2014,821149.0,412702.0,408446.0,0.0,30686.0,YEAR-END,2014,True,committee_totals
S0NY00410,"GILLIBRAND, KIRSTEN",NY,DEM,C00413914,GILLIBRAND FOR SENATE,15735457.0,14257872.0,1973971.0,1973971.0,0.0,2011-01-01T00:00:00,2012-12-31T00:00:00,2012,12683728.0,11359814.0,1323908.0,0.0,8516.0,YEAR-END,2012,True,committee_totals
S0NY00410,"GILLIBRAND, KIRSTEN",NY,DEM,C00413914,GILLIBRAND FOR SENATE,13449052.0,13155189.0,496384.0,496384.0,0.0,2009-01-01T00:00:00,2010-12-31T00:00:00,2010,10880702.0,10137886.0,742811.0,0.0,271.0,YEAR-END,2010,True,committee_totals
S0NY00410,"GILLIBRAND, KIRSTEN",NY,DEM,C00413914,GILLIBRAND FOR CONGRESS,4649656.96,4489397.18,202521.0,202521.0,0.0,2007-01-01T00:00:00,2008-12-31T00:00:00,2008,3261155.55,2939180.52,321975.03,250.0,40404.82,YEAR-END,2008,True,committee_totals
S0NY00410,"GILLIBRAND, KIRSTEN",NY,DEM,C00413914,GILLIBRAND FOR CONGRESS,2639161.98,2596899.96,42262.02,42262.02,67970.01,2005-07-01T00:00:00,2006-12-31T00:00:00,2006,2057889.58,1718624.93,339264.65,5825.41,0.0,YEAR-END,2006,True,committee_totals
S6FL00848,"GLEASON, CHRISTOPHER",FL,REP,C00936534,VOTE FOR GLEASON,3429.73,129.73,3300.0,3300.0,0.0,2026-01-26T00:00:00,2026-03-31T00:00:00,2026,3429.73,2445.33,984.4,0.0,0.0,APRIL QUARTERLY,2026,True,committee_totals
S4UT00308,"GLEICH, CAROLINE",UT,DEM,C00865253,COMMITTEE TO ELECT CAROLINE GLEICH,0.0,24810.26,0.0,0.0,0.0,2025-01-01T00:00:00,2025-02-20T00:00:00,2026,0.0,0.0,0.0,0.0,0.0,TERMINATION REPORT,2025,True,committee_totals
S4UT00308,"GLEICH, CAROLINE",UT,DEM,C00865253,COMMITTEE TO ELECT CAROLINE GLEICH,1236418.9,1211608.64,24810.26,24810.26,11504.01,2024-01-01T00:00:00,2024-12-31T00:00:00,2024,1207279.2,586401.09,620878.11,333.78,0.02,YEAR-END,2024,True,committee_totals
S4TX00771,"GOMEZ, MERI LIZET MS.",TX,DEM,C00847129,MERI GOMEZ FOR SENATE,5360.0,5540.32,1.68,1.68,0.0,2023-07-01T00:00:00,2024-06-30T00:00:00,2024,1760.0,1400.0,360.0,0.0,0.0,JULY QUARTERLY,2024,True,committee_totals
S4TX00771,"GOMEZ, MERI LIZET MS.",TX,DEM,C00847129,MERI GOMEZ FOR SENATE,11584.01,11702.0,1.68,1.68,0.0,2023-07-01T00:00:00,2024-06-30T00:00:00,2024,11264.01,11100.0,164.01,320.0,0.0,JULY QUARTERLY,2024,True,committee_totals
S6CO00499,"GONZALES, JULIE",CO,DEM,C00929794,JULIE FOR COLORADO,443494.98,329433.96,114061.02,114061.02,0.0,2025-12-08T00:00:00,2026-03-31T00:00:00,2026,437982.13,309103.27,128878.86,0.0,3.1,APRIL QUARTERLY,2026,True,committee_totals
S4TX00789,"GONZALEZ, MARK A",TX,DEM,C00849661,MARK A GONZALEZ FOR SENATE,14967.44,11659.51,3307.93,3307.93,0.0,2023-09-05T00:00:00,2024-02-14T00:00:00,2024,11067.44,7650.0,3417.44,0.0,0.0,PRE-PRIMARY,2024,True,committee_totals
S6IL00425,"GOODMAN, JOHN",IL,REP,C00897652,GOODMAN FOR ILLINOIS,28555.42,22855.91,5699.51,5699.51,8362.0,2025-01-01T00:00:00,2025-09-30T00:00:00,2026,20193.42,15653.95,4539.47,0.0,0.0,OCTOBER QUARTERLY,2025,True,committee_totals
S4NV00312,"GRADY, TONY",NV,REP,C00847582,GRADY FOR NEVADA,0.0,0.0,97.37,97.37,0.0,2025-01-01T00:00:00,2026-03-31T00:00:00,2026,0.0,0.0,0.0,0.0,0.0,APRIL QUARTERLY,2026,True,committee_totals
S4NV00312,"GRADY, TONY",NV,REP,C00847582,GRADY FOR NEVADA,291015.11,290917.74,97.37,97.37,0.0,2023-07-01T00:00:00,2024-12-31T00:00:00,2024,281560.11,245200.9,36359.21,0.0,0.0,YEAR-END,2024,True,committee_totals
S0SC00149,"GRAHAM, LINDSEY O.",SC,REP,C00458828,"TEAM GRAHAM, INC.",5928622.17,9938630.67,11613608.79,11613608.79,0.0,2025-01-01T00:00:00,2026-03-31T00:00:00,2026,1080475.2,1025729.72,54745.48,0.0,787382.7,APRIL QUARTERLY,2026,True,committee_totals
S0SC00149,"GRAHAM, LINDSEY O.",SC,REP,C00458828,"TEAM GRAHAM, INC.",4534983.47,3559491.56,15623617.29,15623617.29,0.0,2023-01-01T00:00:00,2024-12-31T00:00:00,2024,2756240.43,1753226.29,1003014.14,0.0,1523945.83,YEAR-END,2024,True,committee_totals
S0SC00149,"GRAHAM, LINDSEY O.",SC,REP,C00458828,"TEAM GRAHAM, INC.",10224566.87,8067899.24,14648125.38,14648125.38,0.0,2021-01-01T00:00:00,2022-12-31T00:00:00,2022,8353744.52,3367600.73,4986143.79,0.0,893399.04,YEAR-END,2022,True,committee_totals
S0SC00149,"GRAHAM, LINDSEY O.",SC,REP,C00458828,"TEAM GRAHAM, INC.",107740149.28,98449650.73,12491457.75,12491457.75,0.0,2019-01-01T00:00:00,2020-12-31T00:00:00,2020,102550677.51,51324077.99,51226599.52,100.0,244466.65,YEAR-END,2020,True,committee_totals
S0SC00149,"GRAHAM, LINDSEY O.",SC,REP,C00458828,TEAM GRAHAM INC,3978947.72,1234110.66,3200959.2,3200959.2,0.0,2017-01-01T00:00:00,2018-12-31T00:00:00,2018,3427464.33,3118076.98,309387.35,0.0,78683.39,YEAR-END,2018,True,committee_totals
S0SC00149,"GRAHAM, LINDSEY O.",SC,REP,C00458828,TEAM GRAHAM INC,565694.0,2504563.0,456122.0,456122.0,0.0,2015-01-01T00:00:00,2016-12-31T00:00:00,2016,232165.0,226290.0,5875.0,0.0,134921.0,YEAR-END,2016,True,committee_totals
S0SC00149,"GRAHAM, LINDSEY O.",SC,REP,C00458828,TEAM GRAHAM INC,8061663.0,10079198.0,2394990.0,2394990.0,0.0,2013-01-01T00:00:00,2014-12-31T00:00:00,2014,5565442.0,5350636.0,214804.0,0.0,84965.0,YEAR-END,2014,True,committee_totals
S0SC00149,"GRAHAM, LINDSEY O.",SC,REP,C00458828,TEAM GRAHAM INC,2313708.0,709860.0,4412522.0,4412522.0,0.0,2011-01-01T00:00:00,2012-12-31T00:00:00,2012,1828523.0,1812088.0,16435.0,0.0,148157.0,YEAR-END,2012,True,committee_totals
S0SC00149,"GRAHAM, LINDSEY O.",SC,REP,C00458828,TEAM GRAHAM INC,3368436.0,559763.0,2808675.0,2808675.0,0.0,2009-01-01T00:00:00,2010-12-31T00:00:00,2010,408432.0,397078.0,11354.0,0.0,63782.0,YEAR-END,2010,True,committee_totals
S0IA00028,"GRASSLEY, CHARLES E",IA,REP,C00230482,"GRASSLEY COMMITTEE, INC.",208905.54,250920.98,290885.5,290885.5,0.0,2025-01-01T00:00:00,2026-03-31T00:00:00,2026,168000.2,89297.68,78702.52,0.0,0.0,APRIL QUARTERLY,2026,True,committee_totals
S0IA00028,"GRASSLEY, CHARLES E",IA,REP,C00230482,"GRASSLEY COMMITTEE, INC.",770100.5,878623.44,332900.94,332900.94,0.0,2023-01-01T00:00:00,2024-12-31T00:00:00,2024,483309.71,220762.52,262547.19,0.0,758.18,YEAR-END,2024,True,committee_totals
S0IA00028,"GRASSLEY, CHARLES E",IA,REP,C00230482,"GRASSLEY COMMITTEE, INC.",9533640.63,10930808.73,441423.88,441423.88,0.0,2021-01-01T00:00:00,2022-12-31T00:00:00,2022,5613177.5,3512690.75,2100486.75,0.0,20742.63,YEAR-END,2022,True,committee_totals
S0IA00028,"GRASSLEY, CHARLES E",IA,REP,C00230482,"GRASSLEY COMMITTEE, INC.",1222135.02,288518.93,1838591.98,1838591.98,0.0,2019-01-01T00:00:00,2020-12-31T00:00:00,2020,535903.78,311633.32,224270.46,0.0,8476.5,YEAR-END,2020,True,committee_totals
S0IA00028,"GRASSLEY, CHARLES E",IA,REP,C00230482,GRASSLEY COMMITTEE INC,375909.45,477088.29,904975.89,904975.89,0.0,2017-01-01T00:00:00,2018-12-31T00:00:00,2018,84434.67,79150.0,5284.67,0.0,19873.78,YEAR-END,2018,True,committee_totals
S0IA00028,"GRASSLEY, CHARLES E",IA,REP,C00230482,GRASSLEY COMMITTEE INC,8954942.0,9787434.0,1006156.0,1006156.0,0.0,2015-01-01T00:00:00,2016-12-31T00:00:00,2016,5633053.0,4414642.0,1218408.0,0.0,36618.0,YEAR-END,2016,True,committee_totals
S0IA00028,"GRASSLEY, CHARLES E",IA,REP,C00230482,GRASSLEY COMMITTEE INC,666017.0,386680.0,1838647.0,1838647.0,13216.0,2013-01-01T00:00:00,2014-12-31T00:00:00,2014,187615.0,184800.0,2815.0,0.0,48995.0,YEAR-END,2014,True,committee_totals
S0IA00028,"GRASSLEY, CHARLES E",IA,REP,C00230482,GRASSLEY COMMITTEE INC,323620.0,630555.0,1559311.0,1559311.0,13216.0,2011-01-01T00:00:00,2012-12-31T00:00:00,2012,35109.0,33350.0,1759.0,0.0,89661.0,YEAR-END,2012,True,committee_totals
S0IA00028,"GRASSLEY, CHARLES E",IA,REP,C00230482,GRASSLEY COMMITTEE INC,5762828.0,6749896.0,1866244.0,1866244.0,13216.0,2009-01-01T00:00:00,2010-12-31T00:00:00,2010,2872632.0,2210243.0,662387.0,0.0,188820.0,YEAR-END,2010,True,committee_totals
S0IA00028,"GRASSLEY, CHARLES E",IA,REP,C00230482,GRASSLEY COMMITTEE INC,1355137.0,490107.0,2853311.0,2853311.0,13216.0,2007-01-01T00:00:00,2008-12-31T00:00:00,2008,476175.0,450111.0,26063.0,0.0,224785.0,YEAR-END,2008,True,committee_totals
S0IA00028,"GRASSLEY, CHARLES E",IA,REP,C00230482,GRASSLEY COMMITTEE INC,583218.0,557513.0,1988282.0,1988282.0,13216.0,2005-01-01T00:00:00,2006-12-31T00:00:00,2006,185725.0,170097.0,15628.0,0.0,122226.0,YEAR-END,2006,True,committee_totals
S0IA00028,"GRASSLEY, CHARLES E",IA,REP,C00230482,GRASSLEY COMMITTEE,5656165.0,6403445.0,1962578.0,1962578.0,122804.0,2003-01-01T00:00:00,2004-12-31T00:00:00,2004,3094943.0,5250.0,610.0,0.0,13218.0,YEAR-END,2004,True,committee_totals
S0IA00028,"GRASSLEY, CHARLES E",IA,REP,C00230482,GRASSLEY COMMITTEE,1530812.0,516748.0,2709856.0,2709856.0,0.0,2001-01-01T00:00:00,2002-12-31T00:00:00,2002,716620.0,,,0.0,,YEAR-END,2002,True,committee_totals
S0IA00028,"GRASSLEY, CHARLES E",IA,REP,C00230482,GRASSLEY COMMITTEE,452608.0,367543.0,1695792.0,1695792.0,,1999-01-01T00:00:00,2000-12-31T00:00:00,2000,115107.0,,,0.0,,YEAR-END,2000,True,committee_totals
S0IA00028,"GRASSLEY, CHARLES E",IA,REP,C00230482,GRASSLEY COMMITTEE,3304317.0,2773315.0,1610727.0,1610727.0,0.0,1997-01-01T00:00:00,1998-12-31T00:00:00,1998,1686724.0,,,0.0,,YEAR-END,1998,True,committee_totals
S0IA00028,"GRASSLEY, CHARLES E",IA,REP,C00230482,GRASSLEY '92 COMMITTEE INCORPORATED,462973.0,121164.0,1079526.0,1079526.0,,1995-01-01T00:00:00,1996-12-31T00:00:00,1996,116315.0,,,,,YEAR-END,1996,True,committee_totals
S0IA00028,"GRASSLEY, CHARLES E",IA,REP,C00230482,GRASSLEY '92 COMMITTEE INCORPORATED,734648.0,198197.0,737717.0,737717.0,,1993-01-01T00:00:00,1994-12-31T00:00:00,1994,16576.0,,,,,YEAR-END,1994,True,committee_totals
S0IA00028,"GRASSLEY, CHARLES E",IA,REP,C00230482,GRASSLEY '92 COMMITTEE INCORPORATED,2412554.0,2307552.0,198995.0,198995.0,0.0,1991-01-01T00:00:00,1992-12-31T00:00:00,1992,1326262.0,,,,,YEAR-END,1992,True,committee_totals
S0IA00028,"GRASSLEY, CHARLES E",IA,REP,C00230482,GRASSLEY '92 COMMITTEE INCORPORATED,150898.0,56906.0,93992.0,93992.0,0.0,1989-01-01T00:00:00,1990-12-31T00:00:00,1990,44005.0,,,,,YEAR-END,1990,True,committee_totals
S0IA00028,"GRASSLEY, CHARLES E",IA,REP,C00230482,GRASSLEY '92 COMMITTEE INCORPORATED,0.0,0.0,0.0,0.0,0.0,1988-07-31T00:00:00,1988-12-31T00:00:00,1988,0.0,,,0.0,,YEAR-END,1988,True,committee_totals
S2FL00581,"GRAYSON, ALAN MARK",FL,DEM,C00424713,COMMITTEE TO ELECT ALAN GRAYSON,178051.99,178581.66,126388.14,126388.14,3913494.64,2025-01-01T00:00:00,2026-03-31T00:00:00,2026,29991.64,13962.73,16028.91,0.0,6.2,APRIL QUARTERLY,2026,True,committee_totals
S2FL00581,"GRAYSON, ALAN MARK",FL,DEM,C00424713,COMMITTEE TO ELECT ALAN GRAYSON,833762.1,712703.63,126917.81,126917.81,3831353.65,2023-01-01T00:00:00,2024-12-31T00:00:00,2024,307121.38,110948.38,196173.0,0.0,0.49,YEAR-END,2024,True,committee_totals
S2FL00581,"GRAYSON, ALAN MARK",FL,DEM,C00424713,COMMITTEE TO ELECT ALAN GRAYSON,932792.43,927644.31,9114.41,9114.41,3485755.7,2021-01-01T00:00:00,2022-12-31T00:00:00,2022,318671.5,107056.05,211615.45,0.0,7.34,YEAR-END,2022,True,committee_totals
S2FL00581,"GRAYSON, ALAN MARK",FL,DEM,C00424713,COMMITTEE TO ELECT ALAN GRAYSON,101228.05,84952.31,718439.5,718439.5,2536913.88,2019-01-01T00:00:00,2020-12-31T00:00:00,2020,91952.62,42137.53,49815.09,0.0,14.49,YEAR-END,2020,True,committee_totals
S2FL00581,"GRAYSON, ALAN MARK",FL,DEM,C00424713,COMMITTEE TO ELECT ALAN GRAYSON,1042636.51,642969.39,702173.76,702173.76,2555299.96,2017-01-01T00:00:00,2018-12-31T00:00:00,2018,867464.57,423531.87,443932.7,0.0,23363.14,YEAR-END,2018,True,committee_totals
S2FL00581,"GRAYSON, ALAN MARK",FL,DEM,C00424713,COMMITTEE TO ELECT ALAN GRAYSON,5015322.86,5008223.42,52432.04,52432.04,2377973.52,2015-01-01T00:00:00,2016-12-31T00:00:00,2016,4233317.01,1717154.84,2516162.17,0.0,5.85,YEAR-END,2016,True,committee_totals
S2FL00581,"GRAYSON, ALAN MARK",FL,DEM,C00424713,COMMITTEE TO ELECT ALAN GRAYSON,3405575.83,3402601.42,45332.6,45332.6,2329414.25,2013-01-01T00:00:00,2014-12-31T00:00:00,2014,2638097.17,882802.63,1755294.54,0.0,49.12,YEAR-END,2014,True,committee_totals
S2FL00581,"GRAYSON, ALAN MARK",FL,DEM,C00424713,COMMITTEE TO ELECT ALAN GRAYSON,5394199.71,5352174.02,42358.19,42358.19,2203890.45,2011-01-01T00:00:00,2012-12-31T00:00:00,2012,3714545.18,1189833.34,2524711.84,0.0,792.91,YEAR-END,2012,True,committee_totals
S2FL00581,"GRAYSON, ALAN MARK",FL,DEM,C00424713,COMMITTEE TO ELECT ALAN GRAYSON,6041742.11,5573271.75,332.5,332.5,1342359.34,2009-01-01T00:00:00,2010-12-31T00:00:00,2010,4661840.09,1296038.52,3365801.57,0.0,5633.01,YEAR-END,2010,True,committee_totals
S2FL00581,"GRAYSON, ALAN MARK",FL,DEM,C00424713,COMMITTEE TO ELECT ALAN GRAYSON,3136467.21,3208028.05,6001.13,6001.13,1001661.42,2007-01-01T00:00:00,2008-12-31T00:00:00,2008,214021.55,190219.02,23802.53,0.0,1093.34,YEAR-END,2008,True,committee_totals
S2FL00581,"GRAYSON, ALAN MARK",FL,DEM,C00424713,COMMITTEE TO ELECT ALAN GRAYSON,730148.53,727586.56,77561.97,77561.97,351338.75,2006-04-01T00:00:00,2006-12-31T00:00:00,2006,42085.3,40557.94,1527.36,325000.0,745.39,YEAR-END,2006,True,committee_totals
S6FL00376,"GRAYSON, ALAN MARK",FL,DEM,C00424713,COMMITTEE TO ELECT ALAN GRAYSON,178051.99,178581.66,126388.14,126388.14,3913494.64,2025-01-01T00:00:00,2026-03-31T00:00:00,2026,29991.64,13962.73,16028.91,0.0,6.2,APRIL QUARTERLY,2026,True,committee_totals
S6FL00376,"GRAYSON, ALAN MARK",FL,DEM,C00424713,COMMITTEE TO ELECT ALAN GRAYSON,833762.1,712703.63,126917.81,126917.81,3831353.65,2023-01-01T00:00:00,2024-12-31T00:00:00,2024,307121.38,110948.38,196173.0,0.0,0.49,YEAR-END,2024,True,committee_totals
S6FL00376,"GRAYSON, ALAN MARK",FL,DEM,C00424713,COMMITTEE TO ELECT ALAN GRAYSON,932792.43,927644.31,9114.41,9114.41,3485755.7,2021-01-01T00:00:00,2022-12-31T00:00:00,2022,318671.5,107056.05,211615.45,0.0,7.34,YEAR-END,2022,True,committee_totals
S6FL00376,"GRAYSON, ALAN MARK",FL,DEM,C00424713,COMMITTEE TO ELECT ALAN GRAYSON,101228.05,84952.31,718439.5,718439.5,2536913.88,2019-01-01T00:00:00,2020-12-31T00:00:00,2020,91952.62,42137.53,49815.09,0.0,14.49,YEAR-END,2020,True,committee_totals
S6FL00376,"GRAYSON, ALAN MARK",FL,DEM,C00424713,COMMITTEE TO ELECT ALAN GRAYSON,1042636.51,642969.39,702173.76,702173.76,2555299.96,2017-01-01T00:00:00,2018-12-31T00:00:00,2018,867464.57,423531.87,443932.7,0.0,23363.14,YEAR-END,2018,True,committee_totals
S6FL00376,"GRAYSON, ALAN MARK",FL,DEM,C00424713,COMMITTEE TO ELECT ALAN GRAYSON,5015322.86,5008223.42,52432.04,52432.04,2377973.52,2015-01-01T00:00:00,2016-12-31T00:00:00,2016,4233317.01,1717154.84,2516162.17,0.0,5.85,YEAR-END,2016,True,committee_totals
S6FL00376,"GRAYSON, ALAN MARK",FL,DEM,C00424713,COMMITTEE TO ELECT ALAN GRAYSON,3405575.83,3402601.42,45332.6,45332.6,2329414.25,2013-01-01T00:00:00,2014-12-31T00:00:00,2014,2638097.17,882802.63,1755294.54,0.0,49.12,YEAR-END,2014,True,committee_totals
S6FL00376,"GRAYSON, ALAN MARK",FL,DEM,C00424713,COMMITTEE TO ELECT ALAN GRAYSON,5394199.71,5352174.02,42358.19,42358.19,2203890.45,2011-01-01T00:00:00,2012-12-31T00:00:00,2012,3714545.18,1189833.34,2524711.84,0.0,792.91,YEAR-END,2012,True,committee_totals
S6FL00376,"GRAYSON, ALAN MARK",FL,DEM,C00424713,COMMITTEE TO ELECT ALAN GRAYSON,6041742.11,5573271.75,332.5,332.5,1342359.34,2009-01-01T00:00:00,2010-12-31T00:00:00,2010,4661840.09,1296038.52,3365801.57,0.0,5633.01,YEAR-END,2010,True,committee_totals
S6FL00376,"GRAYSON, ALAN MARK",FL,DEM,C00424713,COMMITTEE TO ELECT ALAN GRAYSON,3136467.21,3208028.05,6001.13,6001.13,1001661.42,2007-01-01T00:00:00,2008-12-31T00:00:00,2008,214021.55,190219.02,23802.53,0.0,1093.34,YEAR-END,2008,True,committee_totals
S6FL00376,"GRAYSON, ALAN MARK",FL,DEM,C00424713,COMMITTEE TO ELECT ALAN GRAYSON,730148.53,727586.56,77561.97,77561.97,351338.75,2006-04-01T00:00:00,2006-12-31T00:00:00,2006,42085.3,40557.94,1527.36,325000.0,745.39,YEAR-END,2006,True,committee_totals
S0IA00176,"GREENFIELD, THERESA",IA,DEM,C00708164,THERESA GREENFIELD FOR IOWA,0.0,40984.9,123723.68,123723.68,0.0,2025-01-01T00:00:00,2026-03-31T00:00:00,2026,0.0,0.0,0.0,0.0,0.0,APRIL QUARTERLY,2026,True,committee_totals
S0IA00176,"GREENFIELD, THERESA",IA,DEM,C00708164,THERESA GREENFIELD FOR IOWA,300.0,2757.74,164708.58,164708.58,0.0,2023-01-01T00:00:00,2024-12-31T00:00:00,2024,0.0,0.0,0.0,0.0,0.0,YEAR-END,2024,True,committee_totals
S0IA00176,"GREENFIELD, THERESA",IA,DEM,C00708164,THERESA GREENFIELD FOR IOWA,468934.96,332004.97,167166.32,167166.32,0.0,2021-01-01T00:00:00,2022-12-31T00:00:00,2022,0.0,0.0,0.0,0.0,187.68,YEAR-END,2022,True,committee_totals
S0IA00176,"GREENFIELD, THERESA",IA,DEM,C00708164,THERESA GREENFIELD FOR IOWA,56358302.21,56328075.88,30236.33,30236.33,188223.01,2019-04-01T00:00:00,2020-12-31T00:00:00,2020,52970089.34,33261339.18,19708750.16,0.0,95.0,YEAR-END,2020,True,committee_totals
S6OK04171,"GREEN, TROY WESLEY",OK,DEM,C00918607,TROY GREEN U.S. SENATE,22600.36,15373.35,7227.01,7227.01,0.0,2025-07-01T00:00:00,2026-03-31T00:00:00,2026,19173.5,10670.5,8503.0,3176.86,0.0,APRIL QUARTERLY,2026,True,committee_totals
S2MO00536,"GREITENS, ERIC",MO,REP,C00774059,GREITENS FOR US SENATE,0.0,0.0,0.0,0.0,76963.5,2025-01-01T00:00:00,2026-03-31T00:00:00,2026,0.0,0.0,0.0,0.0,0.0,APRIL QUARTERLY,2026,True,committee_totals
S2MO00536,"GREITENS, ERIC",MO,REP,C00774059,GREITENS FOR US SENATE,5081.0,17860.47,0.0,0.0,76963.5,2023-01-01T00:00:00,2024-12-31T00:00:00,2024,0.0,0.0,0.0,0.0,0.0,YEAR-END,2024,True,committee_totals
S2MO00536,"GREITENS, ERIC",MO,REP,C00774059,GREITENS FOR US SENATE,2310820.4,2298040.93,12779.47,12779.47,116453.04,2021-01-01T00:00:00,2022-12-31T00:00:00,2022,1572018.35,585611.79,986406.56,25447.68,0.0,YEAR-END,2022,True,committee_totals
S4MA00333,"GRIFFIN, BRANDON JAMES",MA,OTH,C00849984,BRANDON GRIFFIN FOR US SENATE,2999.01,1261.93,1737.08,1737.08,0.0,2023-09-17T00:00:00,2024-03-31T00:00:00,2024,2999.01,610.0,2389.01,0.0,0.0,APRIL QUARTERLY,2024,True,committee_totals
S4MA00325,"GRIFFIN, BRANDON JAMES",MA,OTH,C00849984,BRANDON GRIFFIN FOR US SENATE,2999.01,1261.93,1737.08,1737.08,0.0,2023-09-17T00:00:00,2024-03-31T00:00:00,2024,2999.01,610.0,2389.01,0.0,0.0,APRIL QUARTERLY,2024,True,committee_totals
S4NV00304,"GUNTER, JEFF DR",NV,REP,C00847418,DR JEFF GUNTER FOR SENATE,2047.52,1207.62,8264.3,8264.3,2763394.15,2025-01-01T00:00:00,2026-03-31T00:00:00,2026,2020.79,891.0,1129.79,0.0,0.0,APRIL QUARTERLY,2026,True,committee_totals
S4NV00304,"GUNTER, JEFF DR",NV,REP,C00847418,DR JEFF GUNTER FOR SENATE,3468774.36,3461349.96,7424.4,7424.4,2763394.15,2023-07-01T00:00:00,2024-12-31T00:00:00,2024,640652.97,286276.79,354376.18,0.0,0.0,YEAR-END,2024,True,committee_totals
S4TX00755,"GUTIERREZ, ROLAND",TX,DEM,C00844977,ROLAND GUTIERREZ FOR TEXAS,0.0,90.0,294.83,294.83,0.0,2025-01-01T00:00:00,2026-03-31T00:00:00,2026,0.0,0.0,0.0,0.0,0.0,APRIL QUARTERLY,2026,True,committee_totals
S4TX00755,"GUTIERREZ, ROLAND",TX,DEM,C00844977,ROLAND GUTIERREZ FOR TEXAS,1446695.19,1446942.57,384.83,384.83,0.0,2023-07-09T00:00:00,2024-12-31T00:00:00,2024,1415775.03,723325.15,692449.88,0.0,3000.0,YEAR-END,2024,True,committee_totals
S6OH00155,"HACKETT, PAUL III",OH,DEM,C00415745,HACKETT FOR SENATE,11229.92,4523.33,13898.22,13898.22,104362.14,2025-01-01T00:00:00,2026-03-31T00:00:00,2026,50.0,0.0,50.0,1000.0,0.0,APRIL QUARTERLY,2026,True,committee_totals
S6OH00155,"HACKETT, PAUL III",OH,DEM,C00415745,HACKETT FOR SENATE,12229.92,5533.0,0.0,0.0,72146.0,2023-01-01T00:00:00,2024-12-31T00:00:00,2024,50.0,0.0,50.0,2000.0,0.0,YEAR-END,2024,True,committee_totals
S6OH00155,"HACKETT, PAUL III",OH,DEM,C00415745,HACKETT FOR SENATE,6114.96,2766.5,0.0,0.0,72146.0,2021-01-01T00:00:00,2022-12-31T00:00:00,2022,25.0,0.0,25.0,1000.0,0.0,YEAR-END,2022,True,committee_totals
S6OH00155,"HACKETT, PAUL III",OH,DEM,C00415745,HACKETT FOR SENATE,12228.96,5532.17,0.0,0.0,72146.0,2019-01-01T00:00:00,2020-12-31T00:00:00,2020,50.0,0.0,50.0,2000.0,0.0,YEAR-END,2020,True,committee_totals
S6OH00155,"HACKETT, PAUL III",OH,DEM,C00415745,HACKETT FOR SENATE,12228.0,5530.0,0.0,0.0,72146.0,2017-01-01T00:00:00,2018-12-31T00:00:00,2018,50.0,0.0,50.0,2000.0,0.0,YEAR-END,2018,True,committee_totals
S6OH00155,"HACKETT, PAUL III",OH,DEM,C00415745,HACKETT FOR SENATE,1000.0,1009.0,0.0,0.0,72146.0,2015-01-01T00:00:00,2016-12-31T00:00:00,2016,0.0,0.0,0.0,1000.0,0.0,YEAR-END,2016,True,committee_totals
S6OH00155,"HACKETT, PAUL III",OH,DEM,C00415745,HACKETT FOR SENATE,0.0,0.0,0.0,0.0,72888.0,2013-01-01T00:00:00,2014-12-31T00:00:00,2014,0.0,0.0,0.0,0.0,0.0,YEAR-END,2014,True,committee_totals
S6OH00155,"HACKETT, PAUL III",OH,DEM,C00415745,HACKETT FOR SENATE,0.0,0.0,0.0,0.0,72996.0,2011-01-01T00:00:00,2012-12-31T00:00:00,2012,0.0,0.0,0.0,0.0,0.0,YEAR-END,2012,True,committee_totals
S6OH00155,"HACKETT, PAUL III",OH,DEM,C00415745,HACKETT FOR SENATE,0.0,0.0,0.0,0.0,72996.0,2009-01-01T00:00:00,2010-12-31T00:00:00,2010,0.0,0.0,0.0,0.0,0.0,YEAR-END,2010,True,committee_totals
S6OH00155,"HACKETT, PAUL III",OH,DEM,C00415745,HACKETT FOR SENATE,25887.0,36423.0,0.0,0.0,72146.0,2007-01-01T00:00:00,2008-12-31T00:00:00,2008,25.0,0.0,25.0,10773.0,3500.0,YEAR-END,2008,True,committee_totals
S6OH00155,"HACKETT, PAUL III",OH,DEM,C00415745,HACKETT FOR SENATE,982039.0,971497.0,10540.0,10540.0,105313.0,2005-10-01T00:00:00,2006-12-31T00:00:00,2006,893822.0,229369.0,664498.0,0.0,674.0,YEAR-END,2006,True,committee_totals
S6WY00209,"HAGEMAN, HARRIET",WY,REP,C00788943,HAGEMAN FOR WYOMING,1555542.88,1278925.42,1159580.5,1159580.5,0.0,2025-01-01T00:00:00,2026-03-31T00:00:00,2026,996770.72,447669.56,549101.16,0.0,31263.02,APRIL QUARTERLY,2026,True,committee_totals
S6WY00209,"HAGEMAN, HARRIET",WY,REP,C00788943,HAGEMAN FOR WYOMING,3070024.92,2461850.85,882963.04,882963.04,0.0,2023-01-01T00:00:00,2024-12-31T00:00:00,2024,2484952.21,1152788.43,1332163.78,0.0,14633.43,YEAR-END,2024,True,committee_totals
S6WY00209,"HAGEMAN, HARRIET",WY,REP,C00788943,HAGEMAN FOR WYOMING,5737078.7,5462289.73,274788.97,274788.97,0.0,2021-07-01T00:00:00,2022-12-31T00:00:00,2022,5231719.37,2850276.73,2381442.64,6750.0,0.0,YEAR-END,2022,True,committee_totals
S0TN00169,"HAGERTY, BILL",TN,REP,C00718627,TEAM HAGERTY,5880481.66,2133071.28,5674879.45,5674879.45,0.0,2025-01-01T00:00:00,2026-03-31T00:00:00,2026,3021763.57,2266970.09,754793.48,0.0,72212.34,APRIL QUARTERLY,2026,True,committee_totals
S0TN00169,"HAGERTY, BILL",TN,REP,C00718627,TEAM HAGERTY,4906088.81,3899198.57,1927469.07,1927469.07,0.0,2023-01-01T00:00:00,2024-12-31T00:00:00,2024,3324823.86,2321745.55,1003078.31,0.0,0.0,YEAR-END,2024,True,committee_totals
S0TN00169,"HAGERTY, BILL",TN,REP,C00718627,TEAM HAGERTY,3898661.75,3033141.51,920578.83,920578.83,1905000.0,2021-01-01T00:00:00,2022-12-31T00:00:00,2022,2980940.8,2119362.68,861578.12,0.0,0.0,YEAR-END,2022,True,committee_totals
S0TN00169,"HAGERTY, BILL",TN,REP,C00718627,TEAM HAGERTY,15772577.38,15717518.79,55058.59,55058.59,3028444.75,2019-09-03T00:00:00,2020-12-31T00:00:00,2020,7314185.31,7015335.68,298849.63,0.0,972.84,YEAR-END,2020,True,committee_totals
S2CA01185,"HALL, MYRON LOUIS DR.",CA,REP,C00801654,DR MYRON HALL FOR SENATE,0.0,0.0,1969.16,1969.16,85760.0,2023-01-01T00:00:00,2024-09-30T00:00:00,2024,0.0,0.0,0.0,0.0,0.0,OCTOBER QUARTERLY,2024,True,committee_totals
S2CA01185,"HALL, MYRON LOUIS DR.",CA,REP,C00801654,DR MYRON HALL FOR SENATE,106055.54,104086.38,1969.16,1969.16,85760.0,2022-01-01T00:00:00,2022-12-31T00:00:00,2022,9843.05,6725.0,3118.05,5137.33,5315.16,YEAR-END,2022,True,committee_totals
S2UT00377,"HAMBLIN, LAIRD",UT,DEM,C00797779,LAIRDSENATE.US  LAIRD FETZER HAMBLIN,0.0,0.0,122.92,122.92,0.0,2025-01-01T00:00:00,2026-03-31T00:00:00,2026,0.0,0.0,0.0,0.0,0.0,APRIL QUARTERLY,2026,True,committee_totals
S2UT00377,"HAMBLIN, LAIRD",UT,DEM,C00797779,LAIRDSENATE.US  LAIRD FETZER HAMBLIN,170.0,41.24,122.92,122.92,0.0,2023-01-01T00:00:00,2024-12-31T00:00:00,2024,170.0,0.0,170.0,0.0,0.0,YEAR-END,2024,True,committee_totals
S2UT00377,"HAMBLIN, LAIRD",UT,DEM,C00797779,LAIRDSENATE.US  LAIRD FETZER HAMBLIN,111.0,72.0,39.0,39.0,0.0,2021-10-01T00:00:00,2022-12-31T00:00:00,2022,111.0,0.0,111.0,0.0,0.0,YEAR-END,2022,True,committee_totals
S0KS00349,"HAMILTON, BOB",KS,REP,C00743153,BOB HAMILTON FOR KANSAS INC.,0.0,0.0,0.0,0.0,1150.0,2025-01-01T00:00:00,2026-03-31T00:00:00,2026,0.0,0.0,0.0,0.0,0.0,APRIL QUARTERLY,2026,True,committee_totals
S0KS00349,"HAMILTON, BOB",KS,REP,C00743153,BOB HAMILTON FOR KANSAS INC.,0.0,0.0,0.0,0.0,1150.0,2023-01-01T00:00:00,2024-12-31T00:00:00,2024,0.0,0.0,0.0,0.0,0.0,YEAR-END,2024,True,committee_totals
S0KS00349,"HAMILTON, BOB",KS,REP,C00743153,BOB HAMILTON FOR KANSAS INC.,6357.14,53127.26,0.0,0.0,1150.0,2021-01-01T00:00:00,2022-12-31T00:00:00,2022,0.0,0.0,0.0,0.0,0.0,YEAR-END,2022,True,committee_totals
S0KS00349,"HAMILTON, BOB",KS,REP,C00743153,BOB HAMILTON FOR KANSAS INC.,3977673.76,3930903.64,46770.12,46770.12,3751150.0,2020-01-01T00:00:00,2020-12-31T00:00:00,2020,216125.2,205300.0,10825.2,0.0,0.0,YEAR-END,2020,True,committee_totals
S6FL00632,"HAMILTON, MICHAELANGELO COLLINS",FL,REP,C00874420,MICHAELANGELO COLLINS HAMILTON FOR FL 23 2026,0.0,0.0,0.0,0.0,0.0,2024-01-01T00:00:00,2024-03-31T00:00:00,2024,0.0,0.0,0.0,0.0,0.0,APRIL QUARTERLY,2024,True,committee_totals
S4NJ00458,"HAMM, LARRY LEE",NJ,DEM,C00851352,COMMITTEE TO ELECT LARRY HAMM,25362.0,11424.35,13937.65,13937.65,700.0,2023-01-01T00:00:00,2024-03-31T00:00:00,2024,24562.0,16900.0,7662.0,100.0,0.0,APRIL QUARTERLY,2024,True,committee_totals
S6MN00531,"HANN, DAVID W",MN,REP,C00932954,DAVID HANN FOR US SENATE,133465.26,133465.26,0.0,0.0,0.0,2025-12-18T00:00:00,2026-04-29T00:00:00,2026,133285.92,125064.9,8221.02,0.0,0.0,TERMINATION REPORT,2026,True,committee_totals
S4DE00094,"HANSEN, ERIC",DE,REP,C00853788,HANSEN FOR SENATE,0.0,0.0,0.0,0.0,0.0,2025-01-01T00:00:00,2025-01-09T00:00:00,2026,0.0,0.0,0.0,0.0,0.0,TERMINATION REPORT,2025,True,committee_totals
S4DE00094,"HANSEN, ERIC",DE,REP,C00853788,HANSEN FOR SENATE,1015951.4,1015951.4,0.0,0.0,118000.0,2023-10-01T00:00:00,2024-12-31T00:00:00,2024,131912.56,105661.96,26250.6,50000.0,0.0,YEAR-END,2024,True,committee_totals
S4MI00553,"HARPER, FRANK EUGENE HILL",MI,DEM,C00844985,HILL HARPER FOR MICHIGAN,3149518.74,3149518.74,0.0,0.0,789999.1,2023-03-08T00:00:00,2024-10-16T00:00:00,2024,2010281.61,1544973.4,465308.21,212916.01,0.0,TERMINATION REPORT,2024,True,committee_totals
S6IL00680,"HARRINGTON, WHITFIELD MR JR",IL,IND,C00931428,FRIENDS OF WHITFIELD HARRINGTON,31662.4,7626.64,24035.76,24035.76,10000.0,2026-01-01T00:00:00,2026-03-31T00:00:00,2026,18963.0,13850.0,5113.0,2699.4,0.0,APRIL QUARTERLY,2026,True,committee_totals
S0SC00289,"HARRISON, JAIME",SC,DEM,C00696153,JAIME HARRISON FOR US SENATE,34199.09,507792.81,234507.96,234507.96,0.0,2025-01-01T00:00:00,2026-03-31T00:00:00,2026,0.0,0.0,0.0,0.0,34164.94,APRIL QUARTERLY,2026,True,committee_totals
S0SC00289,"HARRISON, JAIME",SC,DEM,C00696153,JAIME HARRISON FOR US SENATE,985737.15,1728654.77,708101.68,708101.68,0.0,2023-01-01T00:00:00,2024-12-31T00:00:00,2024,0.0,0.0,0.0,0.0,982845.69,YEAR-END,2024,True,committee_totals
S0SC00289,"HARRISON, JAIME",SC,DEM,C00696153,JAIME HARRISON FOR US SENATE,1904715.84,965418.91,1274723.6,1274723.6,0.0,2021-01-01T00:00:00,2022-12-31T00:00:00,2022,0.0,0.0,0.0,0.0,1693179.26,YEAR-END,2022,True,committee_totals
S0SC00289,"HARRISON, JAIME",SC,DEM,C00696153,JAIME HARRISON FOR US SENATE,132685669.57,132350242.9,335426.67,335426.67,2266.0,2019-01-01T00:00:00,2020-12-31T00:00:00,2020,131109406.86,60250964.39,70858442.47,0.0,151.43,YEAR-END,2020,True,committee_totals
S2MO00742,"HARRIS, RONALD",MO,DEM,C00815001,COMMITTEE TO ELECT RON HARRIS,100.0,126.0,4.22,4.22,9520.02,2025-01-01T00:00:00,2026-03-06T00:00:00,2026,0.0,0.0,0.0,0.0,0.0,TERMINATION REPORT,2026,True,committee_totals
S2MO00742,"HARRIS, RONALD",MO,DEM,C00815001,COMMITTEE TO ELECT RONALD W HARRIS TO THE UNITED STATES SENATE,200.0,216.0,30.22,30.22,9420.02,2023-01-01T00:00:00,2024-12-31T00:00:00,2024,0.0,0.0,0.0,0.0,0.0,YEAR-END,2024,True,committee_totals
S2MO00742,"HARRIS, RONALD",MO,DEM,C00815001,COMMITTEE TO ELECT RONALD W HARRIS TO THE UNITED STATES SENATE,7974.84,7928.62,46.22,46.22,9220.02,2022-05-06T00:00:00,2022-12-31T00:00:00,2022,200.0,200.0,0.0,1674.84,0.0,YEAR-END,2022,True,committee_totals
S6KS00304,"HART, JASON",KS,DEM,C00942391,HART FOR SENATE,10741.42,5372.27,5369.15,5369.15,4111.53,2026-01-01T00:00:00,2026-03-31T00:00:00,2026,6922.03,2867.03,4055.0,1540.0,0.0,APRIL QUARTERLY,2026,True,committee_totals
S6CO00473,"HASLEY, BRASHAD D",CO,DEM,C00916403,BRASHAD HASLEY FOR US SENATE,20335.73,20335.73,0.0,0.0,0.0,2025-07-01T00:00:00,2026-02-11T00:00:00,2026,1082.26,500.0,582.26,1500.0,0.0,TERMINATION REPORT,2026,True,committee_totals
S4TX00821,"HASSAN, AHMAD",TX,DEM,C00866020,DR. A. ROBERT HASSAN FOR U.S. SENATE,2440.0,9655.18,-781.22,-781.22,0.0,2023-11-10T00:00:00,2024-03-27T00:00:00,2024,2440.0,2440.0,0.0,0.0,0.0,TERMINATION REPORT,2024,True,committee_totals
S6NH00091,"HASSAN, MARGARET WOOD",NH,DEM,C00588772,MAGGIE FOR NH,1982475.86,1437212.77,1495997.46,1495997.46,0.0,2025-01-01T00:00:00,2026-03-31T00:00:00,2026,1517205.0,897920.74,619284.26,0.0,26372.72,APRIL QUARTERLY,2026,True,committee_totals
S6NH00091,"HASSAN, MARGARET WOOD",NH,DEM,C00588772,MAGGIE FOR NH,2900607.97,2073973.73,950734.37,950734.37,0.0,2023-01-01T00:00:00,2024-12-31T00:00:00,2024,1994701.65,1161783.3,832918.35,0.0,32585.7,YEAR-END,2024,True,committee_totals
S6NH00091,"HASSAN, MARGARET WOOD",NH,DEM,C00588772,MAGGIE FOR NH,37045597.33,39201166.63,124100.13,124100.13,357101.35,2021-01-01T00:00:00,2022-12-31T00:00:00,2022,32011401.79,21892018.21,10119383.58,0.0,16080.5,YEAR-END,2022,True,committee_totals
S6NH00091,"HASSAN, MARGARET WOOD",NH,DEM,C00588772,MAGGIE FOR NH,3902064.16,2033300.97,2279669.43,2279669.43,0.0,2019-01-01T00:00:00,2020-12-31T00:00:00,2020,3374471.99,1503298.03,1871173.96,0.0,9979.52,YEAR-END,2020,True,committee_totals
S6NH00091,"HASSAN, MARGARET WOOD",NH,DEM,C00588772,MAGGIE FOR NH,1285289.17,1007835.29,410906.24,410906.24,0.0,2017-01-01T00:00:00,2018-12-31T00:00:00,2018,1102708.17,396975.12,705730.05,0.0,23035.27,YEAR-END,2018,True,committee_totals
S6NH00091,"HASSAN, MARGARET WOOD",NH,DEM,C00588772,MAGGIE FOR NH,18698223.0,18564772.0,133450.0,133450.0,0.0,2015-10-05T00:00:00,2016-12-31T00:00:00,2016,16125563.0,10800818.0,5324739.0,0.0,916.0,YEAR-END,2016,True,committee_totals
S4UT00290,"HATCH, BRENT ORRIN",UT,REP,C00864629,"COMMITTEE TO ELECT BRENT HATCH, INC.",1264246.3,1264246.3,0.0,0.0,311236.55,2024-01-01T00:00:00,2024-12-31T00:00:00,2024,259515.34,241453.61,18061.73,0.0,0.0,TERMINATION REPORT,2024,True,committee_totals
S8MO00160,"HAWLEY, JOSHUA DAVID SEN",MO,REP,C00652727,JOSH HAWLEY FOR SENATE,1518950.76,917519.64,899694.0,899694.0,0.0,2025-01-01T00:00:00,2026-03-31T00:00:00,2026,296135.75,234633.45,61502.3,0.0,2706.11,APRIL QUARTERLY,2026,True,committee_totals
S8MO00160,"HAWLEY, JOSHUA DAVID SEN",MO,REP,C00652727,JOSH HAWLEY FOR SENATE,13808806.06,17492872.3,298262.88,298262.88,0.0,2023-01-01T00:00:00,2024-12-31T00:00:00,2024,6979078.18,4121024.4,2858053.78,0.0,279846.9,YEAR-END,2024,True,committee_totals
S8MO00160,"HAWLEY, JOSHUA DAVID SEN",MO,REP,C00652727,JOSH HAWLEY FOR SENATE,11477018.76,8933405.75,3982329.12,3982329.12,0.0,2021-01-01T00:00:00,2022-12-31T00:00:00,2022,10908719.5,4794564.17,6114155.33,0.0,23500.0,YEAR-END,2022,True,committee_totals
S8MO00160,"HAWLEY, JOSHUA DAVID SEN",MO,REP,C00652727,JOSH HAWLEY FOR SENATE,2182461.6,1219260.62,1438716.11,1438716.11,0.0,2019-01-01T00:00:00,2020-12-31T00:00:00,2020,1946505.12,1018477.07,928028.05,0.0,6055.84,YEAR-END,2020,True,committee_totals
S8MO00160,"HAWLEY, JOSHUA DAVID SEN",MO,REP,C00652727,JOSH HAWLEY FOR SENATE,11946032.34,11470516.96,475515.13,475515.13,0.0,2017-07-01T00:00:00,2018-12-31T00:00:00,2018,9314786.77,7757352.05,1557434.72,0.0,12498.23,YEAR-END,2018,True,committee_totals
S0AZ00251,"HAYWORTH, JD",AZ,REP,C00474825,RESTORING OUR AMERICAN REPUBLIC (ROAR PAC),0.0,0.0,0.0,0.0,27761.1,2025-01-01T00:00:00,2026-03-31T00:00:00,2026,0.0,0.0,0.0,,,APRIL QUARTERLY,2026,False,committee_totals
S0AZ00251,"HAYWORTH, JD",AZ,REP,C00474825,RESTORING OUR AMERICAN REPUBLIC (ROAR PAC),0.0,0.0,0.0,0.0,27761.1,2023-01-01T00:00:00,2024-12-31T00:00:00,2024,0.0,0.0,0.0,,,YEAR-END,2024,False,committee_totals
S0AZ00251,"HAYWORTH, JD",AZ,REP,C00474825,RESTORING OUR AMERICAN REPUBLIC (ROAR PAC),0.0,0.0,0.0,0.0,27761.1,2021-01-01T00:00:00,2022-12-31T00:00:00,2022,0.0,0.0,0.0,,,YEAR-END,2022,False,committee_totals
S0AZ00251,"HAYWORTH, JD",AZ,REP,C00474825,RESTORING OUR AMERICAN REPUBLIC (ROAR PAC),0.0,0.0,0.0,0.0,27761.1,2019-01-01T00:00:00,2020-12-31T00:00:00,2020,0.0,0.0,0.0,,,YEAR-END,2020,False,committee_totals
S0AZ00251,"HAYWORTH, JD",AZ,REP,C00474825,RESTORING OUR AMERICAN REPUBLIC (ROAR PAC),0.0,0.0,0.0,0.0,27761.1,2017-01-01T00:00:00,2018-12-31T00:00:00,2018,0.0,0.0,0.0,,,YEAR-END,2018,False,committee_totals
S0AZ00251,"HAYWORTH, JD",AZ,REP,C00474825,RESTORING OUR AMERICAN REPUBLIC (ROAR PAC),0.0,0.0,0.0,0.0,27761.1,2015-01-01T00:00:00,2016-12-31T00:00:00,2016,0.0,0.0,0.0,,,YEAR-END,2016,False,committee_totals
S0AZ00251,"HAYWORTH, JD",AZ,REP,C00474825,RESTORING OUR AMERICAN REPUBLIC (ROAR PAC),3.57,5600.85,0.0,0.0,27761.1,2013-01-01T00:00:00,2014-12-31T00:00:00,2014,0.0,0.0,0.0,,,YEAR-END,2014,False,committee_totals
S0AZ00251,"HAYWORTH, JD",AZ,REP,C00474825,RESTORING OUR AMERICAN REPUBLIC (ROAR PAC),2620.67,104581.06,5597.28,5597.28,27761.1,2011-01-01T00:00:00,2012-12-31T00:00:00,2012,2335.0,2000.0,335.0,,,YEAR-END,2012,False,committee_totals
S4PA00352,"HAZOU, LEILA",PA,GRE,C00889030,LEILA HAZOU FOR SENATE,0.0,0.0,0.0,0.0,0.0,2024-07-01T00:00:00,2024-09-30T00:00:00,2024,0.0,0.0,0.0,0.0,0.0,OCTOBER QUARTERLY,2024,True,committee_totals
S4PA00345,"HAZOU, LEILA",PA,GRE,C00889030,LEILA HAZOU FOR SENATE,0.0,0.0,0.0,0.0,0.0,2024-07-01T00:00:00,2024-09-30T00:00:00,2024,0.0,0.0,0.0,0.0,0.0,OCTOBER QUARTERLY,2024,True,committee_totals
S0TX00233,"HEGAR, MARY JENNINGS MJ",TX,DEM,C00649350,MJ FOR TEXAS,0.0,714.95,-197.7,-197.7,0.0,2025-01-01T00:00:00,2026-03-31T00:00:00,2026,0.0,0.0,0.0,0.0,0.0,APRIL QUARTERLY,2026,True,committee_totals
S0TX00233,"HEGAR, MARY JENNINGS MJ",TX,DEM,C00649350,MJ FOR TEXAS,0.0,38891.57,9582.6,9582.6,0.0,2023-01-01T00:00:00,2024-12-31T00:00:00,2024,0.0,0.0,0.0,0.0,0.0,YEAR-END,2024,True,committee_totals
S0TX00233,"HEGAR, MARY JENNINGS MJ",TX,DEM,C00649350,MJ FOR TEXAS,232569.26,270845.59,48288.47,48288.47,0.0,2021-01-01T00:00:00,2022-12-31T00:00:00,2022,0.0,0.0,0.0,0.0,0.0,YEAR-END,2022,True,committee_totals
S0TX00233,"HEGAR, MARY JENNINGS MJ",TX,DEM,C00649350,MJ FOR TEXAS,29597569.83,29558486.93,86564.8,86564.8,0.0,2019-01-01T00:00:00,2020-12-31T00:00:00,2020,28046021.96,13373345.73,14672676.23,0.0,0.0,YEAR-END,2020,True,committee_totals
S0TX00233,"HEGAR, MARY JENNINGS MJ",TX,DEM,C00649350,MJ FOR TEXAS,5122102.12,5069600.64,47481.9,47481.9,0.0,2017-07-01T00:00:00,2018-12-31T00:00:00,2018,4632043.02,2813253.59,1818789.43,7301.56,0.0,YEAR-END,2018,True,committee_totals
S2NM00088,"HEINRICH, MARTIN",NM,DEM,C00434563,MARTIN HEINRICH FOR SENATE,1211120.87,1053651.63,477020.39,477020.39,0.0,2025-01-01T00:00:00,2026-03-31T00:00:00,2026,857364.6,625939.95,231424.65,0.0,0.0,APRIL QUARTERLY,2026,True,committee_totals
S2NM00088,"HEINRICH, MARTIN",NM,DEM,C00434563,MARTIN HEINRICH FOR SENATE,10731410.2,11549995.0,319551.15,319551.15,0.0,2023-01-01T00:00:00,2024-12-31T00:00:00,2024,8100492.64,6665236.81,1435255.83,0.0,97200.86,YEAR-END,2024,True,committee_totals
S2NM00088,"HEINRICH, MARTIN",NM,DEM,C00434563,MARTIN HEINRICH FOR SENATE,1818160.68,1151959.55,1138135.95,1138135.95,0.0,2021-01-01T00:00:00,2022-12-31T00:00:00,2022,1240039.95,958758.85,281281.1,0.0,289.01,YEAR-END,2022,True,committee_totals
S2NM00088,"HEINRICH, MARTIN",NM,DEM,C00434563,MARTIN HEINRICH FOR SENATE,645343.92,828383.45,471934.82,471934.82,0.0,2019-01-01T00:00:00,2020-12-31T00:00:00,2020,350320.06,209896.87,140423.19,0.0,9133.23,YEAR-END,2020,True,committee_totals
S2NM00088,"HEINRICH, MARTIN",NM,DEM,C00434563,MARTIN HEINRICH FOR SENATE,6377069.86,7263558.16,654974.35,654974.35,0.0,2017-01-01T00:00:00,2018-12-31T00:00:00,2018,3944623.76,3097478.33,847144.43,0.0,50180.53,YEAR-END,2018,True,committee_totals
S2NM00088,"HEINRICH, MARTIN",NM,DEM,C00434563,MARTIN HEINRICH FOR SENATE,1635195.0,504434.0,1541461.0,1541461.0,0.0,2015-01-01T00:00:00,2016-12-31T00:00:00,2016,1024553.0,867101.0,157448.0,0.0,248.0,YEAR-END,2016,True,committee_totals
S2NM00088,"HEINRICH, MARTIN",NM,DEM,C00434563,MARTIN HEINRICH FOR SENATE,612196.0,262932.0,410701.0,410701.0,0.0,2013-01-01T00:00:00,2014-12-31T00:00:00,2014,389775.0,369616.0,20159.0,0.0,0.0,YEAR-END,2014,True,committee_totals
S2NM00088,"HEINRICH, MARTIN",NM,DEM,C00434563,MARTIN HEINRICH FOR SENATE,6727090.62,6720126.34,61437.0,61437.0,0.0,2011-01-01T00:00:00,2012-12-31T00:00:00,2012,5323972.5,4289962.5,1034006.0,0.0,123.0,YEAR-END,2012,True,committee_totals
S2NM00088,"HEINRICH, MARTIN",NM,DEM,C00434563,"MARTIN HEINRICH FOR CONGRESS, INC.",2792508.54,2770752.23,54473.26,54473.26,0.0,2009-01-01T00:00:00,2010-12-31T00:00:00,2010,1715932.96,1427307.17,288625.79,0.0,19073.72,YEAR-END,2010,True,committee_totals
S2NM00088,"HEINRICH, MARTIN",NM,DEM,C00434563,MARTIN HEINRICH FOR CONGRESS,2513760.96,2481044.01,32716.95,32716.95,3615.34,2007-04-01T00:00:00,2008-12-31T00:00:00,2008,1837605.1,1506375.46,331229.64,0.0,991.17,YEAR-END,2008,True,committee_totals
S2ND00099,"HEITKAMP, HEIDI",ND,DEM,C00520940,HEARTLAND VICTORY FUND 2012,0.0,0.0,0.0,0.0,0.0,2013-01-01T00:00:00,2013-02-19T00:00:00,2014,0.0,0.0,0.0,,,TERMINATION REPORT,2013,False,committee_totals
S2ND00099,"HEITKAMP, HEIDI",ND,DEM,C00520940,HEARTLAND VICTORY FUND 2012,396000.0,396000.0,0.0,0.0,0.0,2012-05-09T00:00:00,2012-12-31T00:00:00,2012,396000.0,396000.0,0.0,,,YEAR-END,2012,False,committee_totals
S2ND00099,"HEITKAMP, HEIDI",ND,DEM,C00673293,HEIDI JOE VICTORY FUND,50600.0,50599.56,0.0,0.0,0.0,2018-01-01T00:00:00,2018-09-30T00:00:00,2018,48600.0,48600.0,0.0,0.0,0.0,TERMINATION REPORT,2018,False,committee_totals
S2ND00099,"HEITKAMP, HEIDI",ND,DEM,C00677450,HEIDI TINA VICTORY FUND,7270.0,7269.55,0.0,0.0,0.0,2018-04-01T00:00:00,2018-09-30T00:00:00,2018,7270.0,4250.0,3020.0,0.0,0.0,TERMINATION REPORT,2018,False,committee_totals
S2ND00099,"HEITKAMP, HEIDI",ND,DEM,C00515239,HEITKAMP HIRONO VICTORY COMMITTEE,101850.0,101850.0,0.0,0.0,0.0,2012-01-01T00:00:00,2012-09-30T00:00:00,2012,101850.0,101050.0,800.0,0.0,0.0,TERMINATION REPORT,2012,False,committee_totals
S2ND00099,"HEITKAMP, HEIDI",ND,DEM,C00502401,JUSTICE 2012,1251667.0,1251665.0,0.0,0.0,0.0,2011-07-01T00:00:00,2012-11-26T00:00:00,2012,1248167.0,1232652.0,15515.0,0.0,0.0,TERMINATION REPORT,2012,False,committee_totals
S2ND00099,"HEITKAMP, HEIDI",ND,DEM,C00528802,MIDWEST SENATE VICTORY 2012,0.0,861.15,0.0,0.0,0.0,2013-01-01T00:00:00,2013-03-07T00:00:00,2014,0.0,0.0,0.0,,,TERMINATION REPORT,2013,False,committee_totals
S2ND00099,"HEITKAMP, HEIDI",ND,DEM,C00528802,MIDWEST SENATE VICTORY 2012,68950.0,68088.85,861.0,861.0,0.0,2012-09-27T00:00:00,2012-12-31T00:00:00,2012,65450.0,61750.0,3700.0,,,YEAR-END,2012,False,committee_totals
S2ND00099,"HEITKAMP, HEIDI",ND,DEM,C00638296,MONTANA NORTH DAKOTA VICTORY FUND,274350.0,274348.98,0.0,0.0,0.0,2017-04-01T00:00:00,2018-11-26T00:00:00,2018,268850.0,268800.0,50.0,0.0,0.0,TERMINATION REPORT,2018,False,committee_totals
S2ND00099,"HEITKAMP, HEIDI",ND,DEM,C00531426,MO-NV-ND VICTORY FUND,59705.0,59704.0,0.0,0.0,0.0,2012-10-01T00:00:00,2012-12-31T00:00:00,2012,59705.0,59700.0,5.0,0.0,0.0,TERMINATION REPORT,2012,False,committee_totals
S2ND00099,"HEITKAMP, HEIDI",ND,DEM,C00527770,MURPHY HEITKAMP VICTORY COMMITTEE,101270.0,101268.0,0.0,0.0,0.0,2012-07-01T00:00:00,2012-12-31T00:00:00,2012,96270.0,96250.0,20.0,,,TERMINATION REPORT,2012,False,committee_totals
S2ND00099,"HEITKAMP, HEIDI",ND,DEM,C00515247,NORTH DAKOTA-ARIZONA VICTORY FUND,54100.0,54099.0,0.0,0.0,0.0,2012-01-01T00:00:00,2012-10-17T00:00:00,2012,49100.0,49000.0,100.0,0.0,0.0,TERMINATION REPORT,2012,False,committee_totals
S2ND00099,"HEITKAMP, HEIDI",ND,DEM,C00520924,NORTH DAKOTA GRASSROOTS VICTORY FUND 2012,6157.57,6186.2,0.0,0.0,0.0,2013-01-01T00:00:00,2013-06-30T00:00:00,2014,0.0,0.0,0.0,,,TERMINATION REPORT,2013,False,committee_totals
S2ND00099,"HEITKAMP, HEIDI",ND,DEM,C00520924,NORTH DAKOTA GRASSROOTS VICTORY FUND 2012,162530.0,151455.54,28.63,28.63,0.0,2012-04-01T00:00:00,2012-12-31T00:00:00,2012,60430.0,53250.0,7180.0,,,YEAR-END,2012,False,committee_totals
S2ND00099,"HEITKAMP, HEIDI",ND,DEM,C00528786,OFF THE SIDELINES HI-ND-NV-WI,125688.0,125687.59,0.0,0.0,0.0,2012-07-01T00:00:00,2012-11-26T00:00:00,2012,114188.0,113850.0,338.0,,,TERMINATION REPORT,2012,False,committee_totals
S2ND00099,"HEITKAMP, HEIDI",ND,DEM,C00655662,SECURE THE HEARTLAND FUND,82156.0,82155.0,0.0,0.0,0.0,2017-07-01T00:00:00,2018-06-30T00:00:00,2018,71800.0,71050.0,750.0,0.0,0.0,TERMINATION REPORT,2018,False,committee_totals
S2ND00099,"HEITKAMP, HEIDI",ND,DEM,C00667501,SENATE 2018 IMPACT,697069.0,697069.0,0.0,0.0,0.0,2018-01-01T00:00:00,2018-06-30T00:00:00,2018,617369.0,617369.0,0.0,0.0,0.0,TERMINATION REPORT,2018,False,committee_totals
S2ND00099,"HEITKAMP, HEIDI",ND,DEM,C00636811,SENATE IMPACT: ND & WV,97720.0,97719.0,0.0,0.0,0.0,2017-04-01T00:00:00,2017-09-30T00:00:00,2018,84920.0,84900.0,20.0,0.0,0.0,TERMINATION REPORT,2017,False,committee_totals
S2ND00099,"HEITKAMP, HEIDI",ND,DEM,C00633578,SENATE IMPACT: WI & ND,95200.72,95199.0,0.0,0.0,0.0,2017-01-01T00:00:00,2017-10-13T00:00:00,2018,95200.0,95100.0,100.0,0.0,0.0,TERMINATION REPORT,2017,False,committee_totals
S2ND00099,"HEITKAMP, HEIDI",ND,DEM,C00662916,SENATE IMPACT WI & ND 2018,72500.0,72499.0,0.0,0.0,0.0,2017-10-01T00:00:00,2018-06-30T00:00:00,2018,62500.0,62500.0,0.0,0.0,0.0,TERMINATION REPORT,2018,False,committee_totals
S2ND00099,"HEITKAMP, HEIDI",ND,DEM,C00653469,SHAHEEN HEITKAMP VICTORY FUND,125.0,125.0,0.0,0.0,0.0,2017-07-01T00:00:00,2018-12-31T00:00:00,2018,125.0,0.0,125.0,0.0,0.0,TERMINATION REPORT,2018,False,committee_totals
S2ND00099,"HEITKAMP, HEIDI",ND,DEM,C00512277,TEXANS FOR A PROGRESSIVE SENATE,356475.0,356473.0,0.0,0.0,0.0,2012-01-01T00:00:00,2012-09-30T00:00:00,2012,355475.0,354600.0,875.0,0.0,0.0,TERMINATION REPORT,2012,False,committee_totals
S2ND00099,"HEITKAMP, HEIDI",ND,DEM,C00505552,UPNORTH PAC,20099.16,19962.01,0.0,0.0,0.0,2025-01-01T00:00:00,2026-03-04T00:00:00,2026,12950.0,12950.0,0.0,,,TERMINATION REPORT,2026,False,committee_totals
S2ND00099,"HEITKAMP, HEIDI",ND,DEM,C00505552,UPNORTH PAC,27653.76,722721.33,-137.15,-137.15,15758.04,2023-01-01T00:00:00,2024-12-31T00:00:00,2024,1000.04,1000.0,0.04,,,YEAR-END,2024,False,committee_totals
S2ND00099,"HEITKAMP, HEIDI",ND,DEM,C00527713,WOMEN 2 WIN,0.0,18490.66,0.0,0.0,0.0,2013-01-01T00:00:00,2013-03-31T00:00:00,2014,0.0,0.0,0.0,,,TERMINATION REPORT,2013,False,committee_totals
S2ND00099,"HEITKAMP, HEIDI",ND,DEM,C00527713,WOMEN 2 WIN,364120.0,332868.92,18490.66,18490.66,0.0,2012-07-01T00:00:00,2012-12-31T00:00:00,2012,364120.0,362800.0,1320.0,,,YEAR-END,2012,False,committee_totals
S2ND00099,"HEITKAMP, HEIDI",ND,DEM,C00525493,WOMEN HOLD THE LINE,8650.0,8650.0,0.0,0.0,0.0,2012-07-01T00:00:00,2012-11-26T00:00:00,2012,8650.0,8650.0,0.0,0.0,0.0,TERMINATION REPORT,2012,False,committee_totals
S2ND00099,"HEITKAMP, HEIDI",ND,DEM,C00685057,WOMEN ON THE ROAD 2018,0.0,57.29,0.0,0.0,0.0,2019-01-01T00:00:00,2019-03-14T00:00:00,2020,0.0,0.0,0.0,,,TERMINATION REPORT,2019,False,committee_totals
S2ND00099,"HEITKAMP, HEIDI",ND,DEM,C00685057,WOMEN ON THE ROAD 2018,41516.93,41459.64,57.29,57.29,0.0,2018-07-01T00:00:00,2018-12-31T00:00:00,2018,41500.0,41500.0,0.0,,,YEAR-END,2018,False,committee_totals
S2ND00099,"HEITKAMP, HEIDI",ND,DEM,C00511642,WOMEN ON THE ROAD TO THE SENATE: 12 AND COUNTING - BAY AREA,388850.0,388850.0,0.0,0.0,0.0,2012-02-02T00:00:00,2012-08-13T00:00:00,2012,385850.0,385250.0,600.0,,,TERMINATION REPORT,2012,False,committee_totals
S2ND00099,"HEITKAMP, HEIDI",ND,DEM,C00519405,WOMEN ON THE ROAD TO THE SENATE 12 AND COUNTING - BOSTON,139750.0,139750.0,0.0,0.0,0.0,2012-04-19T00:00:00,2012-11-26T00:00:00,2012,134750.0,134750.0,0.0,,,TERMINATION REPORT,2012,False,committee_totals
S2ND00099,"HEITKAMP, HEIDI",ND,DEM,C00511626,WOMEN ON THE ROAD TO THE SENATE: 12 AND COUNTING -DENVER,92300.0,92300.0,0.0,0.0,0.0,2012-02-02T00:00:00,2012-08-13T00:00:00,2012,82300.0,81750.0,550.0,,,TERMINATION REPORT,2012,False,committee_totals
S2ND00099,"HEITKAMP, HEIDI",ND,DEM,C00511659,WOMEN ON THE ROAD TO THE SENATE: 12 AND COUNTING-LOS ANGELES,267250.0,267250.0,0.0,0.0,0.0,2012-02-02T00:00:00,2012-08-13T00:00:00,2012,266250.0,266050.0,200.0,,,TERMINATION REPORT,2012,False,committee_totals
S2ND00099,"HEITKAMP, HEIDI",ND,DEM,C00519462,WOMEN ON THE ROAD TO THE SENATE 12 AND COUNTING-NEW YORK CITY,157646.75,157646.75,0.0,0.0,0.0,2012-04-20T00:00:00,2012-11-26T00:00:00,2012,157325.0,157300.0,25.0,,,TERMINATION REPORT,2012,False,committee_totals
S2ND00099,"HEITKAMP, HEIDI",ND,DEM,C00511634,WOMEN ON THE ROAD TO THE SENATE: 12 AND COUNTING-SEATTLE,253000.0,253000.0,0.0,0.0,0.0,2012-02-02T00:00:00,2012-08-13T00:00:00,2012,251500.0,251000.0,500.0,,,TERMINATION REPORT,2012,False,committee_totals
S4AZ00279,"HERNANDEZ, ARTURO",AZ,GRE,C00872937,ARTURO FOR ARIZONA,0.0,0.0,0.0,0.0,0.0,2024-01-01T00:00:00,2024-03-31T00:00:00,2024,0.0,0.0,0.0,0.0,0.0,APRIL QUARTERLY,2024,True,committee_totals
S6OK04247,"HERN, KEVIN",OK,REP,C00943142,HERN FOR SENATE,8284047.86,67761.21,8216286.65,8216286.65,5050000.0,2026-01-01T00:00:00,2026-03-31T00:00:00,2026,592563.64,565743.58,26820.06,0.0,0.0,APRIL QUARTERLY,2026,True,committee_totals
S6SC04346,"HERRMANN, PATRICK JOSEPH",SC,REP,C00940239,PATRICK HERRMANN FOR U.S. SENATE,15467.37,3384.1,12083.27,12083.27,0.0,2026-01-01T00:00:00,2026-03-31T00:00:00,2026,292.37,0.0,292.37,0.0,0.0,APRIL QUARTERLY,2026,True,committee_totals
S6MI00384,"HEURTEBISE, FREDERICK",MI,REP,C00897736,FREDERICK HEURTEBISE FOR US SENATE,10058.6,10058.6,0.0,0.0,0.0,2025-01-01T00:00:00,2025-05-03T00:00:00,2026,10058.6,8901.37,1157.23,0.0,0.0,TERMINATION REPORT,2025,True,committee_totals
S0CO00575,"HICKENLOOPER, JOHN W.",CO,DEM,C00716720,HICKENLOOPER FOR COLORADO,6818283.07,4217907.35,4036008.7,4036008.7,0.0,2025-01-01T00:00:00,2026-03-31T00:00:00,2026,4920780.46,3807354.17,1113426.29,0.0,86238.41,APRIL QUARTERLY,2026,True,committee_totals
S0CO00575,"HICKENLOOPER, JOHN W.",CO,DEM,C00716720,HICKENLOOPER FOR COLORADO,1160079.25,954664.22,1435632.98,1435632.98,0.0,2023-01-01T00:00:00,2024-12-31T00:00:00,2024,928610.79,720093.71,208517.08,0.0,30626.29,YEAR-END,2024,True,committee_totals
S0CO00575,"HICKENLOOPER, JOHN W.",CO,DEM,C00716720,HICKENLOOPER FOR COLORADO,1005916.94,1417782.01,1230217.95,1230217.95,0.0,2021-01-01T00:00:00,2022-12-31T00:00:00,2022,845397.75,421202.26,424195.49,0.0,4877.36,YEAR-END,2022,True,committee_totals
S0CO00575,"HICKENLOOPER, JOHN W.",CO,DEM,C00716720,HICKENLOOPER FOR COLORADO,44246118.41,42604035.39,1642083.02,1642083.02,0.0,2019-08-22T00:00:00,2020-12-31T00:00:00,2020,39863159.07,25067941.16,14795217.91,5600.0,4040.56,YEAR-END,2020,True,committee_totals
S0IN00061,"HILL, BARON P",IN,DEM,C00578880,BARON HILL FOR INDIANA,1060.65,8128.77,47403.61,47403.61,0.0,2025-01-01T00:00:00,2026-03-31T00:00:00,2026,0.0,0.0,0.0,0.0,1060.65,APRIL QUARTERLY,2026,True,committee_totals
S0IN00061,"HILL, BARON P",IN,DEM,C00578880,BARON HILL FOR INDIANA,4156.58,32793.89,54471.73,54471.73,0.0,2023-01-01T00:00:00,2024-12-31T00:00:00,2024,0.0,0.0,0.0,0.0,4156.58,YEAR-END,2024,True,committee_totals
S0IN00061,"HILL, BARON P",IN,DEM,C00578880,BARON HILL FOR INDIANA,387.0,23798.87,83109.04,83109.04,0.0,2021-01-01T00:00:00,2022-12-31T00:00:00,2022,0.0,0.0,0.0,0.0,387.0,YEAR-END,2022,True,committee_totals
S0IN00061,"HILL, BARON P",IN,DEM,C00578880,BARON HILL FOR INDIANA,489.35,55865.1,105467.01,105467.01,0.0,2019-01-01T00:00:00,2020-12-31T00:00:00,2020,0.0,0.0,0.0,0.0,489.35,YEAR-END,2020,True,committee_totals
S0IN00061,"HILL, BARON P",IN,DEM,C00578880,BARON HILL FOR INDIANA,153.94,74861.0,160842.76,160842.76,0.0,2017-01-01T00:00:00,2018-12-31T00:00:00,2018,0.0,0.0,0.0,0.0,9.56,YEAR-END,2018,True,committee_totals
S0IN00061,"HILL, BARON P",IN,DEM,C00578880,BARON HILL FOR INDIANA,1386201.64,1150649.0,235551.0,235551.0,0.0,2015-04-01T00:00:00,2016-12-31T00:00:00,2016,1016063.0,826345.0,189716.0,0.0,2976.96,YEAR-END,2016,True,committee_totals
S0IN00061,"HILL, BARON P",IN,DEM,C00238048,HOOSIERS FOR BARON HILL,59878.0,65208.0,0.0,0.0,3137.0,1991-01-01T00:00:00,1992-12-31T00:00:00,1992,44541.0,,,0.0,,YEAR-END,1992,True,committee_totals
S0IN00061,"HILL, BARON P",IN,DEM,C00238048,HOOSIERS FOR BARON HILL,1081327.0,1075998.0,5329.0,5329.0,16194.0,1989-08-01T00:00:00,1990-12-31T00:00:00,1990,543113.0,,,1000.0,,YEAR-END,1990,True,committee_totals
S4VA00148,"HILL, SHAK",VA,REP,C00546705,FRIENDS OF SHAK HILL,0.0,0.0,1083.11,1083.11,116838.38,2023-01-01T00:00:00,2024-06-30T00:00:00,2024,0.0,0.0,0.0,0.0,0.0,JULY QUARTERLY,2024,True,committee_totals
S4VA00148,"HILL, SHAK",VA,REP,C00546705,FRIENDS OF SHAK HILL,0.0,0.0,1083.11,1083.11,116838.38,2021-01-01T00:00:00,2022-12-31T00:00:00,2022,0.0,0.0,0.0,0.0,0.0,YEAR-END,2022,True,committee_totals
S4VA00148,"HILL, SHAK",VA,REP,C00546705,FRIENDS OF SHAK HILL,0.0,0.0,1083.11,1083.11,116838.38,2019-01-01T00:00:00,2020-12-31T00:00:00,2020,0.0,0.0,0.0,0.0,0.0,YEAR-END,2020,True,committee_totals
S4VA00148,"HILL, SHAK",VA,REP,C00546705,FRIENDS OF SHAK HILL,4600.0,4600.0,1083.11,1083.11,116838.38,2017-01-01T00:00:00,2018-12-31T00:00:00,2018,0.0,0.0,0.0,0.0,0.0,YEAR-END,2018,True,committee_totals
S4VA00148,"HILL, SHAK",VA,REP,C00546705,FRIENDS OF SHAK HILL,4837.0,17446.0,1083.0,1083.0,116838.0,2015-01-01T00:00:00,2016-12-31T00:00:00,2016,4787.0,1970.0,2817.0,0.0,0.0,YEAR-END,2016,True,committee_totals
S4VA00148,"HILL, SHAK",VA,REP,C00546705,FRIENDS OF SHAK HILL,188548.0,174852.0,13694.0,13694.0,119727.0,2013-06-21T00:00:00,2014-12-31T00:00:00,2014,80010.0,45921.0,34089.0,0.0,0.0,YEAR-END,2014,True,committee_totals
S2HI00106,"HIRONO, MAZIE K.",HI,DEM,C00420760,FRIENDS OF MAZIE HIRONO,486874.86,499060.49,1393689.22,1393689.22,0.0,2025-01-01T00:00:00,2026-03-31T00:00:00,2026,443149.17,269137.12,174012.05,0.0,10471.46,APRIL QUARTERLY,2026,True,committee_totals
S2HI00106,"HIRONO, MAZIE K.",HI,DEM,C00420760,FRIENDS OF MAZIE HIRONO,3292048.88,2799353.34,1405874.85,1405874.85,0.0,2023-01-01T00:00:00,2024-12-31T00:00:00,2024,2064894.06,1560596.17,504297.89,0.0,22353.21,YEAR-END,2024,True,committee_totals
S2HI00106,"HIRONO, MAZIE K.",HI,DEM,C00420760,FRIENDS OF MAZIE HIRONO,957488.76,888149.33,913179.31,913179.31,0.0,2021-01-01T00:00:00,2022-12-31T00:00:00,2022,737831.69,553935.07,183896.62,0.0,2150.63,YEAR-END,2022,True,committee_totals
S2HI00106,"HIRONO, MAZIE K.",HI,DEM,C00420760,FRIENDS OF MAZIE HIRONO,797442.02,950475.6,843839.88,843839.88,125000.0,2019-01-01T00:00:00,2020-12-31T00:00:00,2020,656135.27,400680.93,255454.34,0.0,0.0,YEAR-END,2020,True,committee_totals
S2HI00106,"HIRONO, MAZIE K.",HI,DEM,C00420760,FRIENDS OF MAZIE HIRONO,3275240.47,3091303.28,996873.46,996873.46,125000.0,2017-01-01T00:00:00,2018-12-31T00:00:00,2018,1908750.81,1459189.0,449559.81,0.0,0.0,YEAR-END,2018,True,committee_totals
S2HI00106,"HIRONO, MAZIE K.",HI,DEM,C00420760,FRIENDS OF MAZIE HIRONO,1030529.0,425347.0,812934.0,812934.0,125000.0,2015-01-01T00:00:00,2016-12-31T00:00:00,2016,732570.0,693230.0,39337.0,0.0,0.0,YEAR-END,2016,True,committee_totals
S2HI00106,"HIRONO, MAZIE K.",HI,DEM,C00420760,FRIENDS OF MAZIE HIRONO,638048.0,507620.0,207753.0,207753.0,125000.0,2013-01-01T00:00:00,2014-12-31T00:00:00,2014,467960.0,384998.0,73959.0,0.0,10961.0,YEAR-END,2014,True,committee_totals
S2HI00106,"HIRONO, MAZIE K.",HI,DEM,C00420760,FRIENDS OF MAZIE HIRONO,5518572.0,5657753.57,77323.0,77323.0,241951.0,2011-01-01T00:00:00,2012-12-31T00:00:00,2012,4136454.0,2932770.0,1203681.0,0.0,13.0,YEAR-END,2012,True,committee_totals
S2HI00106,"HIRONO, MAZIE K.",HI,DEM,C00420760,FRIENDS OF MAZIE HIRONO,992526.31,1102377.06,216505.65,216505.65,127099.25,2009-01-01T00:00:00,2010-12-31T00:00:00,2010,525077.1,485353.99,39723.11,0.0,1809.08,YEAR-END,2010,True,committee_totals
S2HI00106,"HIRONO, MAZIE K.",HI,DEM,C00420760,FRIENDS OF MAZIE HIRONO,1240406.12,970824.48,326356.4,326356.4,136369.51,2007-01-01T00:00:00,2008-12-31T00:00:00,2008,745729.18,692809.17,52920.01,0.0,4397.91,YEAR-END,2008,True,committee_totals
S2HI00106,"HIRONO, MAZIE K.",HI,DEM,C00420760,FRIENDS OF MAZIE HIRONO,1431768.03,1374993.27,56774.76,56774.76,140050.0,2006-01-01T00:00:00,2006-12-31T00:00:00,2006,918220.56,783418.47,134802.09,0.0,0.0,YEAR-END,2006,True,committee_totals
S2NV00332,"HOCKSTEDLER, WILLIAM ERIC",NV,REP,C00787689,HOCKSTEDLER FOR U.S. SENATE,0.0,11627.0,500.55,500.55,2530.62,2025-01-01T00:00:00,2025-02-18T00:00:00,2026,0.0,0.0,0.0,0.0,0.0,TERMINATION REPORT,2025,True,committee_totals
S2NV00332,"HOCKSTEDLER, WILLIAM ERIC",NV,REP,C00787689,HOCKSTEDLER FOR U.S. SENATE,1050.0,0.0,500.0,500.0,0.0,2023-01-01T00:00:00,2024-12-31T00:00:00,2024,1050.0,750.0,300.0,0.0,0.0,YEAR-END,2024,True,committee_totals
S2NV00332,"HOCKSTEDLER, WILLIAM ERIC",NV,REP,C00787689,HOCKSTEDLER FOR U.S. SENATE,135049.69,123972.14,11077.55,11077.55,14157.62,2021-07-01T00:00:00,2022-12-31T00:00:00,2022,5949.69,5360.0,589.69,9300.0,0.0,YEAR-END,2022,True,committee_totals
S0ND00093,"HOEVEN, JOHN",ND,REP,C00473371,HOEVEN FOR SENATE,335530.53,251102.44,651732.04,651732.04,100000.0,2025-01-01T00:00:00,2026-03-31T00:00:00,2026,149803.0,149900.0,-97.0,0.0,0.0,APRIL QUARTERLY,2026,True,committee_totals
S0ND00093,"HOEVEN, JOHN",ND,REP,C00473371,HOEVEN FOR SENATE,530749.5,484008.75,567303.95,567303.95,100000.0,2023-01-01T00:00:00,2024-12-31T00:00:00,2024,217984.65,191690.0,26294.65,0.0,9.22,YEAR-END,2024,True,committee_totals
S0ND00093,"HOEVEN, JOHN",ND,REP,C00473371,HOEVEN FOR SENATE,3320462.86,4897216.67,520563.2,520563.2,100000.0,2021-01-01T00:00:00,2022-12-31T00:00:00,2022,1165326.08,1097241.0,68085.08,0.0,0.02,YEAR-END,2022,True,committee_totals
S0ND00093,"HOEVEN, JOHN",ND,REP,C00473371,HOEVEN FOR SENATE,745918.47,402834.02,2097317.01,2097317.01,100000.0,2019-01-01T00:00:00,2020-12-31T00:00:00,2020,332197.73,260759.42,71438.31,0.0,0.0,YEAR-END,2020,True,committee_totals
S0ND00093,"HOEVEN, JOHN",ND,REP,C00473371,HOEVEN FOR SENATE,372455.22,466189.63,1754232.56,1754232.56,100000.0,2017-01-01T00:00:00,2018-12-31T00:00:00,2018,166262.22,160270.0,5992.22,0.0,0.0,YEAR-END,2018,True,committee_totals
S0ND00093,"HOEVEN, JOHN",ND,REP,C00473371,HOEVEN FOR SENATE,2943354.0,2064342.0,1822584.0,1822584.0,100000.0,2015-01-01T00:00:00,2016-12-31T00:00:00,2016,1264087.0,1168676.0,95410.0,100000.0,0.0,YEAR-END,2016,True,committee_totals
S0ND00093,"HOEVEN, JOHN",ND,REP,C00473371,HOEVEN FOR SENATE,443046.0,188669.0,1023694.0,1023694.0,100000.0,2013-01-01T00:00:00,2014-12-31T00:00:00,2014,243830.0,206025.0,37805.0,0.0,0.0,YEAR-END,2014,True,committee_totals
S0ND00093,"HOEVEN, JOHN",ND,REP,C00473371,HOEVEN FOR SENATE,226089.0,375129.0,755646.0,755646.0,100000.0,2011-01-01T00:00:00,2012-12-31T00:00:00,2012,75782.0,65875.0,9907.0,0.0,0.0,YEAR-END,2012,True,committee_totals
S0ND00093,"HOEVEN, JOHN",ND,REP,C00473371,HOEVEN FOR SENATE,3801481.0,2909158.0,892323.0,892323.0,100000.0,2009-12-26T00:00:00,2010-12-31T00:00:00,2010,2312171.0,2042198.0,269972.0,30626.0,0.0,YEAR-END,2010,True,committee_totals
S4MD00483,"HOGAN, LARRY",MD,REP,C00869016,HOGAN FOR MARYLAND INC.,142947.61,296257.42,0.0,0.0,9357.08,2025-01-01T00:00:00,2026-03-31T00:00:00,2026,19160.13,17842.27,1317.86,0.0,55000.0,APRIL QUARTERLY,2026,True,committee_totals
S4MD00483,"HOGAN, LARRY",MD,REP,C00869016,HOGAN FOR MARYLAND INC.,12249553.37,12096243.56,153309.81,153309.81,718190.06,2024-01-01T00:00:00,2024-12-31T00:00:00,2024,6056832.99,4729854.29,1326978.7,0.0,0.0,YEAR-END,2024,True,committee_totals
S6LA00490,"HOLDER, CHRISTOPHER LEE MR.",LA,REP,C00893297,CHRIS HOLDER FOR SENATE,7600.0,3500.0,4100.0,4100.0,7600.0,2024-11-27T00:00:00,2024-12-31T00:00:00,2024,0.0,0.0,0.0,0.0,0.0,YEAR-END,2024,True,committee_totals
S2OK00194,"HOLLAND, LUCAS",OK,REP,C00806935,LUKE HOLLAND FOR SENATE,692.06,968.49,0.0,0.0,167140.16,2025-01-01T00:00:00,2026-03-31T00:00:00,2026,0.0,0.0,0.0,692.06,0.0,APRIL QUARTERLY,2026,True,committee_totals
S2OK00194,"HOLLAND, LUCAS",OK,REP,C00806935,LUKE HOLLAND FOR SENATE,12256.26,12919.93,276.43,276.43,167140.16,2023-01-01T00:00:00,2024-12-31T00:00:00,2024,0.0,0.0,0.0,0.0,0.0,YEAR-END,2024,True,committee_totals
S2OK00194,"HOLLAND, LUCAS",OK,REP,C00806935,LUKE HOLLAND FOR SENATE,1293722.07,1292781.97,940.1,940.1,176140.16,2022-02-25T00:00:00,2022-12-31T00:00:00,2022,968058.78,951701.78,16357.0,0.0,0.0,YEAR-END,2022,True,committee_totals
S6SC04189,"HOLLIMAN, ETHAN CLAY",SC,REP,C00865642,HOLLIMAN FOR SENATE,0.0,0.0,0.0,0.0,10000.0,2025-01-01T00:00:00,2025-12-31T00:00:00,2026,0.0,0.0,0.0,0.0,0.0,YEAR-END,2025,True,committee_totals
S6SC04189,"HOLLIMAN, ETHAN CLAY",SC,REP,C00865642,HOLLIMAN FOR SENATE,20270.0,20270.0,0.0,0.0,10000.0,2024-01-01T00:00:00,2024-12-31T00:00:00,2024,270.0,0.0,270.0,0.0,0.0,YEAR-END,2024,True,committee_totals
S2WA00460,"HOLYK, ISAAC A",WA,REP,C00813261,ISAAC HOLYK FOR SENATE,1077.63,1024.51,106.0,106.0,0.0,2025-01-01T00:00:00,2026-03-31T00:00:00,2026,1067.63,0.0,1067.63,0.0,0.0,APRIL QUARTERLY,2026,True,committee_totals
S2WA00460,"HOLYK, ISAAC A",WA,REP,C00813261,ISAAC HOLYK FOR SENATE,8368.37,7963.75,65.08,65.08,0.0,2024-01-01T00:00:00,2024-12-31T00:00:00,2024,6602.39,5201.98,1400.41,10.0,15.98,YEAR-END,2024,True,committee_totals
S4MI00454,"HOOVER, MICHAEL",MI,REP,C00832618,MICHAEL HOOVER FOR SENATE,0.0,0.0,1660.59,1660.59,72992.99,2025-01-01T00:00:00,2026-03-31T00:00:00,2026,0.0,0.0,0.0,0.0,0.0,APRIL QUARTERLY,2026,True,committee_totals
S4MI00454,"HOOVER, MICHAEL",MI,REP,C00832618,MICHAEL HOOVER FOR SENATE,236591.72,234931.13,1660.59,1660.59,72992.99,2023-01-01T00:00:00,2024-12-31T00:00:00,2024,35229.31,30575.0,4654.31,120.56,0.0,YEAR-END,2024,True,committee_totals
S2IN00109,"HORNING, ANDY",IN,LIB,C00836999,HORNING FOR SENATE,1446.0,1246.44,1207.83,1207.83,0.0,2024-07-01T00:00:00,2024-12-31T00:00:00,2024,1446.0,575.0,871.0,0.0,0.0,YEAR-END,2024,True,committee_totals
S2IN00109,"HORNING, ANDY",IN,LIB,C00520163,HORNING FOR SENATE ,0.0,19.0,1966.0,1966.0,0.0,2013-02-01T00:00:00,2013-04-08T00:00:00,2014,0.0,0.0,0.0,0.0,0.0,TERMINATION REPORT,2013,True,committee_totals
S2IN00109,"HORNING, ANDY",IN,LIB,C00520163,HORNING FOR SENATE ,4907.0,2923.0,1986.0,1986.0,0.0,2011-09-18T00:00:00,2013-01-31T00:00:00,2012,4707.0,2203.0,2503.0,0.0,0.0,YEAR-END,2012,True,committee_totals
S2IN00109,"HORNING, ANDY",IN,LIB,C00664631,HORNING FOR SENATE COMMITTEE,1217.0,1217.0,0.0,0.0,0.0,2017-10-01T00:00:00,2018-04-18T00:00:00,2018,900.0,500.0,400.0,317.0,0.0,PRE-PRIMARY,2018,True,committee_totals
S2OK00152,"HORN, MADISON",OK,DEM,C00792184,OKLAHOMANS FOR MADISON,591403.83,575447.17,16121.6,16121.6,7589.74,2023-01-01T00:00:00,2024-11-25T00:00:00,2024,562642.1,375133.1,187509.0,19539.37,0.0,POST-GENERAL,2024,True,committee_totals
S2OK00152,"HORN, MADISON",OK,DEM,C00792184,OKLAHOMANS FOR MADISON,372106.81,371942.14,164.67,164.67,19629.87,2021-10-01T00:00:00,2022-12-31T00:00:00,2022,346551.94,218467.02,128084.92,4675.0,250.0,YEAR-END,2022,True,committee_totals
S8MN00586,"HOUSLEY, KARIN",MN,REP,C00664219,HOUSLEY FOR SENATE COMMITTEE,0.0,1405.0,3487.6,3487.6,0.0,2025-01-01T00:00:00,2025-06-30T00:00:00,2026,0.0,0.0,0.0,0.0,0.0,JULY QUARTERLY,2025,True,committee_totals
S8MN00586,"HOUSLEY, KARIN",MN,REP,C00664219,HOUSLEY FOR SENATE COMMITTEE,650.0,3250.0,4892.6,4892.6,0.0,2023-01-01T00:00:00,2024-12-31T00:00:00,2024,0.0,0.0,0.0,0.0,0.0,YEAR-END,2024,True,committee_totals
S8MN00586,"HOUSLEY, KARIN",MN,REP,C00664219,HOUSLEY FOR SENATE COMMITTEE,1000.0,3175.0,7492.6,7492.6,0.0,2021-01-01T00:00:00,2022-12-31T00:00:00,2022,0.0,0.0,0.0,0.0,1000.0,YEAR-END,2022,True,committee_totals
S8MN00586,"HOUSLEY, KARIN",MN,REP,C00664219,HOUSLEY FOR SENATE COMMITTEE,24453.19,30527.02,9667.6,9667.6,0.0,2019-01-01T00:00:00,2020-12-31T00:00:00,2020,0.0,0.0,0.0,0.0,131.33,YEAR-END,2020,True,committee_totals
S8MN00586,"HOUSLEY, KARIN",MN,REP,C00664219,HOUSLEY FOR SENATE COMMITTEE,4697809.09,4682067.29,15741.43,15741.43,18618.8,2017-10-01T00:00:00,2018-12-31T00:00:00,2018,3829946.46,2782146.46,1047799.0,5400.0,0.0,YEAR-END,2018,True,committee_totals
S4WI00256,"HOVDE, ERIC",WI,REP,C00870139,HOVDE FOR WISCONSIN,-1746.35,123449.91,10163.54,10163.54,20000000.0,2025-01-01T00:00:00,2026-03-31T00:00:00,2026,-2314.35,-554.16,-1760.19,0.0,0.0,APRIL QUARTERLY,2026,True,committee_totals
S4WI00256,"HOVDE, ERIC",WI,REP,C00870139,HOVDE FOR WISCONSIN,31802868.25,31667508.45,135359.8,135359.8,20000000.0,2024-01-01T00:00:00,2024-12-31T00:00:00,2024,9273476.1,6334890.33,2938585.77,0.0,0.0,YEAR-END,2024,True,committee_totals
S2WI00268,"HOVDE, ERIC D",WI,REP,C00515510,HOVDE FOR SENATE COMMITTEE,0.0,0.0,0.0,0.0,0.0,2017-01-01T00:00:00,2017-06-30T00:00:00,2018,0.0,0.0,0.0,0.0,0.0,TERMINATION REPORT,2017,True,committee_totals
S2WI00268,"HOVDE, ERIC D",WI,REP,C00515510,HOVDE FOR SENATE COMMITTEE,456.0,6053.0,0.0,0.0,0.0,2015-01-01T00:00:00,2016-12-31T00:00:00,2016,0.0,0.0,0.0,456.0,0.0,YEAR-END,2016,True,committee_totals
S2WI00268,"HOVDE, ERIC D",WI,REP,C00515510,HOVDE FOR SENATE COMMITTEE,31337.0,32144.0,5597.0,5597.0,84813.0,2013-01-01T00:00:00,2014-12-31T00:00:00,2014,0.0,0.0,0.0,28769.0,0.0,YEAR-END,2014,True,committee_totals
S2WI00268,"HOVDE, ERIC D",WI,REP,C00515510,HOVDE FOR SENATE COMMITTEE,6347593.0,6341188.0,6404.0,6404.0,372036.0,2012-01-31T00:00:00,2012-12-31T00:00:00,2012,455132.0,405398.0,49734.0,5622600.0,0.0,YEAR-END,2012,True,committee_totals
S2WI00268,"HOVDE, ERIC D",WI,REP,C00870139,HOVDE FOR WISCONSIN,-1746.35,123449.91,10163.54,10163.54,20000000.0,2025-01-01T00:00:00,2026-03-31T00:00:00,2026,-2314.35,-554.16,-1760.19,0.0,0.0,APRIL QUARTERLY,2026,True,committee_totals
S2WI00268,"HOVDE, ERIC D",WI,REP,C00870139,HOVDE FOR WISCONSIN,31802868.25,31667508.45,135359.8,135359.8,20000000.0,2024-01-01T00:00:00,2024-12-31T00:00:00,2024,9273476.1,6334890.33,2938585.77,0.0,0.0,YEAR-END,2024,True,committee_totals
S6MI00467,"HOWARD, RACHEL ELIZABETH",MI,DEM,C00906867,RACHEL FOR US SENATE,10937.0,6170.77,4766.23,4766.23,3287.0,2025-04-01T00:00:00,2025-09-30T00:00:00,2026,7650.0,7000.0,650.0,0.0,0.0,OCTOBER QUARTERLY,2025,True,committee_totals
S0IL00501,"HUBBARD, PEGGY",IL,REP,C00696815,"PEGGY HUBBARD FOR US SENATE, INC.",0.0,0.0,6535.87,6535.87,0.0,2025-01-01T00:00:00,2026-03-31T00:00:00,2026,0.0,0.0,0.0,0.0,0.0,APRIL QUARTERLY,2026,True,committee_totals
S0IL00501,"HUBBARD, PEGGY",IL,REP,C00696815,"PEGGY HUBBARD FOR US SENATE, INC.",44.0,1019.1,6535.87,6535.87,0.0,2023-01-01T00:00:00,2024-12-31T00:00:00,2024,0.0,0.0,0.0,0.0,0.0,YEAR-END,2024,True,committee_totals
S0IL00501,"HUBBARD, PEGGY",IL,REP,C00696815,"PEGGY HUBBARD FOR US SENATE, INC.",58898.32,56587.01,7510.97,7510.97,600.0,2021-01-01T00:00:00,2022-12-31T00:00:00,2022,54387.56,25750.0,28637.56,0.0,3735.0,YEAR-END,2022,True,committee_totals
S0IL00501,"HUBBARD, PEGGY",IL,REP,C00696815,"PEGGY HUBBARD FOR US SENATE, INC.",200781.77,195582.11,5199.66,5199.66,9069.34,2019-01-01T00:00:00,2020-12-31T00:00:00,2020,190904.73,44692.0,146212.73,0.0,0.0,YEAR-END,2020,True,committee_totals
S6AL00443,"HUDSON, JARED",AL,REP,C00906453,HUDSON FOR ALABAMA,1403340.26,782943.87,620396.39,620396.39,56450.16,2025-05-28T00:00:00,2026-03-31T00:00:00,2026,1398224.05,1195319.97,202904.08,0.0,0.0,APRIL QUARTERLY,2026,True,committee_totals
S4MT00217,"HUMMERT, MICHAEL",MT,DEM,C00873166,MICHAEL HUMMERT US SENATE CANDIDATE,10900.0,3125.0,8519.73,8519.73,14850.0,2025-01-01T00:00:00,2026-03-31T00:00:00,2026,200.0,0.0,200.0,700.0,0.0,APRIL QUARTERLY,2026,True,committee_totals
S4MT00217,"HUMMERT, MICHAEL",MT,DEM,C00873166,MICHAEL HUMMERT US SENATE CANDIDATE,7230.0,6485.27,744.73,744.73,4850.0,2024-02-23T00:00:00,2024-12-31T00:00:00,2024,230.0,5.0,225.0,0.0,2150.0,YEAR-END,2024,True,committee_totals
S6TX00511,"HUNT, WESLEY",TX,REP,C00701003,HUNT FOR SENATE,2071561.67,4526166.01,32571.82,32571.82,96496.9,2025-01-01T00:00:00,2026-03-31T00:00:00,2026,1376471.65,656046.73,720424.92,0.0,59736.93,APRIL QUARTERLY,2026,True,committee_totals
S6TX00511,"HUNT, WESLEY",TX,REP,C00701003,HUNT FOR CONGRESS,2777010.52,2061471.33,2487176.16,2487176.16,0.0,2023-01-01T00:00:00,2024-12-31T00:00:00,2024,1368341.65,648919.21,719422.44,0.0,6325.79,YEAR-END,2024,True,committee_totals
S6TX00511,"HUNT, WESLEY",TX,REP,C00701003,HUNT FOR CONGRESS,5744702.24,4196080.11,1771636.97,1771636.97,0.0,2021-01-01T00:00:00,2022-12-31T00:00:00,2022,4565388.43,2881163.22,1684225.21,0.0,8179.64,YEAR-END,2022,True,committee_totals
S6TX00511,"HUNT, WESLEY",TX,REP,C00701003,HUNT FOR CONGRESS,7569982.68,7346967.84,223014.84,223014.84,0.0,2019-04-01T00:00:00,2020-12-31T00:00:00,2020,6579228.34,4487392.78,2091835.56,0.0,0.0,YEAR-END,2020,True,committee_totals
S6OH00304,"HUSTED, JON",OH,REP,C00896019,HUSTED FOR SENATE,10518818.26,2357657.71,8161160.55,8161160.55,0.0,2025-01-01T00:00:00,2026-04-15T00:00:00,2026,4287474.31,3122336.68,1165137.63,0.0,0.0,PRE-PRIMARY,2026,True,committee_totals
S2CT00256,"HYDE, ROBERT FINLEY",CT,REP,C00762559,HYDE FOR SENATE,0.0,0.0,0.0,0.0,0.0,2025-01-01T00:00:00,2025-10-20T00:00:00,2026,0.0,0.0,0.0,0.0,0.0,TERMINATION REPORT,2025,True,committee_totals
S2CT00256,"HYDE, ROBERT FINLEY",CT,REP,C00762559,HYDE FOR SENATE,1744.75,3875.61,0.0,0.0,0.0,2023-01-01T00:00:00,2024-12-31T00:00:00,2024,1467.29,500.0,967.29,277.46,0.0,YEAR-END,2024,True,committee_totals
S2CT00256,"HYDE, ROBERT FINLEY",CT,REP,C00762559,HYDE FOR SENATE,0.0,0.0,2130.86,2130.86,8045.0,2021-01-01T00:00:00,2022-12-31T00:00:00,2022,0.0,0.0,0.0,0.0,0.0,YEAR-END,2022,True,committee_totals
S2CT00256,"HYDE, ROBERT FINLEY",CT,REP,C00762559,HYDE FOR SENATE,35563.17,33432.31,2130.86,2130.86,8045.0,2021-01-01T00:00:00,2022-12-31T00:00:00,2022,22918.17,11750.0,11168.17,3100.0,0.0,YEAR-END,2022,True,committee_totals
S8MS00261,"HYDE-SMITH, CINDY",MS,REP,C00675348,CINDY HYDE-SMITH FOR US SENATE,3394174.57,1405313.85,2458624.57,2458624.57,60000.0,2025-01-01T00:00:00,2026-03-31T00:00:00,2026,1703467.87,1615291.37,88176.5,0.0,202.8,APRIL QUARTERLY,2026,True,committee_totals
S8MS00261,"HYDE-SMITH, CINDY",MS,REP,C00675348,CINDY HYDE-SMITH FOR US SENATE,750573.65,593395.67,476763.85,476763.85,60000.0,2023-01-01T00:00:00,2024-12-31T00:00:00,2024,498055.82,431099.39,66956.43,0.0,2617.83,YEAR-END,2024,True,committee_totals
S8MS00261,"HYDE-SMITH, CINDY",MS,REP,C00675348,CINDY HYDE-SMITH FOR US SENATE,882282.65,731239.29,319585.87,319585.87,60000.0,2021-01-01T00:00:00,2022-12-31T00:00:00,2022,775705.62,409461.74,366243.88,0.0,1883.38,YEAR-END,2022,True,committee_totals
S8MS00261,"HYDE-SMITH, CINDY",MS,REP,C00675348,CINDY HYDE-SMITH FOR US SENATE,3405294.27,3290665.82,168542.51,168542.51,60000.0,2019-01-01T00:00:00,2020-12-31T00:00:00,2020,2156065.19,1682622.39,473442.8,0.0,1533.38,YEAR-END,2020,True,committee_totals
S8MS00261,"HYDE-SMITH, CINDY",MS,REP,C00675348,CINDY HYDE-SMITH FOR US SENATE,5545933.3,5492018.91,53914.06,53914.06,0.0,2018-04-01T00:00:00,2018-12-31T00:00:00,2018,3325210.39,2822797.75,502412.64,0.0,1247.62,YEAR-END,2018,True,committee_totals
S4CA00688,"INAM, ZAFAR",CA,DEM,C00843722,INAM FOR US SENATE,0.0,436.0,0.0,0.0,0.0,2025-01-01T00:00:00,2025-11-06T00:00:00,2026,0.0,0.0,0.0,0.0,0.0,TERMINATION REPORT,2025,True,committee_totals
S4CA00688,"INAM, ZAFAR",CA,DEM,C00843722,INAM FOR US SENATE,3931.0,3495.0,436.0,436.0,3495.0,2023-04-01T00:00:00,2024-12-31T00:00:00,2024,436.0,0.0,436.0,0.0,0.0,YEAR-END,2024,True,committee_totals
S4TX00672,"INGALLS, JOSIAH JAMES",TX,REP,C00829135,JOSIAH FOR TEXAS,20.0,35.0,20.0,20.0,0.0,2025-01-01T00:00:00,2026-03-31T00:00:00,2026,20.0,0.0,20.0,0.0,0.0,APRIL QUARTERLY,2026,True,committee_totals
S4TX00672,"INGALLS, JOSIAH JAMES",TX,REP,C00829135,JOSIAH FOR TEXAS,4339.28,5256.53,251.99,251.99,0.0,2022-12-01T00:00:00,2024-12-31T00:00:00,2024,3955.0,3400.0,555.0,40.0,52.24,YEAR-END,2024,True,committee_totals
S2CA00989,"INGRAM, DENARD",CA,DEM,C00770271,DENARD FOR THE US SENATE,15358.42,10348.45,30.97,30.97,0.0,2022-01-01T00:00:00,2022-06-30T00:00:00,2022,562.0,250.0,312.0,14796.42,0.0,JULY QUARTERLY,2022,True,committee_totals
S4OK00083,"INHOFE, JAMES M. SEN.",OK,REP,C00434274,2007 SENATORS' CLASSIC COMMITTEE,829275.0,829274.0,0.0,0.0,0.0,2007-04-01T00:00:00,2008-04-15T00:00:00,2008,73100.0,73100.0,0.0,,,TERMINATION REPORT,2008,False,committee_totals
S4OK00083,"INHOFE, JAMES M. SEN.",OK,REP,C00449850,2008 SENATORS CLASSIC COMMITTEE,681000.0,680998.0,0.0,0.0,0.0,2008-04-01T00:00:00,2008-10-15T00:00:00,2008,45500.0,45500.0,0.0,,0.0,TERMINATION REPORT,2008,False,committee_totals
S4OK00083,"INHOFE, JAMES M. SEN.",OK,REP,C00543637,2013 SENATORS CLASSIC COMMITTEE,885500.0,885499.0,0.0,0.0,0.0,2013-04-01T00:00:00,2013-09-30T00:00:00,2014,34500.0,34500.0,0.0,0.0,0.0,TERMINATION REPORT,2013,False,committee_totals
S4OK00083,"INHOFE, JAMES M. SEN.",OK,REP,C00561845,2014 SENATORS CLASSIC COMMITTEE,1061900.0,1061899.0,0.0,0.0,0.0,2014-04-01T00:00:00,2014-10-15T00:00:00,2014,67900.0,67900.0,0.0,0.0,0.0,TERMINATION REPORT,2014,False,committee_totals
S4OK00083,"INHOFE, JAMES M. SEN.",OK,REP,C00701243,2019 SENATORS CLASSIC COMMITTEE,1316500.0,1316500.0,0.0,0.0,0.0,2019-04-01T00:00:00,2019-09-30T00:00:00,2020,43000.0,43000.0,0.0,0.0,0.0,TERMINATION REPORT,2019,False,committee_totals
S4OK00083,"INHOFE, JAMES M. SEN.",OK,REP,C00299107,CITIZENS FOR ECONOMIC GROWTH COMMITTEE,205700.0,205700.0,0.0,0.0,0.0,1994-10-14T00:00:00,1994-12-31T00:00:00,1994,200700.0,,,0.0,,YEAR-END,1994,False,committee_totals
S4OK00083,"INHOFE, JAMES M. SEN.",OK,REP,C00207993,FUND FOR A CONSERVATIVE FUTURE II,33.4,64121.77,0.0,0.0,0.0,2023-01-01T00:00:00,2023-05-11T00:00:00,2024,0.0,0.0,0.0,,,TERMINATION REPORT,2023,False,committee_totals
S4OK00083,"INHOFE, JAMES M. SEN.",OK,REP,C00381137,INHOFE OKLAHOMA VICTORY 2002 COMMITTEE,2.06,30.75,292.88,292.88,0.0,2003-01-01T00:00:00,2003-06-30T00:00:00,2004,0.0,0.0,0.0,,,TERMINATION REPORT,2003,False,committee_totals
S4OK00083,"INHOFE, JAMES M. SEN.",OK,REP,C00381137,INHOFE OKLAHOMA VICTORY 2002 COMMITTEE,168083.56,167761.99,321.57,321.57,0.0,2002-07-01T00:00:00,2002-12-31T00:00:00,2002,138616.21,134341.21,4275.0,,,YEAR-END,2002,False,committee_totals
S4OK00083,"INHOFE, JAMES M. SEN.",OK,REP,C00433532,INHOFE VICTORY COMMITTEE; THE,96725.0,96724.0,0.0,0.0,0.0,2007-04-01T00:00:00,2008-04-15T00:00:00,2008,78430.0,77600.0,830.0,,,TERMINATION REPORT,2008,False,committee_totals
S4OK00083,"INHOFE, JAMES M. SEN.",OK,REP,C00705616,OKLAHOMA SENATE REPUBLICAN NOMINEE FUND - JIM INHOFE,5841.32,957.9,0.0,0.0,0.0,2019-01-01T00:00:00,2020-08-10T00:00:00,2020,5841.32,0.0,5841.32,,0.0,TERMINATION REPORT,2020,False,committee_totals
S4OK00083,"INHOFE, JAMES M. SEN.",OK,REP,C00705616,OKLAHOMA SENATE REPUBLICAN NOMINEE FUND - JIM INHOFE,-24.34,4859.08,0.0,0.0,0.0,2019-01-01T00:00:00,2020-08-10T00:00:00,2020,-24.34,0.0,-24.34,0.0,0.0,TERMINATION REPORT,2020,False,committee_totals
S4OK00083,"INHOFE, JAMES M. SEN.",OK,REP,C00450205,OKLAHOMA VICTORY COMMITTEE,0.0,0.0,0.0,0.0,0.0,2008-04-01T00:00:00,2008-10-15T00:00:00,2008,0.0,0.0,0.0,,,TERMINATION REPORT,2008,False,committee_totals
S4OK00083,"INHOFE, JAMES M. SEN.",OK,REP,C00297986,WAR ON THE WEST COMMITTEE,0.0,0.0,0.0,0.0,0.0,,1994-10-12T00:00:00,1994,,,,,,TERMINATION REPORT,1994,False,committee_totals
S4OK00083,"INHOFE, JAMES M. SEN.",OK,REP,C00298331,WIN IT ALL IN THE FALL COMMITTEE,175200.0,175199.0,0.0,0.0,0.0,1994-10-01T00:00:00,1994-11-28T00:00:00,1994,34250.0,,,,,POST-GENERAL,1994,False,committee_totals
S4OK00083,"INHOFE, JAMES M. SEN.",OK,REP,C00302281,W/N 1995 COMMITTEE,757506.0,757505.0,0.0,0.0,0.0,1995-04-13T00:00:00,1995-12-31T00:00:00,1996,49500.0,,,,,TERMINATION REPORT,1995,False,committee_totals
S4OK00083,"INHOFE, JAMES M. SEN.",OK,REP,C00317602,W/N 1996 COMMITTEE,0.0,500.0,0.0,0.0,0.0,1997-01-01T00:00:00,1997-02-28T00:00:00,1998,,,,,,MARCH MONTHLY,1997,False,committee_totals
S4OK00083,"INHOFE, JAMES M. SEN.",OK,REP,C00317602,W/N 1996 COMMITTEE,777404.0,776904.0,500.0,500.0,0.0,1996-04-01T00:00:00,1996-12-31T00:00:00,1996,37000.0,,,,,YEAR-END,1996,False,committee_totals
S4OK00083,"INHOFE, JAMES M. SEN.",OK,REP,C00365585,W/N 2001 COMMITTEE,872638.0,872503.0,135.0,135.0,0.0,2001-01-01T00:00:00,2002-12-31T00:00:00,2002,51135.0,,,,,YEAR-END,2002,False,committee_totals
S4OK00083,"INHOFE, JAMES M. SEN.",OK,REP,C00376608,W/N 2002 C0MMITTEE,0.0,0.0,135.0,135.0,0.0,2003-01-01T00:00:00,2003-03-31T00:00:00,2004,0.0,,,,,TERMINATION REPORT,2003,False,committee_totals
S4OK00083,"INHOFE, JAMES M. SEN.",OK,REP,C00376608,W/N 2002 C0MMITTEE,1221728.0,1221592.0,135.0,135.0,0.0,2002-04-01T00:00:00,2002-12-31T00:00:00,2002,62857.0,,,,,YEAR-END,2002,False,committee_totals
S6NH00174,"INNIS, DAN",NH,REP,C00912097,DAN INNIS FOR SENATE,48502.53,48502.53,0.0,0.0,0.0,2025-07-01T00:00:00,2026-01-25T00:00:00,2026,48502.53,46386.52,2116.01,0.0,0.0,TERMINATION REPORT,2026,True,committee_totals
S2VA00167,"JACKSON, EARL W SR",VA,REP,C00495549,JACKSON FOR VIRGINIA,0.0,0.0,312.0,312.0,7922.0,2017-01-01T00:00:00,2017-09-30T00:00:00,2018,0.0,0.0,0.0,0.0,0.0,OCTOBER QUARTERLY,2017,True,committee_totals
S2VA00167,"JACKSON, EARL W SR",VA,REP,C00495549,JACKSON FOR VIRGINIA,500.0,500.0,312.0,312.0,7922.0,2015-01-01T00:00:00,2016-12-31T00:00:00,2016,0.0,0.0,0.0,0.0,0.0,YEAR-END,2016,True,committee_totals
S2VA00167,"JACKSON, EARL W SR",VA,REP,C00495549,JACKSON FOR VIRGINIA,0.0,30.0,312.0,312.0,7922.0,2013-01-01T00:00:00,2014-12-31T00:00:00,2014,0.0,0.0,0.0,0.0,0.0,YEAR-END,2014,True,committee_totals
S2VA00167,"JACKSON, EARL W SR",VA,REP,C00495549,JACKSON FOR VIRGINIA,139115.0,138706.0,407.0,407.0,7922.0,2011-04-01T00:00:00,2012-12-31T00:00:00,2012,131563.0,75696.0,55867.0,1550.0,1.77,YEAR-END,2012,True,committee_totals
S2VA00167,"JACKSON, EARL W SR",VA,REP,C00665554,JACKSON-US SENATE,0.0,0.0,400.0,400.0,2580.68,2021-01-01T00:00:00,2021-06-30T00:00:00,2022,0.0,0.0,0.0,0.0,0.0,JULY QUARTERLY,2021,True,committee_totals
S2VA00167,"JACKSON, EARL W SR",VA,REP,C00665554,JACKSON-US SENATE,24723.63,2650.17,400.0,400.0,2580.68,2019-01-01T00:00:00,2020-12-31T00:00:00,2020,400.0,400.0,0.0,0.0,0.0,YEAR-END,2020,True,committee_totals
S2VA00167,"JACKSON, EARL W SR",VA,REP,C00665554,JACKSON-US SENATE,354871.96,370533.46,-21673.46,-21673.46,21300.73,2017-10-01T00:00:00,2018-12-31T00:00:00,2018,326659.11,227422.0,99237.11,65.0,0.0,TERMINATION REPORT,2018,True,committee_totals
S8MI00372,"JAMES, JOHN",MI,REP,C00651208,"JOHN JAMES FOR SENATE, INC.",0.0,-9467.32,10237.6,10237.6,0.0,2025-01-01T00:00:00,2026-03-31T00:00:00,2026,0.0,0.0,0.0,0.0,0.0,APRIL QUARTERLY,2026,True,committee_totals
S8MI00372,"JAMES, JOHN",MI,REP,C00651208,"JOHN JAMES FOR SENATE, INC.",134570.59,236469.83,770.28,770.28,0.0,2023-01-01T00:00:00,2024-12-31T00:00:00,2024,0.0,0.0,0.0,0.0,0.0,YEAR-END,2024,True,committee_totals
S8MI00372,"JAMES, JOHN",MI,REP,C00651208,"JOHN JAMES FOR SENATE, INC.",301290.28,1809988.35,102669.52,102669.52,0.0,2021-01-01T00:00:00,2022-12-31T00:00:00,2022,-13373.95,-670.0,-12703.95,0.0,43856.27,YEAR-END,2022,True,committee_totals
S8MI00372,"JAMES, JOHN",MI,REP,C00651208,"JOHN JAMES FOR SENATE, INC.",48745978.35,47642565.64,1611367.59,1611367.59,0.0,2019-01-01T00:00:00,2020-12-31T00:00:00,2020,45808967.57,23398813.88,22410153.69,0.0,915326.04,YEAR-END,2020,True,committee_totals
S8MI00372,"JAMES, JOHN",MI,REP,C00651208,JOHN JAMES FOR SENATE INC,12551466.52,12043511.62,507954.88,507954.88,0.0,2017-07-01T00:00:00,2018-12-31T00:00:00,2018,11952393.98,6752367.36,5200025.62,0.0,0.0,YEAR-END,2018,True,committee_totals
S2AR00115,"JAMES, NATALIE",AR,DEM,C00778993,JAMES FOR ARKANSAS,0.0,0.0,215.31,215.31,5910.62,2025-01-01T00:00:00,2026-03-31T00:00:00,2026,0.0,0.0,0.0,0.0,0.0,APRIL QUARTERLY,2026,True,committee_totals
S2AR00115,"JAMES, NATALIE",AR,DEM,C00778993,JAMES FOR ARKANSAS,0.0,0.0,215.31,215.31,5910.62,2023-01-01T00:00:00,2024-12-31T00:00:00,2024,0.0,0.0,0.0,0.0,0.0,YEAR-END,2024,True,committee_totals
S2AR00115,"JAMES, NATALIE",AR,DEM,C00778993,JAMES FOR ARKANSAS,81480.89,81265.58,215.31,215.31,5910.62,2021-04-01T00:00:00,2022-12-31T00:00:00,2022,69437.27,19874.22,49563.05,0.0,0.0,YEAR-END,2022,True,committee_totals
S4MD00301,"JAWANDO, WILL",MD,DEM,C00839449,WILL JAWANDO FOR MARYLAND,0.0,138465.86,0.0,0.0,0.0,2025-01-01T00:00:00,2025-07-15T00:00:00,2026,0.0,0.0,0.0,0.0,0.0,TERMINATION REPORT,2025,True,committee_totals
S4MD00301,"JAWANDO, WILL",MD,DEM,C00839449,WILL JAWANDO FOR MARYLAND,761154.89,622689.03,138465.86,138465.86,0.0,2023-05-02T00:00:00,2024-12-31T00:00:00,2024,753437.94,673394.92,80043.02,1050.39,0.0,YEAR-END,2024,True,committee_totals
S8WV00127,"JENKINS, EVAN H",WV,REP,C00548271,JENKINS FOR SENATE,0.0,0.0,10.26,10.26,600.0,2025-01-01T00:00:00,2026-03-31T00:00:00,2026,0.0,0.0,0.0,0.0,0.0,APRIL QUARTERLY,2026,True,committee_totals
S8WV00127,"JENKINS, EVAN H",WV,REP,C00548271,JENKINS FOR SENATE,0.0,0.0,10.26,10.26,600.0,2023-01-01T00:00:00,2024-12-31T00:00:00,2024,0.0,0.0,0.0,0.0,0.0,YEAR-END,2024,True,committee_totals
S8WV00127,"JENKINS, EVAN H",WV,REP,C00548271,JENKINS FOR SENATE,0.0,0.0,10.26,10.26,600.0,2021-01-01T00:00:00,2022-12-31T00:00:00,2022,0.0,0.0,0.0,0.0,0.0,YEAR-END,2022,True,committee_totals
S8WV00127,"JENKINS, EVAN H",WV,REP,C00548271,JENKINS FOR SENATE,650.0,3176.55,10.26,10.26,600.0,2019-01-01T00:00:00,2020-12-31T00:00:00,2020,0.0,0.0,0.0,0.0,0.0,YEAR-END,2020,True,committee_totals
S8WV00127,"JENKINS, EVAN H",WV,REP,C00548271,JENKINS FOR SENATE,1573189.05,2288012.47,2536.81,2536.81,0.0,2017-01-01T00:00:00,2018-12-31T00:00:00,2018,1189347.96,1154482.96,34864.0,0.0,0.0,YEAR-END,2018,True,committee_totals
S8WV00127,"JENKINS, EVAN H",WV,REP,C00548271,JENKINS FOR CONGRESS,1279545.54,568743.98,717360.11,717360.11,5045.46,2015-01-01T00:00:00,2016-12-31T00:00:00,2016,503158.95,481968.95,21190.0,0.0,0.0,YEAR-END,2016,True,committee_totals
S8WV00127,"JENKINS, EVAN H",WV,REP,C00548271,JENKINS FOR CONGRESS,1654134.02,1647575.47,6558.55,6558.55,61852.48,2013-07-01T00:00:00,2014-12-31T00:00:00,2014,1184239.92,1103908.25,80331.67,2850.0,304.28,YEAR-END,2014,True,committee_totals
S8TX00442,"JENKINS, JONATHAN",TX,IND,C00677872,JONATHAN JENKINS FOR SENATE COMMITTEE,524678.0,524425.0,253.0,253.0,36749.0,2018-04-01T00:00:00,2018-06-30T00:00:00,2018,391.0,0.0,391.0,524287.0,0.0,JULY QUARTERLY,2018,True,committee_totals
S4LA00040,"JOHN, CHRIS",LA,DEM,C00394445,CHRIS JOHN FOR US SENATE,100.0,90.18,12.61,12.61,126480.15,2025-01-01T00:00:00,2026-03-31T00:00:00,2026,0.0,0.0,0.0,100.0,0.0,APRIL QUARTERLY,2026,True,committee_totals
S4LA00040,"JOHN, CHRIS",LA,DEM,C00394445,CHRIS JOHN FOR US SENATE,30.0,125.0,2.79,2.79,126480.15,2023-01-01T00:00:00,2024-12-31T00:00:00,2024,0.0,0.0,0.0,30.0,0.0,YEAR-END,2024,True,committee_totals
S4LA00040,"JOHN, CHRIS",LA,DEM,C00394445,CHRIS JOHN FOR US SENATE,25.0,144.0,97.79,97.79,126480.15,2021-01-01T00:00:00,2022-12-31T00:00:00,2022,0.0,0.0,0.0,0.0,0.0,YEAR-END,2022,True,committee_totals
S4LA00040,"JOHN, CHRIS",LA,DEM,C00394445,CHRIS JOHN FOR US SENATE,0.0,-156.0,216.79,216.79,126455.15,2019-01-01T00:00:00,2020-12-31T00:00:00,2020,0.0,0.0,0.0,0.0,0.0,YEAR-END,2020,True,committee_totals
S4LA00040,"JOHN, CHRIS",LA,DEM,C00394445,CHRIS JOHN FOR US SENATE,100.0,127.0,60.0,60.0,245700.0,2017-01-01T00:00:00,2018-12-31T00:00:00,2018,0.0,0.0,0.0,0.0,0.0,YEAR-END,2018,True,committee_totals
S4LA00040,"JOHN, CHRIS",LA,DEM,C00394445,CHRIS JOHN FOR US SENATE,100.0,3859.0,87.0,87.0,245600.0,2015-01-01T00:00:00,2016-12-31T00:00:00,2016,0.0,0.0,0.0,0.0,0.0,YEAR-END,2016,True,committee_totals
S4LA00040,"JOHN, CHRIS",LA,DEM,C00394445,CHRIS JOHN FOR US SENATE,10000.0,6342.0,3848.0,3848.0,245500.0,2013-01-01T00:00:00,2014-12-31T00:00:00,2014,0.0,0.0,0.0,0.0,0.0,YEAR-END,2014,True,committee_totals
S4LA00040,"JOHN, CHRIS",LA,DEM,C00394445,CHRIS JOHN FOR US SENATE,8000.0,11576.0,192.0,192.0,235500.0,2011-01-01T00:00:00,2012-12-31T00:00:00,2012,0.0,0.0,0.0,0.0,0.0,YEAR-END,2012,True,committee_totals
S4LA00040,"JOHN, CHRIS",LA,DEM,C00394445,CHRIS JOHN FOR US SENATE,15000.0,12791.0,3770.0,3770.0,230000.0,2009-01-01T00:00:00,2010-12-31T00:00:00,2010,0.0,0.0,0.0,0.0,0.0,YEAR-END,2010,True,committee_totals
S4LA00040,"JOHN, CHRIS",LA,DEM,C00394445,CHRIS JOHN FOR US SENATE,18500.0,18927.0,1564.0,1564.0,224500.0,2007-01-01T00:00:00,2008-12-31T00:00:00,2008,0.0,0.0,0.0,0.0,0.0,YEAR-END,2008,True,committee_totals
S4LA00040,"JOHN, CHRIS",LA,DEM,C00394445,CHRIS JOHN FOR US SENATE,177765.0,200635.0,1995.0,1995.0,269000.0,2005-01-01T00:00:00,2006-12-31T00:00:00,2006,20703.0,3000.0,0.0,0.0,0.0,YEAR-END,2006,True,committee_totals
S4LA00040,"JOHN, CHRIS",LA,DEM,C00394445,CHRIS JOHN FOR US SENATE,4893113.0,4869165.0,23947.0,23947.0,132113.0,2004-01-01T00:00:00,2004-12-31T00:00:00,2004,2515293.0,,,0.0,,YEAR-END,2004,True,committee_totals
S4TN00526,"JOHNSON, GLORIA",TN,DEM,C00847400,GLORIA FOR TENNESSEE,6530.28,64828.83,84186.16,84186.16,0.0,2025-01-01T00:00:00,2026-03-31T00:00:00,2026,0.0,0.0,0.0,0.0,0.0,APRIL QUARTERLY,2026,True,committee_totals
S4TN00526,"JOHNSON, GLORIA",TN,DEM,C00847400,GLORIA FOR TENNESSEE,7585464.44,7442979.73,142484.71,142484.71,0.0,2023-07-01T00:00:00,2024-12-31T00:00:00,2024,7460187.88,4956959.36,2503228.52,421.36,0.0,YEAR-END,2024,True,committee_totals
S6SC04288,"JOHNSON, LEE",SC,DEM,C00902981,LEE JOHNSON FOR SC,569185.56,569185.56,0.0,0.0,224574.29,2025-04-01T00:00:00,2025-12-31T00:00:00,2026,68985.56,10450.0,58535.56,0.0,0.0,TERMINATION REPORT,2025,True,committee_totals
S0WI00197,"JOHNSON, RON HAROLD MR.",WI,REP,C00482984,"RON JOHNSON FOR SENATE, INC.",974410.87,669021.88,1213434.75,1213434.75,8027316.94,2025-01-01T00:00:00,2026-03-31T00:00:00,2026,882971.97,638485.96,244486.01,0.0,58390.27,APRIL QUARTERLY,2026,True,committee_totals
S0WI00197,"JOHNSON, RON HAROLD MR.",WI,REP,C00482984,"RON JOHNSON FOR SENATE, INC.",5374239.35,5228298.43,908045.76,908045.76,8027316.94,2023-01-01T00:00:00,2024-12-31T00:00:00,2024,5152425.62,3577929.09,1574496.53,0.0,112289.84,YEAR-END,2024,True,committee_totals
S0WI00197,"JOHNSON, RON HAROLD MR.",WI,REP,C00482984,"RON JOHNSON FOR SENATE, INC.",34920572.47,34717800.96,762104.84,762104.84,10754003.83,2021-01-01T00:00:00,2022-12-31T00:00:00,2022,28413967.17,17176659.11,11237308.06,0.0,159710.39,YEAR-END,2022,True,committee_totals
S0WI00197,"JOHNSON, RON HAROLD MR.",WI,REP,C00482984,RON JOHNSON FOR SENATE INC,590172.27,383936.47,559333.33,559333.33,218851.12,2019-01-01T00:00:00,2020-12-31T00:00:00,2020,329427.6,110123.18,219304.42,0.0,14362.9,YEAR-END,2020,True,committee_totals
S0WI00197,"JOHNSON, RON HAROLD MR.",WI,REP,C00482984,RON JOHNSON FOR SENATE INC,969107.39,660272.67,353097.53,353097.53,380450.94,2017-01-01T00:00:00,2018-12-31T00:00:00,2018,494420.0,483850.0,10570.0,0.0,34618.67,YEAR-END,2018,True,committee_totals
S0WI00197,"JOHNSON, RON HAROLD MR.",WI,REP,C00482984,RON JOHNSON FOR SENATE INC,17683385.71,18245101.44,44263.0,44263.0,549723.0,2015-01-01T00:00:00,2016-12-31T00:00:00,2016,14640881.63,12097737.22,2543138.41,0.0,9649.0,YEAR-END,2016,True,committee_totals
S0WI00197,"JOHNSON, RON HAROLD MR.",WI,REP,C00482984,RON JOHNSON FOR SENATE INC,2494902.0,1890453.0,605977.0,605977.0,600000.0,2013-01-01T00:00:00,2014-12-31T00:00:00,2014,2226787.0,1613120.0,613667.0,0.0,0.0,YEAR-END,2014,True,committee_totals
S0WI00197,"JOHNSON, RON HAROLD MR.",WI,REP,C00482984,RON JOHNSON FOR SENATE INC,900393.0,1092618.0,1529.0,1529.0,608050.0,2011-01-01T00:00:00,2012-12-31T00:00:00,2012,563549.0,312640.0,179249.0,0.0,89937.0,YEAR-END,2012,True,committee_totals
S0WI00197,"JOHNSON, RON HAROLD MR.",WI,REP,C00482984,RON JOHNSON FOR SENATE INC,15509297.0,15316651.0,192646.0,192646.0,500000.0,2010-04-01T00:00:00,2010-12-31T00:00:00,2010,5662453.0,3963762.0,1698687.0,0.0,0.0,YEAR-END,2010,True,committee_totals
S6NC00480,"JOHNSON, THOMAS LEE",NC,REP,C00930677,JOHNSON FOR SENATE CAMPAIGN COMMITTEE,6720.07,4626.94,0.0,0.0,0.0,2025-12-15T00:00:00,2026-04-13T00:00:00,2026,2202.97,1692.97,510.0,4517.1,0.0,TERMINATION REPORT,2026,True,committee_totals
S0CO00468,"JOHNSTON, MICHAEL C",CO,DEM,C00695411,MIKE JOHNSTON FOR US SENATE,0.0,90034.79,952676.08,952676.08,0.0,2025-01-01T00:00:00,2026-03-31T00:00:00,2026,0.0,0.0,0.0,0.0,0.0,APRIL QUARTERLY,2026,True,committee_totals
S0CO00468,"JOHNSTON, MICHAEL C",CO,DEM,C00695411,MIKE JOHNSTON FOR US SENATE,0.0,79802.7,1042710.87,1042710.87,0.0,2023-01-01T00:00:00,2024-12-31T00:00:00,2024,0.0,0.0,0.0,0.0,0.0,YEAR-END,2024,True,committee_totals
S0CO00468,"JOHNSTON, MICHAEL C",CO,DEM,C00695411,MIKE JOHNSTON FOR US SENATE,0.0,28596.56,1122513.57,1122513.57,0.0,2021-01-01T00:00:00,2022-12-31T00:00:00,2022,0.0,0.0,0.0,0.0,0.0,YEAR-END,2022,True,committee_totals
S0CO00468,"JOHNSTON, MICHAEL C",CO,DEM,C00695411,MIKE JOHNSTON FOR US SENATE,3616852.43,2465742.3,1151110.13,1151110.13,0.0,2019-01-01T00:00:00,2020-12-31T00:00:00,2020,3614852.43,3496993.65,117858.78,0.0,0.0,YEAR-END,2020,True,committee_totals
S6CO00481,"JONES, DATHAN CHARLES",CO,REP,C00923219,DATHAN C JONES FOR US SENATE,25.0,0.0,1100.0,1100.0,0.0,2026-01-01T00:00:00,2026-03-31T00:00:00,2026,25.0,0.0,25.0,0.0,0.0,APRIL QUARTERLY,2026,True,committee_totals
S0AL00156,"JONES, DOUG",AL,DEM,C00368472,DOUG JONES FOR US SENATE,161239.0,161237.0,0.0,0.0,0.0,2001-07-01T00:00:00,2002-12-31T00:00:00,2002,149775.0,,,6970.0,,YEAR-END,2002,True,committee_totals
S6FL00277,"JONES, LATERESA ANN",FL,REP,C00552711,FRIENDS TO ELECT LATERESA A JONES,31.0,78.21,-29.42,-29.42,5238.36,2023-01-01T00:00:00,2023-03-31T00:00:00,2024,31.0,0.0,31.0,0.0,0.0,APRIL QUARTERLY,2023,False,committee_totals
S6FL00277,"JONES, LATERESA ANN",FL,REP,C00552711,FRIENDS TO ELECT LATERESA A JONES,17700.86,17683.07,17.79,17.79,4727.46,2021-07-01T00:00:00,2022-12-31T00:00:00,2022,11258.0,4775.0,6483.0,0.0,0.0,YEAR-END,2022,False,committee_totals
S6FL00277,"JONES, LATERESA ANN",FL,REP,C00552711,FRIENDS TO ELECT LATERESA A JONES,5096.95,4306.49,137.46,137.46,0.0,2019-02-01T00:00:00,2020-03-31T00:00:00,2020,3962.0,3300.0,662.0,4.86,0.0,APRIL QUARTERLY,2020,False,committee_totals
S6FL00277,"JONES, LATERESA ANN",FL,REP,C00552711,LATERESA JONES FOR US SENATE,200.0,129.0,0.0,0.0,0.0,2017-12-01T00:00:00,2018-09-30T00:00:00,2018,200.0,200.0,0.0,0.0,0.0,OCTOBER QUARTERLY,2018,False,committee_totals
S6CO00440,"JOSHI, JANAK",CO,REP,C00910794,JANAK JOSHI FOR COLORADO,485402.64,192985.78,292416.86,292416.86,350100.0,2025-07-01T00:00:00,2026-03-31T00:00:00,2026,125302.64,47515.64,77787.0,0.0,0.0,APRIL QUARTERLY,2026,True,committee_totals
S4WV00332,"JUSTICE, JAMES CONLEY II",WV,REP,C00839100,JIM JUSTICE FOR U.S. SENATE,70725.29,532053.83,232612.03,232612.03,0.0,2025-01-01T00:00:00,2026-03-31T00:00:00,2026,37475.29,35205.59,2269.7,0.0,0.0,APRIL QUARTERLY,2026,True,committee_totals
S4WV00332,"JUSTICE, JAMES CONLEY II",WV,REP,C00839100,JIM JUSTICE FOR U.S. SENATE,4263310.24,3569369.67,693940.57,693940.57,0.0,2023-04-01T00:00:00,2024-12-31T00:00:00,2024,2676338.37,2423104.33,253234.04,0.0,0.0,YEAR-END,2024,True,committee_totals
S2VA00142,"KAINE, TIMOTHY MICHAEL",VA,DEM,C00495358,KAINE FOR VIRGINIA,724073.43,1259593.88,2263989.55,2263989.55,0.0,2025-01-01T00:00:00,2026-03-31T00:00:00,2026,360134.08,265538.59,94595.49,0.0,83081.46,APRIL QUARTERLY,2026,True,committee_totals
S2VA00142,"KAINE, TIMOTHY MICHAEL",VA,DEM,C00495358,KAINE FOR VIRGINIA,18308453.68,19299348.47,2799510.0,2799510.0,0.0,2023-01-01T00:00:00,2024-12-31T00:00:00,2024,10885217.62,6090136.4,4795081.22,0.0,296576.98,YEAR-END,2024,True,committee_totals
S2VA00142,"KAINE, TIMOTHY MICHAEL",VA,DEM,C00495358,KAINE FOR VIRGINIA,2327307.23,1014188.71,3829018.8,3829018.8,0.0,2021-01-01T00:00:00,2022-12-31T00:00:00,2022,644489.65,512678.47,131811.18,0.0,9612.58,YEAR-END,2022,True,committee_totals
S2VA00142,"KAINE, TIMOTHY MICHAEL",VA,DEM,C00495358,KAINE FOR VIRGINIA,1314338.39,1318100.48,2515900.28,2515900.28,0.0,2019-01-01T00:00:00,2020-12-31T00:00:00,2020,784851.62,646941.73,137909.89,0.0,18600.47,YEAR-END,2020,True,committee_totals
S2VA00142,"KAINE, TIMOTHY MICHAEL",VA,DEM,C00495358,KAINE FOR VIRGINIA,16943971.83,17545005.46,2519662.37,2519662.37,0.0,2017-01-01T00:00:00,2018-12-31T00:00:00,2018,9480358.61,6764991.69,2715363.92,0.0,86741.85,YEAR-END,2018,True,committee_totals
S2VA00142,"KAINE, TIMOTHY MICHAEL",VA,DEM,C00495358,KAINE FOR VIRGINIA,4020969.0,1481346.0,3120696.0,3120696.0,0.0,2015-01-01T00:00:00,2016-12-31T00:00:00,2016,2207724.0,2106991.0,100730.0,0.0,10887.0,YEAR-END,2016,True,committee_totals
S2VA00142,"KAINE, TIMOTHY MICHAEL",VA,DEM,C00495358,KAINE FOR VIRGINIA,998657.0,545055.0,581075.0,581075.0,0.0,2013-01-01T00:00:00,2014-12-31T00:00:00,2014,664886.0,614186.0,50699.0,0.0,10306.0,YEAR-END,2014,True,committee_totals
S2VA00142,"KAINE, TIMOTHY MICHAEL",VA,DEM,C00495358,KAINE FOR VIRGINIA,18045722.0,17918247.0,127474.0,127474.0,0.0,2011-04-01T00:00:00,2012-12-31T00:00:00,2012,16084516.0,13025412.0,3059101.0,0.0,5433.0,YEAR-END,2012,True,committee_totals
S6DE00206,"KATZ, MICHAEL S DR.",DE,REP,C00935163,DR. MIKE KATZ FOR U.S. SENATE,20211.0,116.78,20094.22,20094.22,19250.0,2026-01-01T00:00:00,2026-03-31T00:00:00,2026,951.0,500.0,451.0,10.0,0.0,APRIL QUARTERLY,2026,True,committee_totals
S6NJ00271,"KEAN, THOMAS H JR",NJ,REP,C00429837,2006 FINISH LINE CANDIDATE FUND,0.0,24392.0,0.0,0.0,0.0,2007-01-01T00:00:00,2007-03-31T00:00:00,2008,0.0,0.0,0.0,,,TERMINATION REPORT,2007,False,committee_totals
S6NJ00271,"KEAN, THOMAS H JR",NJ,REP,C00429837,2006 FINISH LINE CANDIDATE FUND,204700.0,180307.0,24392.0,24392.0,0.0,2006-10-19T00:00:00,2006-12-31T00:00:00,2006,187700.0,187700.0,0.0,,,YEAR-END,2006,False,committee_totals
S6NJ00271,"KEAN, THOMAS H JR",NJ,REP,C00428474,2006 OPEN SEAT AND CHALLENGER FUND,0.0,2898.0,0.0,0.0,0.0,2007-01-01T00:00:00,2007-03-31T00:00:00,2008,0.0,0.0,0.0,,,TERMINATION REPORT,2007,False,committee_totals
S6NJ00271,"KEAN, THOMAS H JR",NJ,REP,C00428474,2006 OPEN SEAT AND CHALLENGER FUND,734626.0,731726.0,2898.0,2898.0,0.0,2006-07-01T00:00:00,2006-12-31T00:00:00,2006,686200.0,686200.0,0.0,,,YEAR-END,2006,False,committee_totals
S6NJ00271,"KEAN, THOMAS H JR",NJ,REP,C00423665,2006 SENATORS CLASSIC COMMITTEE,758194.0,758194.0,135.0,135.0,0.0,2006-04-27T00:00:00,2006-10-18T00:00:00,2006,46699.0,46699.0,0.0,,0.0,PRE-GENERAL,2006,False,committee_totals
S6NJ00271,"KEAN, THOMAS H JR",NJ,REP,C00410365,ELECTION FUND OF TOM KEAN,0.0,24066.0,384.51,384.51,88000.0,2025-01-01T00:00:00,2026-03-31T00:00:00,2026,0.0,0.0,0.0,0.0,0.0,APRIL QUARTERLY,2026,False,committee_totals
S6NJ00271,"KEAN, THOMAS H JR",NJ,REP,C00410365,ELECTION FUND OF TOM KEAN,15100.0,33.0,24450.51,24450.51,112000.0,2023-01-01T00:00:00,2024-12-31T00:00:00,2024,2100.0,2100.0,0.0,0.0,0.0,YEAR-END,2024,False,committee_totals
S6NJ00271,"KEAN, THOMAS H JR",NJ,REP,C00410365,ELECTION FUND OF TOM KEAN,7500.0,166.0,9383.51,9383.51,112000.0,2021-01-01T00:00:00,2022-12-31T00:00:00,2022,0.0,0.0,0.0,0.0,0.0,YEAR-END,2022,False,committee_totals
S6NJ00271,"KEAN, THOMAS H JR",NJ,REP,C00410365,ELECTION FUND OF TOM KEAN,1500.0,541.0,2049.51,2049.51,112000.0,2019-01-01T00:00:00,2020-12-31T00:00:00,2020,1500.0,1500.0,0.0,0.0,0.0,YEAR-END,2020,False,committee_totals
S6NJ00271,"KEAN, THOMAS H JR",NJ,REP,C00410365,ELECTION FUND OF TOM KEAN,0.0,27.0,1090.0,1090.0,112000.0,2017-01-01T00:00:00,2018-12-31T00:00:00,2018,0.0,0.0,0.0,0.0,0.0,YEAR-END,2018,False,committee_totals
S6NJ00271,"KEAN, THOMAS H JR",NJ,REP,C00410365,ELECTION FUND OF TOM KEAN,1000.35,2941.0,1118.0,1118.0,112000.0,2015-01-01T00:00:00,2016-12-31T00:00:00,2016,0.0,0.0,0.0,0.0,0.35,YEAR-END,2016,False,committee_totals
S6NJ00271,"KEAN, THOMAS H JR",NJ,REP,C00410365,ELECTION FUND OF TOM KEAN,8903.19,8854.0,3060.0,3060.0,112000.0,2013-01-01T00:00:00,2014-12-31T00:00:00,2014,8400.0,8400.0,0.0,0.0,4.32,YEAR-END,2014,False,committee_totals
S6NJ00271,"KEAN, THOMAS H JR",NJ,REP,C00410365,ELECTION FUND OF TOM KEAN,1005.67,1460.0,3011.0,3011.0,120000.0,2011-01-01T00:00:00,2012-12-31T00:00:00,2012,0.0,0.0,0.0,0.0,6.18,YEAR-END,2012,False,committee_totals
S6NJ00271,"KEAN, THOMAS H JR",NJ,REP,C00410365,ELECTION FUND OF TOM KEAN,18511.16,16057.0,3465.0,3465.0,120000.0,2009-01-01T00:00:00,2010-12-31T00:00:00,2010,10699.0,10500.0,199.0,0.0,2.25,YEAR-END,2010,False,committee_totals
S6NJ00271,"KEAN, THOMAS H JR",NJ,REP,C00410365,ELECTION FUND OF TOM KEAN,56105.0,169975.0,1011.0,1011.0,130000.0,2007-01-01T00:00:00,2008-12-31T00:00:00,2008,500.0,500.0,0.0,0.0,736.0,YEAR-END,2008,False,committee_totals
S6NJ00271,"KEAN, THOMAS H JR",NJ,REP,C00410365,TOM KEAN FOR US SENATE INC,7879053.0,7762373.0,116879.0,116879.0,200000.0,2005-01-01T00:00:00,2006-12-31T00:00:00,2006,5571222.0,4579482.0,367862.0,5600.0,33164.67,YEAR-END,2006,False,committee_totals
S6NJ00271,"KEAN, THOMAS H JR",NJ,REP,C00423749,GOOD GOVERNMENT FUND,323375.0,323375.0,0.0,0.0,0.0,2006-04-24T00:00:00,2006-12-31T00:00:00,2006,260875.0,253120.0,7755.0,,,YEAR-END,2006,False,committee_totals
S6NJ00271,"KEAN, THOMAS H JR",NJ,REP,C00429142,GOP MAJORITY FUND 2006,53800.0,53800.0,0.0,0.0,0.0,2006-07-01T00:00:00,2006-11-27T00:00:00,2006,31800.0,31800.0,0.0,,,TERMINATION REPORT,2006,False,committee_totals
S6NJ00271,"KEAN, THOMAS H JR",NJ,REP,C00426916,KEAN MAJORITY COMMITTEE,0.0,0.0,0.0,0.0,0.0,2006-07-01T00:00:00,2006-10-18T00:00:00,2006,0.0,0.0,0.0,,,TERMINATION REPORT,2006,False,committee_totals
S6NJ00271,"KEAN, THOMAS H JR",NJ,REP,C00425702,KEAN-NJ VICTORY 06,747768.0,747766.0,0.0,0.0,25655.0,2006-04-01T00:00:00,2006-11-27T00:00:00,2006,693840.0,688035.0,5805.0,,,TERMINATION REPORT,2006,False,committee_totals
S0AZ00350,"KELLY, MARK",AZ,DEM,C00696526,MARK KELLY FOR SENATE,35276811.97,17370707.12,22308538.42,22308538.42,0.0,2025-01-01T00:00:00,2026-03-31T00:00:00,2026,35013141.59,11259279.2,23753862.39,23.41,97287.8,APRIL QUARTERLY,2026,True,committee_totals
S0AZ00350,"KELLY, MARK",AZ,DEM,C00696526,MARK KELLY FOR SENATE,10864653.95,7920095.56,4402433.57,4402433.57,0.0,2023-01-01T00:00:00,2024-12-31T00:00:00,2024,10653809.81,4355349.6,6298460.21,0.0,0.0,YEAR-END,2024,True,committee_totals
S0AZ00350,"KELLY, MARK",AZ,DEM,C00696526,MARK KELLY FOR SENATE,92771344.07,92715992.35,1457875.18,1457875.18,0.0,2021-01-01T00:00:00,2022-12-31T00:00:00,2022,86182200.14,47574805.44,38607394.7,0.0,281046.71,YEAR-END,2022,True,committee_totals
S0AZ00350,"KELLY, MARK",AZ,DEM,C00696526,MARK KELLY FOR SENATE,101106583.88,99704060.42,1402523.46,1402523.46,0.0,2019-01-01T00:00:00,2020-12-31T00:00:00,2020,98233235.44,50903149.8,47330085.64,0.0,0.0,YEAR-END,2020,True,committee_totals
S6IL00474,"KELLY, ROBIN",IL,DEM,C00904300,ROBIN KELLY FOR SENATE,3466395.93,3278736.11,187659.82,187659.82,0.0,2025-04-01T00:00:00,2026-03-31T00:00:00,2026,1075148.98,799106.77,276042.21,0.0,1250.0,APRIL QUARTERLY,2026,True,committee_totals
S4LA00065,"KENNEDY, JOHN NEELY",LA,REP,C00608398,JOHN KENNEDY FOR US,8195849.16,5644652.0,18481378.86,18481378.86,0.0,2025-01-01T00:00:00,2026-03-31T00:00:00,2026,7185355.62,3917701.47,3267654.15,0.0,601126.04,APRIL QUARTERLY,2026,True,committee_totals
S4LA00065,"KENNEDY, JOHN NEELY",LA,REP,C00608398,JOHN KENNEDY FOR US,15625987.97,9602385.94,15930181.7,15930181.7,0.0,2023-01-01T00:00:00,2024-12-31T00:00:00,2024,13511810.05,6113741.31,7398068.74,0.0,1037073.14,YEAR-END,2024,True,committee_totals
S4LA00065,"KENNEDY, JOHN NEELY",LA,REP,C00608398,JOHN KENNEDY FOR US,34338881.57,30119860.38,9906579.67,9906579.67,0.0,2021-01-01T00:00:00,2022-12-31T00:00:00,2022,32141730.16,16307196.87,15834533.29,0.0,186018.87,YEAR-END,2022,True,committee_totals
S4LA00065,"KENNEDY, JOHN NEELY",LA,REP,C00608398,JOHN KENNEDY FOR US,4449386.3,1776533.63,5687558.48,5687558.48,0.0,2019-01-01T00:00:00,2020-12-31T00:00:00,2020,4063518.29,2992559.59,1070958.7,0.0,58651.01,YEAR-END,2020,True,committee_totals
S4LA00065,"KENNEDY, JOHN NEELY",LA,REP,C00608398,JOHN KENNEDY FOR US,2941943.14,1147578.99,3014705.81,3014705.81,0.0,2017-01-01T00:00:00,2018-12-31T00:00:00,2018,2491012.0,2386095.0,104917.0,0.0,532.81,YEAR-END,2018,True,committee_totals
S4LA00065,"KENNEDY, JOHN NEELY",LA,REP,C00608398,JOHN KENNEDY FOR US,6238062.29,5017718.08,1220342.0,1220342.0,0.0,2016-01-01T00:00:00,2016-12-31T00:00:00,2016,5077684.29,4937519.29,140164.0,0.0,0.0,YEAR-END,2016,True,committee_totals
S4LA00065,"KENNEDY, JOHN NEELY",LA,REP,C00396044,JOHN KENNEDY FOR US SENATE INC,70.0,32308.0,0.0,0.0,0.0,2011-01-01T00:00:00,2012-06-30T00:00:00,2012,70.0,0.0,70.0,0.0,0.0,TERMINATION REPORT,2012,True,committee_totals
S4LA00065,"KENNEDY, JOHN NEELY",LA,REP,C00396044,JOHN KENNEDY FOR US SENATE INC,73975.0,76219.0,32242.0,32242.0,0.0,2009-01-01T00:00:00,2010-12-31T00:00:00,2010,6920.0,6900.0,20.0,0.0,409.0,YEAR-END,2010,True,committee_totals
S4LA00065,"KENNEDY, JOHN NEELY",LA,REP,C00396044,JOHN KENNEDY FOR US SENATE INC,4828982.0,4795281.0,34486.0,34486.0,16127.0,2007-01-01T00:00:00,2008-12-31T00:00:00,2008,3585630.0,3417062.0,168568.0,0.0,23670.0,YEAR-END,2008,True,committee_totals
S4LA00065,"KENNEDY, JOHN NEELY",LA,REP,C00396044,JOHN KENNEDY FOR US SENATE INC,189603.0,188823.0,785.0,785.0,37500.0,2005-01-01T00:00:00,2006-12-31T00:00:00,2006,167700.0,64450.0,550.0,0.0,15.93,YEAR-END,2006,True,committee_totals
S4LA00065,"KENNEDY, JOHN NEELY",LA,REP,C00396044,JOHN KENNEDY FOR US SENATE INC,1919879.0,1919874.0,4.0,4.0,210000.0,2004-01-01T00:00:00,2004-12-31T00:00:00,2004,1544360.0,,,0.0,,YEAR-END,2004,True,committee_totals
S8UT00242,"KENNEDY, MIKE",UT,REP,C00674358,KENNEDY FOR US SENATE,0.0,0.0,0.0,0.0,422543.19,2025-01-01T00:00:00,2026-03-31T00:00:00,2026,0.0,0.0,0.0,0.0,0.0,APRIL QUARTERLY,2026,True,committee_totals
S8UT00242,"KENNEDY, MIKE",UT,REP,C00674358,KENNEDY FOR US SENATE,0.0,0.0,0.0,0.0,422543.19,2023-01-01T00:00:00,2024-12-31T00:00:00,2024,0.0,0.0,0.0,0.0,0.0,YEAR-END,2024,True,committee_totals
S8UT00242,"KENNEDY, MIKE",UT,REP,C00674358,KENNEDY FOR US SENATE,0.0,0.0,0.0,0.0,422543.19,2021-01-01T00:00:00,2022-12-31T00:00:00,2022,0.0,0.0,0.0,0.0,0.0,YEAR-END,2022,True,committee_totals
S8UT00242,"KENNEDY, MIKE",UT,REP,C00674358,KENNEDY FOR US SENATE,0.0,0.0,0.0,0.0,422543.19,2019-01-01T00:00:00,2020-12-31T00:00:00,2020,0.0,0.0,0.0,0.0,0.0,YEAR-END,2020,True,committee_totals
S8UT00242,"KENNEDY, MIKE",UT,REP,C00674358,KENNEDY FOR US SENATE,752498.82,752498.75,0.0,0.0,422543.19,2018-01-01T00:00:00,2018-12-31T00:00:00,2018,323755.82,212828.0,110927.82,0.0,0.0,YEAR-END,2018,True,committee_totals
S4NV00247,"KENNEDY, RONDA",NV,REP,C00828988,RONDA KENNEDY FOR SENATE,27686.24,27786.24,0.0,0.0,0.0,2023-01-01T00:00:00,2024-07-02T00:00:00,2024,6186.24,1970.51,4215.73,0.0,0.0,TERMINATION REPORT,2024,True,committee_totals
S4NV00247,"KENNEDY, RONDA",NV,REP,C00828988,RONDA KENNEDY FOR SENATE,100.0,0.0,100.0,100.0,100.0,2022-11-21T00:00:00,2022-12-31T00:00:00,2022,0.0,0.0,0.0,0.0,0.0,YEAR-END,2022,True,committee_totals
S4TX00748,"KEOUGH, STEVE",TX,DEM,C00844050,KEOUGH FOR SENATE,28692.87,29040.01,-1056.67,-1056.67,6050.06,2023-07-01T00:00:00,2024-02-14T00:00:00,2024,21942.81,20052.81,1890.0,700.0,0.0,PRE-PRIMARY,2024,True,committee_totals
S4MA00069,"KERRY, JOHN F",MA,DEM,C00177147,KERRY COMMITTEE,0.0,31207.0,0.0,0.0,0.0,2005-01-01T00:00:00,2005-03-31T00:00:00,2006,0.0,,,0.0,,TERMINATION REPORT,2005,False,committee_totals
S4MA00069,"KERRY, JOHN F",MA,DEM,C00177147,KERRY COMMITTEE,149856.0,314600.0,31207.0,31207.0,0.0,2003-01-01T00:00:00,2004-12-31T00:00:00,2004,2327.0,,,0.0,,YEAR-END,2004,False,committee_totals
S4MA00069,"KERRY, JOHN F",MA,DEM,C00177147,KERRY COMMITTEE,8975344.0,9305860.0,195953.0,195953.0,70589.0,2001-01-01T00:00:00,2002-12-31T00:00:00,2002,8852000.0,,,0.0,,YEAR-END,2002,False,committee_totals
S4MA00069,"KERRY, JOHN F",MA,DEM,C00177147,KERRY COMMITTEE,2318649.0,1830177.0,526468.0,526468.0,0.0,1999-01-01T00:00:00,2000-12-31T00:00:00,2000,2113403.0,,,0.0,,YEAR-END,2000,False,committee_totals
S4MA00069,"KERRY, JOHN F",MA,DEM,C00177147,KERRY COMMITTEE,3942262.0,3940850.0,38997.0,38997.0,515172.0,1997-01-01T00:00:00,1998-12-31T00:00:00,1998,3646738.0,,,0.0,,YEAR-END,1998,False,committee_totals
S4MA00069,"KERRY, JOHN F",MA,DEM,C00177147,KERRY COMMITTEE,10342115.0,10962607.0,37585.0,37585.0,2074461.0,1995-01-01T00:00:00,1996-12-31T00:00:00,1996,7843781.0,,,0.0,,YEAR-END,1996,False,committee_totals
S4MA00069,"KERRY, JOHN F",MA,DEM,C00177147,KERRY COMMITTEE,1470807.0,932472.0,657986.0,657986.0,0.0,1993-01-01T00:00:00,1994-12-31T00:00:00,1994,1457394.0,,,,,YEAR-END,1994,False,committee_totals
S4MA00069,"KERRY, JOHN F",MA,DEM,C00177147,KERRY COMMITTEE,951669.0,844073.0,119651.0,119651.0,0.0,1991-01-01T00:00:00,1992-12-31T00:00:00,1992,780781.0,,,0.0,,YEAR-END,1992,False,committee_totals
S4MA00069,"KERRY, JOHN F",MA,DEM,C00177147,KERRY COMMITTEE,6215076.0,6234887.0,12055.0,12055.0,92765.0,1989-01-01T00:00:00,1990-12-31T00:00:00,1990,6085623.0,,,0.0,,YEAR-END,1990,False,committee_totals
S4MA00069,"KERRY, JOHN F",MA,DEM,C00177147,KERRY FOR SENATE IN 90 COMMITTEE,526572.0,513400.0,31865.0,31865.0,29014.0,1987-01-01T00:00:00,1988-12-31T00:00:00,1988,417966.0,,,,,YEAR-END,1988,False,committee_totals
S4MA00069,"KERRY, JOHN F",MA,DEM,C00177147,KERRY COMMITTEE,1300765.0,1318746.0,-11245.0,-11245.0,27172.0,1985-01-01T00:00:00,1986-12-31T00:00:00,1986,,,,0.0,,YEAR-END,1986,False,committee_totals
S4MA00069,"KERRY, JOHN F",MA,DEM,C00177147,JOHN KERRY FOR U S SENATE COMMITTEE,2162530.0,2169038.0,6733.0,6733.0,420876.0,1984-01-01T00:00:00,1984-12-31T00:00:00,1984,1819752.0,,,,,YEAR-END,1984,False,committee_totals
S4MA00069,"KERRY, JOHN F",MA,DEM,C00322925,KERRY/DNC VICTORY FUND,23287.0,83905.0,0.0,0.0,0.0,1997-01-01T00:00:00,1997-06-30T00:00:00,1998,0.0,0.0,0.0,,,MID-YEAR REPORT,1997,False,committee_totals
S4MA00069,"KERRY, JOHN F",MA,DEM,C00322925,KERRY/DNC VICTORY FUND,700520.0,639901.0,60618.0,60618.0,0.0,1996-08-29T00:00:00,1996-12-31T00:00:00,1996,649968.0,0.0,0.0,,,YEAR-END,1996,False,committee_totals
S4MA00069,"KERRY, JOHN F",MA,DEM,C00304840,KERRY/DSCC VICTORY FUND,47735.0,47735.0,0.0,0.0,0.0,1995-08-01T00:00:00,1996-02-29T00:00:00,1996,40490.0,0.0,0.0,,,MARCH MONTHLY,1996,False,committee_totals
S4MA00069,"KERRY, JOHN F",MA,DEM,C00320135,KERRY/DSCC VICTORY FUND,18900.0,18899.0,0.0,0.0,0.0,1996-07-01T00:00:00,1996-11-25T00:00:00,1996,18900.0,0.0,0.0,,,POST-GENERAL,1996,False,committee_totals
S4MA00069,"KERRY, JOHN F",MA,DEM,C00324079,KERRY/MDP VICTORY FUND,0.0,112.0,0.0,0.0,0.0,1997-01-01T00:00:00,1997-06-30T00:00:00,1998,0.0,0.0,0.0,,,MID-YEAR REPORT,1997,False,committee_totals
S4MA00069,"KERRY, JOHN F",MA,DEM,C00324079,KERRY/MDP VICTORY FUND,70402.0,70290.0,112.0,112.0,0.0,1996-10-17T00:00:00,1996-12-31T00:00:00,1996,68550.0,0.0,0.0,,,YEAR-END,1996,False,committee_totals
S4MA00069,"KERRY, JOHN F",MA,DEM,C00438598,MASSACHUSETTS SENATE 2008,54200.0,54198.0,0.0,0.0,0.0,2007-09-07T00:00:00,2008-10-15T00:00:00,2008,49700.0,49600.0,100.0,,,TERMINATION REPORT,2008,False,committee_totals
S4MA00069,"KERRY, JOHN F",MA,DEM,C00408088,SPIRIT OF AMERICA PAC,0.0,400.38,605.79,605.79,0.0,2025-01-01T00:00:00,2026-03-31T00:00:00,2026,0.0,0.0,0.0,,,APRIL QUARTERLY,2026,False,committee_totals
S4MA00069,"KERRY, JOHN F",MA,DEM,C00408088,SPIRIT OF AMERICA PAC,0.0,310.0,1006.17,1006.17,0.0,2023-01-01T00:00:00,2024-12-31T00:00:00,2024,0.0,0.0,0.0,,,YEAR-END,2024,False,committee_totals
S4MA00069,"KERRY, JOHN F",MA,DEM,C00408088,SPIRIT OF AMERICA PAC,263.04,250.0,1316.17,1316.17,0.0,2021-01-01T00:00:00,2022-12-31T00:00:00,2022,0.0,0.0,0.0,,,YEAR-END,2022,False,committee_totals
S4MA00069,"KERRY, JOHN F",MA,DEM,C00408088,SPIRIT OF AMERICA PAC,2088.69,82533.42,1303.13,1303.13,0.0,2019-01-01T00:00:00,2020-12-31T00:00:00,2020,0.0,0.0,0.0,,,YEAR-END,2020,False,committee_totals
S4MA00069,"KERRY, JOHN F",MA,DEM,C00408088,SPIRIT OF AMERICA PAC,43776.24,108273.98,81747.86,81747.86,0.0,2017-01-01T00:00:00,2018-12-31T00:00:00,2018,31000.0,31000.0,0.0,,,YEAR-END,2018,False,committee_totals
S6WV00196,"KESSLER, JEFFREY VINCENT",WV,DEM,C00937854,KESSLER 2026,51836.53,15880.23,35956.3,35956.3,20000.0,2026-01-01T00:00:00,2026-04-22T00:00:00,2026,28640.0,26000.0,2640.0,3196.53,0.0,PRE-PRIMARY,2026,False,committee_totals
S4NJ00367,"KHALIL, CHRISTINA AMIRA",NJ,GRE,C00827162,CHRISTINA KHALIL FOR UNITED STATES SENATOR OF NEW JERSEY,13807.52,13817.52,0.0,0.0,0.0,2023-08-28T00:00:00,2024-11-30T00:00:00,2024,11938.18,7975.45,3962.73,95.7,0.0,POST-GENERAL,2024,True,committee_totals
S6TX00362,"KHAN, GULREZ",TX,REP,C00899294,GULREZ GUS KHAN FOR U.S. SENATE,10593.07,11238.76,-645.69,-645.69,3800.0,2025-07-01T00:00:00,2026-03-31T00:00:00,2026,6692.0,6542.0,150.0,0.0,0.0,APRIL QUARTERLY,2026,True,committee_totals
S4NJ00466,"KIM, ANDY",NJ,DEM,C00648220,ANDY KIM FOR NEW JERSEY,1355762.79,895740.35,1081722.52,1081722.52,0.0,2025-01-01T00:00:00,2026-03-31T00:00:00,2026,1190287.72,876592.36,313695.36,0.0,0.0,APRIL QUARTERLY,2026,True,committee_totals
S4NJ00466,"KIM, ANDY",NJ,DEM,C00648220,ANDY KIM FOR NEW JERSEY,12441003.62,11981836.13,621700.08,621700.08,0.0,2023-01-01T00:00:00,2024-12-31T00:00:00,2024,11094385.53,8254464.66,2839920.87,0.0,0.0,YEAR-END,2024,True,committee_totals
S4NJ00466,"KIM, ANDY",NJ,DEM,C00648220,ANDY KIM FOR CONGRESS,7147162.97,7536464.94,162532.59,162532.59,0.0,2021-01-01T00:00:00,2022-12-31T00:00:00,2022,5789812.36,4894529.68,895282.68,0.0,180000.0,YEAR-END,2022,True,committee_totals
S4NJ00466,"KIM, ANDY",NJ,DEM,C00648220,ANDY KIM FOR CONGRESS,7358014.54,6869993.74,551834.56,551834.56,6895.58,2019-01-01T00:00:00,2020-12-31T00:00:00,2020,5709701.73,4762476.9,947224.83,0.0,0.05,YEAR-END,2020,True,committee_totals
S4NJ00466,"KIM, ANDY",NJ,DEM,C00648220,ANDY KIM FOR CONGRESS,6439534.88,6375721.12,63813.76,63813.76,51381.76,2017-04-01T00:00:00,2018-12-31T00:00:00,2018,5208083.54,3964213.67,1243869.87,1260.32,300.0,YEAR-END,2018,True,committee_totals
S6OH00361,"KINCAID, RONALD E JR",OH,DEM,C00913038,RON KINCAID FOR SENATE,42800.15,45272.47,19090.5,19090.5,23810.07,2025-07-01T00:00:00,2026-04-15T00:00:00,2026,31016.14,24522.0,6494.14,0.0,0.0,PRE-PRIMARY,2026,True,committee_totals
S2ME00109,"KING, ANGUS S. JR.",ME,IND,C00516047,ANGUS KING FOR U.S. SENATE CAMPAIGN,48607.13,218438.27,68885.63,68885.63,0.0,2025-01-01T00:00:00,2026-03-31T00:00:00,2026,20944.35,13360.0,7584.35,0.0,1255.41,APRIL QUARTERLY,2026,True,committee_totals
S2ME00109,"KING, ANGUS S. JR.",ME,IND,C00516047,ANGUS KING FOR U.S. SENATE CAMPAIGN,5368767.0,5443100.77,238716.77,238716.77,0.0,2023-01-01T00:00:00,2024-12-31T00:00:00,2024,3734651.41,3261110.52,473540.89,429.9,75627.77,YEAR-END,2024,True,committee_totals
S2ME00109,"KING, ANGUS S. JR.",ME,IND,C00516047,ANGUS KING FOR U.S. SENATE CAMPAIGN,138158.07,213753.58,313050.54,313050.54,0.0,2021-01-01T00:00:00,2022-12-31T00:00:00,2022,35349.57,33400.0,1949.57,3111.3,197.2,YEAR-END,2022,True,committee_totals
S2ME00109,"KING, ANGUS S. JR.",ME,IND,C00516047,ANGUS KING FOR U.S. SENATE CAMPAIGN,330324.36,327348.95,388646.05,388646.05,0.0,2019-01-01T00:00:00,2020-12-31T00:00:00,2020,25497.97,22900.0,2597.97,22.2,344.5,YEAR-END,2020,True,committee_totals
S2ME00109,"KING, ANGUS S. JR.",ME,IND,C00516047,ANGUS KING FOR U.S. SENATE CAMPAIGN,4827215.37,4574178.81,385670.64,385670.64,0.0,2017-01-01T00:00:00,2018-12-31T00:00:00,2018,3577711.89,3041427.48,536282.41,5913.63,5812.89,YEAR-END,2018,True,committee_totals
S2ME00109,"KING, ANGUS S. JR.",ME,IND,C00516047,ANGUS KING FOR US SENATE CAMPAIGN,509439.0,387068.0,132633.0,132633.0,80000.0,2015-01-01T00:00:00,2016-12-31T00:00:00,2016,366736.0,246391.0,120345.0,466.0,34.0,YEAR-END,2016,True,committee_totals
S2ME00109,"KING, ANGUS S. JR.",ME,IND,C00516047,ANGUS KING FOR US SENATE CAMPAIGN,171587.0,189259.0,58131.0,58131.0,60000.0,2013-01-01T00:00:00,2014-12-31T00:00:00,2014,57354.0,57254.0,100.0,18269.0,0.0,YEAR-END,2014,True,committee_totals
S2ME00109,"KING, ANGUS S. JR.",ME,IND,C00516047,ANGUS KING FOR US SENATE CAMPAIGN,2964323.0,2888522.0,75802.0,75802.0,20000.0,2012-01-01T00:00:00,2012-12-31T00:00:00,2012,2398858.0,2153599.0,245257.0,11181.0,6735.0,YEAR-END,2012,True,committee_totals
S6GA00382,"KING, JOHN",GA,REP,C00904870,JOHN KING FOR SENATE,563078.46,563078.46,0.0,0.0,0.0,2025-05-12T00:00:00,2026-01-31T00:00:00,2026,551345.42,523623.99,27721.43,0.0,0.0,TERMINATION REPORT,2026,True,committee_totals
S4GA11210,"KINGSTON, JOHN H SR REP",GA,REP,C00544676,FRIENDS OF JACK KINGSTON,0.0,13985.65,-48528.13,-48528.13,0.0,2023-04-01T00:00:00,2024-03-31T00:00:00,2024,0.0,0.0,0.0,0.0,0.0,TERMINATION REPORT,2024,True,committee_totals
S4GA11210,"KINGSTON, JOHN H SR REP",GA,REP,C00544676,FRIENDS OF JACK KINGSTON,0.0,26636.58,-32177.47,-32177.47,0.0,2021-01-01T00:00:00,2022-09-30T00:00:00,2022,0.0,0.0,0.0,0.0,0.0,OCTOBER QUARTERLY,2022,True,committee_totals
S4GA11210,"KINGSTON, JOHN H SR REP",GA,REP,C00544676,FRIENDS OF JACK KINGSTON,77.95,3260.54,-5440.08,-5440.08,0.0,2019-01-01T00:00:00,2020-12-31T00:00:00,2020,0.0,0.0,0.0,0.0,77.95,YEAR-END,2020,True,committee_totals
S4GA11210,"KINGSTON, JOHN H SR REP",GA,REP,C00544676,FRIENDS OF JACK KINGSTON,107.0,10546.0,356.0,356.0,0.0,2017-01-01T00:00:00,2018-12-31T00:00:00,2018,0.0,0.0,0.0,0.0,107.0,YEAR-END,2018,True,committee_totals
S4GA11210,"KINGSTON, JOHN H SR REP",GA,REP,C00544676,FRIENDS OF JACK KINGSTON,1773.0,73386.0,10792.0,10792.0,0.0,2015-01-01T00:00:00,2016-12-31T00:00:00,2016,0.0,0.0,0.0,0.0,21.0,YEAR-END,2016,True,committee_totals
S4GA11210,"KINGSTON, JOHN H SR REP",GA,REP,C00544676,FRIENDS OF JACK KINGSTON,8088438.0,8006033.0,82404.0,82404.0,0.0,2013-05-02T00:00:00,2014-12-31T00:00:00,2014,5043913.0,4717467.0,326441.0,0.0,9599.0,YEAR-END,2014,True,committee_totals
S6ME00381,"KLEBAN, DAN",ME,DEM,C00918300,DAN KLEBAN FOR US SENATE,458786.42,458366.92,419.5,419.5,1687.5,2024-10-08T00:00:00,2026-03-31T00:00:00,2026,244074.58,194725.0,49349.58,214666.84,45.0,APRIL QUARTERLY,2026,True,committee_totals
S6MN00267,"KLOBUCHAR, AMY",MN,DFL,C00431353,KLOBUCHAR FOR MINNESOTA,2515566.99,2988157.73,1308966.28,1308966.28,0.0,2025-01-01T00:00:00,2026-03-31T00:00:00,2026,1578205.83,875993.15,702212.68,0.0,46269.93,APRIL QUARTERLY,2026,True,committee_totals
S6MN00267,"KLOBUCHAR, AMY",MN,DFL,C00431353,KLOBUCHAR FOR MINNESOTA,14734556.75,14098386.5,1781557.02,1781557.02,0.0,2023-01-01T00:00:00,2024-12-31T00:00:00,2024,10146530.53,5684804.12,4461726.41,0.0,5267.61,YEAR-END,2024,True,committee_totals
S6MN00267,"KLOBUCHAR, AMY",MN,DFL,C00431353,KLOBUCHAR FOR MINNESOTA,3758119.42,3864400.37,1145386.77,1145386.77,0.0,2021-01-01T00:00:00,2022-12-31T00:00:00,2022,2903072.9,1751969.14,1151103.76,0.0,0.0,YEAR-END,2022,True,committee_totals
S6MN00267,"KLOBUCHAR, AMY",MN,DFL,C00431353,KLOBUCHAR FOR MINNESOTA,3381082.5,6064891.38,1251667.72,1251667.72,0.0,2019-01-01T00:00:00,2020-12-31T00:00:00,2020,1422310.58,452454.25,969856.33,0.0,5195.5,YEAR-END,2020,True,committee_totals
S6MN00267,"KLOBUCHAR, AMY",MN,DFL,C00431353,KLOBUCHAR FOR MINNESOTA ,8132759.12,6941152.26,3935476.6,3935476.6,0.0,2017-01-01T00:00:00,2018-12-31T00:00:00,2018,6031518.94,3991114.23,2040403.71,0.0,13653.53,YEAR-END,2018,True,committee_totals
S6MN00267,"KLOBUCHAR, AMY",MN,DFL,C00431353,KLOBUCHAR FOR MINNESOTA ,1758853.0,1369214.0,1881667.0,1881667.0,0.0,2015-01-01T00:00:00,2016-12-31T00:00:00,2016,1132511.0,803684.0,328826.0,0.0,2578.0,YEAR-END,2016,True,committee_totals
S6MN00267,"KLOBUCHAR, AMY",MN,DFL,C00431353,KLOBUCHAR FOR MINNESOTA 2018,968539.0,1251832.0,1492028.0,1492028.0,0.0,2013-01-01T00:00:00,2014-12-31T00:00:00,2014,615298.0,511205.0,104091.0,0.0,2705.0,YEAR-END,2014,True,committee_totals
S6MN00267,"KLOBUCHAR, AMY",MN,DFL,C00431353,KLOBUCHAR FOR MINNESOTA 2012,7258395.0,7096758.0,1775321.0,1775321.0,0.0,2011-01-01T00:00:00,2012-12-31T00:00:00,2012,4729288.0,3326370.0,1402915.0,0.0,2762.0,YEAR-END,2012,True,committee_totals
S6MN00267,"KLOBUCHAR, AMY",MN,DFL,C00431353,KLOBUCHAR FOR MINNESOTA 2012,1843857.0,692309.0,1613680.0,1613680.0,0.0,2009-01-01T00:00:00,2010-12-31T00:00:00,2010,1332288.0,1228863.0,103425.0,0.0,187.0,YEAR-END,2010,True,committee_totals
S6MN00267,"KLOBUCHAR, AMY",MN,DFL,C00431353,KLOBUCHAR FOR MINNESOTA 2012,812927.0,350795.0,462131.0,462131.0,0.0,2007-01-01T00:00:00,2008-12-31T00:00:00,2008,285733.0,228500.0,57233.0,0.0,0.0,YEAR-END,2008,True,committee_totals
S6MN00267,"KLOBUCHAR, AMY",MN,DFL,C00431353,KLOBUCHAR FOR MINNESOTA 2012,0.0,0.0,0.0,0.0,0.0,2006-11-28T00:00:00,2006-12-31T00:00:00,2006,0.0,0.0,0.0,0.0,0.0,YEAR-END,2006,True,committee_totals
S0IA00101,"KRAUSE, ROBERT ALLEN",IA,DEM,C00579318,KRAUSE FOR IOWA INC,0.0,0.0,0.0,0.0,0.0,2015-05-07T00:00:00,2016-03-31T00:00:00,2016,0.0,0.0,0.0,0.0,0.0,APRIL QUARTERLY,2016,True,committee_totals
S0IA00101,"KRAUSE, ROBERT ALLEN",IA,DEM,C00461178,KRAUSE FOR IOWA'S FUTURE INC,24068.0,23665.0,503.0,503.0,0.0,2009-01-01T00:00:00,2010-06-30T00:00:00,2010,23299.0,18407.0,4892.0,0.0,304.0,JULY QUARTERLY,2010,True,committee_totals
S6IL00482,"KRISHNAMOORTHI, S",IL,DEM,C00904466,RAJA FOR ILLINOIS,31390858.87,28237935.72,3152923.15,3152923.15,116248.28,2025-05-01T00:00:00,2026-03-31T00:00:00,2026,11005562.55,10360283.07,645279.48,0.0,398480.62,APRIL QUARTERLY,2026,True,committee_totals
S6CO00390,"KUEBLER, JOSHUA WILLIAM",CO,IND,C00880112,JOSHUA KUEBLER SENATE RACE CANDIDATE,0.0,0.0,0.0,0.0,0.0,2024-05-31T00:00:00,2024-08-10T00:00:00,2024,0.0,0.0,0.0,0.0,0.0,TERMINATION REPORT,2024,True,committee_totals
S4CA00993,"KUMAR, HARMESH",CA,DEM,C00833277,DR. KUMAR 4 US SENATE,16528.0,12845.42,3417.58,3417.58,10000.0,2023-04-01T00:00:00,2023-09-30T00:00:00,2024,528.0,59.0,469.0,0.0,0.0,OCTOBER QUARTERLY,2023,True,committee_totals
S2MO00528,"KUNCE, LUCAS",MO,DEM,C00771972,HEARTLAND PATRIOTS,407423.5,392734.45,62903.23,62903.23,0.0,2025-01-01T00:00:00,2026-03-31T00:00:00,2026,316099.58,53475.0,262624.58,,,APRIL QUARTERLY,2026,False,committee_totals
S2MO00528,"KUNCE, LUCAS",MO,DEM,C00771972,HEARTLAND PATRIOTS,23184061.38,23143129.3,48214.18,48214.18,41764.2,2023-01-01T00:00:00,2024-12-31T00:00:00,2024,22705656.69,10703534.6,12002122.09,,,YEAR-END,2024,False,committee_totals
S4MN00569,"LACEY, JOYCE L",MN,IDP,C00881581,JOYCE LACEY FOR US SENATE,253.0,0.0,257.05,257.05,0.0,2025-01-01T00:00:00,2026-03-31T00:00:00,2026,2.0,0.0,2.0,251.0,0.0,APRIL QUARTERLY,2026,True,committee_totals
S4MN00569,"LACEY, JOYCE L",MN,IDP,C00881581,JOYCE LACEY FOR US SENATE,3011.72,3007.67,4.05,4.05,0.0,2024-04-01T00:00:00,2024-12-31T00:00:00,2024,892.38,505.0,387.38,1865.73,3.61,YEAR-END,2024,True,committee_totals
S6IA00181,"LAEHN, THOMAS RAYMOND DR.",IA,LIB,C00872903,"THOMAS LAEHN EXPLORATORY COMMITTEE, INCORPORATED",20422.91,29466.51,5513.72,5513.72,0.0,2025-01-01T00:00:00,2026-03-31T00:00:00,2026,20422.91,16117.91,4305.0,0.0,0.0,APRIL QUARTERLY,2026,True,committee_totals
S6IA00181,"LAEHN, THOMAS RAYMOND DR.",IA,LIB,C00872903,"THOMAS LAEHN EXPLORATORY COMMITTEE, INCORPORATED",22521.61,7964.29,14557.32,14557.32,0.0,2024-01-01T00:00:00,2024-12-31T00:00:00,2024,21221.61,17930.64,3290.97,1300.0,0.0,YEAR-END,2024,True,committee_totals
S6ME00340,"LAFLAMME, ANDREA",ME,DEM,C00907261,LAFLAMME FOR ME,7739.32,1928.92,5810.4,5810.4,1750.0,2025-06-01T00:00:00,2026-03-31T00:00:00,2026,5989.32,5795.36,193.96,0.0,0.0,APRIL QUARTERLY,2026,True,committee_totals
S4AZ00220,"LAKE, KARI",AZ,REP,C00852343,KARI LAKE FOR SENATE,365326.02,112031.56,471507.94,471507.94,1007764.01,2025-01-01T00:00:00,2026-03-31T00:00:00,2026,217274.32,186734.74,30539.58,0.0,0.33,APRIL QUARTERLY,2026,True,committee_totals
S4AZ00220,"LAKE, KARI",AZ,REP,C00852343,KARI LAKE FOR SENATE,26141656.57,25923443.09,218213.48,218213.48,696535.25,2023-10-01T00:00:00,2024-12-31T00:00:00,2024,23219891.76,12011099.68,11208792.08,0.0,209105.62,YEAR-END,2024,True,committee_totals
S4HI00177,"LAM, ADRIEL",HI,REP,C00859785,LAM4ALOHA,0.0,741.75,0.0,0.0,0.0,2025-01-01T00:00:00,2025-06-30T00:00:00,2026,0.0,0.0,0.0,0.0,0.0,TERMINATION REPORT,2025,True,committee_totals
S4HI00177,"LAM, ADRIEL",HI,REP,C00859785,LAM4ALOHA,23056.51,22309.63,741.75,741.75,10094.24,2023-12-04T00:00:00,2024-12-31T00:00:00,2024,12127.23,8736.58,3390.65,835.04,0.0,YEAR-END,2024,True,committee_totals
S4AZ00188,"LAMB, MARK",AZ,REP,C00837476,MARK LAMB FOR SENATE,0.0,3482.65,13141.29,13141.29,47400.96,2025-01-01T00:00:00,2026-03-31T00:00:00,2026,0.0,0.0,0.0,0.0,0.0,APRIL QUARTERLY,2026,True,committee_totals
S4AZ00188,"LAMB, MARK",AZ,REP,C00837476,MARK LAMB FOR SENATE,2189531.78,2172907.84,16623.94,16623.94,47400.96,2023-04-01T00:00:00,2024-12-31T00:00:00,2024,2176037.84,1145501.66,1030536.18,5000.0,0.0,YEAR-END,2024,True,committee_totals
S2AZ00331,"LAMON, JIM MR",AZ,REP,C00778407,JIM LAMON FOR SENATE,0.0,0.0,4448.39,4448.39,18437111.07,2025-01-01T00:00:00,2026-03-31T00:00:00,2026,0.0,0.0,0.0,0.0,0.0,APRIL QUARTERLY,2026,True,committee_totals
S2AZ00331,"LAMON, JIM MR",AZ,REP,C00778407,JIM LAMON FOR SENATE,16102.99,22472.84,4448.39,4448.39,18437111.07,2023-01-01T00:00:00,2024-12-31T00:00:00,2024,0.0,0.0,0.0,15000.0,0.0,YEAR-END,2024,True,committee_totals
S2AZ00331,"LAMON, JIM MR",AZ,REP,C00778407,JIM LAMON FOR SENATE,19564450.37,19553632.13,10818.24,10818.24,18457778.98,2021-04-01T00:00:00,2022-12-31T00:00:00,2022,1143923.34,851570.67,292352.67,33443.0,0.0,YEAR-END,2022,True,committee_totals
S6FL00657,"LANG, JAKE",FL,REP,C00897330,JAKE LANG FOR SENATE INC,32771.73,27362.66,5409.07,5409.07,26937.73,2025-01-01T00:00:00,2026-03-31T00:00:00,2026,5834.0,1260.25,4573.75,0.0,0.0,APRIL QUARTERLY,2026,True,committee_totals
S4OK00232,"LANKFORD, JAMES PAUL",OK,REP,C00466482,FAMILIES FOR JAMES LANKFORD,788822.95,458943.73,2667917.48,2667917.48,0.0,2025-01-01T00:00:00,2026-03-31T00:00:00,2026,290693.46,285370.51,5322.95,0.0,108557.56,APRIL QUARTERLY,2026,True,committee_totals
S4OK00232,"LANKFORD, JAMES PAUL",OK,REP,C00466482,FAMILIES FOR JAMES LANKFORD,913857.67,649918.51,2338038.26,2338038.26,0.0,2023-01-01T00:00:00,2024-12-31T00:00:00,2024,390441.98,350428.73,40013.25,0.0,153943.35,YEAR-END,2024,True,committee_totals
S4OK00232,"LANKFORD, JAMES PAUL",OK,REP,C00466482,FAMILIES FOR JAMES LANKFORD,5868351.84,4707427.93,2074099.1,2074099.1,0.0,2021-01-01T00:00:00,2022-12-31T00:00:00,2022,3279385.05,3033009.6,246375.45,0.0,14134.76,YEAR-END,2022,True,committee_totals
S4OK00232,"LANKFORD, JAMES PAUL",OK,REP,C00466482,FAMILIES FOR JAMES LANKFORD,822043.87,541522.98,913175.19,913175.19,0.0,2019-01-01T00:00:00,2020-12-31T00:00:00,2020,305815.22,265922.15,39893.07,0.0,13309.41,YEAR-END,2020,True,committee_totals
S4OK00232,"LANKFORD, JAMES PAUL",OK,REP,C00466482,FAMILIES FOR JAMES LANKFORD,629534.01,561617.84,632654.3,632654.3,0.0,2017-01-01T00:00:00,2018-12-31T00:00:00,2018,323453.0,318400.0,5053.0,0.0,4135.56,YEAR-END,2018,True,committee_totals
S4OK00232,"LANKFORD, JAMES PAUL",OK,REP,C00466482,FAMILIES FOR JAMES LANKFORD,3041818.0,2800373.0,564738.0,564738.0,0.0,2015-01-01T00:00:00,2016-12-31T00:00:00,2016,1816699.0,1564961.0,251735.0,0.0,0.0,YEAR-END,2016,True,committee_totals
S4OK00232,"LANKFORD, JAMES PAUL",OK,REP,C00466482,FAMILIES FOR JAMES LANKFORD,4277787.0,4384320.44,323294.0,323294.0,0.0,2013-01-01T00:00:00,2014-12-31T00:00:00,2014,3251455.0,2861064.0,390390.0,0.0,18.0,YEAR-END,2014,True,committee_totals
S4OK00232,"LANKFORD, JAMES PAUL",OK,REP,C00466482,FAMILIES FOR JAMES LANKFORD,1155958.56,815426.72,429828.9,429828.9,0.0,2011-01-01T00:00:00,2012-12-31T00:00:00,2012,789694.08,730278.08,59416.0,120.0,0.0,YEAR-END,2012,True,committee_totals
S4OK00232,"LANKFORD, JAMES PAUL",OK,REP,C00466482,FAMILIES FOR JAMES LANKFORD,1245943.97,1156646.91,89297.06,89297.06,0.0,2009-07-01T00:00:00,2010-12-31T00:00:00,2010,1056464.48,905638.19,150826.29,100.0,0.0,YEAR-END,2010,True,committee_totals
S4OH00200,"LAROSE, FRANK",OH,REP,C00845735,LAROSE FOR SENATE,11500.0,17778.5,12271.63,12271.63,10600.0,2025-01-01T00:00:00,2026-03-31T00:00:00,2026,1500.0,1500.0,0.0,0.0,0.0,APRIL QUARTERLY,2026,True,committee_totals
S4OH00200,"LAROSE, FRANK",OH,REP,C00845735,LAROSE FOR SENATE,2338457.32,2319907.19,18550.13,18550.13,25000.0,2023-07-01T00:00:00,2024-12-31T00:00:00,2024,2037670.47,1505462.02,532208.45,0.0,0.0,YEAR-END,2024,True,committee_totals
S6FL00624,"LAROSE, JOSUE ECONOMIST",FL,REP,C00894972,JOSUE LAROSE FOR UNITED STATES SENATE 2026,0.0,0.0,0.0,0.0,0.0,2025-01-01T00:00:00,2026-03-31T00:00:00,2026,0.0,0.0,0.0,0.0,0.0,APRIL QUARTERLY,2026,True,committee_totals
S6AL00427,"LARRIETT, DAKARAI",AL,DEM,C00901017,ELECT DAKARAI LARRIETT,129877.4,111027.5,18849.9,18849.9,89370.0,2025-01-01T00:00:00,2026-03-31T00:00:00,2026,127347.4,53388.0,73959.4,10.0,0.0,APRIL QUARTERLY,2026,True,committee_totals
S2WI00342,"LASRY, ALEX",WI,DEM,C00769604,LASRY FOR WISCONSIN,0.0,951.0,22482.85,22482.85,14035000.0,2025-01-01T00:00:00,2026-03-31T00:00:00,2026,0.0,0.0,0.0,0.0,0.0,APRIL QUARTERLY,2026,True,committee_totals
S2WI00342,"LASRY, ALEX",WI,DEM,C00769604,LASRY FOR WISCONSIN,6803.4,120243.58,23433.85,23433.85,14035000.0,2023-01-01T00:00:00,2024-12-31T00:00:00,2024,0.0,0.0,0.0,0.0,0.0,YEAR-END,2024,True,committee_totals
S2WI00342,"LASRY, ALEX",WI,DEM,C00769604,LASRY FOR WISCONSIN,18842375.53,18705501.5,136874.03,136874.03,14150000.0,2021-02-11T00:00:00,2022-12-31T00:00:00,2022,3841407.17,3176979.91,664427.26,635.65,25944.64,YEAR-END,2022,True,committee_totals
S2NJ00080,"LAUTENBERG, FRANK R",NJ,DEM,C00382457,LAUTENBERG FOR SENATE,0.0,2500.0,86927.9,86927.9,0.0,2025-01-01T00:00:00,2026-03-31T00:00:00,2026,0.0,0.0,0.0,0.0,0.0,APRIL QUARTERLY,2026,True,committee_totals
S2NJ00080,"LAUTENBERG, FRANK R",NJ,DEM,C00382457,LAUTENBERG FOR SENATE,0.0,376.0,89427.9,89427.9,1090000.0,2023-01-01T00:00:00,2024-12-31T00:00:00,2024,0.0,0.0,0.0,0.0,0.0,YEAR-END,2024,True,committee_totals
S2NJ00080,"LAUTENBERG, FRANK R",NJ,DEM,C00382457,LAUTENBERG FOR SENATE,0.0,0.0,89803.9,89803.9,1090000.0,2021-01-01T00:00:00,2022-12-31T00:00:00,2022,0.0,0.0,0.0,0.0,0.0,YEAR-END,2022,True,committee_totals
S2NJ00080,"LAUTENBERG, FRANK R",NJ,DEM,C00382457,LAUTENBERG FOR SENATE,0.0,0.0,89803.9,89803.9,1090000.0,2019-01-01T00:00:00,2020-12-31T00:00:00,2020,0.0,0.0,0.0,0.0,0.0,YEAR-END,2020,True,committee_totals
S2NJ00080,"LAUTENBERG, FRANK R",NJ,DEM,C00382457,LAUTENBERG FOR SENATE,0.0,0.0,89803.9,89803.9,1090000.0,2017-01-01T00:00:00,2018-12-31T00:00:00,2018,0.0,0.0,0.0,0.0,0.0,YEAR-END,2018,True,committee_totals
S2NJ00080,"LAUTENBERG, FRANK R",NJ,DEM,C00382457,LAUTENBERG FOR SENATE,0.0,6370.0,89803.0,89803.0,1090000.0,2015-01-01T00:00:00,2016-12-31T00:00:00,2016,0.0,0.0,0.0,0.0,0.0,YEAR-END,2016,True,committee_totals
S2NJ00080,"LAUTENBERG, FRANK R",NJ,DEM,C00382457,LAUTENBERG FOR SENATE,4793.0,90687.0,96173.0,96173.0,1090000.0,2013-01-01T00:00:00,2014-12-31T00:00:00,2014,905.0,10.0,895.0,0.0,3122.0,YEAR-END,2014,True,committee_totals
S2NJ00080,"LAUTENBERG, FRANK R",NJ,DEM,C00382457,LAUTENBERG FOR SENATE,252060.0,290384.0,182068.0,182068.0,1090000.0,2011-01-01T00:00:00,2012-12-31T00:00:00,2012,98406.0,80945.0,17460.0,0.0,319.0,YEAR-END,2012,True,committee_totals
S2NJ00080,"LAUTENBERG, FRANK R",NJ,DEM,C00382457,LAUTENBERG FOR SENATE,182713.0,451230.0,220391.0,220391.0,1090000.0,2009-01-01T00:00:00,2010-12-31T00:00:00,2010,30676.0,30660.0,16.0,0.0,1161.0,YEAR-END,2010,True,committee_totals
S2NJ00080,"LAUTENBERG, FRANK R",NJ,DEM,C00382457,LAUTENBERG FOR SENATE,7219668.0,8135752.0,488909.0,488909.0,1340000.0,2007-01-01T00:00:00,2008-12-31T00:00:00,2008,4629987.0,4629987.0,0.0,1404600.0,176371.0,YEAR-END,2008,True,committee_totals
S2NJ00080,"LAUTENBERG, FRANK R",NJ,DEM,C00382457,LAUTENBERG FOR SENATE,1874043.0,646709.0,1404994.0,1404994.0,2090000.0,2005-01-01T00:00:00,2006-12-31T00:00:00,2006,200120.0,174220.0,300.0,0.0,10397.91,YEAR-END,2006,True,committee_totals
S2NJ00080,"LAUTENBERG, FRANK R",NJ,DEM,C00382457,LAUTENBERG FOR SENATE,419163.0,414821.0,177659.0,177659.0,1410000.0,2003-01-01T00:00:00,2004-12-31T00:00:00,2004,285375.0,,,0.0,,YEAR-END,2004,True,committee_totals
S2NJ00080,"LAUTENBERG, FRANK R",NJ,DEM,C00382457,LAUTENBERG FOR SENATE,3070996.0,2897674.0,173321.0,173321.0,1510000.0,2002-10-01T00:00:00,2002-12-31T00:00:00,2002,1105879.0,,,0.0,,YEAR-END,2002,True,committee_totals
S6ID00161,"LAVE, DENNY",ID,REP,C00940833,DENNY FOR SENATE,160895.0,1605.5,159289.5,159289.5,169276.83,2026-02-25T00:00:00,2026-03-31T00:00:00,2026,6200.0,6000.0,200.0,6695.0,0.0,APRIL QUARTERLY,2026,True,committee_totals
S2NV00324,"LAXALT, ADAM",NV,REP,C00787135,LAXALT FOR SENATE,0.0,34071.2,223564.37,223564.37,0.0,2025-01-01T00:00:00,2026-03-31T00:00:00,2026,0.0,0.0,0.0,0.0,0.0,APRIL QUARTERLY,2026,True,committee_totals
S2NV00324,"LAXALT, ADAM",NV,REP,C00787135,LAXALT FOR SENATE,19195.41,266316.54,257635.57,257635.57,0.0,2023-01-01T00:00:00,2024-12-31T00:00:00,2024,1000.0,1000.0,0.0,0.0,8501.09,YEAR-END,2024,True,committee_totals
S2NV00324,"LAXALT, ADAM",NV,REP,C00787135,LAXALT FOR SENATE,19001999.6,18497242.9,504756.7,504756.7,0.0,2021-07-01T00:00:00,2022-12-31T00:00:00,2022,16565862.95,11339199.4,5226663.55,0.0,320589.42,YEAR-END,2022,True,committee_totals
S4WI00280,"LEAGER, THOMAS CHARLES MR.",WI,IND,C00875021,LEAGER FOR US SENATE,0.0,0.0,175.54,175.54,121.0,2025-01-01T00:00:00,2025-09-30T00:00:00,2026,0.0,0.0,0.0,0.0,0.0,OCTOBER QUARTERLY,2025,True,committee_totals
S4WI00280,"LEAGER, THOMAS CHARLES MR.",WI,IND,C00875021,LEAGER FOR US SENATE,23856.0,23721.0,175.54,175.54,121.0,2022-04-01T00:00:00,2024-12-31T00:00:00,2024,23735.0,23550.0,185.0,0.0,0.0,YEAR-END,2024,True,committee_totals
S4VT00017,"LEAHY, PATRICK J",VT,DEM,C00619932,BLUE SENATE 2016,327199.0,327198.0,0.0,0.0,0.0,2016-04-01T00:00:00,2016-11-28T00:00:00,2016,327093.0,326726.0,367.0,0.0,0.0,TERMINATION REPORT,2016,False,committee_totals
S4VT00017,"LEAHY, PATRICK J",VT,DEM,C00135715,CALIFORNIANS FOR A RESPONSIBLE SENATE - BAYH/CULVER/LEAHY/NELSON,0.0,100.0,0.0,0.0,0.0,1987-01-01T00:00:00,1987-06-30T00:00:00,1988,,,,,,MID-YEAR REPORT,1987,False,committee_totals
S4VT00017,"LEAHY, PATRICK J",VT,DEM,C00135715,CALIFORNIANS FOR A RESPONSIBLE SENATE - BAYH/CULVER/LEAHY/NELSON,0.0,0.0,100.0,100.0,9008.0,1985-01-01T00:00:00,1986-12-31T00:00:00,1986,,,,,,YEAR-END,1986,False,committee_totals
S4VT00017,"LEAHY, PATRICK J",VT,DEM,C00135715,CALIFORNIANS FOR A RESPONSIBLE SENATE - BAYH/CULVER/LEAHY/NELSON,34903.0,34810.0,100.0,100.0,8403.0,1983-01-01T00:00:00,1984-12-31T00:00:00,1984,28000.0,,,,,YEAR-END,1984,False,committee_totals
S4VT00017,"LEAHY, PATRICK J",VT,DEM,C00135715,CALIFORNIANS FOR A RESPONSIBLE SENATE - BAYH/CULVER/LEAHY/NELSON,12375.0,12898.0,,,,1981-01-01T00:00:00,1982-12-31T00:00:00,1982,,,,,,YEAR-END,1982,False,committee_totals
S4VT00017,"LEAHY, PATRICK J",VT,DEM,C00135715,CALIFORNIANS FOR A RESPONSIBLE SENATE - BAYH/CULVER/LEAHY/NELSON,67925.0,61106.0,,,,1980-07-01T00:00:00,1980-12-31T00:00:00,1980,,,,,,YEAR-END,1980,False,committee_totals
S4VT00017,"LEAHY, PATRICK J",VT,DEM,C00385872,DASCHLE-LEAHY VICTORY FUND,0.0,0.0,0.0,0.0,0.0,2003-01-01T00:00:00,2004-09-30T00:00:00,2004,0.0,,,,,TERMINATION REPORT,2004,False,committee_totals
S4VT00017,"LEAHY, PATRICK J",VT,DEM,C00385872,DASCHLE-LEAHY VICTORY FUND,94207.0,94206.0,0.0,0.0,0.0,2003-01-01T00:00:00,2004-09-30T00:00:00,2004,90200.0,,,0.0,,TERMINATION REPORT,2004,False,committee_totals
S4VT00017,"LEAHY, PATRICK J",VT,DEM,C00391623,LEAHY-CANTWELL COMMITTEE,36580.0,36580.0,0.0,0.0,0.0,2003-10-15T00:00:00,2004-03-31T00:00:00,2004,36580.0,,,0.0,,TERMINATION REPORT,2004,False,committee_totals
S4VT00017,"LEAHY, PATRICK J",VT,DEM,C00566547,LEAHY GREEN MOUNTAIN COMMITTEE,0.0,689.38,14.0,14.0,0.0,2021-01-01T00:00:00,2021-12-31T00:00:00,2022,0.0,0.0,0.0,,,TERMINATION REPORT,2021,False,committee_totals
S4VT00017,"LEAHY, PATRICK J",VT,DEM,C00566547,LEAHY GREEN MOUNTAIN COMMITTEE,0.0,108.0,703.38,703.38,0.0,2019-01-01T00:00:00,2020-12-31T00:00:00,2020,0.0,0.0,0.0,,,YEAR-END,2020,False,committee_totals
S4VT00017,"LEAHY, PATRICK J",VT,DEM,C00566547,LEAHY GREEN MOUNTAIN COMMITTEE,29800.0,29472.75,775.38,775.38,0.0,2017-01-01T00:00:00,2018-12-31T00:00:00,2018,10300.0,10300.0,0.0,,,YEAR-END,2018,False,committee_totals
S4VT00017,"LEAHY, PATRICK J",VT,DEM,C00566547,LEAHY GREEN MOUNTAIN COMMITTEE,117850.0,117896.05,448.13,448.13,0.0,2015-01-01T00:00:00,2016-12-31T00:00:00,2016,44850.0,44850.0,0.0,,,YEAR-END,2016,False,committee_totals
S4VT00017,"LEAHY, PATRICK J",VT,DEM,C00566547,LEAHY GREEN MOUNTAIN COMMITTEE,13000.0,12505.82,494.18,494.18,0.0,2014-07-01T00:00:00,2014-12-31T00:00:00,2014,12000.0,12000.0,0.0,,,YEAR-END,2014,False,committee_totals
S4VT00017,"LEAHY, PATRICK J",VT,DEM,C00423822,LEAHY GREEN MOUNTAIN VICTORY FUND,108633.0,108633.0,0.0,0.0,0.0,2006-04-26T00:00:00,2006-11-27T00:00:00,2006,42633.0,31025.0,11608.0,,,TERMINATION REPORT,2006,False,committee_totals
S4VT00017,"LEAHY, PATRICK J",VT,DEM,C00622282,NEW ENGLAND SENATE VICTORY FUND,31000.0,29497.0,822.0,822.0,0.0,2016-08-01T00:00:00,2016-12-07T00:00:00,2016,31000.0,28300.0,2700.0,,0.0,TERMINATION REPORT,2016,False,committee_totals
S4VT00017,"LEAHY, PATRICK J",VT,DEM,C00622282,NEW ENGLAND SENATE VICTORY FUND,32604.0,31781.0,822.0,822.0,0.0,2016-08-01T00:00:00,2016-12-07T00:00:00,2016,32100.0,29300.0,2800.0,0.0,0.0,TERMINATION REPORT,2016,False,committee_totals
S4VT00017,"LEAHY, PATRICK J",VT,DEM,C00068353,SENATE FUTURE FUND,0.0,95417.48,26151.87,26151.87,0.0,2025-01-01T00:00:00,2026-03-31T00:00:00,2026,0.0,0.0,0.0,,,APRIL QUARTERLY,2026,False,committee_totals
S4VT00017,"LEAHY, PATRICK J",VT,DEM,C00068353,SENATE FUTURE FUND,1636.43,1482122.12,121569.35,121569.35,0.0,2023-01-01T00:00:00,2024-12-31T00:00:00,2024,0.0,0.0,0.0,,,YEAR-END,2024,False,committee_totals
S4VT00017,"LEAHY, PATRICK J",VT,DEM,C00290445,VERMONT DEMOCRATIC VICTORY FUND,69902.0,69902.0,0.0,0.0,,1994-01-01T00:00:00,1994-09-30T00:00:00,1994,62012.0,0.0,0.0,,,OCTOBER QUARTERLY,1994,False,committee_totals
S4VT00017,"LEAHY, PATRICK J",VT,DEM,C00477273,VERMONT SENATE 2010,92000.0,92000.0,0.0,0.0,0.0,2010-03-01T00:00:00,2010-11-22T00:00:00,2010,92000.0,92000.0,0.0,,,TERMINATION REPORT,2010,False,committee_totals
S4VT00017,"LEAHY, PATRICK J",VT,DEM,C00405357,VERMONT VICTORY 2004,425.0,13483.72,0.0,0.0,0.0,2005-01-01T00:00:00,2005-03-16T00:00:00,2006,425.0,300.0,125.0,,,TERMINATION REPORT,2005,False,committee_totals
S4VT00017,"LEAHY, PATRICK J",VT,DEM,C00405357,VERMONT VICTORY 2004,178924.0,165865.28,13058.72,13058.72,0.0,2004-08-23T00:00:00,2004-12-31T00:00:00,2004,73674.0,57079.0,16595.0,,,YEAR-END,2004,False,committee_totals
S4VT00017,"LEAHY, PATRICK J",VT,DEM,C00557462,VERMONT VIRGINIA VICTORY FUND,0.0,0.0,0.0,0.0,0.0,2014-02-20T00:00:00,2014-02-20T00:00:00,2014,0.0,0.0,0.0,0.0,0.0,TERMINATION REPORT,2014,False,committee_totals
S4VT00017,"LEAHY, PATRICK J",VT,DEM,C00210088,VOICES FOR CHANGE,91.0,203.0,0.0,0.0,0.0,1987-01-01T00:00:00,1987-03-31T00:00:00,1988,0.0,0.0,0.0,,,TERMINATION REPORT,1987,False,committee_totals
S4VT00017,"LEAHY, PATRICK J",VT,DEM,C00210088,VOICES FOR CHANGE,1140881.0,1140769.0,112.0,112.0,0.0,1986-07-01T00:00:00,1986-12-31T00:00:00,1986,0.0,0.0,0.0,,,YEAR-END,1986,False,committee_totals
S6NJ00438,"LEBOVICS, ROBERT",NJ,REP,C00941534,LEBOVICS FOR SENATE,101260.25,77955.94,23304.31,23304.31,100000.0,2026-01-01T00:00:00,2026-03-31T00:00:00,2026,1260.25,1260.25,0.0,0.0,0.0,APRIL QUARTERLY,2026,True,committee_totals
S4CA00589,"LEE, BARBARA",CA,DEM,C00833608,BARBARA LEE FOR US SENATE,58793.47,101297.95,6287.5,6287.5,88970.64,2025-01-01T00:00:00,2026-03-31T00:00:00,2026,27344.6,26850.0,494.6,0.0,3850.52,APRIL QUARTERLY,2026,True,committee_totals
S4CA00589,"LEE, BARBARA",CA,DEM,C00833608,BARBARA LEE FOR US SENATE,5809488.05,5760696.07,48791.98,48791.98,91035.13,2023-01-01T00:00:00,2024-12-31T00:00:00,2024,5206677.82,3934110.36,1272567.46,0.0,60055.33,YEAR-END,2024,True,committee_totals
S0UT00165,"LEE, MIKE",UT,REP,C00473827,FRIENDS OF MIKE LEE INC,2047902.2,2110270.85,846399.24,846399.24,0.0,2025-01-01T00:00:00,2026-03-31T00:00:00,2026,1703880.8,1022650.52,681230.28,0.0,23555.61,APRIL QUARTERLY,2026,True,committee_totals
S0UT00165,"LEE, MIKE",UT,REP,C00473827,FRIENDS OF MIKE LEE INC,5138473.2,5191865.23,908767.89,908767.89,0.0,2023-01-01T00:00:00,2024-12-31T00:00:00,2024,5012893.49,1924055.72,3088837.77,0.0,0.06,YEAR-END,2024,True,committee_totals
S0UT00165,"LEE, MIKE",UT,REP,C00473827,FRIENDS OF MIKE LEE INC,10885232.67,10478792.75,955824.1,955824.1,0.0,2021-01-01T00:00:00,2022-12-31T00:00:00,2022,7592448.42,5087432.67,2505015.75,0.0,2.34,YEAR-END,2022,True,committee_totals
S0UT00165,"LEE, MIKE",UT,REP,C00473827,FRIENDS OF MIKE LEE INC,1140180.24,831284.3,549384.18,549384.18,0.0,2019-01-01T00:00:00,2020-12-31T00:00:00,2020,923741.72,496265.97,427475.75,0.0,6306.24,YEAR-END,2020,True,committee_totals
S0UT00165,"LEE, MIKE",UT,REP,C00473827,FRIENDS OF MIKE LEE INC,693219.22,799937.89,240488.24,240488.24,0.0,2017-01-01T00:00:00,2018-12-31T00:00:00,2018,513413.39,390416.0,122997.39,0.0,13833.63,YEAR-END,2018,True,committee_totals
S0UT00165,"LEE, MIKE",UT,REP,C00473827,FRIENDS OF MIKE LEE INC,3981888.49,4001943.25,347208.0,347208.0,0.0,2015-01-01T00:00:00,2016-12-31T00:00:00,2016,2966375.73,2650572.57,315999.16,0.0,55.46,YEAR-END,2016,True,committee_totals
S0UT00165,"LEE, MIKE",UT,REP,C00473827,FRIENDS OF MIKE LEE INC,1650215.0,1288093.0,367264.0,367264.0,8640.0,2013-01-01T00:00:00,2014-12-31T00:00:00,2014,1233001.0,802657.0,430343.0,0.0,0.0,YEAR-END,2014,True,committee_totals
S0UT00165,"LEE, MIKE",UT,REP,C00473827,FRIENDS OF MIKE LEE INC,491832.0,532325.0,5142.0,5142.0,31864.0,2011-01-01T00:00:00,2012-12-31T00:00:00,2012,309787.0,271620.0,38167.0,0.0,4.0,YEAR-END,2012,True,committee_totals
S0UT00165,"LEE, MIKE",UT,REP,C00473827,FRIENDS OF MIKE LEE INC,1849329.0,1801351.0,45885.0,45885.0,63963.0,2010-01-01T00:00:00,2010-12-31T00:00:00,2010,1283559.0,1050489.0,233069.0,0.0,0.0,YEAR-END,2010,True,committee_totals
S2FL00227,"LEMIEUX, GEORGE S",FL,REP,C00494971,FLORIDA FREEDOM COMMITTEE,0.0,15716.92,0.0,0.0,0.0,2023-01-01T00:00:00,2024-12-31T00:00:00,2024,0.0,0.0,0.0,,,TERMINATION REPORT,2024,False,committee_totals
S2FL00227,"LEMIEUX, GEORGE S",FL,REP,C00494971,FLORIDA FREEDOM COMMITTEE,0.0,29431.69,15716.92,15716.92,0.0,2021-01-01T00:00:00,2022-12-31T00:00:00,2022,0.0,0.0,0.0,,,YEAR-END,2022,False,committee_totals
S2FL00227,"LEMIEUX, GEORGE S",FL,REP,C00494971,FLORIDA FREEDOM COMMITTEE,0.0,53110.65,45148.61,45148.61,0.0,2019-01-01T00:00:00,2020-12-31T00:00:00,2020,0.0,0.0,0.0,,,YEAR-END,2020,False,committee_totals
S2FL00227,"LEMIEUX, GEORGE S",FL,REP,C00494971,FLORIDA FREEDOM COMMITTEE,0.0,129758.71,98259.26,98259.26,0.0,2017-01-01T00:00:00,2018-12-31T00:00:00,2018,0.0,0.0,0.0,,,YEAR-END,2018,False,committee_totals
S6LA00664,"LETLOW, JULIA",LA,REP,C00935411,JULIA LETLOW FOR LOUISIANA,3913424.32,1639379.99,2274044.33,2274044.33,0.0,2026-01-01T00:00:00,2026-03-31T00:00:00,2026,480571.28,433185.15,47386.13,0.0,0.0,APRIL QUARTERLY,2026,True,committee_totals
S6OH00395,"LEVY, GREGORY LEE",OH,IND,C00918839,GREG LEVY FOR SENATE,57814.65,27570.96,31998.93,31998.93,0.0,2025-10-01T00:00:00,2026-04-15T00:00:00,2026,57810.39,31349.33,26461.06,0.0,4.26,PRE-PRIMARY,2026,True,committee_totals
S2WI00458,"LEWIS, CHANTIA",WI,DEM,C00785063,CHANTIA LEWIS FOR WISCONSIN,0.0,0.0,158.49,158.49,0.0,2025-01-01T00:00:00,2026-03-31T00:00:00,2026,0.0,0.0,0.0,0.0,0.0,APRIL QUARTERLY,2026,True,committee_totals
S2WI00458,"LEWIS, CHANTIA",WI,DEM,C00785063,CHANTIA LEWIS FOR WISCONSIN,0.0,0.0,158.49,158.49,0.0,2023-01-01T00:00:00,2024-12-31T00:00:00,2024,0.0,0.0,0.0,0.0,0.0,YEAR-END,2024,True,committee_totals
S2WI00458,"LEWIS, CHANTIA",WI,DEM,C00785063,CHANTIA LEWIS FOR WISCONSIN,17288.74,17130.25,158.49,158.49,0.0,2021-06-15T00:00:00,2022-12-31T00:00:00,2022,17253.0,11500.0,5753.0,0.0,0.04,YEAR-END,2022,True,committee_totals
S2CA00872,"LIEW, SARAH SUN DR.",CA,REP,C00721787,DR. SARAH SUN LIEW FOR U.S. SENATE,0.0,0.0,-57.93,-57.93,292059.24,2025-01-01T00:00:00,2025-12-31T00:00:00,2026,0.0,0.0,0.0,0.0,0.0,YEAR-END,2025,True,committee_totals
S2CA00872,"LIEW, SARAH SUN DR.",CA,REP,C00721787,DR. SARAH SUN LIEW FOR CONGRESS,48420.0,30977.63,240.77,240.77,292059.24,2023-01-01T00:00:00,2024-09-30T00:00:00,2024,300.0,300.0,0.0,0.0,0.0,OCTOBER QUARTERLY,2024,True,committee_totals
S2CA00872,"LIEW, SARAH SUN DR.",CA,REP,C00721787,DR. SARAH SUN LIEW FOR CONGRESS,136900.0,137983.4,20.29,20.29,233939.24,2021-01-01T00:00:00,2022-12-31T00:00:00,2022,5000.0,5000.0,0.0,0.0,0.0,YEAR-END,2022,True,committee_totals
S2CA00872,"LIEW, SARAH SUN DR.",CA,REP,C00721787,DR. SARAH SUN LIEW FOR CONGRESS,103489.24,101474.55,903.3,903.3,0.0,2019-10-01T00:00:00,2020-12-31T00:00:00,2020,50.0,0.0,50.0,0.0,0.0,YEAR-END,2020,True,committee_totals
S2NV00415,"LINDEMANN, BARRY",NV,REP,C00846519,COMMITTEE TO ELECT BARRY LINDEMANN,1500.0,4389.99,215.6,215.6,0.0,2024-01-01T00:00:00,2024-09-30T00:00:00,2024,1500.0,1500.0,0.0,,0.0,OCTOBER QUARTERLY,2024,True,committee_totals
S2NV00415,"LINDEMANN, BARRY",NV,REP,C00846519,COMMITTEE TO ELECT BARRY LINDEMANN,64106.04,63947.68,215.6,215.6,0.0,2024-01-01T00:00:00,2024-09-30T00:00:00,2024,15328.52,15278.52,50.0,140.0,0.0,OCTOBER QUARTERLY,2024,True,committee_totals
S4WV00423,"LINDSAY, DONALD",WV,REP,C00867507,DON LINDSAY FOR US SENATE,9792.33,9792.33,0.0,0.0,0.0,2024-01-01T00:00:00,2024-12-31T00:00:00,2024,0.0,0.0,0.0,9792.33,0.0,YEAR-END,2024,True,committee_totals
S6AR00215,"LITTLE, JEB",AR,REP,C00926568,JEB LITTLE FOR SENATE,92531.55,92404.15,127.4,127.4,0.0,2025-11-07T00:00:00,2026-03-31T00:00:00,2026,8261.95,6990.16,1271.79,37139.1,0.0,TERMINATION REPORT,2026,True,committee_totals
S4UT00183,"LOBO-BLANCO, GABRIEL STUART",UT,REP,C00840207,"COMMITTEE TO ELECT GABRIEL STUART LOBO-BLANCO FOR US SENATE, INC.",550.0,530.0,20.0,20.0,10372.31,2023-04-01T00:00:00,2024-03-31T00:00:00,2024,550.0,350.0,200.0,0.0,0.0,APRIL QUARTERLY,2024,True,committee_totals
S2MO00726,"LONG, BILLY",MO,REP,C00460063,BILLY LONG FOR SENATE,136900.0,166732.28,0.0,0.0,0.0,2025-01-01T00:00:00,2025-04-15T00:00:00,2026,136900.0,136600.0,300.0,0.0,0.0,TERMINATION REPORT,2025,True,committee_totals
S2MO00726,"LONG, BILLY",MO,REP,C00460063,BILLY LONG FOR SENATE,35977.32,28158.18,29832.28,29832.28,130000.0,2023-01-01T00:00:00,2024-12-31T00:00:00,2024,28195.0,28150.0,45.0,0.0,2782.32,YEAR-END,2024,True,committee_totals
S2MO00726,"LONG, BILLY",MO,REP,C00460063,BILLY LONG FOR SENATE,2205145.08,2658242.62,22013.14,22013.14,130000.0,2021-01-01T00:00:00,2022-12-31T00:00:00,2022,1097390.08,1026347.5,71042.58,0.0,94485.17,YEAR-END,2022,True,committee_totals
S2MO00726,"LONG, BILLY",MO,REP,C00460063,BILLY LONG FOR CONGRESS,1337163.2,1534977.2,475110.68,475110.68,0.0,2019-01-01T00:00:00,2020-12-31T00:00:00,2020,424282.05,384760.0,39522.05,0.0,23141.15,YEAR-END,2020,True,committee_totals
S2MO00726,"LONG, BILLY",MO,REP,C00460063,BILLY LONG FOR CONGRESS,1530792.88,1247421.45,672924.68,672924.68,0.0,2017-01-01T00:00:00,2018-12-31T00:00:00,2018,504379.63,488929.63,15450.0,0.0,24069.55,YEAR-END,2018,True,committee_totals
S2MO00726,"LONG, BILLY",MO,REP,C00460063,BILLY LONG FOR CONGRESS,1468339.43,1640591.29,389553.25,389553.25,0.0,2015-01-01T00:00:00,2016-12-31T00:00:00,2016,512988.71,499199.0,13789.71,0.0,12299.05,YEAR-END,2016,True,committee_totals
S2MO00726,"LONG, BILLY",MO,REP,C00460063,BILLY LONG FOR CONGRESS,1199797.11,952886.74,561805.11,561805.11,0.0,2013-01-01T00:00:00,2014-12-31T00:00:00,2014,584248.8,583873.8,375.0,0.0,7732.67,YEAR-END,2014,True,committee_totals
S2MO00726,"LONG, BILLY",MO,REP,C00460063,BILLY LONG FOR CONGRESS,924151.95,639660.24,314894.74,314894.74,0.0,2011-01-01T00:00:00,2012-12-31T00:00:00,2012,512339.82,489335.32,23004.5,0.0,7562.19,YEAR-END,2012,True,committee_totals
S2MO00726,"LONG, BILLY",MO,REP,C00460063,BILLY LONG FOR CONGRESS,1302006.7,1272603.67,29403.03,29403.03,0.0,2009-01-01T00:00:00,2010-12-31T00:00:00,2010,1059134.77,1004922.26,54212.51,0.0,8065.93,YEAR-END,2010,True,committee_totals
H0MO07113,"LONG, BILLY MR.",MO,REP,C00460063,BILLY LONG FOR SENATE,136900.0,166732.28,0.0,0.0,0.0,2025-01-01T00:00:00,2025-04-15T00:00:00,2026,136900.0,136600.0,300.0,0.0,0.0,TERMINATION REPORT,2025,True,committee_totals
H0MO07113,"LONG, BILLY MR.",MO,REP,C00460063,BILLY LONG FOR SENATE,35977.32,28158.18,29832.28,29832.28,130000.0,2023-01-01T00:00:00,2024-12-31T00:00:00,2024,28195.0,28150.0,45.0,0.0,2782.32,YEAR-END,2024,True,committee_totals
H0MO07113,"LONG, BILLY MR.",MO,REP,C00460063,BILLY LONG FOR SENATE,2205145.08,2658242.62,22013.14,22013.14,130000.0,2021-01-01T00:00:00,2022-12-31T00:00:00,2022,1097390.08,1026347.5,71042.58,0.0,94485.17,YEAR-END,2022,True,committee_totals
H0MO07113,"LONG, BILLY MR.",MO,REP,C00460063,BILLY LONG FOR CONGRESS,1337163.2,1534977.2,475110.68,475110.68,0.0,2019-01-01T00:00:00,2020-12-31T00:00:00,2020,424282.05,384760.0,39522.05,0.0,23141.15,YEAR-END,2020,True,committee_totals
H0MO07113,"LONG, BILLY MR.",MO,REP,C00460063,BILLY LONG FOR CONGRESS,1530792.88,1247421.45,672924.68,672924.68,0.0,2017-01-01T00:00:00,2018-12-31T00:00:00,2018,504379.63,488929.63,15450.0,0.0,24069.55,YEAR-END,2018,True,committee_totals
H0MO07113,"LONG, BILLY MR.",MO,REP,C00460063,BILLY LONG FOR CONGRESS,1468339.43,1640591.29,389553.25,389553.25,0.0,2015-01-01T00:00:00,2016-12-31T00:00:00,2016,512988.71,499199.0,13789.71,0.0,12299.05,YEAR-END,2016,True,committee_totals
H0MO07113,"LONG, BILLY MR.",MO,REP,C00460063,BILLY LONG FOR CONGRESS,1199797.11,952886.74,561805.11,561805.11,0.0,2013-01-01T00:00:00,2014-12-31T00:00:00,2014,584248.8,583873.8,375.0,0.0,7732.67,YEAR-END,2014,True,committee_totals
H0MO07113,"LONG, BILLY MR.",MO,REP,C00460063,BILLY LONG FOR CONGRESS,924151.95,639660.24,314894.74,314894.74,0.0,2011-01-01T00:00:00,2012-12-31T00:00:00,2012,512339.82,489335.32,23004.5,0.0,7562.19,YEAR-END,2012,True,committee_totals
H0MO07113,"LONG, BILLY MR.",MO,REP,C00460063,BILLY LONG FOR CONGRESS,1302006.7,1272603.67,29403.03,29403.03,0.0,2009-01-01T00:00:00,2010-12-31T00:00:00,2010,1059134.77,1004922.26,54212.51,0.0,8065.93,YEAR-END,2010,True,committee_totals
S6IL00540,"LONG, PAMELA",IL,REP,C00904516,LONG FOR SENATE 2026,24715.06,22829.78,1885.28,1885.28,2637.99,2025-04-01T00:00:00,2026-04-09T00:00:00,2026,22077.07,12976.99,9100.08,0.0,0.0,TERMINATION REPORT,2026,True,committee_totals
S2NY00259,"LONG, WENDY",NY,REP,C00610402,WENDY LONG 2016 INC,0.0,871.61,0.0,0.0,0.0,2021-01-01T00:00:00,2022-03-31T00:00:00,2022,0.0,0.0,0.0,0.0,0.0,TERMINATION REPORT,2022,True,committee_totals
S2NY00259,"LONG, WENDY",NY,REP,C00610402,WENDY LONG 2016 INC,0.0,570.2,871.61,871.61,0.0,2019-01-01T00:00:00,2020-12-31T00:00:00,2020,0.0,0.0,0.0,0.0,0.0,YEAR-END,2020,True,committee_totals
S2NY00259,"LONG, WENDY",NY,REP,C00610402,WENDY LONG 2016 INC,4058.0,50671.5,1441.81,1441.81,0.0,2017-01-01T00:00:00,2018-12-31T00:00:00,2018,2348.0,0.0,2348.0,0.0,1160.0,YEAR-END,2018,True,committee_totals
S2NY00259,"LONG, WENDY",NY,REP,C00610402,WENDY LONG 2016 INC,135840.0,141693.0,48057.0,48057.0,30200.0,2016-01-01T00:00:00,2016-12-31T00:00:00,2016,100099.0,49900.0,50199.0,0.0,0.0,YEAR-END,2016,True,committee_totals
S6MN00465,"LOPEZ FRANZEN, MELISA",MN,DEM,C00899310,MELISA FOR MINNESOTA,299376.29,299376.29,0.0,0.0,0.0,2025-03-10T00:00:00,2025-07-15T00:00:00,2026,191138.59,164794.0,26344.59,100000.0,0.0,TERMINATION REPORT,2025,True,committee_totals
S6SC04353,"LOUIS, DONAVAN ARTHUR MR",SC,IND,C00936278,DON LOUIS FOR US SENATE,2605.0,2605.0,0.0,0.0,0.0,2026-01-01T00:00:00,2026-03-31T00:00:00,2026,258.0,0.0,258.0,2347.0,0.0,APRIL QUARTERLY,2026,True,committee_totals
S0TX00308,"LOVE, JOHN BENARD III",TX,DEM,C00720573,LOVE FOR TEXAS,110.64,7526.87,4541.92,4541.92,0.0,2025-01-01T00:00:00,2026-03-31T00:00:00,2026,110.53,51.83,58.7,0.0,0.11,TERMINATION REPORT,2026,True,committee_totals
S0TX00308,"LOVE, JOHN BENARD III",TX,DEM,C00720573,LOVE FOR TEXAS,135300.64,123995.08,11958.15,11958.15,0.0,2023-01-01T00:00:00,2024-12-31T00:00:00,2024,133773.65,87783.57,45990.08,0.0,1026.99,YEAR-END,2024,True,committee_totals
S0TX00308,"LOVE, JOHN BENARD III",TX,DEM,C00720573,LOVE FOR TEXAS,43675.57,43926.64,1004.78,1004.78,6015.67,2021-01-01T00:00:00,2022-12-31T00:00:00,2022,39090.57,24185.43,14905.14,0.0,200.0,YEAR-END,2022,True,committee_totals
S0TX00308,"LOVE, JOHN BENARD III",TX,DEM,C00720573,LOVE FOR TEXAS,31533.45,30277.6,1255.85,1255.85,0.0,2019-09-24T00:00:00,2020-12-31T00:00:00,2020,26533.45,22000.5,4532.95,0.0,0.0,YEAR-END,2020,True,committee_totals
S0NM00058,"LUJAN, BEN RAY",NM,DEM,C00443689,PEOPLE FOR BEN,4658613.41,1696484.92,4175921.38,4175921.38,0.0,2025-01-01T00:00:00,2026-03-31T00:00:00,2026,2408143.73,1330230.86,1077912.87,0.0,1477.0,APRIL QUARTERLY,2026,True,committee_totals
S0NM00058,"LUJAN, BEN RAY",NM,DEM,C00443689,PEOPLE FOR BEN,1364756.27,735061.51,1213792.89,1213792.89,0.0,2023-01-01T00:00:00,2024-12-31T00:00:00,2024,1072144.28,812375.14,259769.14,0.0,19073.81,YEAR-END,2024,True,committee_totals
S0NM00058,"LUJAN, BEN RAY",NM,DEM,C00443689,PEOPLE FOR BEN,1286092.74,781318.06,584098.13,584098.13,0.0,2021-01-01T00:00:00,2022-12-31T00:00:00,2022,1065302.92,760571.58,304731.34,0.0,0.0,YEAR-END,2022,True,committee_totals
S0NM00058,"LUJAN, BEN RAY",NM,DEM,C00443689,PEOPLE FOR BEN,9295577.6,9596963.41,79323.45,79323.45,0.0,2019-01-01T00:00:00,2020-12-31T00:00:00,2020,7409333.28,4809908.59,2599424.69,0.0,0.0,YEAR-END,2020,True,committee_totals
S0NM00058,"LUJAN, BEN RAY",NM,DEM,C00443689,PEOPLE FOR BEN,1963783.67,2352262.18,380709.26,380709.26,0.0,2017-01-01T00:00:00,2018-12-31T00:00:00,2018,598484.29,508677.25,89807.04,0.0,150.0,YEAR-END,2018,True,committee_totals
S0NM00058,"LUJAN, BEN RAY",NM,DEM,C00443689,PEOPLE FOR BEN,2108972.55,1876470.93,769187.77,769187.77,0.0,2015-01-01T00:00:00,2016-12-31T00:00:00,2016,685358.67,607655.04,77703.63,0.0,499.49,YEAR-END,2016,True,committee_totals
S0NM00058,"LUJAN, BEN RAY",NM,DEM,C00443689,PEOPLE FOR BEN,1267973.38,1045767.5,536686.15,536686.15,0.0,2013-01-01T00:00:00,2014-12-31T00:00:00,2014,462952.23,426282.64,36669.59,0.0,0.0,YEAR-END,2014,True,committee_totals
S0NM00058,"LUJAN, BEN RAY",NM,DEM,C00443689,PEOPLE FOR BEN,1102858.06,845161.97,314480.27,314480.27,0.0,2011-01-01T00:00:00,2012-12-31T00:00:00,2012,518180.01,465271.87,52908.14,0.0,410.55,YEAR-END,2012,True,committee_totals
S0NM00058,"LUJAN, BEN RAY",NM,DEM,C00443689,PEOPLE FOR BEN,1176087.4,1169388.81,56784.18,56784.18,103876.53,2009-01-01T00:00:00,2010-12-31T00:00:00,2010,597097.31,512816.57,84280.74,0.0,0.0,YEAR-END,2010,True,committee_totals
S0NM00058,"LUJAN, BEN RAY",NM,DEM,C00443689,PEOPLE FOR BEN,1570997.78,1520912.18,50085.59,50085.59,160889.54,2007-10-01T00:00:00,2008-12-31T00:00:00,2008,979512.7,908471.31,71041.39,0.0,0.0,YEAR-END,2008,True,committee_totals
S0WY00137,"LUMMIS, CYNTHIA MARIE MRS.",WY,REP,C00443580,LUMMIS FOR WYOMING INC.,1493103.64,561688.66,1608754.71,1608754.71,0.0,2025-01-01T00:00:00,2026-03-31T00:00:00,2026,402561.34,320350.97,82210.37,0.0,77.29,APRIL QUARTERLY,2026,True,committee_totals
S0WY00137,"LUMMIS, CYNTHIA MARIE MRS.",WY,REP,C00443580,LUMMIS FOR WYOMING INC.,805805.6,244322.63,677339.73,677339.73,0.0,2023-01-01T00:00:00,2024-12-31T00:00:00,2024,268912.2,241310.95,27601.25,0.0,0.0,YEAR-END,2024,True,committee_totals
S0WY00137,"LUMMIS, CYNTHIA MARIE MRS.",WY,REP,C00443580,LUMMIS FOR WYOMING INC.,419107.34,417700.81,115856.76,115856.76,0.0,2021-01-01T00:00:00,2022-12-31T00:00:00,2022,190264.81,172167.5,18097.31,0.0,1000.0,YEAR-END,2022,True,committee_totals
S0WY00137,"LUMMIS, CYNTHIA MARIE MRS.",WY,REP,C00443580,LUMMIS FOR WYOMING INC.,2994791.07,3028816.31,114450.23,114450.23,156643.5,2019-01-01T00:00:00,2020-12-31T00:00:00,2020,1568639.61,1057393.5,511246.11,0.0,0.0,YEAR-END,2020,True,committee_totals
S0WY00137,"LUMMIS, CYNTHIA MARIE MRS.",WY,REP,C00443580,LUMMIS FOR CONGRESS,0.0,108878.93,148475.47,148475.47,0.0,2017-01-01T00:00:00,2018-12-31T00:00:00,2018,0.0,0.0,0.0,0.0,0.0,YEAR-END,2018,True,committee_totals
S0WY00137,"LUMMIS, CYNTHIA MARIE MRS.",WY,REP,C00443580,LUMMIS FOR CONGRESS,100099.9,98104.34,257354.4,257354.4,0.0,2015-01-01T00:00:00,2016-12-31T00:00:00,2016,26710.0,25750.0,960.0,0.0,12389.9,YEAR-END,2016,True,committee_totals
S0WY00137,"LUMMIS, CYNTHIA MARIE MRS.",WY,REP,C00443580,LUMMIS FOR CONGRESS,432665.64,300949.02,255358.84,255358.84,0.0,2013-01-01T00:00:00,2014-12-31T00:00:00,2014,127689.0,98216.0,29473.0,0.0,126.64,YEAR-END,2014,True,committee_totals
S0WY00137,"LUMMIS, CYNTHIA MARIE MRS.",WY,REP,C00443580,LUMMIS FOR CONGRESS,715313.84,631025.66,123881.81,123881.81,0.0,2011-01-01T00:00:00,2012-12-31T00:00:00,2012,349167.75,283235.0,65932.75,0.0,1860.09,YEAR-END,2012,True,committee_totals
S0WY00137,"LUMMIS, CYNTHIA MARIE MRS.",WY,REP,C00443580,LUMMIS FOR CONGRESS,780426.42,754270.21,39593.63,39593.63,37622.45,2009-01-01T00:00:00,2010-12-31T00:00:00,2010,366596.32,294089.0,72507.32,0.0,2542.25,YEAR-END,2010,True,committee_totals
S0WY00137,"LUMMIS, CYNTHIA MARIE MRS.",WY,REP,C00443580,LUMMIS FOR CONGRESS,1530458.88,1517021.46,13437.42,13437.42,215057.14,2008-01-01T00:00:00,2008-12-31T00:00:00,2008,805256.88,708234.62,97022.26,67436.14,,YEAR-END,2008,True,committee_totals
S6FL00673,"LYLES, TAMIKA MS",FL,DEM,C00900522,LYLES FOR SENATE,23287.14,3139.89,20147.25,20147.25,21000.0,2025-01-01T00:00:00,2026-03-31T00:00:00,2026,2287.14,1381.14,906.0,0.0,0.0,TERMINATION REPORT,2026,True,committee_totals
S6SC04213,"LYNCH, MARK",SC,REP,C00897140,LYNCH FOR SENATE,5726191.16,2398855.44,3327335.72,3327335.72,5050000.0,2025-02-03T00:00:00,2026-03-31T00:00:00,2026,487187.95,227079.99,260107.96,0.0,188415.2,APRIL QUARTERLY,2026,True,committee_totals
S8TN00311,"MACKLER, JAMES",TN,DEM,C00637850,JAMES MACKLER FOR US SENATE,0.0,5000.0,24570.91,24570.91,0.0,2025-01-01T00:00:00,2026-03-31T00:00:00,2026,0.0,0.0,0.0,0.0,0.0,APRIL QUARTERLY,2026,True,committee_totals
S8TN00311,"MACKLER, JAMES",TN,DEM,C00637850,JAMES MACKLER FOR US SENATE,0.0,11003.15,29570.91,29570.91,0.0,2023-01-01T00:00:00,2024-12-31T00:00:00,2024,0.0,0.0,0.0,0.0,0.0,YEAR-END,2024,True,committee_totals
S8TN00311,"MACKLER, JAMES",TN,DEM,C00637850,JAMES MACKLER FOR US SENATE,35860.25,12298.52,40574.06,40574.06,0.0,2021-01-01T00:00:00,2022-12-31T00:00:00,2022,0.0,0.0,0.0,0.0,0.0,YEAR-END,2022,True,committee_totals
S8TN00311,"MACKLER, JAMES",TN,DEM,C00637850,JAMES MACKLER FOR US SENATE,2291057.55,2283136.82,17012.33,17012.33,0.0,2019-01-01T00:00:00,2020-12-31T00:00:00,2020,2193346.88,1747320.46,446026.42,0.0,7952.37,YEAR-END,2020,True,committee_totals
S8TN00311,"MACKLER, JAMES",TN,DEM,C00637850,JAMES MACKLER FOR US SENATE,980898.0,971804.49,9091.6,9091.6,0.0,2017-04-01T00:00:00,2018-12-31T00:00:00,2018,975359.0,676893.0,298466.0,0.0,0.52,YEAR-END,2018,True,committee_totals
S8NY00256,"MADSON, JOSHUA",NY,IND,C00829234,HALCYON FUND JOSHUA O MADSON,0.0,0.0,0.0,0.0,0.0,2022-12-21T00:00:00,2023-11-23T00:00:00,2024,0.0,0.0,0.0,0.0,0.0,TERMINATION REPORT,2023,True,committee_totals
S6NV00234,"MAHENDRA, SUJEET BOBBY NARENDRA",NV,DEM,C00608240,BOBBY MAHENDRA FOR SENATE,0.0,0.0,2976.47,2976.47,32000.0,2025-01-01T00:00:00,2026-03-31T00:00:00,2026,0.0,0.0,0.0,0.0,0.0,APRIL QUARTERLY,2026,True,committee_totals
S6NV00234,"MAHENDRA, SUJEET BOBBY NARENDRA",NV,DEM,C00608240,BOBBY MAHENDRA FOR SENATE,0.0,0.0,2976.47,2976.47,32000.0,2023-01-01T00:00:00,2024-12-31T00:00:00,2024,0.0,0.0,0.0,0.0,0.0,YEAR-END,2024,True,committee_totals
S6NV00234,"MAHENDRA, SUJEET BOBBY NARENDRA",NV,DEM,C00608240,BOBBY MAHENDRA FOR SENATE,0.0,27.39,2976.47,2976.47,32000.0,2021-01-01T00:00:00,2022-12-31T00:00:00,2022,0.0,0.0,0.0,0.0,0.0,YEAR-END,2022,True,committee_totals
S6NV00234,"MAHENDRA, SUJEET BOBBY NARENDRA",NV,DEM,C00608240,BOBBY MAHENDRA FOR SENATE,0.0,205.38,3003.86,3003.86,32000.0,2019-01-01T00:00:00,2020-12-31T00:00:00,2020,0.0,0.0,0.0,0.0,0.0,YEAR-END,2020,True,committee_totals
S6NV00234,"MAHENDRA, SUJEET BOBBY NARENDRA",NV,DEM,C00608240,BOBBY MAHENDRA FOR SENATE,9807.0,11242.0,3209.0,3209.0,32000.0,2017-01-01T00:00:00,2018-12-31T00:00:00,2018,2807.0,650.0,2157.0,0.0,0.0,YEAR-END,2018,True,committee_totals
S6NV00234,"MAHENDRA, SUJEET BOBBY NARENDRA",NV,DEM,C00608240,BOBBY MAHENDRA FOR SENATE,25006.0,20358.0,4646.0,4646.0,25000.0,2015-11-12T00:00:00,2016-12-31T00:00:00,2016,6.0,0.0,6.0,0.0,0.0,YEAR-END,2016,True,committee_totals
S2VT00292,"MALLOY, GERALD",VT,REP,C00809699,"GERALD MALLOY FOR US SENATE, LIMITED",17908.37,33121.62,5821.38,5821.38,0.0,2025-01-01T00:00:00,2026-03-31T00:00:00,2026,16753.3,6640.0,10113.3,0.0,0.1,APRIL QUARTERLY,2026,True,committee_totals
S2VT00292,"MALLOY, GERALD",VT,REP,C00809699,"GERALD MALLOY FOR US SENATE, LIMITED",662959.83,642786.47,21034.63,21034.63,5000.0,2023-01-01T00:00:00,2024-12-31T00:00:00,2024,643687.45,337411.12,306276.33,0.0,0.01,YEAR-END,2024,True,committee_totals
S2VT00292,"MALLOY, GERALD",VT,REP,C00809699,"GERALD MALLOY FOR US SENATE, LIMITED",397262.11,397918.33,861.27,861.27,0.0,2022-01-01T00:00:00,2022-12-31T00:00:00,2022,285291.89,248030.0,37261.89,470.22,0.0,YEAR-END,2022,True,committee_totals
S0WV00090,"MANCHIN, JOE III",WV,DEM,C00631960,BLUE SENATE 2018,881171.65,881168.03,0.0,0.0,0.0,2017-01-01T00:00:00,2018-11-26T00:00:00,2018,870250.0,869250.0,1000.0,0.0,0.0,TERMINATION REPORT,2018,False,committee_totals
S0WV00090,"MANCHIN, JOE III",WV,DEM,C00521807,MANCHIN HEINRICH VICTORY FUND,50000.0,49999.0,0.0,0.0,0.0,2012-04-01T00:00:00,2012-09-30T00:00:00,2012,11000.0,11000.0,0.0,0.0,0.0,TERMINATION REPORT,2012,False,committee_totals
S0WV00090,"MANCHIN, JOE III",WV,DEM,C00527374,MANCHIN VICTORY 2012,20000.0,20000.0,0.0,0.0,0.0,2012-07-01T00:00:00,2012-11-26T00:00:00,2012,12500.0,12500.0,0.0,,,TERMINATION REPORT,2012,False,committee_totals
S0WV00090,"MANCHIN, JOE III",WV,DEM,C00667501,SENATE 2018 IMPACT,697069.0,697069.0,0.0,0.0,0.0,2018-01-01T00:00:00,2018-06-30T00:00:00,2018,617369.0,617369.0,0.0,0.0,0.0,TERMINATION REPORT,2018,False,committee_totals
S0WV00090,"MANCHIN, JOE III",WV,DEM,C00682591,SENATE IMPACT: MO & WV,100500.0,100500.0,0.0,0.0,0.0,2018-07-01T00:00:00,2018-11-26T00:00:00,2018,98500.0,98500.0,0.0,0.0,0.0,TERMINATION REPORT,2018,False,committee_totals
S0WV00090,"MANCHIN, JOE III",WV,DEM,C00636811,SENATE IMPACT: ND & WV,97720.0,97719.0,0.0,0.0,0.0,2017-04-01T00:00:00,2017-09-30T00:00:00,2018,84920.0,84900.0,20.0,0.0,0.0,TERMINATION REPORT,2017,False,committee_totals
S0WV00090,"MANCHIN, JOE III",WV,DEM,C00676817,SENATE IMPACT WV & MT,101200.0,101200.0,0.0,0.0,0.0,2018-04-01T00:00:00,2018-09-30T00:00:00,2018,101200.0,101100.0,100.0,0.0,0.0,TERMINATION REPORT,2018,False,committee_totals
S0WV00090,"MANCHIN, JOE III",WV,DEM,C00486563,WEST VIRGINIA PAC,-15924.15,8456437.11,0.0,0.0,0.0,2025-01-01T00:00:00,2025-07-31T00:00:00,2026,0.0,0.0,0.0,,,TERMINATION REPORT,2025,False,committee_totals
S2OH00170,"MANDEL, JOSHUA A.",OH,REP,C00494930,"CITIZENS FOR JOSH MANDEL, INC.",263.82,9258.2,-27323.62,-27323.62,122480.92,2025-01-01T00:00:00,2026-03-31T00:00:00,2026,0.0,0.0,0.0,0.0,263.82,APRIL QUARTERLY,2026,True,committee_totals
S2OH00170,"MANDEL, JOSHUA A.",OH,REP,C00494930,"CITIZENS FOR JOSH MANDEL, INC.",20613.2,-38583.82,-18650.73,-18650.73,122480.92,2023-01-01T00:00:00,2024-12-31T00:00:00,2024,316.52,0.0,316.52,0.0,5267.5,YEAR-END,2024,True,committee_totals
S2OH00170,"MANDEL, JOSHUA A.",OH,REP,C00494930,"CITIZENS FOR JOSH MANDEL, INC.",3190704.11,7630028.46,-77847.45,-77847.45,0.0,2021-01-01T00:00:00,2022-12-31T00:00:00,2022,678806.84,570547.48,108259.36,0.0,-117799.68,YEAR-END,2022,True,committee_totals
S2OH00170,"MANDEL, JOSHUA A.",OH,REP,C00494930,CITIZENS FOR JOSH MANDEL INC,803908.01,56040.18,4361476.9,4361476.9,0.0,2019-01-01T00:00:00,2020-12-31T00:00:00,2020,0.0,0.0,0.0,0.0,803908.01,YEAR-END,2020,True,committee_totals
S2OH00170,"MANDEL, JOSHUA A.",OH,REP,C00494930,CITIZENS FOR JOSH MANDEL INC,4516257.43,2572742.31,3611043.68,3611043.68,0.0,2017-01-01T00:00:00,2018-12-31T00:00:00,2018,2202371.0,1814722.0,387648.0,0.0,97680.36,YEAR-END,2018,True,committee_totals
S2OH00170,"MANDEL, JOSHUA A.",OH,REP,C00494930,CITIZENS FOR JOSH MANDEL INC,1802048.0,150880.0,1657109.0,1657109.0,0.0,2015-01-01T00:00:00,2016-12-31T00:00:00,2016,374685.0,342938.0,31747.0,0.0,102855.0,YEAR-END,2016,True,committee_totals
S2OH00170,"MANDEL, JOSHUA A.",OH,REP,C00494930,CITIZENS FOR JOSH MANDEL INC,73891.0,111646.0,5941.0,5941.0,0.0,2013-01-01T00:00:00,2014-12-31T00:00:00,2014,0.0,0.0,0.0,0.0,46189.0,YEAR-END,2014,True,committee_totals
S2OH00170,"MANDEL, JOSHUA A.",OH,REP,C00494930,CITIZENS FOR JOSH MANDEL INC,18912557.0,18868809.0,43698.0,43698.0,0.0,2011-04-01T00:00:00,2012-12-31T00:00:00,2012,14794894.0,10650105.0,4041294.0,0.0,23.0,YEAR-END,2012,True,committee_totals
S2NH00272,"MANSHARAMANI, VIKRAM",NH,REP,C00813295,VIKRAM FOR NH,0.0,59387.79,0.0,0.0,0.0,2025-01-01T00:00:00,2025-09-07T00:00:00,2026,0.0,0.0,0.0,0.0,0.0,TERMINATION REPORT,2025,True,committee_totals
S2NH00272,"MANSHARAMANI, VIKRAM",NH,REP,C00813295,VIKRAM FOR NH,539918.85,491057.29,59387.79,59387.79,243377.5,2023-01-01T00:00:00,2024-12-31T00:00:00,2024,506613.0,495482.0,11131.0,6655.85,0.0,YEAR-END,2024,True,committee_totals
S2NH00272,"MANSHARAMANI, VIKRAM",NH,REP,C00813295,VIKRAM FOR NH,956889.4,946363.17,10526.23,10526.23,251860.52,2022-04-01T00:00:00,2022-12-31T00:00:00,2022,669302.03,656362.99,12939.04,29761.87,0.0,YEAR-END,2022,True,committee_totals
S6NH00182,"MANZUR, KARISHMA",NH,DEM,C00916668,KARISHMA FOR SENATE,114396.4,99741.66,14654.74,14654.74,8416.27,2025-07-01T00:00:00,2026-03-31T00:00:00,2026,113725.54,61685.0,52040.54,0.0,0.0,APRIL QUARTERLY,2026,True,committee_totals
S4NV00270,"MARCHANT, JIM",NV,REP,C00839563,JIM MARCHANT FOR US SENATE,0.0,0.0,0.0,0.0,0.0,2025-01-01T00:00:00,2025-09-30T00:00:00,2026,0.0,0.0,0.0,0.0,0.0,OCTOBER QUARTERLY,2025,True,committee_totals
S4NV00270,"MARCHANT, JIM",NV,REP,C00839563,JIM MARCHANT FOR US SENATE,454703.78,454703.78,0.0,0.0,0.0,2023-04-01T00:00:00,2024-12-31T00:00:00,2024,448673.43,383643.02,65030.41,0.0,545.0,YEAR-END,2024,True,committee_totals
S6CO00424,"MARKERT, GEORGE WASHINGTON MR V",CO,REP,C00903443,MARKERT FOR SENATE,260985.97,204767.55,56218.42,56218.42,50000.0,2025-04-25T00:00:00,2026-03-31T00:00:00,2026,159219.53,111638.55,47580.98,48766.44,0.0,APRIL QUARTERLY,2026,True,committee_totals
S4MA00028,"MARKEY, EDWARD SEN.",MA,DEM,C00175059,MARKEY FOR SENATE COMMITTEE,,208.0,,,,1987-01-01T00:00:00,1987-03-11T00:00:00,1988,,,,,,TERMINATION REPORT,1987,True,committee_totals
S4MA00028,"MARKEY, EDWARD SEN.",MA,DEM,C00175059,MARKEY FOR SENATE COMMITTEE,3038.0,4414.0,208.0,208.0,,1985-01-01T00:00:00,1986-12-31T00:00:00,1986,,,,0.0,,YEAR-END,1986,True,committee_totals
S4MA00028,"MARKEY, EDWARD SEN.",MA,DEM,C00175059,MARKEY FOR SENATE COMMITTEE,524236.0,522650.0,1586.0,1586.0,3500.0,1984-01-13T00:00:00,1984-12-31T00:00:00,1984,350105.0,,,,,YEAR-END,1984,True,committee_totals
S4MA00028,"MARKEY, EDWARD SEN.",MA,DEM,C00196774,THE MARKEY COMMITTEE,3804689.34,3073999.78,2541376.53,2541376.53,0.0,2025-01-01T00:00:00,2026-03-31T00:00:00,2026,1705111.1,1036757.95,668353.15,0.0,48662.48,APRIL QUARTERLY,2026,True,committee_totals
S4MA00028,"MARKEY, EDWARD SEN.",MA,DEM,C00196774,THE MARKEY COMMITTEE,1549922.8,1304369.21,1810686.97,1810686.97,0.0,2023-01-01T00:00:00,2024-12-31T00:00:00,2024,867630.43,765407.98,102222.45,0.0,180466.18,YEAR-END,2024,True,committee_totals
S4MA00028,"MARKEY, EDWARD SEN.",MA,DEM,C00196774,THE MARKEY COMMITTEE,1149898.84,1236742.06,1565133.38,1565133.38,0.0,2021-01-01T00:00:00,2022-12-31T00:00:00,2022,860117.3,620820.72,239296.58,0.0,84444.95,YEAR-END,2022,True,committee_totals
S4MA00028,"MARKEY, EDWARD SEN.",MA,DEM,C00196774,THE MARKEY COMMITTEE,11823465.97,12971097.07,1642211.38,1642211.38,0.0,2019-01-01T00:00:00,2020-12-31T00:00:00,2020,9805523.36,6678710.63,3126812.73,5600.0,25263.15,YEAR-END,2020,True,committee_totals
S4MA00028,"MARKEY, EDWARD SEN.",MA,DEM,C00196774,MARKEY COMMITTEE; THE,2041736.09,1276987.04,2789842.48,2789842.48,0.0,2017-01-01T00:00:00,2018-12-31T00:00:00,2018,1719107.56,1216617.85,502484.71,0.0,18246.83,YEAR-END,2018,True,committee_totals
S4MA00028,"MARKEY, EDWARD SEN.",MA,DEM,C00196774,MARKEY COMMITTEE; THE,601552.0,803795.0,2025092.0,2025092.0,0.0,2015-01-01T00:00:00,2016-12-31T00:00:00,2016,425547.0,317997.0,107546.0,0.0,31350.0,YEAR-END,2016,True,committee_totals
S4MA00028,"MARKEY, EDWARD SEN.",MA,DEM,C00196774,MARKEY COMMITTEE; THE,13862824.0,14686084.0,2227333.0,2227333.0,0.0,2013-01-01T00:00:00,2014-12-31T00:00:00,2014,11141416.0,8607783.0,2533627.0,0.0,665.47,YEAR-END,2014,True,committee_totals
S4MA00028,"MARKEY, EDWARD SEN.",MA,DEM,C00196774,THE MARKEY COMMITTEE,1091666.32,1110491.92,3050589.47,3050589.47,0.0,2011-01-01T00:00:00,2012-12-31T00:00:00,2012,486531.94,474665.0,11866.94,0.0,170067.01,YEAR-END,2012,True,committee_totals
S4MA00028,"MARKEY, EDWARD SEN.",MA,DEM,C00196774,THE MARKEY COMMITTEE,1535339.78,1291209.68,3070415.07,3070415.07,0.0,2009-01-01T00:00:00,2010-12-31T00:00:00,2010,738582.48,724973.34,13609.14,0.0,120392.34,YEAR-END,2010,True,committee_totals
S4MA00028,"MARKEY, EDWARD SEN.",MA,DEM,C00196774,"MARKEY COMMITTEE, THE",1454665.36,1021895.84,2826284.97,2826284.97,0.0,2007-01-01T00:00:00,2008-12-31T00:00:00,2008,684583.94,681000.0,3583.94,0.0,182370.88,YEAR-END,2008,True,committee_totals
S4MA00028,"MARKEY, EDWARD SEN.",MA,DEM,C00196774,"MARKEY COMMITTEE, THE",942527.28,947143.85,2393515.45,2393515.45,0.0,2005-01-01T00:00:00,2006-12-31T00:00:00,2006,390720.48,390670.48,50.0,0.0,133757.68,YEAR-END,2006,True,committee_totals
S4MA00028,"MARKEY, EDWARD SEN.",MA,DEM,C00196774,"MARKEY COMMITTEE, THE",2840655.87,1181786.9,2398146.02,2398146.02,0.0,2003-01-01T00:00:00,2004-12-31T00:00:00,2004,2136777.76,2104698.76,32079.0,0.0,34822.33,YEAR-END,2004,True,committee_totals
S4MA00028,"MARKEY, EDWARD SEN.",MA,DEM,C00196774,MARKEY FOR CONGRESS COMMITTEE,688473.02,705778.55,739279.37,739279.37,0.0,2001-01-01T00:00:00,2002-12-31T00:00:00,2002,628151.58,192744.58,2730.0,0.0,42331.09,YEAR-END,2002,True,committee_totals
S4MA00028,"MARKEY, EDWARD SEN.",MA,DEM,C00196774,MARKEY FOR CONGRESS COMMITTEE,591089.0,584630.0,760142.0,760142.0,,1999-01-01T00:00:00,2000-12-31T00:00:00,2000,508725.0,,,,,YEAR-END,2000,True,committee_totals
S4MA00028,"MARKEY, EDWARD SEN.",MA,DEM,C00196774,MARKEY FOR CONGRESS COMMITTEE,455311.0,390660.0,754053.0,754053.0,,1997-01-01T00:00:00,1998-12-31T00:00:00,1998,393255.0,,,,,YEAR-END,1998,True,committee_totals
S4MA00028,"MARKEY, EDWARD SEN.",MA,DEM,C00196774,MARKEY FOR CONGRESS COMMITTEE,695542.0,351683.0,689402.0,689402.0,,1995-01-01T00:00:00,1996-12-31T00:00:00,1996,657797.0,,,,,YEAR-END,1996,True,committee_totals
S4MA00028,"MARKEY, EDWARD SEN.",MA,DEM,C00196774,MARKEY FOR CONGRESS COMMITTEE,972421.0,757993.0,345539.0,345539.0,,1993-01-01T00:00:00,1994-12-31T00:00:00,1994,957935.0,,,,,YEAR-END,1994,True,committee_totals
S4MA00028,"MARKEY, EDWARD SEN.",MA,DEM,C00196774,MARKEY FOR CONGRESS COMMITTEE,444628.0,893462.0,131110.0,131110.0,,1991-01-01T00:00:00,1992-12-31T00:00:00,1992,394244.0,,,,,YEAR-END,1992,True,committee_totals
S4MA00028,"MARKEY, EDWARD SEN.",MA,DEM,C00196774,MARKEY FOR CONGRESS COMMITTEE,336209.0,207273.0,579994.0,579994.0,,1989-01-01T00:00:00,1990-12-31T00:00:00,1990,256525.0,,,,,YEAR-END,1990,True,committee_totals
S4MA00028,"MARKEY, EDWARD SEN.",MA,DEM,C00196774,MARKEY FOR CONGRESS COMMITTEE,484319.0,134388.0,451058.0,451058.0,,1987-01-01T00:00:00,1988-12-31T00:00:00,1988,443311.0,,,0.0,,YEAR-END,1988,True,committee_totals
S6IL00185,"MARSHALL, ROBERT",IL,REP,C00469833,CITIZENS TO ELECT ROBERT MARSHALL,0.0,721.0,0.0,0.0,0.0,2011-01-01T00:00:00,2011-03-31T00:00:00,2012,0.0,0.0,0.0,0.0,0.0,TERMINATION REPORT,2011,True,committee_totals
S6IL00185,"MARSHALL, ROBERT",IL,REP,C00469833,CITIZENS TO ELECT ROBERT MARSHALL,109500.0,108779.0,721.0,721.0,107000.0,2009-07-01T00:00:00,2010-12-31T00:00:00,2010,2500.0,0.0,2500.0,0.0,0.0,YEAR-END,2010,True,committee_totals
H6KS01179,"MARSHALL, ROGER W",KS,REP,C00576173,KANSANS FOR MARSHALL,3331963.38,255723.24,4781258.78,4781258.78,0.0,2025-01-01T00:00:00,2026-03-31T00:00:00,2026,1461071.57,1344180.15,116891.42,0.0,56033.95,APRIL QUARTERLY,2026,True,committee_totals
H6KS01179,"MARSHALL, ROGER W",KS,REP,C00576173,KANSANS FOR MARSHALL,1474616.76,279374.49,1705018.64,1705018.64,0.0,2023-01-01T00:00:00,2024-12-31T00:00:00,2024,368718.18,338268.24,30449.94,0.0,27113.37,YEAR-END,2024,True,committee_totals
H6KS01179,"MARSHALL, ROGER W",KS,REP,C00576173,KANSANS FOR MARSHALL,721930.77,422113.26,509776.37,509776.37,97000.0,2021-01-01T00:00:00,2022-12-31T00:00:00,2022,415447.4,291967.98,123479.42,0.0,6946.6,YEAR-END,2022,True,committee_totals
H6KS01179,"MARSHALL, ROGER W",KS,REP,C00576173,KANSANS FOR MARSHALL,6761143.55,7159470.55,209958.86,209958.86,0.0,2019-01-01T00:00:00,2020-12-31T00:00:00,2020,4479222.33,3910487.88,568734.45,0.0,15041.1,YEAR-END,2020,True,committee_totals
H6KS01179,"MARSHALL, ROGER W",KS,REP,C00576173,KANSANS FOR MARSHALL,1343114.41,753188.46,608285.86,608285.86,35000.0,2017-01-01T00:00:00,2018-12-31T00:00:00,2018,366408.47,350042.47,16366.0,0.0,0.0,YEAR-END,2018,True,committee_totals
H6KS01179,"MARSHALL, ROGER W",KS,REP,C00576173,KANSANS FOR MARSHALL,1653986.34,1635626.43,18359.91,18359.91,135000.0,2015-02-05T00:00:00,2016-12-31T00:00:00,2016,709523.3,644586.55,64936.75,53547.95,0.0,YEAR-END,2016,True,committee_totals
S0KS00315,"MARSHALL, ROGER W",KS,REP,C00576173,KANSANS FOR MARSHALL,3331963.38,255723.24,4781258.78,4781258.78,0.0,2025-01-01T00:00:00,2026-03-31T00:00:00,2026,1461071.57,1344180.15,116891.42,0.0,56033.95,APRIL QUARTERLY,2026,True,committee_totals
S0KS00315,"MARSHALL, ROGER W",KS,REP,C00576173,KANSANS FOR MARSHALL,1474616.76,279374.49,1705018.64,1705018.64,0.0,2023-01-01T00:00:00,2024-12-31T00:00:00,2024,368718.18,338268.24,30449.94,0.0,27113.37,YEAR-END,2024,True,committee_totals
S0KS00315,"MARSHALL, ROGER W",KS,REP,C00576173,KANSANS FOR MARSHALL,721930.77,422113.26,509776.37,509776.37,97000.0,2021-01-01T00:00:00,2022-12-31T00:00:00,2022,415447.4,291967.98,123479.42,0.0,6946.6,YEAR-END,2022,True,committee_totals
S0KS00315,"MARSHALL, ROGER W",KS,REP,C00576173,KANSANS FOR MARSHALL,6761143.55,7159470.55,209958.86,209958.86,0.0,2019-01-01T00:00:00,2020-12-31T00:00:00,2020,4479222.33,3910487.88,568734.45,0.0,15041.1,YEAR-END,2020,True,committee_totals
S0KS00315,"MARSHALL, ROGER W",KS,REP,C00576173,KANSANS FOR MARSHALL,1343114.41,753188.46,608285.86,608285.86,35000.0,2017-01-01T00:00:00,2018-12-31T00:00:00,2018,366408.47,350042.47,16366.0,0.0,0.0,YEAR-END,2018,True,committee_totals
S0KS00315,"MARSHALL, ROGER W",KS,REP,C00576173,KANSANS FOR MARSHALL,1653986.34,1635626.43,18359.91,18359.91,135000.0,2015-02-05T00:00:00,2016-12-31T00:00:00,2016,709523.3,644586.55,64936.75,53547.95,0.0,YEAR-END,2016,True,committee_totals
S6AL00450,"MARSHALL, STEVEN T",AL,REP,C00906545,STEVE MARSHALL FOR SENATE,1362193.3,844542.36,517650.94,517650.94,0.0,2025-05-29T00:00:00,2026-03-31T00:00:00,2026,1206008.91,1202186.69,3822.22,0.0,0.0,APRIL QUARTERLY,2026,True,committee_totals
S6NE00152,"MARVIN, MIKE",NE,OTH,C00944199,MARVIN FOR CONGRESS,9390.0,5402.53,3987.47,3987.47,4095.0,2026-03-02T00:00:00,2026-04-22T00:00:00,2026,9390.0,9290.0,100.0,0.0,0.0,PRE-PRIMARY,2026,True,committee_totals
S2AZ00372,"MASTERS, BLAKE",AZ,REP,C00784165,BLAKE MASTERS FOR SENATE,0.0,0.0,0.0,0.0,0.0,2025-01-01T00:00:00,2025-02-21T00:00:00,2026,0.0,0.0,0.0,0.0,0.0,TERMINATION REPORT,2025,True,committee_totals
S2AZ00372,"MASTERS, BLAKE",AZ,REP,C00784165,BLAKE MASTERS FOR SENATE,3234.75,103364.64,0.0,0.0,0.0,2023-01-01T00:00:00,2024-12-31T00:00:00,2024,0.0,0.0,0.0,0.0,0.0,YEAR-END,2024,True,committee_totals
S2AZ00372,"MASTERS, BLAKE",AZ,REP,C00784165,BLAKE MASTERS FOR SENATE,15535406.95,15435277.06,100129.89,100129.89,823325.88,2021-04-01T00:00:00,2022-12-31T00:00:00,2022,12630255.34,8861501.19,3768754.15,21333.5,232694.66,YEAR-END,2022,True,committee_totals
S2SC00103,"MATTHEWS, KRYSTLE",SC,DEM,C00776500,KRYSTLE MATTHEWS FOR SENATE,135365.58,94233.67,35162.64,35162.64,30299.05,2021-03-26T00:00:00,2022-12-31T00:00:00,2022,131770.58,78603.91,53166.67,30.0,0.0,YEAR-END,2022,True,committee_totals
S6IL00649,"MAXWELL, BRYAN",IL,DEM,C00918466,BRYAN MAXWELL FOR US SENATE,21976.0,20613.84,1362.16,1362.16,0.0,2025-07-01T00:00:00,2026-03-31T00:00:00,2026,21976.0,20232.0,1744.0,0.0,0.0,APRIL QUARTERLY,2026,True,committee_totals
S4MO00276,"MAY, KARLA",MO,DEM,C00846915,KARLA MAY FOR U.S. SENATE,62033.39,61772.24,261.15,261.15,41017.0,2023-07-01T00:00:00,2024-12-31T00:00:00,2024,54533.39,51375.38,3158.01,0.0,0.0,YEAR-END,2024,True,committee_totals
S6FL00236,"MCBRIDE, WILLIAM",FL,REP,C00425546,WILL MCBRIDE FOR US SENATE,0.0,0.0,0.0,0.0,250000.0,2025-01-01T00:00:00,2025-01-24T00:00:00,2026,0.0,0.0,0.0,0.0,0.0,TERMINATION REPORT,2025,True,committee_totals
S6FL00236,"MCBRIDE, WILLIAM",FL,REP,C00425546,WILL MCBRIDE FOR US SENATE,1071.42,1071.42,0.0,0.0,250000.0,2023-01-01T00:00:00,2024-12-31T00:00:00,2024,1071.42,1071.42,0.0,0.0,0.0,YEAR-END,2024,True,committee_totals
S6FL00236,"MCBRIDE, WILLIAM",FL,REP,C00425546,WILL MCBRIDE FOR US SENATE,0.0,0.0,0.0,0.0,251071.42,2021-01-01T00:00:00,2022-12-31T00:00:00,2022,0.0,0.0,0.0,0.0,0.0,YEAR-END,2022,True,committee_totals
S6FL00236,"MCBRIDE, WILLIAM",FL,REP,C00425546,WILL MCBRIDE FOR US SENATE,0.0,0.0,0.0,0.0,251071.42,2019-01-01T00:00:00,2020-12-31T00:00:00,2020,0.0,0.0,0.0,0.0,0.0,YEAR-END,2020,True,committee_totals
S6FL00236,"MCBRIDE, WILLIAM",FL,REP,C00425546,WILL MCBRIDE FOR US SENATE,0.0,0.0,0.0,0.0,251071.42,2017-01-01T00:00:00,2018-12-31T00:00:00,2018,0.0,0.0,0.0,0.0,0.0,YEAR-END,2018,True,committee_totals
S6FL00236,"MCBRIDE, WILLIAM",FL,REP,C00425546,WILL MCBRIDE FOR US SENATE,0.0,0.0,0.0,0.0,251071.0,2015-01-01T00:00:00,2016-12-31T00:00:00,2016,0.0,0.0,0.0,0.0,0.0,YEAR-END,2016,True,committee_totals
S6FL00236,"MCBRIDE, WILLIAM",FL,REP,C00425546,WILL MCBRIDE FOR US SENATE,0.0,56206.85,0.0,0.0,251071.0,2013-01-01T00:00:00,2014-12-31T00:00:00,2014,0.0,0.0,0.0,0.0,0.0,YEAR-END,2014,True,committee_totals
S6FL00236,"MCBRIDE, WILLIAM",FL,REP,C00425546,WILL MCBRIDE FOR US SENATE,4.0,315.0,0.0,0.0,251071.0,2011-01-01T00:00:00,2012-12-31T00:00:00,2012,4.0,0.0,4.0,0.0,0.0,YEAR-END,2012,True,committee_totals
S6FL00236,"MCBRIDE, WILLIAM",FL,REP,C00425546,WILL MCBRIDE FOR US SENATE,0.0,-319.0,385.0,385.0,251071.0,2009-01-01T00:00:00,2010-12-31T00:00:00,2010,0.0,0.0,0.0,0.0,0.0,YEAR-END,2010,True,committee_totals
S6FL00236,"MCBRIDE, WILLIAM",FL,REP,C00425546,WILL MCBRIDE FOR US SENATE,36000.0,36101.0,66.0,66.0,251071.0,2007-01-01T00:00:00,2008-12-31T00:00:00,2008,0.0,0.0,0.0,36000.0,0.0,YEAR-END,2008,True,committee_totals
S6FL00236,"MCBRIDE, WILLIAM",FL,REP,C00425546,WILL MCBRIDE FOR US SENATE,1067296.0,1067128.0,167.0,167.0,286924.0,2006-04-01T00:00:00,2006-12-31T00:00:00,2006,305797.0,295300.0,239797.0,37000.0,0.0,YEAR-END,2006,True,committee_totals
S0AZ00376,"MCCARTHY, DANIEL",AZ,REP,C00717991,DEMAND DANIEL FOR US SENATE,700.0,1188.67,0.0,0.0,0.0,2025-01-01T00:00:00,2025-06-30T00:00:00,2026,0.0,0.0,0.0,0.0,0.0,TERMINATION REPORT,2025,True,committee_totals
S0AZ00376,"MCCARTHY, DANIEL",AZ,REP,C00717991,DEMAND DANIEL FOR US SENATE,3001.13,3439.0,488.67,488.67,514648.5,2023-01-01T00:00:00,2024-12-31T00:00:00,2024,0.0,0.0,0.0,3000.0,1.11,YEAR-END,2024,True,committee_totals
S0AZ00376,"MCCARTHY, DANIEL",AZ,REP,C00717991,DEMAND DANIEL FOR US SENATE,9695.15,8848.35,926.54,926.54,514648.5,2021-01-01T00:00:00,2022-12-31T00:00:00,2022,0.0,0.0,0.0,6500.0,25.15,YEAR-END,2022,True,committee_totals
S0AZ00376,"MCCARTHY, DANIEL",AZ,REP,C00717991,DEMAND DANIEL FOR US SENATE,607745.1,607665.36,79.74,79.74,511648.5,2019-07-01T00:00:00,2020-12-31T00:00:00,2020,90923.37,34477.0,56446.37,3400.0,8.93,YEAR-END,2020,True,committee_totals
S6MO00305,"MCCASKILL, CLAIRE",MO,DEM,C00427963,CALIFORNIA VICTORY 2006,95430.0,95429.0,0.0,0.0,0.0,2006-07-01T00:00:00,2006-11-27T00:00:00,2006,94930.0,93850.0,1080.0,,0.0,TERMINATION REPORT,2006,False,committee_totals
S6MO00305,"MCCASKILL, CLAIRE",MO,DEM,C00402958,COMMITTEE FOR A BETTER FUTURE,642634.0,662628.29,0.0,0.0,0.0,2005-01-01T00:00:00,2006-11-27T00:00:00,2006,637134.0,543330.0,16250.0,,0.0,TERMINATION REPORT,2006,False,committee_totals
S6MO00305,"MCCASKILL, CLAIRE",MO,DEM,C00402958,COMMITTEE FOR A BETTER FUTURE,591650.0,571651.0,19998.0,19998.0,0.0,2004-07-01T00:00:00,2004-12-31T00:00:00,2004,591650.0,,,,,YEAR-END,2004,False,committee_totals
S6MO00305,"MCCASKILL, CLAIRE",MO,DEM,C00655670,COMMON SENSE 2018,578950.0,578947.49,0.0,0.0,0.0,2017-07-01T00:00:00,2018-10-17T00:00:00,2018,578950.0,578850.0,100.0,0.0,0.0,TERMINATION REPORT,2018,False,committee_totals
S6MO00305,"MCCASKILL, CLAIRE",MO,DEM,C00663153,FLORIDA MISSOURI VICTORY FUND,0.0,0.0,0.0,0.0,0.0,2017-10-01T00:00:00,2018-09-04T00:00:00,2018,0.0,0.0,0.0,0.0,0.0,TERMINATION REPORT,2018,False,committee_totals
S6MO00305,"MCCASKILL, CLAIRE",MO,DEM,C00492256,FLORIDA-MISSOURI VICTORY FUND,0.0,0.0,0.0,0.0,0.0,2011-01-01T00:00:00,2011-03-31T00:00:00,2012,0.0,0.0,0.0,0.0,0.0,TERMINATION REPORT,2011,False,committee_totals
S6MO00305,"MCCASKILL, CLAIRE",MO,DEM,C00431304,GET STUFF DONE,1759.03,14018.37,0.0,0.0,0.0,2025-01-01T00:00:00,2025-06-24T00:00:00,2026,0.0,0.0,0.0,,,TERMINATION REPORT,2025,False,committee_totals
S6MO00305,"MCCASKILL, CLAIRE",MO,DEM,C00431304,GET STUFF DONE,28613.55,112532.54,12259.34,12259.34,0.0,2023-01-01T00:00:00,2024-12-31T00:00:00,2024,0.0,0.0,0.0,,,YEAR-END,2024,False,committee_totals
S6MO00305,"MCCASKILL, CLAIRE",MO,DEM,C00431304,GET STUFF DONE,214669.43,241117.43,96178.33,96178.33,0.0,2021-01-01T00:00:00,2022-12-31T00:00:00,2022,0.0,0.0,0.0,,,YEAR-END,2022,False,committee_totals
S6MO00305,"MCCASKILL, CLAIRE",MO,DEM,C00431304,GET STUFF DONE,191076.91,309779.13,122626.33,122626.33,0.0,2019-01-01T00:00:00,2020-12-31T00:00:00,2020,500.0,500.0,0.0,,,YEAR-END,2020,False,committee_totals
S6MO00305,"MCCASKILL, CLAIRE",MO,DEM,C00520940,HEARTLAND VICTORY FUND 2012,0.0,0.0,0.0,0.0,0.0,2013-01-01T00:00:00,2013-02-19T00:00:00,2014,0.0,0.0,0.0,,,TERMINATION REPORT,2013,False,committee_totals
S6MO00305,"MCCASKILL, CLAIRE",MO,DEM,C00520940,HEARTLAND VICTORY FUND 2012,396000.0,396000.0,0.0,0.0,0.0,2012-05-09T00:00:00,2012-12-31T00:00:00,2012,396000.0,396000.0,0.0,,,YEAR-END,2012,False,committee_totals
S6MO00305,"MCCASKILL, CLAIRE",MO,DEM,C00502401,JUSTICE 2012,1251667.0,1251665.0,0.0,0.0,0.0,2011-07-01T00:00:00,2012-11-26T00:00:00,2012,1248167.0,1232652.0,15515.0,0.0,0.0,TERMINATION REPORT,2012,False,committee_totals
S6MO00305,"MCCASKILL, CLAIRE",MO,DEM,C00527838,JUSTICE 2012 TEXAS,149910.0,149909.0,0.0,0.0,0.0,2012-07-01T00:00:00,2012-10-17T00:00:00,2012,144910.0,143900.0,1010.0,0.0,0.0,TERMINATION REPORT,2012,False,committee_totals
S6MO00305,"MCCASKILL, CLAIRE",MO,DEM,C00633925,JUSTICE 2018,1028165.22,1028163.18,0.0,0.0,0.0,2017-01-01T00:00:00,2018-10-17T00:00:00,2018,1025866.22,1001681.22,24185.0,,,TERMINATION REPORT,2018,False,committee_totals
S6MO00305,"MCCASKILL, CLAIRE",MO,DEM,C00667337,MCCASKILL 2018 VICTORY,1277625.0,1277625.0,0.0,0.0,0.0,2018-01-26T00:00:00,2018-11-26T00:00:00,2018,1269125.0,1268950.0,175.0,,,TERMINATION REPORT,2018,False,committee_totals
S6MO00305,"MCCASKILL, CLAIRE",MO,DEM,C00414961,MCCASKILL FOR MISSOURI,0.0,146.0,0.0,0.0,0.0,2011-01-01T00:00:00,2012-12-31T00:00:00,2012,0.0,0.0,0.0,0.0,0.0,TERMINATION REPORT,2012,False,committee_totals
S6MO00305,"MCCASKILL, CLAIRE",MO,DEM,C00414961,MCCASKILL FOR MISSOURI,0.0,412.0,147.0,147.0,0.0,2009-01-01T00:00:00,2010-12-31T00:00:00,2010,0.0,0.0,0.0,0.0,0.0,YEAR-END,2010,False,committee_totals
S6MO00305,"MCCASKILL, CLAIRE",MO,DEM,C00414961,MCCASKILL FOR MISSOURI,448639.0,648361.0,566.0,566.0,0.0,2007-01-01T00:00:00,2008-12-31T00:00:00,2008,88896.0,83575.0,5321.0,0.0,2225.0,YEAR-END,2008,False,committee_totals
S6MO00305,"MCCASKILL, CLAIRE",MO,DEM,C00414961,MCCASKILL FOR MISSOURI,12183342.0,11983190.0,200290.0,200290.0,339610.0,2005-07-01T00:00:00,2006-12-31T00:00:00,2006,10069829.0,7274351.0,2795477.0,0.0,50201.0,YEAR-END,2006,False,committee_totals
S6MO00305,"MCCASKILL, CLAIRE",MO,DEM,C00544056,MCCASKILL SENATE FUND,0.0,4914.12,0.0,0.0,0.0,2015-01-01T00:00:00,2015-03-03T00:00:00,2016,0.0,0.0,0.0,,,TERMINATION REPORT,2015,False,committee_totals
S6MO00305,"MCCASKILL, CLAIRE",MO,DEM,C00544056,MCCASKILL SENATE FUND,90100.0,85185.88,4914.12,4914.12,0.0,2013-04-18T00:00:00,2014-12-31T00:00:00,2014,29100.0,29000.0,100.0,,,YEAR-END,2014,False,committee_totals
S6MO00305,"MCCASKILL, CLAIRE",MO,DEM,C00577148,MCCASKILL SENATE FUND,0.0,3084.61,0.0,0.0,0.0,2019-01-01T00:00:00,2020-12-03T00:00:00,2020,0.0,0.0,0.0,,,TERMINATION REPORT,2020,False,committee_totals
S6MO00305,"MCCASKILL, CLAIRE",MO,DEM,C00577148,MCCASKILL SENATE FUND,236.01,3813.01,3084.61,3084.61,0.0,2017-01-01T00:00:00,2018-12-31T00:00:00,2018,0.0,0.0,0.0,,,YEAR-END,2018,False,committee_totals
S6MO00305,"MCCASKILL, CLAIRE",MO,DEM,C00577148,MCCASKILL SENATE FUND,232145.5,225483.89,6661.61,6661.61,0.0,2015-04-01T00:00:00,2016-12-31T00:00:00,2016,226950.0,226000.0,950.0,,,YEAR-END,2016,False,committee_totals
S6MO00305,"MCCASKILL, CLAIRE",MO,DEM,C00522300,MCCASKILL SENATE VICTORY 2012,0.0,25.0,0.0,0.0,0.0,2013-01-01T00:00:00,2013-02-25T00:00:00,2014,0.0,0.0,0.0,,,TERMINATION REPORT,2013,False,committee_totals
S6MO00305,"MCCASKILL, CLAIRE",MO,DEM,C00522300,MCCASKILL SENATE VICTORY 2012,173970.0,173945.0,25.0,25.0,0.0,2012-05-25T00:00:00,2012-12-31T00:00:00,2012,173970.0,173010.0,960.0,,,YEAR-END,2012,False,committee_totals
S6MO00305,"MCCASKILL, CLAIRE",MO,DEM,C00641084,MCCASKILL SENATE VICTORY 2018,0.0,8184.33,0.0,0.0,0.0,2019-01-01T00:00:00,2019-02-19T00:00:00,2020,0.0,0.0,0.0,,,TERMINATION REPORT,2019,False,committee_totals
S6MO00305,"MCCASKILL, CLAIRE",MO,DEM,C00641084,MCCASKILL SENATE VICTORY 2018,40307.0,32122.67,8184.33,8184.33,0.0,2017-05-19T00:00:00,2018-12-31T00:00:00,2018,39907.0,37950.0,1957.0,,,YEAR-END,2018,False,committee_totals
S6MO00305,"MCCASKILL, CLAIRE",MO,DEM,C00504969,MCCASKILL VICTORY FUND,6157.57,6397.5,0.0,0.0,0.0,2013-01-01T00:00:00,2013-02-06T00:00:00,2014,0.0,0.0,0.0,,,TERMINATION REPORT,2013,False,committee_totals
S6MO00305,"MCCASKILL, CLAIRE",MO,DEM,C00504969,MCCASKILL VICTORY FUND,1652041.65,1651801.72,239.93,239.93,0.0,2011-10-01T00:00:00,2012-12-31T00:00:00,2012,1338618.9,1329533.0,9085.9,,,YEAR-END,2012,False,committee_totals
S6MO00305,"MCCASKILL, CLAIRE",MO,DEM,C00639203,MICHIGAN MISSOURI VICTORY FUND,20466.0,20465.0,0.0,0.0,0.0,2017-05-02T00:00:00,2017-08-02T00:00:00,2018,20216.0,16511.0,3705.0,0.0,0.0,TERMINATION REPORT,2017,False,committee_totals
S6MO00305,"MCCASKILL, CLAIRE",MO,DEM,C00521815,MIDWEST PRIORITIES FUND,16450.0,16449.0,0.0,0.0,0.0,2012-04-01T00:00:00,2012-12-31T00:00:00,2012,16450.0,15650.0,800.0,0.0,0.0,TERMINATION REPORT,2012,False,committee_totals
S6MO00305,"MCCASKILL, CLAIRE",MO,DEM,C00680066,MIDWEST WOMEN VICTORY FUND,75727.39,75727.29,0.0,0.0,0.0,2018-04-01T00:00:00,2018-09-30T00:00:00,2018,75727.39,75527.39,200.0,0.0,0.0,TERMINATION REPORT,2018,False,committee_totals
S6MO00305,"MCCASKILL, CLAIRE",MO,DEM,C00427518,MINNESOTA MISSOURI DEMOCRATIC VICTORY FUND,25050.0,25049.0,0.0,0.0,0.0,2006-07-01T00:00:00,2006-11-27T00:00:00,2006,23050.0,22800.0,250.0,,0.0,TERMINATION REPORT,2006,False,committee_totals
S6MO00305,"MCCASKILL, CLAIRE",MO,DEM,C00492074,MINNESOTA-MISSOURI VICTORY FUND,99400.0,99399.0,0.0,0.0,0.0,2011-01-01T00:00:00,2011-09-30T00:00:00,2012,90400.0,90000.0,400.0,0.0,0.0,TERMINATION REPORT,2011,False,committee_totals
S6MO00305,"MCCASKILL, CLAIRE",MO,DEM,C00509125,MISSOURI-MONTANA FUND,198185.0,198182.0,0.0,0.0,0.0,2012-01-01T00:00:00,2012-11-26T00:00:00,2012,180935.0,178160.0,2775.0,0.0,0.0,TERMINATION REPORT,2012,False,committee_totals
S6MO00305,"MCCASKILL, CLAIRE",MO,DEM,C00630616,MISSOURI-MONTANA FUND,110050.0,110048.59,0.0,0.0,0.0,2017-01-01T00:00:00,2018-10-17T00:00:00,2018,110050.0,109900.0,150.0,0.0,0.0,TERMINATION REPORT,2018,False,committee_totals
S6MO00305,"MCCASKILL, CLAIRE",MO,DEM,C00549394,MISSOURI SENATE,92395.79,92395.79,0.0,0.0,0.0,2013-09-13T00:00:00,2014-12-31T00:00:00,2014,89250.0,89250.0,0.02,,,TERMINATION REPORT,2014,False,committee_totals
S6MO00305,"MCCASKILL, CLAIRE",MO,DEM,C00424168,MISSOURI SENATE 2006,50525.0,50524.0,0.0,0.0,0.0,2006-05-09T00:00:00,2006-11-27T00:00:00,2006,50525.0,50000.0,525.0,,,TERMINATION REPORT,2006,False,committee_totals
S6MO00305,"MCCASKILL, CLAIRE",MO,DEM,C00419739,MISSOURI VICTORY 2006,0.0,34792.86,0.0,0.0,0.0,2007-01-01T00:00:00,2008-12-31T00:00:00,2008,0.0,0.0,0.0,,,TERMINATION REPORT,2008,False,committee_totals
S6MO00305,"MCCASKILL, CLAIRE",MO,DEM,C00419739,MISSOURI VICTORY 2006,971380.0,936587.14,34792.86,34792.86,0.0,2006-01-01T00:00:00,2006-12-31T00:00:00,2006,936630.0,927200.0,9430.0,,,YEAR-END,2006,False,committee_totals
S6MO00305,"MCCASKILL, CLAIRE",MO,DEM,C00648238,MISSOURI VIRGINIA FUND,72235.0,72235.0,0.0,0.0,0.0,2017-06-16T00:00:00,2017-11-01T00:00:00,2018,72200.0,72200.0,0.0,0.0,0.0,TERMINATION REPORT,2017,False,committee_totals
S6MO00305,"MCCASKILL, CLAIRE",MO,DEM,C00531426,MO-NV-ND VICTORY FUND,59705.0,59704.0,0.0,0.0,0.0,2012-10-01T00:00:00,2012-12-31T00:00:00,2012,59705.0,59700.0,5.0,0.0,0.0,TERMINATION REPORT,2012,False,committee_totals
S6MO00305,"MCCASKILL, CLAIRE",MO,DEM,C00423582,NEW SENATE VICTORY FUND,90000.0,89999.0,0.0,0.0,0.0,2006-04-25T00:00:00,2006-09-24T00:00:00,2006,90000.0,90000.0,0.0,,0.0,TERMINATION REPORT,2006,False,committee_totals
S6MO00305,"MCCASKILL, CLAIRE",MO,DEM,C00426650,SAIL TO VICTORY 2006,74000.0,73998.0,0.0,0.0,0.0,2006-07-01T00:00:00,2006-11-27T00:00:00,2006,50500.0,50500.0,0.0,,0.0,TERMINATION REPORT,2006,False,committee_totals
S6MO00305,"MCCASKILL, CLAIRE",MO,DEM,C00421800,SENATE 2006,179750.0,187312.0,0.0,0.0,0.0,2006-03-16T00:00:00,2006-11-27T00:00:00,2006,179750.0,179650.0,100.0,,,TERMINATION REPORT,2006,False,committee_totals
S6MO00305,"MCCASKILL, CLAIRE",MO,DEM,C00667501,SENATE 2018 IMPACT,697069.0,697069.0,0.0,0.0,0.0,2018-01-01T00:00:00,2018-06-30T00:00:00,2018,617369.0,617369.0,0.0,0.0,0.0,TERMINATION REPORT,2018,False,committee_totals
S6MO00305,"MCCASKILL, CLAIRE",MO,DEM,C00419457,SENATE DEMOCRATIC VICTORY 2006,88100.0,88099.0,0.0,0.0,0.0,2006-01-23T00:00:00,2006-09-24T00:00:00,2006,78850.0,78750.0,100.0,,0.0,TERMINATION REPORT,2006,False,committee_totals
S6MO00305,"MCCASKILL, CLAIRE",MO,DEM,C00662114,SENATE IMPACT 2018,269200.0,269199.0,0.0,0.0,0.0,2017-10-01T00:00:00,2018-06-30T00:00:00,2018,269200.0,269200.0,0.0,0.0,0.0,TERMINATION REPORT,2018,False,committee_totals
S6MO00305,"MCCASKILL, CLAIRE",MO,DEM,C00635300,SENATE IMPACT: MO & IN,130950.0,130948.0,0.0,0.0,0.0,2017-01-01T00:00:00,2017-12-31T00:00:00,2018,130950.0,130950.0,0.0,0.0,0.0,TERMINATION REPORT,2017,False,committee_totals
S6MO00305,"MCCASKILL, CLAIRE",MO,DEM,C00674192,SENATE IMPACT: MO & WI,62320.0,62319.65,0.0,0.0,0.0,2018-01-01T00:00:00,2018-10-17T00:00:00,2018,62320.0,62300.0,20.0,0.0,0.0,TERMINATION REPORT,2018,False,committee_totals
S6MO00305,"MCCASKILL, CLAIRE",MO,DEM,C00682591,SENATE IMPACT: MO & WV,100500.0,100500.0,0.0,0.0,0.0,2018-07-01T00:00:00,2018-11-26T00:00:00,2018,98500.0,98500.0,0.0,0.0,0.0,TERMINATION REPORT,2018,False,committee_totals
S6MO00305,"MCCASKILL, CLAIRE",MO,DEM,C00475749,SHOW ME STATE VICTORY FUND,122881.3,124481.47,0.0,0.0,0.0,2011-01-01T00:00:00,2012-12-31T00:00:00,2012,117600.0,117600.0,0.0,,,TERMINATION REPORT,2012,False,committee_totals
S6MO00305,"MCCASKILL, CLAIRE",MO,DEM,C00475749,SHOW ME STATE VICTORY FUND,900285.0,898684.83,1600.0,1600.0,0.0,2010-02-12T00:00:00,2010-12-31T00:00:00,2010,900285.0,890050.0,10235.0,,,YEAR-END,2010,False,committee_totals
S6MO00305,"MCCASKILL, CLAIRE",MO,DEM,C00514638,STABENOW/MCCASKILL VICTORY FUND,4050.0,4050.0,0.0,0.0,0.0,2012-01-01T00:00:00,2012-06-30T00:00:00,2012,2050.0,2050.0,0.0,0.0,0.0,TERMINATION REPORT,2012,False,committee_totals
S6MO00305,"MCCASKILL, CLAIRE",MO,DEM,C00423574,TAKE BACK THE MIDWEST,92897.0,92895.0,0.0,0.0,0.0,2006-04-01T00:00:00,2006-11-27T00:00:00,2006,92650.0,90700.0,1950.0,,0.0,TERMINATION REPORT,2006,False,committee_totals
S6MO00305,"MCCASKILL, CLAIRE",MO,DEM,C00492736,TEXANS FOR A PROGRESSIVE SENATE,581800.0,581798.0,0.0,0.0,0.0,2011-01-01T00:00:00,2011-09-30T00:00:00,2012,581800.0,575800.0,6000.0,0.0,0.0,TERMINATION REPORT,2011,False,committee_totals
S6MO00305,"MCCASKILL, CLAIRE",MO,DEM,C00630467,TEXANS FOR A PROGRESSIVE SENATE,331245.0,331244.0,0.0,0.0,0.0,2017-01-01T00:00:00,2017-06-30T00:00:00,2018,331245.0,321500.0,9745.0,0.0,0.0,TERMINATION REPORT,2017,False,committee_totals
S6MO00305,"MCCASKILL, CLAIRE",MO,DEM,C00527713,WOMEN 2 WIN,0.0,18490.66,0.0,0.0,0.0,2013-01-01T00:00:00,2013-03-31T00:00:00,2014,0.0,0.0,0.0,,,TERMINATION REPORT,2013,False,committee_totals
S6MO00305,"MCCASKILL, CLAIRE",MO,DEM,C00527713,WOMEN 2 WIN,364120.0,332868.92,18490.66,18490.66,0.0,2012-07-01T00:00:00,2012-12-31T00:00:00,2012,364120.0,362800.0,1320.0,,,YEAR-END,2012,False,committee_totals
S6MO00305,"MCCASKILL, CLAIRE",MO,DEM,C00685057,WOMEN ON THE ROAD 2018,0.0,57.29,0.0,0.0,0.0,2019-01-01T00:00:00,2019-03-14T00:00:00,2020,0.0,0.0,0.0,,,TERMINATION REPORT,2019,False,committee_totals
S6MO00305,"MCCASKILL, CLAIRE",MO,DEM,C00685057,WOMEN ON THE ROAD 2018,41516.93,41459.64,57.29,57.29,0.0,2018-07-01T00:00:00,2018-12-31T00:00:00,2018,41500.0,41500.0,0.0,,,YEAR-END,2018,False,committee_totals
S6MO00305,"MCCASKILL, CLAIRE",MO,DEM,C00511642,WOMEN ON THE ROAD TO THE SENATE: 12 AND COUNTING - BAY AREA,388850.0,388850.0,0.0,0.0,0.0,2012-02-02T00:00:00,2012-08-13T00:00:00,2012,385850.0,385250.0,600.0,,,TERMINATION REPORT,2012,False,committee_totals
S6MO00305,"MCCASKILL, CLAIRE",MO,DEM,C00511626,WOMEN ON THE ROAD TO THE SENATE: 12 AND COUNTING -DENVER,92300.0,92300.0,0.0,0.0,0.0,2012-02-02T00:00:00,2012-08-13T00:00:00,2012,82300.0,81750.0,550.0,,,TERMINATION REPORT,2012,False,committee_totals
S6MO00305,"MCCASKILL, CLAIRE",MO,DEM,C00511659,WOMEN ON THE ROAD TO THE SENATE: 12 AND COUNTING-LOS ANGELES,267250.0,267250.0,0.0,0.0,0.0,2012-02-02T00:00:00,2012-08-13T00:00:00,2012,266250.0,266050.0,200.0,,,TERMINATION REPORT,2012,False,committee_totals
S6MO00305,"MCCASKILL, CLAIRE",MO,DEM,C00519462,WOMEN ON THE ROAD TO THE SENATE 12 AND COUNTING-NEW YORK CITY,157646.75,157646.75,0.0,0.0,0.0,2012-04-20T00:00:00,2012-11-26T00:00:00,2012,157325.0,157300.0,25.0,,,TERMINATION REPORT,2012,False,committee_totals
S6MO00305,"MCCASKILL, CLAIRE",MO,DEM,C00511634,WOMEN ON THE ROAD TO THE SENATE: 12 AND COUNTING-SEATTLE,253000.0,253000.0,0.0,0.0,0.0,2012-02-02T00:00:00,2012-08-13T00:00:00,2012,251500.0,251000.0,500.0,,,TERMINATION REPORT,2012,False,committee_totals
S6MO00305,"MCCASKILL, CLAIRE",MO,DEM,C00501767,WOMEN'S SENATE VICTORY FUND,150850.0,150850.0,0.0,0.0,0.0,2011-07-01T00:00:00,2012-03-31T00:00:00,2012,147850.0,146675.0,1175.0,0.0,0.0,TERMINATION REPORT,2012,False,committee_totals
S8IL00223,"MCCLANAHAN, ZACHARY",IL,REP,C00930685,ZACH MCCLANAHAN FOR U.S. SENATE,2073.5,750.63,1322.87,1322.87,0.0,2025-01-01T00:00:00,2026-03-31T00:00:00,2026,2057.7,1377.19,680.51,0.0,0.0,APRIL QUARTERLY,2026,True,committee_totals
S2GA00282,"MCCOLUMN, JONATHAN MR",GA,REP,C00805721,MCCOLUMN FOR SENATE,36143.79,23433.03,12412.31,12412.31,30000.0,2026-01-01T00:00:00,2026-03-31T00:00:00,2026,6143.79,2509.4,3634.39,0.0,0.0,APRIL QUARTERLY,2026,True,committee_totals
S2KY00012,"MCCONNELL, MITCH",KY,REP,C00193342,MCCONNELL SENATE COMMITTEE,174224.95,934417.29,7333272.06,7333272.06,0.0,2025-01-01T00:00:00,2026-03-31T00:00:00,2026,18653.82,17200.82,1453.0,0.0,128703.45,APRIL QUARTERLY,2026,True,committee_totals
S2KY00012,"MCCONNELL, MITCH",KY,REP,C00193342,MCCONNELL SENATE COMMITTEE,1203839.87,1078988.86,8093464.4,8093464.4,0.0,2023-01-01T00:00:00,2024-12-31T00:00:00,2024,719515.54,670521.85,48993.69,0.0,8724.96,YEAR-END,2024,True,committee_totals
S2KY00012,"MCCONNELL, MITCH",KY,REP,C00193342,MCCONNELL SENATE COMMITTEE,6500148.92,5343236.82,7968613.39,7968613.39,0.0,2021-01-01T00:00:00,2022-12-31T00:00:00,2022,5357746.05,3954958.66,1402787.39,0.0,786.94,YEAR-END,2022,True,committee_totals
S2KY00012,"MCCONNELL, MITCH",KY,REP,C00193342,MCCONNELL SENATE COMMITTEE,68086057.7,64869812.45,6811701.29,6811701.29,0.0,2019-01-01T00:00:00,2020-12-31T00:00:00,2020,59859307.09,32081796.29,27777510.8,0.0,2472.15,YEAR-END,2020,True,committee_totals
S2KY00012,"MCCONNELL, MITCH",KY,REP,C00193342,MCCONNELL SENATE COMMITTEE ,3703218.82,1033207.14,3595456.04,3595456.04,0.0,2017-01-01T00:00:00,2018-12-31T00:00:00,2018,1339011.5,1237376.0,101635.5,0.0,8443.78,YEAR-END,2018,True,committee_totals
S2KY00012,"MCCONNELL, MITCH",KY,REP,C00193342,MCCONNELL SENATE COMMITTEE ,2154065.0,1476861.0,925444.0,925444.0,0.0,2015-01-01T00:00:00,2016-12-31T00:00:00,2016,843137.0,644965.0,198171.0,0.0,34761.0,YEAR-END,2016,True,committee_totals
S2KY00012,"MCCONNELL, MITCH",KY,REP,C00193342,MCCONNELL SENATE COMMITTEE '14,21134747.0,28270382.0,248241.0,248241.0,378419.0,2013-01-01T00:00:00,2014-12-31T00:00:00,2014,12175886.0,11243056.0,932823.0,1550000.0,49469.0,YEAR-END,2014,True,committee_totals
S2KY00012,"MCCONNELL, MITCH",KY,REP,C00193342,MCCONNELL SENATE COMMITTEE '14,7705216.0,1338792.0,7383877.0,7383877.0,0.0,2011-01-01T00:00:00,2012-12-31T00:00:00,2012,5595228.0,5503231.0,91997.0,0.0,34507.0,YEAR-END,2012,True,committee_totals
S2KY00012,"MCCONNELL, MITCH",KY,REP,C00193342,MCCONNELL SENATE COMMITTEE '14,2010862.0,1081383.0,1017452.0,1017452.0,0.0,2009-01-01T00:00:00,2010-12-31T00:00:00,2010,1121872.0,930751.0,191120.0,0.0,4761.0,YEAR-END,2010,True,committee_totals
S2KY00012,"MCCONNELL, MITCH",KY,REP,C00193342,MCCONNELL SENATE COMMITTEE '14,18681961.0,21306296.0,87972.0,87972.0,510783.0,2007-01-01T00:00:00,2008-12-31T00:00:00,2008,9744238.0,8853668.0,890565.0,1391275.0,249192.0,YEAR-END,2008,True,committee_totals
S2KY00012,"MCCONNELL, MITCH",KY,REP,C00193342,MCCONNELL SENATE COMMITTEE '08,3958313.0,1445736.0,2709606.0,2709606.0,0.0,2005-01-01T00:00:00,2006-12-31T00:00:00,2006,2856860.0,2388692.0,12593.0,0.0,29749.22,YEAR-END,2006,True,committee_totals
S2KY00012,"MCCONNELL, MITCH",KY,REP,C00193342,MCCONNELL SENATE COMMITTEE '02,299879.0,530966.0,197028.0,197028.0,0.0,2003-01-01T00:00:00,2004-12-31T00:00:00,2004,98835.0,,,0.0,,YEAR-END,2004,True,committee_totals
S2KY00012,"MCCONNELL, MITCH",KY,REP,C00193342,MCCONNELL SENATE COMMITTEE '02,4740581.0,5336099.0,428116.0,428116.0,0.0,2001-01-01T00:00:00,2002-12-31T00:00:00,2002,3194818.0,,,0.0,,YEAR-END,2002,True,committee_totals
S2KY00012,"MCCONNELL, MITCH",KY,REP,C00193342,MCCONNELL SENATE COMMITTEE '02,1012751.0,205816.0,1023636.0,1023636.0,0.0,1999-01-01T00:00:00,2000-12-31T00:00:00,2000,821099.0,,,,,YEAR-END,2000,True,committee_totals
S2KY00012,"MCCONNELL, MITCH",KY,REP,C00193342,MCCONNELL SENATE COMMITTEE '96,233154.0,205776.0,216701.0,216701.0,30485.0,1997-01-01T00:00:00,1998-12-31T00:00:00,1998,76524.0,,,0.0,,YEAR-END,1998,True,committee_totals
S2KY00012,"MCCONNELL, MITCH",KY,REP,C00193342,MCCONNELL SENATE COMMITTEE '96,3840374.0,4669642.0,189324.0,189324.0,51389.0,1995-01-01T00:00:00,1996-12-31T00:00:00,1996,2315609.0,,,,,YEAR-END,1996,True,committee_totals
S2KY00012,"MCCONNELL, MITCH",KY,REP,C00193342,MCCONNELL SENATE COMMITTEE '96,919611.0,134476.0,1018593.0,1018593.0,0.0,1993-01-01T00:00:00,1994-12-31T00:00:00,1994,732927.0,,,,,YEAR-END,1994,True,committee_totals
S2KY00012,"MCCONNELL, MITCH",KY,REP,C00193342,MCCONNELL SENATE COMMITTEE '96,270260.0,227175.0,233458.0,233458.0,0.0,1991-01-01T00:00:00,1992-12-31T00:00:00,1992,118139.0,,,,,YEAR-END,1992,True,committee_totals
S2KY00012,"MCCONNELL, MITCH",KY,REP,C00193342,MCCONNELL SENATE COMMITTEE '96,4073583.0,5074187.0,190373.0,190373.0,0.0,1989-01-01T00:00:00,1990-12-31T00:00:00,1990,2485976.0,,,,,YEAR-END,1990,True,committee_totals
S2KY00012,"MCCONNELL, MITCH",KY,REP,C00193342,MCCONNELL SENATE COMMITTEE '90,764342.0,128867.0,1190977.0,1190977.0,0.0,1987-01-01T00:00:00,1988-12-31T00:00:00,1988,589762.0,,,,,YEAR-END,1988,True,committee_totals
S2PA00661,"MCCORMICK, DAVE",PA,REP,C00851980,FRIENDS OF DAVE MCCORMICK,4117088.57,3966656.65,731455.65,731455.65,6828883.23,2025-01-01T00:00:00,2026-03-31T00:00:00,2026,2451648.56,2026024.39,425624.17,0.0,8766.46,APRIL QUARTERLY,2026,True,committee_totals
S2PA00661,"MCCORMICK, DAVE",PA,REP,C00851980,FRIENDS OF DAVE MCCORMICK,35016537.62,34435513.89,581023.73,581023.73,6463800.0,2023-09-21T00:00:00,2024-12-31T00:00:00,2024,21159447.38,14231087.68,6928359.7,42233.53,139062.3,YEAR-END,2024,True,committee_totals
S2IN00166,"MCCRAY, VALERIE L DR",IN,DEM,C00697615,FRIENDS OF VALERIE MCCRAY,5203.07,6189.82,4979.56,4979.56,671.07,2025-01-01T00:00:00,2025-12-31T00:00:00,2026,703.0,221.0,482.0,0.0,0.0,YEAR-END,2025,True,committee_totals
S2IN00166,"MCCRAY, VALERIE L DR",IN,DEM,C00697615,FRIENDS OF VALERIE MCCRAY,142089.64,137667.79,12156.0,12156.0,0.0,2023-01-01T00:00:00,2024-12-31T00:00:00,2024,120540.01,108324.35,12215.66,1007.05,12991.92,YEAR-END,2024,True,committee_totals
S2IN00166,"MCCRAY, VALERIE L DR",IN,DEM,C00697615,FRIENDS OF VALERIE MCCRAY,15241.62,12772.2,18.23,18.23,614.07,2021-01-01T00:00:00,2022-12-31T00:00:00,2022,7911.0,3592.99,4318.01,0.0,0.0,YEAR-END,2022,True,committee_totals
S4MS00120,"MCDANIEL, CHRISTOPHER BRIAN",MS,REP,C00550657,FRIENDS OF CHRIS MCDANIEL,0.0,8182.0,0.0,0.0,0.0,2015-01-01T00:00:00,2015-03-31T00:00:00,2016,0.0,0.0,0.0,0.0,0.0,TERMINATION REPORT,2015,True,committee_totals
S4MS00120,"MCDANIEL, CHRISTOPHER BRIAN",MS,REP,C00550657,FRIENDS OF CHRIS MCDANIEL,3327999.0,3319815.0,8182.0,8182.0,25100.0,2013-10-01T00:00:00,2014-12-31T00:00:00,2014,2485124.0,1361057.0,1124066.0,302885.87,644839.0,YEAR-END,2014,True,committee_totals
S4MS00120,"MCDANIEL, CHRISTOPHER BRIAN",MS,REP,C00673285,FRIENDS OF CHRIS MCDANIEL,0.0,30.0,1.47,1.47,46700.0,2025-01-01T00:00:00,2026-03-31T00:00:00,2026,0.0,0.0,0.0,0.0,0.0,APRIL QUARTERLY,2026,True,committee_totals
S4MS00120,"MCDANIEL, CHRISTOPHER BRIAN",MS,REP,C00673285,FRIENDS OF CHRIS MCDANIEL,65.0,48.0,31.47,31.47,46700.0,2023-01-01T00:00:00,2024-12-31T00:00:00,2024,65.0,0.0,65.0,0.0,0.0,YEAR-END,2024,True,committee_totals
S4MS00120,"MCDANIEL, CHRISTOPHER BRIAN",MS,REP,C00673285,FRIENDS OF CHRIS MCDANIEL,40.0,48.0,14.47,14.47,46700.0,2021-01-01T00:00:00,2022-12-31T00:00:00,2022,20.0,0.0,20.0,20.0,0.0,YEAR-END,2022,True,committee_totals
S4MS00120,"MCDANIEL, CHRISTOPHER BRIAN",MS,REP,C00673285,FRIENDS OF CHRIS MCDANIEL,1165.96,9009.95,22.47,22.47,46700.0,2019-01-01T00:00:00,2020-12-31T00:00:00,2020,1165.96,1165.96,0.0,0.0,0.0,YEAR-END,2020,True,committee_totals
S4MS00120,"MCDANIEL, CHRISTOPHER BRIAN",MS,REP,C00673285,FRIENDS OF CHRIS MCDANIEL,668705.67,660838.77,7866.46,7866.46,55000.0,2018-01-01T00:00:00,2018-12-31T00:00:00,2018,603300.67,380268.26,223032.41,0.0,0.0,YEAR-END,2018,True,committee_totals
S2HI00155,"MCDERMOTT, ROBERT",HI,REP,C00800656,BOB MCDERMOTT FOR SENATE,59.4,111.31,72.43,72.43,4500.0,2025-04-01T00:00:00,2026-03-31T00:00:00,2026,0.0,0.0,0.0,58.72,0.0,APRIL QUARTERLY,2026,True,committee_totals
S2HI00155,"MCDERMOTT, ROBERT",HI,REP,C00800656,BOB MCDERMOTT FOR SENATE,23225.25,23587.97,-244.64,-244.64,4000.0,2023-01-01T00:00:00,2024-12-31T00:00:00,2024,18912.6,14381.29,4531.31,20.0,42.65,YEAR-END,2024,True,committee_totals
S6NC00464,"MCGINNIS, BRIAN",NC,GRE,C00925792,MCGINNIS FOR SENATE,64450.36,2299.5,62674.26,62674.26,0.0,2026-01-01T00:00:00,2026-03-31T00:00:00,2026,64447.81,27109.7,37338.11,0.0,2.55,APRIL QUARTERLY,2026,True,committee_totals
S6PA00266,"MCGINTY, KATHLEEN ALANA",PA,DEM,C00582809,KATIE MCGINTY FOR SENATE,11012.73,46378.94,0.0,0.0,0.0,2021-01-01T00:00:00,2022-02-16T00:00:00,2022,0.0,0.0,0.0,0.0,11012.73,TERMINATION REPORT,2022,True,committee_totals
S6PA00266,"MCGINTY, KATHLEEN ALANA",PA,DEM,C00582809,KATIE MCGINTY FOR SENATE,46635.08,71598.62,35366.21,35366.21,0.0,2019-01-01T00:00:00,2020-12-31T00:00:00,2020,0.0,0.0,0.0,0.0,43682.91,YEAR-END,2020,True,committee_totals
S6PA00266,"MCGINTY, KATHLEEN ALANA",PA,DEM,C00582809,KATIE MCGINTY FOR SENATE,375909.34,392226.89,60329.75,60329.75,0.0,2017-01-01T00:00:00,2018-12-31T00:00:00,2018,0.0,0.0,0.0,0.0,75647.34,YEAR-END,2018,True,committee_totals
S6PA00266,"MCGINTY, KATHLEEN ALANA",PA,DEM,C00582809,KATIE MCGINTY FOR SENATE,16592370.0,13021653.0,76647.0,76647.0,0.0,2015-07-01T00:00:00,2016-12-31T00:00:00,2016,14064217.0,10302841.0,3761372.0,0.0,0.0,YEAR-END,2016,True,committee_totals
S0KY00339,"MCGRATH, AMY",KY,DEM,C00922302,AMY MCGRATH FOR SENATE,1942704.23,1631150.23,311554.0,311554.0,7350.0,2025-08-01T00:00:00,2026-03-31T00:00:00,2026,1911809.88,861387.31,1050422.57,0.0,3509.96,APRIL QUARTERLY,2026,True,committee_totals
S6KY00344,"MCGRATH, AMY",KY,DEM,C00922302,AMY MCGRATH FOR SENATE,1942704.23,1631150.23,311554.0,311554.0,7350.0,2025-08-01T00:00:00,2026-03-31T00:00:00,2026,1911809.88,861387.31,1050422.57,0.0,3509.96,APRIL QUARTERLY,2026,True,committee_totals
S2AZ00349,"MCGUIRE, MICHAEL MICK",AZ,REP,C00780791,MCGUIRE FOR ARIZONA,0.0,0.0,2615.92,2615.92,450705.0,2025-01-01T00:00:00,2026-03-31T00:00:00,2026,0.0,0.0,0.0,0.0,0.0,APRIL QUARTERLY,2026,True,committee_totals
S2AZ00349,"MCGUIRE, MICHAEL MICK",AZ,REP,C00780791,MCGUIRE FOR ARIZONA,1099.33,103.58,2615.92,2615.92,450705.0,2023-01-01T00:00:00,2024-12-31T00:00:00,2024,1099.33,0.0,1099.33,0.0,0.0,YEAR-END,2024,True,committee_totals
S2AZ00349,"MCGUIRE, MICHAEL MICK",AZ,REP,C00780791,MCGUIRE FOR ARIZONA,2715996.01,2714375.84,1620.17,1620.17,1141655.0,2021-05-27T00:00:00,2022-12-31T00:00:00,2022,1508232.05,1056598.15,451633.9,51374.71,0.0,YEAR-END,2022,True,committee_totals
S4RI00051,"MCKAY, RAYMOND TYLER MR",RI,REP,C00827964,MCKAY FOR SENATE INC,139874.63,127794.47,12418.69,12418.69,689.51,2025-01-01T00:00:00,2026-03-31T00:00:00,2026,137896.07,77738.65,60157.42,1.0,0.0,APRIL QUARTERLY,2026,True,committee_totals
S4RI00051,"MCKAY, RAYMOND TYLER MR",RI,REP,C00827964,MCKAY FOR SENATE INC,154043.57,153705.04,338.53,338.53,3989.51,2023-01-01T00:00:00,2024-12-31T00:00:00,2024,149088.94,138029.19,11059.75,328.0,0.0,YEAR-END,2024,True,committee_totals
S4WV00365,"MCKINNEY, BRYAN",WV,REP,C00855734,THE COMMITTEE TO ELECT BRYAN MCKINNEY TO THE US SENATE,7225.14,6781.24,135.0,135.0,0.0,2023-10-15T00:00:00,2023-12-31T00:00:00,2024,135.0,135.0,0.0,7090.14,0.0,OCTOBER QUARTERLY,2023,True,committee_totals
S6MI00392,"MCMORROW, MALLORY",MI,DEM,C00901173,MCMORROW FOR MICHIGAN,8624066.19,4931519.99,3692546.2,3692546.2,0.0,2025-03-19T00:00:00,2026-03-31T00:00:00,2026,8475064.69,4157872.41,4317192.28,83.66,29701.0,APRIL QUARTERLY,2026,True,committee_totals
S8VT00059,"MCMULLEN, JOHN A",VT,REP,C00334029,MCMULLEN FOR SENATE COMMITTEE INC,5.0,600.0,708.77,708.77,619740.7,2024-04-01T00:00:00,2024-06-30T00:00:00,2024,5.0,0.0,5.0,0.0,0.0,JULY QUARTERLY,2024,True,committee_totals
S8VT00059,"MCMULLEN, JOHN A",VT,REP,C00334029,MCMULLEN FOR SENATE COMMITTEE INC,149.63,0.0,821.0,821.0,619740.7,2021-01-01T00:00:00,2022-12-31T00:00:00,2022,10.0,0.0,10.0,0.0,0.0,YEAR-END,2022,True,committee_totals
S8VT00059,"MCMULLEN, JOHN A",VT,REP,C00334029,MCMULLEN FOR SENATE COMMITTEE INC,0.0,0.0,821.0,821.0,619740.7,2019-01-01T00:00:00,2020-12-31T00:00:00,2020,0.0,0.0,0.0,0.0,0.0,YEAR-END,2020,True,committee_totals
S8VT00059,"MCMULLEN, JOHN A",VT,REP,C00334029,MCMULLEN FOR SENATE COMMITTEE INC,0.0,0.0,821.0,821.0,619740.0,2017-01-01T00:00:00,2018-12-31T00:00:00,2018,0.0,0.0,0.0,0.0,0.0,YEAR-END,2018,True,committee_totals
S8VT00059,"MCMULLEN, JOHN A",VT,REP,C00334029,MCMULLEN FOR SENATE COMMITTEE INC,0.0,0.0,821.0,821.0,619740.0,2015-01-01T00:00:00,2016-09-30T00:00:00,2016,0.0,0.0,0.0,0.0,0.0,OCTOBER QUARTERLY,2016,True,committee_totals
S8VT00059,"MCMULLEN, JOHN A",VT,REP,C00334029,MCMULLEN FOR SENATE COMMITTEE INC,0.0,0.0,821.0,821.0,619740.0,2013-01-01T00:00:00,2014-12-31T00:00:00,2014,0.0,0.0,0.0,0.0,0.0,YEAR-END,2014,True,committee_totals
S8VT00059,"MCMULLEN, JOHN A",VT,REP,C00334029,MCMULLEN FOR SENATE COMMITTEE INC,0.0,0.0,821.0,821.0,619740.0,2011-01-01T00:00:00,2012-12-31T00:00:00,2012,0.0,0.0,0.0,0.0,0.0,YEAR-END,2012,True,committee_totals
S8VT00059,"MCMULLEN, JOHN A",VT,REP,C00334029,MCMULLEN FOR SENATE COMMITTEE INC,0.0,0.0,821.0,821.0,619740.0,2009-01-01T00:00:00,2010-12-31T00:00:00,2010,0.0,0.0,0.0,0.0,0.0,YEAR-END,2010,True,committee_totals
S8VT00059,"MCMULLEN, JOHN A",VT,REP,C00334029,MCMULLEN FOR SENATE COMMITTEE INC,0.0,0.0,821.0,821.0,619740.0,2007-01-01T00:00:00,2008-12-31T00:00:00,2008,0.0,0.0,0.0,0.0,0.0,YEAR-END,2008,True,committee_totals
S8VT00059,"MCMULLEN, JOHN A",VT,REP,C00334029,MCMULLEN FOR SENATE COMMITTEE INC,1176.0,1572.0,821.0,821.0,619740.0,2005-01-01T00:00:00,2006-12-31T00:00:00,2006,467.0,0.0,10.0,0.0,0.0,YEAR-END,2006,True,committee_totals
S8VT00059,"MCMULLEN, JOHN A",VT,REP,C00334029,MCMULLEN FOR SENATE COMMITTEE INC,730988.0,736086.0,1216.0,1216.0,338640.0,2003-01-01T00:00:00,2004-12-31T00:00:00,2004,388391.0,,,1266.0,,YEAR-END,2004,True,committee_totals
S8VT00059,"MCMULLEN, JOHN A",VT,REP,C00334029,MCMULLEN FOR SENATE COMMITTEE INC,246.0,4.0,6315.0,6315.0,281100.0,2001-01-01T00:00:00,2002-12-31T00:00:00,2002,,,,,,YEAR-END,2002,True,committee_totals
S8VT00059,"MCMULLEN, JOHN A",VT,REP,C00334029,MCMULLEN FOR SENATE COMMITTEE INC,6014.0,46547.0,6072.0,6072.0,281100.0,1999-01-01T00:00:00,2000-12-31T00:00:00,2000,,,,,,YEAR-END,2000,True,committee_totals
S8VT00059,"MCMULLEN, JOHN A",VT,REP,C00334029,MCMULLEN FOR SENATE COMMITTEE INC,509796.0,463191.0,46604.0,46604.0,277000.0,1998-01-01T00:00:00,1998-12-31T00:00:00,1998,224112.0,,,,,YEAR-END,1998,True,committee_totals
S2UT00369,"MCMULLIN, DAVID EVAN",UT,UN,C00790733,MCMULLIN FOR UTAH,0.0,22947.15,149610.18,149610.18,0.0,2025-01-01T00:00:00,2026-03-31T00:00:00,2026,0.0,0.0,0.0,0.0,0.0,APRIL QUARTERLY,2026,True,committee_totals
S2UT00369,"MCMULLIN, DAVID EVAN",UT,UN,C00790733,MCMULLIN FOR UTAH,21317.3,138073.54,172557.33,172557.33,0.0,2023-01-01T00:00:00,2024-12-31T00:00:00,2024,0.0,0.0,0.0,0.0,0.0,YEAR-END,2024,True,committee_totals
S2UT00369,"MCMULLIN, DAVID EVAN",UT,UN,C00790733,MCMULLIN FOR UTAH,7988427.79,7699114.22,289313.57,289313.57,0.0,2021-07-01T00:00:00,2022-12-31T00:00:00,2022,7813860.1,5676971.41,2136888.69,0.0,0.0,YEAR-END,2022,True,committee_totals
S6TX00347,"MCNABB, BARRETT ANTHONY",TX,REP,C00897819,PATHFINDER PAC,381517.07,373686.25,7830.82,7830.82,237130.0,2025-01-01T00:00:00,2026-03-31T00:00:00,2026,134374.07,41500.81,92873.26,,,APRIL QUARTERLY,2026,False,committee_totals
S6SD01133,"MCNEAL, JUSTIN S",SD,REP,C00924514,FRIENDS OF JUSTIN MCNEAL FOR US SENATE,1555.13,11.24,1543.89,1543.89,9602.39,2025-01-01T00:00:00,2026-03-31T00:00:00,2026,1429.1,620.0,809.1,26.03,0.0,APRIL QUARTERLY,2026,True,committee_totals
S4WV00407,"MCNULTY, JANET",WV,REP,C00866962,THE CAMPAIGN OF JANET MCNULTY,5775.28,5775.28,0.0,0.0,,2025-01-01T00:00:00,2026-04-22T00:00:00,2026,5775.28,5775.28,0.0,0.0,0.0,PRE-PRIMARY,2026,True,committee_totals
S4WV00407,"MCNULTY, JANET",WV,REP,C00866962,THE CAMPAIGN OF JANET MCNULTY,671.6,3594.93,0.0,0.0,0.0,2024-01-01T00:00:00,2024-12-31T00:00:00,2024,0.0,226.14,0.0,445.46,0.0,YEAR-END,2024,True,committee_totals
S2MO00577,"MCQUEEN, ELDON DAN",MO,REP,C00715896,MCQUEEN FOR CONGRESS,0.0,0.0,1622.84,1622.84,10000.0,2025-01-01T00:00:00,2026-03-31T00:00:00,2026,0.0,0.0,0.0,0.0,0.0,APRIL QUARTERLY,2026,False,committee_totals
S2MO00577,"MCQUEEN, ELDON DAN",MO,REP,C00715896,MCQUEEN FOR CONGRESS,20000.0,15815.88,1622.84,1622.84,10000.0,2023-01-01T00:00:00,2024-12-31T00:00:00,2024,0.0,0.0,0.0,0.0,0.0,YEAR-END,2024,False,committee_totals
S2MO00577,"MCQUEEN, ELDON DAN",MO,REP,C00715896,MCQUEEN FOR CONGRESS,31515.0,28368.24,-75.24,-75.24,30000.0,2021-01-01T00:00:00,2022-12-31T00:00:00,2022,1515.0,500.0,1015.0,0.0,0.0,YEAR-END,2022,False,committee_totals
S2MO00577,"MCQUEEN, ELDON DAN",MO,REP,C00715896,MCQUEEN FOR CONGRESS,0.0,0.0,0.0,0.0,0.0,2019-07-01T00:00:00,2020-12-31T00:00:00,2020,0.0,0.0,0.0,0.0,0.0,YEAR-END,2020,False,committee_totals
S4TX00698,"MCQUEEN, ELDON DANIEL",TX,IDP,C00715896,MCQUEEN FOR CONGRESS,0.0,0.0,1622.84,1622.84,10000.0,2025-01-01T00:00:00,2026-03-31T00:00:00,2026,0.0,0.0,0.0,0.0,0.0,APRIL QUARTERLY,2026,False,committee_totals
S4TX00698,"MCQUEEN, ELDON DANIEL",TX,IDP,C00715896,MCQUEEN FOR CONGRESS,20000.0,15815.88,1622.84,1622.84,10000.0,2023-01-01T00:00:00,2024-12-31T00:00:00,2024,0.0,0.0,0.0,0.0,0.0,YEAR-END,2024,False,committee_totals
S4TX00698,"MCQUEEN, ELDON DANIEL",TX,IDP,C00715896,MCQUEEN FOR CONGRESS,31515.0,28368.24,-75.24,-75.24,30000.0,2021-01-01T00:00:00,2022-12-31T00:00:00,2022,1515.0,500.0,1015.0,0.0,0.0,YEAR-END,2022,False,committee_totals
S4TX00698,"MCQUEEN, ELDON DANIEL",TX,IDP,C00715896,MCQUEEN FOR CONGRESS,0.0,0.0,0.0,0.0,0.0,2019-07-01T00:00:00,2020-12-31T00:00:00,2020,0.0,0.0,0.0,0.0,0.0,YEAR-END,2020,False,committee_totals
S4TX00698,"MCQUEEN, ELDON DANIEL",TX,IDP,C00830604,MCQUEEN FOR TEXAS,0.0,0.0,0.0,0.0,0.0,2023-01-01T00:00:00,2023-07-14T00:00:00,2024,0.0,0.0,0.0,0.0,0.0,TERMINATION REPORT,2023,False,committee_totals
S8AZ00221,"MCSALLY, MARTHA",AZ,REP,C00701243,2019 SENATORS CLASSIC COMMITTEE,1316500.0,1316500.0,0.0,0.0,0.0,2019-04-01T00:00:00,2019-09-30T00:00:00,2020,43000.0,43000.0,0.0,0.0,0.0,TERMINATION REPORT,2019,False,committee_totals
S8AZ00221,"MCSALLY, MARTHA",AZ,REP,C00705947,ARIZONA SENATE REPUBLICAN NOMINEE FUND - MARTHA MCSALLY,18087.13,1542.69,0.0,0.0,0.0,2019-01-01T00:00:00,2020-09-08T00:00:00,2020,18087.13,775.0,17312.13,,0.0,TERMINATION REPORT,2020,False,committee_totals
S8AZ00221,"MCSALLY, MARTHA",AZ,REP,C00705947,ARIZONA SENATE REPUBLICAN NOMINEE FUND - MARTHA MCSALLY,2346.28,18890.72,0.0,0.0,0.0,2019-01-01T00:00:00,2020-09-08T00:00:00,2020,2346.28,50.0,2296.28,0.0,0.0,TERMINATION REPORT,2020,False,committee_totals
S8AZ00221,"MCSALLY, MARTHA",AZ,REP,C00689471,FOUNDERS COMMITTEE; THE,372500.0,372500.0,0.0,0.0,0.0,2018-10-01T00:00:00,2018-12-31T00:00:00,2018,372500.0,372500.0,0.0,0.0,0.0,TERMINATION REPORT,2018,False,committee_totals
S8AZ00221,"MCSALLY, MARTHA",AZ,REP,C00685230,GROW THE MAJORITY,80500.0,80500.0,0.0,0.0,0.0,2018-08-08T00:00:00,2018-10-17T00:00:00,2018,76000.0,76000.0,0.0,0.0,0.0,TERMINATION REPORT,2018,False,committee_totals
S8AZ00221,"MCSALLY, MARTHA",AZ,REP,C00666040,MCSALLY PAC,2415.79,2549.87,0.0,0.0,0.0,2025-01-01T00:00:00,2025-03-31T00:00:00,2026,2415.79,2415.79,0.0,,,TERMINATION REPORT,2025,False,committee_totals
S8AZ00221,"MCSALLY, MARTHA",AZ,REP,C00666040,MCSALLY PAC,21609.87,27046.29,134.08,134.08,0.0,2023-01-01T00:00:00,2024-12-31T00:00:00,2024,0.0,0.0,0.0,,,YEAR-END,2024,False,committee_totals
S8AZ00221,"MCSALLY, MARTHA",AZ,REP,C00666040,MCSALLY PAC,978347.85,1088081.08,5570.5,5570.5,0.0,2021-01-01T00:00:00,2022-12-31T00:00:00,2022,575170.13,409498.06,165672.07,,,YEAR-END,2022,False,committee_totals
S8AZ00221,"MCSALLY, MARTHA",AZ,REP,C00697953,MCSALLY VICTORY COMMITTE,0.0,14586.45,0.0,0.0,0.0,2021-01-01T00:00:00,2021-03-31T00:00:00,2022,0.0,0.0,0.0,,,TERMINATION REPORT,2021,False,committee_totals
S8AZ00221,"MCSALLY, MARTHA",AZ,REP,C00697953,MCSALLY VICTORY COMMITTE,1315929.29,1301342.84,14586.45,14586.45,0.0,2019-01-01T00:00:00,2020-12-31T00:00:00,2020,1310929.29,1309664.29,1265.0,,,YEAR-END,2020,False,committee_totals
S8AZ00221,"MCSALLY, MARTHA",AZ,REP,C00681163,STRENGTHEN THE SENATE MAJORITY 2018,2534.88,9395.83,0.0,0.0,0.0,2019-01-01T00:00:00,2019-06-30T00:00:00,2020,0.0,0.0,0.0,,,TERMINATION REPORT,2019,False,committee_totals
S8AZ00221,"MCSALLY, MARTHA",AZ,REP,C00681163,STRENGTHEN THE SENATE MAJORITY 2018,1008061.0,1001200.05,6860.95,6860.95,0.0,2018-06-15T00:00:00,2018-12-31T00:00:00,2018,995450.0,995450.0,0.0,,,YEAR-END,2018,False,committee_totals
S8AZ00221,"MCSALLY, MARTHA",AZ,REP,C00678235,WOMEN KEEP THE MAJORITY,32500.0,32500.0,0.0,0.0,0.0,2018-05-03T00:00:00,2018-10-17T00:00:00,2018,32500.0,32500.0,0.0,0.0,0.0,TERMINATION REPORT,2018,False,committee_totals
S0NJ00217,"MEHTA, RIKIN",NJ,REP,C00722470,RIK FOR NEW JERSEY INC,0.0,0.0,55.93,55.93,320000.0,2025-01-01T00:00:00,2026-03-31T00:00:00,2026,0.0,0.0,0.0,0.0,0.0,APRIL QUARTERLY,2026,True,committee_totals
S0NJ00217,"MEHTA, RIKIN",NJ,REP,C00722470,RIK FOR NEW JERSEY INC,0.0,48.1,55.93,55.93,320000.0,2023-01-01T00:00:00,2024-12-31T00:00:00,2024,0.0,0.0,0.0,0.0,0.0,YEAR-END,2024,True,committee_totals
S0NJ00217,"MEHTA, RIKIN",NJ,REP,C00722470,RIK FOR NEW JERSEY INC,182777.78,182733.76,597.03,597.03,320000.0,2021-01-01T00:00:00,2022-12-31T00:00:00,2022,89577.78,64090.0,25487.78,0.0,0.0,YEAR-END,2022,True,committee_totals
S0NJ00217,"MEHTA, RIKIN",NJ,REP,C00722470,RIK FOR NEW JERSEY INC,586707.1,586154.09,553.01,553.01,316635.53,2019-10-16T00:00:00,2020-12-31T00:00:00,2020,259707.1,206062.26,53644.84,0.0,0.0,YEAR-END,2020,True,committee_totals
S4MI00637,"MEIJER, PETER MR.",MI,REP,C00855668,"MEIJER FOR SENATE, INC.",0.0,719.39,15148.47,15148.47,514533.5,2025-01-01T00:00:00,2026-03-31T00:00:00,2026,0.0,0.0,0.0,0.0,0.0,APRIL QUARTERLY,2026,True,committee_totals
S4MI00637,"MEIJER, PETER MR.",MI,REP,C00855668,"MEIJER FOR SENATE, INC.",1095101.9,1079234.04,15867.86,15867.86,514533.5,2023-07-26T00:00:00,2024-12-31T00:00:00,2024,560443.37,549315.56,11127.81,14320.71,1300.0,YEAR-END,2024,True,committee_totals
S6OK04205,"MEINHARDT, RON",OK,IND,C00939058,MEINHARDT FOR US SENATE,6187.6,3737.48,2450.12,2450.12,0.0,2026-01-01T00:00:00,2026-03-31T00:00:00,2026,6000.0,6000.0,0.0,187.6,0.0,APRIL QUARTERLY,2026,True,committee_totals
S6AZ00217,"MELUSKEY, ALEXANDER",AZ,REP,C00574350,MELUSKEY FOR US SENATE INC,0.0,0.0,6159.0,6159.0,791373.02,2025-01-01T00:00:00,2026-03-31T00:00:00,2026,0.0,0.0,0.0,0.0,0.0,APRIL QUARTERLY,2026,True,committee_totals
S6AZ00217,"MELUSKEY, ALEXANDER",AZ,REP,C00574350,MELUSKEY FOR US SENATE INC,0.0,79.32,6170.8,6170.8,791373.02,2023-01-01T00:00:00,2024-12-31T00:00:00,2024,0.0,0.0,0.0,0.0,0.0,YEAR-END,2024,True,committee_totals
S6AZ00217,"MELUSKEY, ALEXANDER",AZ,REP,C00574350,MELUSKEY FOR US SENATE INC,302.4,106.35,6247.72,6247.72,791373.02,2021-01-01T00:00:00,2022-12-31T00:00:00,2022,302.4,302.4,0.0,0.0,0.0,YEAR-END,2022,True,committee_totals
S6AZ00217,"MELUSKEY, ALEXANDER",AZ,REP,C00574350,MELUSKEY FOR US SENATE INC,1022.88,2202.86,6011.94,6011.94,791373.02,2019-01-01T00:00:00,2020-12-31T00:00:00,2020,422.88,422.88,0.0,0.0,0.0,YEAR-END,2020,True,committee_totals
S6AZ00217,"MELUSKEY, ALEXANDER",AZ,REP,C00574350,MELUSKEY FOR US SENATE INC,2126.0,8822.0,6692.0,6692.0,790273.0,2017-01-01T00:00:00,2018-12-31T00:00:00,2018,500.0,400.0,100.0,0.0,0.0,YEAR-END,2018,True,committee_totals
S6AZ00217,"MELUSKEY, ALEXANDER",AZ,REP,C00574350,MELUSKEY FOR US SENATE INC,905405.5,892009.06,13396.0,13396.0,788773.0,2015-01-01T00:00:00,2016-12-31T00:00:00,2016,112521.5,73600.34,38920.16,0.0,0.0,YEAR-END,2016,True,committee_totals
S6NJ00289,"MENENDEZ, ROBERT",NJ,IND,C00264564,MENENDEZ FOR SENATE,16661.58,807182.53,7236.24,7236.24,0.0,2025-01-01T00:00:00,2026-03-31T00:00:00,2026,0.0,0.0,0.0,0.0,16661.58,APRIL QUARTERLY,2026,True,committee_totals
S6NJ00289,"MENENDEZ, ROBERT",NJ,IND,C00264564,MENENDEZ FOR SENATE,3882123.51,8952013.36,797757.19,797757.19,0.0,2023-01-01T00:00:00,2024-12-31T00:00:00,2024,2868362.77,2860687.48,7675.29,0.0,341394.52,YEAR-END,2024,True,committee_totals
S6NJ00289,"MENENDEZ, ROBERT",NJ,IND,C00264564,MENENDEZ FOR SENATE,5459735.54,893124.46,5867647.04,5867647.04,0.0,2021-01-01T00:00:00,2022-12-31T00:00:00,2022,4422321.24,4361199.27,61121.97,0.0,0.0,YEAR-END,2022,True,committee_totals
S6NJ00289,"MENENDEZ, ROBERT",NJ,IND,C00264564,MENENDEZ FOR SENATE,1675545.51,592941.15,1302035.96,1302035.96,0.0,2019-01-01T00:00:00,2020-12-31T00:00:00,2020,1199853.22,1126041.07,73812.15,0.0,0.0,YEAR-END,2020,True,committee_totals
S6NJ00289,"MENENDEZ, ROBERT",NJ,IND,C00264564,MENENDEZ FOR SENATE,9579191.36,11003884.46,219431.6,219431.6,0.0,2017-01-01T00:00:00,2018-12-31T00:00:00,2018,6322437.03,6096913.56,225520.47,0.0,9729.68,YEAR-END,2018,True,committee_totals
S6NJ00289,"MENENDEZ, ROBERT",NJ,IND,C00264564,MENENDEZ FOR SENATE,1176654.0,985234.0,1644124.0,1644124.0,0.0,2015-01-01T00:00:00,2016-12-31T00:00:00,2016,923576.0,874849.0,48726.0,0.0,3463.0,YEAR-END,2016,True,committee_totals
S6NJ00289,"MENENDEZ, ROBERT",NJ,IND,C00264564,MENENDEZ FOR SENATE,1701169.0,1675361.0,1452705.0,1452705.0,0.0,2013-01-01T00:00:00,2014-12-31T00:00:00,2014,1429372.0,1301828.0,127541.0,0.0,4634.0,YEAR-END,2014,True,committee_totals
S6NJ00289,"MENENDEZ, ROBERT",NJ,IND,C00264564,MENENDEZ FOR SENATE,12290307.0,13290088.0,1426897.0,1426897.0,0.0,2011-01-01T00:00:00,2012-12-31T00:00:00,2012,9648992.0,9331022.0,317966.0,0.0,37408.0,YEAR-END,2012,True,committee_totals
S6NJ00289,"MENENDEZ, ROBERT",NJ,IND,C00264564,MENENDEZ FOR SENATE,2763848.0,898458.0,2426682.0,2426682.0,0.0,2009-01-01T00:00:00,2010-12-31T00:00:00,2010,1883502.0,1867636.0,15866.0,0.0,14900.0,YEAR-END,2010,True,committee_totals
S6NJ00289,"MENENDEZ, ROBERT",NJ,IND,C00264564,MENENDEZ FOR SENATE,2290628.0,2037999.0,561291.0,561291.0,0.0,2007-01-01T00:00:00,2008-12-31T00:00:00,2008,1871412.0,1853525.0,17887.0,0.0,26603.0,YEAR-END,2008,True,committee_totals
S6NJ00289,"MENENDEZ, ROBERT",NJ,IND,C00264564,MENENDEZ FOR SENATE,11950586.56,13328665.09,308660.0,308660.0,148468.0,2005-01-01T00:00:00,2006-12-31T00:00:00,2006,9394154.0,8922113.0,472040.0,0.0,8346.96,YEAR-END,2006,True,committee_totals
S6NJ00289,"MENENDEZ, ROBERT",NJ,IND,C00264564,MENENDEZ FOR CONGRESS,3624592.36,3941961.6,1686741.23,1686741.23,0.0,2003-01-01T00:00:00,2004-12-31T00:00:00,2004,2614174.7,2597999.7,16175.0,0.0,141322.52,YEAR-END,2004,True,committee_totals
S6NJ00289,"MENENDEZ, ROBERT",NJ,IND,C00264564,MENENDEZ FOR CONGRESS,2518466.65,2197207.93,2004110.47,2004110.47,0.0,2001-01-01T00:00:00,2002-12-31T00:00:00,2002,1808325.48,1785733.48,22592.0,0.0,72532.26,YEAR-END,2002,True,committee_totals
S6NJ00289,"MENENDEZ, ROBERT",NJ,IND,C00264564,MENENDEZ FOR CONGRESS,2188542.0,1713018.0,1682851.0,1682851.0,0.0,1999-01-01T00:00:00,2000-12-31T00:00:00,2000,1423132.0,,,0.0,,YEAR-END,2000,True,committee_totals
S6NJ00289,"MENENDEZ, ROBERT",NJ,IND,C00264564,MENENDEZ FOR CONGRESS,1480686.0,964145.0,1207328.0,1207328.0,,1997-01-01T00:00:00,1998-12-31T00:00:00,1998,934238.0,,,0.0,,YEAR-END,1998,True,committee_totals
S6NJ00289,"MENENDEZ, ROBERT",NJ,IND,C00264564,MENENDEZ FOR CONGRESS,908485.0,379469.0,690692.0,690692.0,,1995-01-01T00:00:00,1996-12-31T00:00:00,1996,653945.0,,,0.0,,YEAR-END,1996,True,committee_totals
S6NJ00289,"MENENDEZ, ROBERT",NJ,IND,C00264564,MENENDEZ FOR CONGRESS,626358.0,488448.0,160929.0,160929.0,,1993-01-01T00:00:00,1994-12-31T00:00:00,1994,394718.0,,,,,YEAR-END,1994,True,committee_totals
S6NJ00289,"MENENDEZ, ROBERT",NJ,IND,C00264564,MENENDEZ FOR CONGRESS 92,668659.0,645640.0,23018.0,23018.0,,1992-04-01T00:00:00,1992-12-31T00:00:00,1992,440608.0,,,,,YEAR-END,1992,True,committee_totals
S8OR00207,"MERKLEY, JEFFREY ALAN",OR,DEM,C00437277,JEFF MERKLEY FOR OREGON,3798075.34,1484895.87,6580178.12,6580178.12,0.0,2025-01-01T00:00:00,2026-03-31T00:00:00,2026,2933233.43,2044832.72,888400.71,0.0,308535.41,APRIL QUARTERLY,2026,True,committee_totals
S8OR00207,"MERKLEY, JEFFREY ALAN",OR,DEM,C00437277,JEFF MERKLEY FOR OREGON,1508836.04,1480339.6,4266998.65,4266998.65,0.0,2023-01-01T00:00:00,2024-12-31T00:00:00,2024,1002446.84,699438.6,303008.24,0.0,394578.57,YEAR-END,2024,True,committee_totals
S8OR00207,"MERKLEY, JEFFREY ALAN",OR,DEM,C00437277,JEFF MERKLEY FOR OREGON,1844039.33,1411098.29,4238502.21,4238502.21,0.0,2021-01-01T00:00:00,2022-12-31T00:00:00,2022,1793982.14,757715.62,1036266.52,0.0,-95516.6,YEAR-END,2022,True,committee_totals
S8OR00207,"MERKLEY, JEFFREY ALAN",OR,DEM,C00437277,JEFF MERKLEY FOR OREGON,6410830.47,4288037.97,3805561.17,3805561.17,0.0,2019-01-01T00:00:00,2020-12-31T00:00:00,2020,5585245.96,3425110.46,2160135.5,0.0,10244.6,YEAR-END,2020,True,committee_totals
S8OR00207,"MERKLEY, JEFFREY ALAN",OR,DEM,C00437277,JEFF MERKLEY FOR OREGON,3824786.98,2855361.71,1682768.67,1682768.67,0.0,2017-01-01T00:00:00,2018-12-31T00:00:00,2018,3638167.01,1279281.1,2358883.91,0.0,15105.36,YEAR-END,2018,True,committee_totals
S8OR00207,"MERKLEY, JEFFREY ALAN",OR,DEM,C00437277,JEFF MERKLEY FOR OREGON,1215423.37,1133985.69,713343.0,713343.0,0.0,2015-01-01T00:00:00,2016-12-31T00:00:00,2016,970536.37,300376.93,670156.44,0.0,35426.0,YEAR-END,2016,True,committee_totals
S8OR00207,"MERKLEY, JEFFREY ALAN",OR,DEM,C00437277,JEFF MERKLEY FOR OREGON,9647329.0,9559836.0,631906.0,631906.0,0.0,2013-01-01T00:00:00,2014-12-31T00:00:00,2014,7795239.0,4607025.0,3188207.0,0.0,12442.0,YEAR-END,2014,True,committee_totals
S8OR00207,"MERKLEY, JEFFREY ALAN",OR,DEM,C00437277,JEFF MERKLEY FOR OREGON,1187727.0,710413.0,544415.0,544415.0,0.0,2011-01-01T00:00:00,2012-12-31T00:00:00,2012,814438.0,442088.0,372349.0,0.0,77168.0,YEAR-END,2012,True,committee_totals
S8OR00207,"MERKLEY, JEFFREY ALAN",OR,DEM,C00437277,JEFF MERKLEY FOR OREGON,1187146.0,1131273.0,67100.0,67100.0,0.0,2009-01-01T00:00:00,2010-12-31T00:00:00,2010,455275.0,361021.0,94252.0,0.0,66448.0,YEAR-END,2010,True,committee_totals
S8OR00207,"MERKLEY, JEFFREY ALAN",OR,DEM,C00437277,JEFF MERKLEY FOR OREGON,6512231.0,6501315.0,11226.0,11226.0,550916.0,2007-01-01T00:00:00,2008-12-31T00:00:00,2008,5205012.0,3802026.0,1402983.0,0.0,11707.0,YEAR-END,2008,True,committee_totals
S2VT00300,"MERMEL, MYERS",VT,REP,C00816207,MYERS MERMEL FOR VERMONT,154785.0,159423.3,-4638.3,-4638.3,70000.0,2022-05-25T00:00:00,2022-12-31T00:00:00,2022,69785.0,68895.0,890.0,0.0,0.0,YEAR-END,2022,True,committee_totals
S0AL00289,"MERRILL, JOHN H",AL,REP,C00709477,FRIENDS OF JOHN H MERRILL FOR U S SENATE,0.0,8895.0,213440.78,213440.78,0.0,2025-01-01T00:00:00,2026-03-31T00:00:00,2026,0.0,0.0,0.0,0.0,0.0,APRIL QUARTERLY,2026,True,committee_totals
S0AL00289,"MERRILL, JOHN H",AL,REP,C00709477,FRIENDS OF JOHN H MERRILL FOR U S SENATE,0.0,3500.0,222335.78,222335.78,0.0,2023-01-01T00:00:00,2024-12-31T00:00:00,2024,0.0,0.0,0.0,0.0,0.0,YEAR-END,2024,True,committee_totals
S0AL00289,"MERRILL, JOHN H",AL,REP,C00709477,FRIENDS OF JOHN H MERRILL FOR U S SENATE,0.0,71694.56,225835.78,225835.78,0.0,2021-01-01T00:00:00,2022-12-31T00:00:00,2022,0.0,0.0,0.0,0.0,0.0,YEAR-END,2022,True,committee_totals
S0AL00289,"MERRILL, JOHN H",AL,REP,C00709477,FRIENDS OF JOHN H MERRILL FOR U S SENATE,928497.69,630967.35,297530.34,297530.34,0.0,2019-04-01T00:00:00,2020-12-31T00:00:00,2020,665729.2,647136.0,18593.2,0.0,768.49,YEAR-END,2020,True,committee_totals
S8AK00082,"METCALFE, RAY HOMER",AK,DEM,C00441717,RAY METCALFE FOR ETHICS IN GOVERNMENT,30309.0,30562.0,-254.0,-254.0,0.0,2007-10-01T00:00:00,2008-10-15T00:00:00,2008,30267.0,25909.0,4358.0,0.0,42.0,PRE-GENERAL,2008,True,committee_totals
S6ME00407,"MILLS, JANET TRAFTON",ME,DEM,C00923144,MILLS FOR MAINE,5359823.45,4285469.89,1074353.56,1074353.56,0.0,2025-10-01T00:00:00,2026-03-31T00:00:00,2026,5019502.07,3373001.05,1646501.02,0.0,68921.28,APRIL QUARTERLY,2026,True,committee_totals
S8VA00321,"MIZUSAWA, BERT K",VA,REP,C00934265,BERT FOR SENATE 2026,192041.22,136636.24,55404.98,55404.98,0.0,2026-01-13T00:00:00,2026-03-31T00:00:00,2026,58632.36,42221.69,16410.67,133330.31,0.0,APRIL QUARTERLY,2026,True,committee_totals
S6FL00640,"MOODY, ASHLEY",FL,REP,C00895763,MOODY FOR FLORIDA,8407063.8,1277671.65,7129392.15,7129392.15,0.0,2025-01-16T00:00:00,2026-03-31T00:00:00,2026,2748661.48,2007103.06,741558.42,0.0,0.0,APRIL QUARTERLY,2026,True,committee_totals
S4WV00324,"MOONEY, ALEXANDER X",WV,REP,C00828475,"MOONEY FOR SENATE, INC.",3.68,9307.48,0.0,0.0,0.0,2025-01-01T00:00:00,2025-06-30T00:00:00,2026,0.0,0.0,0.0,0.0,0.0,TERMINATION REPORT,2025,True,committee_totals
S4WV00324,"MOONEY, ALEXANDER X",WV,REP,C00828475,"MOONEY FOR SENATE, INC.",2280834.4,3350947.94,9303.8,9303.8,0.0,2023-01-01T00:00:00,2024-12-31T00:00:00,2024,1660300.37,1317976.81,342323.56,0.0,34113.05,YEAR-END,2024,True,committee_totals
S4WV00324,"MOONEY, ALEXANDER X",WV,REP,C00828475,"MOONEY FOR SENATE, INC.",1094289.56,14872.22,1079417.34,1079417.34,0.0,2022-10-01T00:00:00,2022-12-31T00:00:00,2022,219589.56,212510.0,7079.56,0.0,0.0,YEAR-END,2022,True,committee_totals
S6AL00476,"MOORE, FELIX BARRY",AL,REP,C00720375,BARRY MOORE FOR U.S. SENATE,2173919.1,1454212.77,844837.99,844837.99,0.0,2025-01-01T00:00:00,2026-03-31T00:00:00,2026,1725503.05,1515550.46,209952.59,0.0,5661.25,APRIL QUARTERLY,2026,True,committee_totals
S6AL00476,"MOORE, FELIX BARRY",AL,REP,C00720375,BARRY MOORE FOR CONGRESS,1130187.3,1467853.12,125131.66,125131.66,0.0,2023-01-01T00:00:00,2024-12-31T00:00:00,2024,649617.39,630930.57,18686.82,0.0,23030.56,YEAR-END,2024,True,committee_totals
S6AL00476,"MOORE, FELIX BARRY",AL,REP,C00720375,BARRY MOORE FOR CONGRESS,891776.46,430418.03,462797.48,462797.48,0.0,2021-01-01T00:00:00,2022-12-31T00:00:00,2022,524421.35,483798.1,40623.25,0.0,264.9,YEAR-END,2022,True,committee_totals
S6AL00476,"MOORE, FELIX BARRY",AL,REP,C00720375,BARRY MOORE FOR CONGRESS,837715.85,836276.8,1439.05,1439.05,45792.35,2019-07-01T00:00:00,2020-12-31T00:00:00,2020,408536.2,346328.65,62207.55,0.0,0.0,YEAR-END,2020,True,committee_totals
S0KS00091,"MORAN, JERRY",KS,REP,C00458315,MORAN FOR KANSAS,990634.22,244726.92,5515291.6,5515291.6,61238.33,2025-01-01T00:00:00,2026-03-31T00:00:00,2026,173861.52,173124.0,737.52,0.0,159458.57,APRIL QUARTERLY,2026,True,committee_totals
S0KS00091,"MORAN, JERRY",KS,REP,C00458315,MORAN FOR KANSAS,1805895.59,415236.63,4769384.3,4769384.3,23377.44,2023-01-01T00:00:00,2024-12-31T00:00:00,2024,199675.9,175626.0,24049.9,0.0,523542.33,YEAR-END,2024,True,committee_totals
S0KS00091,"MORAN, JERRY",KS,REP,C00458315,MORAN FOR KANSAS,5531189.35,4702728.4,3378725.34,3378725.34,70438.16,2021-01-01T00:00:00,2022-12-31T00:00:00,2022,1452786.97,1361079.28,91707.69,0.0,191556.57,YEAR-END,2022,True,committee_totals
S0KS00091,"MORAN, JERRY",KS,REP,C00458315,MORAN FOR KANSAS,1342185.2,343029.5,2550264.39,2550264.39,6923.93,2019-01-01T00:00:00,2020-12-31T00:00:00,2020,184696.08,164825.17,19870.91,0.0,16909.01,YEAR-END,2020,True,committee_totals
S0KS00091,"MORAN, JERRY",KS,REP,C00458315,MORAN FOR KANSAS,718688.49,359688.03,1551108.69,1551108.69,7197.57,2017-01-01T00:00:00,2018-12-31T00:00:00,2018,163809.0,161890.0,1919.0,0.0,7570.44,YEAR-END,2018,True,committee_totals
S0KS00091,"MORAN, JERRY",KS,REP,C00458315,MORAN FOR KANSAS,4492732.0,4680838.91,1192108.0,1192108.0,18655.0,2015-01-01T00:00:00,2016-12-31T00:00:00,2016,2098774.0,1983566.0,115206.0,0.0,7269.0,YEAR-END,2016,True,committee_totals
S0KS00091,"MORAN, JERRY",KS,REP,C00458315,MORAN FOR KANSAS,1480754.0,509602.0,1380214.0,1380214.0,67712.0,2013-01-01T00:00:00,2014-12-31T00:00:00,2014,744828.0,689517.0,55311.0,0.0,954.0,YEAR-END,2014,True,committee_totals
S0KS00091,"MORAN, JERRY",KS,REP,C00458315,MORAN FOR KANSAS,762789.0,525310.0,409062.0,409062.0,18725.0,2011-01-01T00:00:00,2012-12-31T00:00:00,2012,362085.0,342884.0,19201.0,0.0,352.0,YEAR-END,2012,True,committee_totals
S0KS00091,"MORAN, JERRY",KS,REP,C00458315,MORAN FOR KANSAS,4154081.0,6525438.0,171583.0,171583.0,180661.64,2009-01-01T00:00:00,2010-12-31T00:00:00,2010,2671001.0,2313446.0,357553.0,0.0,42233.0,YEAR-END,2010,True,committee_totals
S0KS00091,"MORAN, JERRY",KS,REP,C00458315,MORAN FOR KANSAS,2566164.0,23227.0,2542937.0,2542937.0,0.0,2008-11-07T00:00:00,2008-12-31T00:00:00,2008,136940.0,122000.0,14940.0,0.0,1010.0,YEAR-END,2008,True,committee_totals
S4OH00192,"MORENO, BERNIE",OH,REP,C00775585,BERNIE MORENO FOR OHIO,8737.75,8797.75,0.0,0.0,0.0,2023-01-01T00:00:00,2024-12-31T00:00:00,2024,143.23,143.23,0.0,0.0,0.0,TERMINATION REPORT,2024,True,committee_totals
S4OH00192,"MORENO, BERNIE",OH,REP,C00775585,BERNIE MORENO FOR OHIO,6864602.51,6864542.51,60.0,60.0,3795817.28,2021-04-01T00:00:00,2022-12-31T00:00:00,2022,2848135.17,2793564.7,54570.47,0.0,0.0,YEAR-END,2022,True,committee_totals
S4OH00192,"MORENO, BERNIE",OH,REP,C00837484,BERNIE MORENO FOR SENATE,2277695.94,2187219.18,468796.47,468796.47,7039894.14,2025-01-01T00:00:00,2026-03-31T00:00:00,2026,466757.43,258454.99,208302.44,0.0,42.61,APRIL QUARTERLY,2026,True,committee_totals
S4OH00192,"MORENO, BERNIE",OH,REP,C00837484,BERNIE MORENO FOR SENATE,26414101.15,26035781.44,378319.71,378319.71,8470685.25,2023-02-01T00:00:00,2024-12-31T00:00:00,2024,14736961.28,11245788.11,3491173.17,0.0,121920.0,YEAR-END,2024,True,committee_totals
S4RI00085,"MORGAN, PATRICIA L",RI,REP,C00846014,PATRICIA FOR RI,0.0,0.0,0.0,0.0,41627.71,2025-01-01T00:00:00,2025-03-31T00:00:00,2026,0.0,0.0,0.0,0.0,0.0,TERMINATION REPORT,2025,True,committee_totals
S4RI00085,"MORGAN, PATRICIA L",RI,REP,C00846014,PATRICIA FOR RI,296201.28,296451.28,0.0,0.0,41627.71,2023-07-01T00:00:00,2024-12-31T00:00:00,2024,227784.57,222091.57,5693.0,26739.0,0.0,YEAR-END,2024,True,committee_totals
S8WV00143,"MORRISEY, PATRICK MR",WV,REP,C00651075,MORRISEY FOR SENATE INC,42048.65,89816.69,0.0,0.0,0.0,2019-01-01T00:00:00,2019-12-31T00:00:00,2020,970.0,600.0,370.0,0.0,0.0,TERMINATION REPORT,2019,True,committee_totals
S8WV00143,"MORRISEY, PATRICK MR",WV,REP,C00651075,MORRISEY FOR SENATE INC,6200876.51,6153109.25,47768.04,47768.04,40000.0,2017-07-01T00:00:00,2018-12-31T00:00:00,2018,4325027.61,3477853.4,847172.21,16235.62,16610.08,YEAR-END,2018,True,committee_totals
S6KY00302,"MORRIS, NATE",KY,REP,C00909705,MORRIS FOR SENATE,7028611.22,6448016.35,580594.87,580594.87,4902000.0,2025-06-26T00:00:00,2026-03-31T00:00:00,2026,1851252.55,1234216.24,617036.31,0.0,375.0,APRIL QUARTERLY,2026,True,committee_totals
S6NC00522,"MORROW, MICHELE",NC,REP,C00931956,THE ELECT MICHELE MORROW COMMITTEE,12713.82,12035.64,678.18,678.18,0.0,2025-12-01T00:00:00,2026-03-31T00:00:00,2026,12713.82,10464.39,2249.43,0.0,0.0,APRIL QUARTERLY,2026,True,committee_totals
S4WY00188,"MORROW, SCOTT D MR",WY,DEM,C00881300,MORROW FOR US SENATE,0.0,0.0,834.37,834.37,0.0,2025-01-01T00:00:00,2026-03-31T00:00:00,2026,0.0,0.0,0.0,0.0,0.0,APRIL QUARTERLY,2026,True,committee_totals
S4WY00188,"MORROW, SCOTT D MR",WY,DEM,C00881300,MORROW FOR US SENATE,45707.29,44872.92,834.37,834.37,0.0,2024-06-14T00:00:00,2024-12-31T00:00:00,2024,39107.29,11448.35,27658.94,0.0,0.0,YEAR-END,2024,True,committee_totals
S2NH00249,"MORSE, CHUCK",NH,REP,C00800847,FRIENDS OF CHUCK MORSE,8523.94,118100.08,0.0,0.0,0.0,2023-01-01T00:00:00,2023-10-31T00:00:00,2024,0.0,0.0,0.0,0.0,8523.94,TERMINATION REPORT,2023,True,committee_totals
S2NH00249,"MORSE, CHUCK",NH,REP,C00800847,FRIENDS OF CHUCK MORSE,1796735.36,1687159.22,109576.14,109576.14,343000.0,2021-12-01T00:00:00,2022-12-31T00:00:00,2022,1415328.38,1355168.84,60159.54,5800.0,0.0,YEAR-END,2022,True,committee_totals
S4TN00575,"MOSES, PAMELA",TN,IDP,C00848622,COMMITTEE TO ELECT PAMELA MOSES,5945.0,6378.34,-474.56,-474.56,0.0,2023-11-01T00:00:00,2024-11-25T00:00:00,2024,4595.0,3164.0,1431.0,350.0,0.0,POST-GENERAL,2024,True,committee_totals
S6MA00296,"MOULTON, SETH",MA,DEM,C00547240,"SETH FOR MASSACHUSETTS, INC",4255419.17,2774289.78,3331467.45,3331467.45,0.0,2025-01-01T00:00:00,2026-03-31T00:00:00,2026,3951789.48,3496566.53,455222.95,0.0,72565.17,APRIL QUARTERLY,2026,True,committee_totals
S6MA00296,"MOULTON, SETH",MA,DEM,C00547240,MOULTON FOR CONGRESS,2908225.26,1827201.45,1850338.06,1850338.06,0.0,2023-01-01T00:00:00,2024-12-31T00:00:00,2024,2143452.03,1714501.96,428950.07,0.0,12166.03,YEAR-END,2024,True,committee_totals
S6MA00296,"MOULTON, SETH",MA,DEM,C00547240,MOULTON FOR CONGRESS,2137107.99,1613461.86,769314.25,769314.25,0.0,2021-01-01T00:00:00,2022-12-31T00:00:00,2022,1567615.25,1006574.19,561041.06,0.0,9.75,YEAR-END,2022,True,committee_totals
S6MA00296,"MOULTON, SETH",MA,DEM,C00547240,MOULTON FOR CONGRESS,1318518.23,1830882.51,245668.12,245668.12,0.0,2019-01-01T00:00:00,2020-12-31T00:00:00,2020,567649.77,513330.3,54319.47,0.0,6001.26,YEAR-END,2020,True,committee_totals
S6MA00296,"MOULTON, SETH",MA,DEM,C00547240,MOULTON FOR CONGRESS,2414446.53,2691149.97,758032.4,758032.4,0.0,2017-01-01T00:00:00,2018-12-31T00:00:00,2018,1509050.93,1336700.47,172350.46,0.0,112.74,YEAR-END,2018,True,committee_totals
S6MA00296,"MOULTON, SETH",MA,DEM,C00547240,MOULTON FOR CONGRESS,2632276.6,1634839.69,1034735.84,1034735.84,0.0,2015-01-01T00:00:00,2016-12-31T00:00:00,2016,1891245.36,1746482.93,144762.43,0.0,1360.0,YEAR-END,2016,True,committee_totals
S6MA00296,"MOULTON, SETH",MA,DEM,C00547240,MOULTON FOR CONGRESS,3363693.19,3326394.26,37298.93,37298.93,0.0,2013-07-01T00:00:00,2014-12-31T00:00:00,2014,2978844.68,2685422.21,293422.47,0.0,0.0,YEAR-END,2014,True,committee_totals
S4FL00611,"MUCARSEL-POWELL, DEBBIE",FL,DEM,C00848648,DEMOCRACY MOBILIZATION PROJECT PAC (DMP),676089.7,603472.98,47339.41,47339.41,0.0,2025-01-01T00:00:00,2026-03-31T00:00:00,2026,395427.62,49444.21,345983.41,,,APRIL MONTHLY,2026,False,committee_totals
S6FL00806,"MUJICA, HECTOR DANIEL",FL,DEM,C00923342,HECTOR MUJICA FOR FLORIDA,717348.11,637278.06,80070.05,80070.05,206566.39,2025-10-01T00:00:00,2026-03-31T00:00:00,2026,644002.58,511506.92,132495.66,72845.53,0.0,APRIL QUARTERLY,2026,True,committee_totals
S2OK00186,"MULLIN, MARKWAYNE",OK,REP,C00498345,MULLIN FOR AMERICA,3181183.59,1003117.36,2361083.02,2361083.02,25400.39,2025-01-01T00:00:00,2026-03-31T00:00:00,2026,868061.07,828433.74,39627.33,0.0,0.0,APRIL QUARTERLY,2026,True,committee_totals
S2OK00186,"MULLIN, MARKWAYNE",OK,REP,C00498345,MULLIN FOR AMERICA,1659789.12,1531778.02,183016.79,183016.79,430251.18,2023-01-01T00:00:00,2024-12-31T00:00:00,2024,471652.74,432117.1,39535.64,0.0,0.0,YEAR-END,2024,True,committee_totals
S2OK00186,"MULLIN, MARKWAYNE",OK,REP,C00498345,MULLIN FOR AMERICA,5569955.21,6125259.47,55005.69,55005.69,1230775.86,2021-01-01T00:00:00,2022-12-31T00:00:00,2022,2825621.32,2524838.89,300782.43,0.0,0.0,YEAR-END,2022,True,committee_totals
S2OK00186,"MULLIN, MARKWAYNE",OK,REP,C00498345,MULLIN FOR CONGRESS,1670650.65,1088383.88,610309.95,610309.95,0.0,2019-01-01T00:00:00,2020-12-31T00:00:00,2020,364513.65,342700.0,21813.65,0.0,0.0,YEAR-END,2020,True,committee_totals
S2OK00186,"MULLIN, MARKWAYNE",OK,REP,C00498345,MULLIN FOR CONGRESS,1579827.97,1704272.83,28043.18,28043.18,0.0,2017-01-01T00:00:00,2018-12-31T00:00:00,2018,512739.0,487420.0,25319.0,0.0,0.0,YEAR-END,2018,True,committee_totals
S2OK00186,"MULLIN, MARKWAYNE",OK,REP,C00498345,MULLIN FOR CONGRESS,1588433.64,1620254.08,152333.54,152333.54,0.0,2015-01-01T00:00:00,2016-12-31T00:00:00,2016,561821.62,545828.0,15993.62,0.0,0.0,YEAR-END,2016,True,committee_totals
S2OK00186,"MULLIN, MARKWAYNE",OK,REP,C00498345,MULLIN FOR CONGRESS,1271635.79,1110584.3,184153.98,184153.98,73000.0,2013-01-01T00:00:00,2014-12-31T00:00:00,2014,709039.32,679260.32,29779.0,0.0,0.0,YEAR-END,2014,True,committee_totals
S2OK00186,"MULLIN, MARKWAYNE",OK,REP,C00498345,MULLIN FOR CONGRESS,1732310.94,1709208.45,23102.49,23102.49,307627.81,2011-06-21T00:00:00,2012-12-31T00:00:00,2012,1113496.0,1053868.49,59627.51,36925.74,0.0,YEAR-END,2012,True,committee_totals
S4AK00099,"MURKOWSKI, LISA",AK,REP,C00384529,LISA MURKOWSKI FOR US SENATE,1073320.2,311423.23,1379057.22,1379057.22,0.0,2025-01-01T00:00:00,2026-03-31T00:00:00,2026,750387.13,712491.47,37895.66,0.0,43633.07,APRIL QUARTERLY,2026,True,committee_totals
S4AK00099,"MURKOWSKI, LISA",AK,REP,C00384529,LISA MURKOWSKI FOR US SENATE,689240.76,729766.97,617160.25,617160.25,0.0,2023-01-01T00:00:00,2024-12-31T00:00:00,2024,356325.79,327791.0,28534.79,0.0,23498.05,YEAR-END,2024,True,committee_totals
S4AK00099,"MURKOWSKI, LISA",AK,REP,C00384529,LISA MURKOWSKI FOR US SENATE,9319257.3,9685516.06,657686.46,657686.46,0.0,2021-01-01T00:00:00,2022-12-31T00:00:00,2022,5813100.3,5427624.89,385475.41,0.0,6933.84,YEAR-END,2022,True,committee_totals
S4AK00099,"MURKOWSKI, LISA",AK,REP,C00384529,LISA MURKOWSKI FOR US SENATE,1032216.66,489160.85,1023945.22,1023945.22,0.0,2019-01-01T00:00:00,2020-12-31T00:00:00,2020,495742.84,441534.5,54208.34,0.0,37910.9,YEAR-END,2020,True,committee_totals
S4AK00099,"MURKOWSKI, LISA",AK,REP,C00384529,LISA MURKOWSKI FOR US SENATE,944798.62,555028.31,480889.41,480889.41,0.0,2017-01-01T00:00:00,2018-12-31T00:00:00,2018,459068.94,401002.0,58065.94,0.0,71.68,YEAR-END,2018,True,committee_totals
S4AK00099,"MURKOWSKI, LISA",AK,REP,C00384529,LISA MURKOWSKI FOR US SENATE,4431094.0,6010705.57,91119.0,91119.0,173772.0,2015-01-01T00:00:00,2016-12-31T00:00:00,2016,2405338.0,2325920.0,79219.0,0.0,749.0,YEAR-END,2016,True,committee_totals
S4AK00099,"MURKOWSKI, LISA",AK,REP,C00384529,LISA MURKOWSKI FOR US SENATE,1038044.0,514386.0,903629.0,903629.0,0.0,2013-01-01T00:00:00,2014-12-31T00:00:00,2014,510110.0,498900.0,11210.0,0.0,1533.0,YEAR-END,2014,True,committee_totals
S4AK00099,"MURKOWSKI, LISA",AK,REP,C00384529,LISA MURKOWSKI FOR US SENATE,701326.0,642411.0,379972.0,379972.0,0.0,2011-01-01T00:00:00,2012-12-31T00:00:00,2012,240013.0,231536.0,8477.0,0.0,132804.0,YEAR-END,2012,True,committee_totals
S4AK00099,"MURKOWSKI, LISA",AK,REP,C00384529,LISA MURKOWSKI FOR US SENATE,4072428.0,4113372.0,321060.0,321060.0,0.0,2009-01-01T00:00:00,2010-12-31T00:00:00,2010,1862362.0,1734665.0,127696.0,0.0,308121.0,YEAR-END,2010,True,committee_totals
S4AK00099,"MURKOWSKI, LISA",AK,REP,C00384529,LISA MURKOWSKI FOR US SENATE,498836.0,253621.0,362004.0,362004.0,0.0,2007-01-01T00:00:00,2008-12-31T00:00:00,2008,215645.0,214684.0,960.0,0.0,5000.0,YEAR-END,2008,True,committee_totals
S4AK00099,"MURKOWSKI, LISA",AK,REP,C00384529,LISA MURKOWSKI FOR US SENATE,118419.0,238979.0,116786.0,116786.0,0.0,2005-01-01T00:00:00,2006-12-31T00:00:00,2006,35661.0,11933.0,250.0,0.0,3362.51,YEAR-END,2006,True,committee_totals
S4AK00099,"MURKOWSKI, LISA",AK,REP,C00384529,LISA MURKOWSKI - U S SENATE,5702709.0,5465098.0,237344.0,237344.0,0.0,2003-01-01T00:00:00,2004-12-31T00:00:00,2004,3389736.0,,,0.0,,YEAR-END,2004,True,committee_totals
S2CT00132,"MURPHY, CHRISTOPHER S",CT,DEM,C00492645,FRIENDS OF CHRIS MURPHY,12504647.66,6792067.91,11239354.61,11239354.61,0.0,2025-01-01T00:00:00,2026-03-31T00:00:00,2026,11878865.23,3749109.33,8129755.9,0.0,210449.96,APRIL QUARTERLY,2026,True,committee_totals
S2CT00132,"MURPHY, CHRISTOPHER S",CT,DEM,C00492645,FRIENDS OF CHRIS MURPHY,12786118.05,11192236.99,5526774.86,5526774.86,0.0,2023-01-01T00:00:00,2024-12-31T00:00:00,2024,12056273.92,8565200.2,3491073.72,0.0,395072.46,YEAR-END,2024,True,committee_totals
S2CT00132,"MURPHY, CHRISTOPHER S",CT,DEM,C00492645,FRIENDS OF CHRIS MURPHY,861276.38,1696065.39,3932893.8,3932893.8,0.0,2021-01-01T00:00:00,2022-12-31T00:00:00,2022,1128459.93,760204.64,368255.29,0.0,-272217.6,YEAR-END,2022,True,committee_totals
S2CT00132,"MURPHY, CHRISTOPHER S",CT,DEM,C00492645,FRIENDS OF CHRIS MURPHY,1671376.73,1688410.97,4767682.81,4767682.81,0.0,2019-01-01T00:00:00,2020-12-31T00:00:00,2020,1482367.83,585811.66,896556.17,0.0,183641.09,YEAR-END,2020,True,committee_totals
S2CT00132,"MURPHY, CHRISTOPHER S",CT,DEM,C00492645,FRIENDS OF CHRIS MURPHY,12522264.41,8862489.51,4784717.05,4784717.05,0.0,2017-01-01T00:00:00,2018-12-31T00:00:00,2018,10749015.64,7357267.42,3391744.22,0.0,10011.2,YEAR-END,2018,True,committee_totals
S2CT00132,"MURPHY, CHRISTOPHER S",CT,DEM,C00492645,FRIENDS OF CHRIS MURPHY,1997748.0,978596.0,1124943.0,1124943.0,0.0,2015-06-06T00:00:00,2016-12-31T00:00:00,2016,1727367.0,1170148.0,557215.0,0.0,22.0,YEAR-END,2016,True,committee_totals
S2CT00132,"MURPHY, CHRISTOPHER S",CT,DEM,C00492645,FRIENDS OF CHRIS MURPHY,653938.0,655387.0,105791.0,105791.0,0.0,2013-01-01T00:00:00,2014-12-31T00:00:00,2014,486017.0,372805.0,113212.0,0.0,4028.34,YEAR-END,2014,True,committee_totals
S2CT00132,"MURPHY, CHRISTOPHER S",CT,DEM,C00492645,FRIENDS OF CHRIS MURPHY,10543456.0,10436219.0,107239.0,107239.0,189925.0,2011-01-01T00:00:00,2012-12-31T00:00:00,2012,8586927.0,7257065.0,1329860.0,0.0,813.18,YEAR-END,2012,True,committee_totals
S4NJ00532,"MURPHY, JUSTIN MICHAEL LL.M.",NJ,REP,C00865808,THE COMMITTEE TO ELECT JUSTIN MURPHY 2024,9709.03,8246.16,566.81,566.81,7966.96,2025-01-01T00:00:00,2026-03-31T00:00:00,2026,5592.07,3572.34,2019.73,0.0,0.0,APRIL QUARTERLY,2026,True,committee_totals
S4NJ00532,"MURPHY, JUSTIN MICHAEL LL.M.",NJ,REP,C00865808,THE COMMITTEE TO ELECT JUSTIN MURPHY 2024,12028.82,12924.88,-896.06,-896.06,3850.0,2024-01-01T00:00:00,2024-12-31T00:00:00,2024,7578.82,3250.0,4328.82,0.0,0.0,YEAR-END,2024,True,committee_totals
S6KS00270,"MURRAY, ERIK",KS,DEM,C00929240,ERIK MURRAY FOR KANSAS,179817.62,134230.89,45586.73,45586.73,0.0,2025-11-23T00:00:00,2026-03-31T00:00:00,2026,179817.62,169925.0,9892.62,0.0,0.0,APRIL QUARTERLY,2026,True,committee_totals
S2WA00189,"MURRAY, PATTY",WA,DEM,C00257642,PEOPLE FOR PATTY MURRAY,2232288.58,1548499.77,1567249.95,1567249.95,0.0,2025-01-01T00:00:00,2026-03-31T00:00:00,2026,2000011.67,1313094.08,686917.59,0.0,11522.32,APRIL QUARTERLY,2026,True,committee_totals
S2WA00189,"MURRAY, PATTY",WA,DEM,C00257642,PEOPLE FOR PATTY MURRAY,2095534.09,1770413.13,883461.14,883461.14,0.0,2023-01-01T00:00:00,2024-12-31T00:00:00,2024,1695482.12,941375.87,754106.25,0.0,46800.44,YEAR-END,2024,True,committee_totals
S2WA00189,"MURRAY, PATTY",WA,DEM,C00257642,PEOPLE FOR PATTY MURRAY,16112355.03,19036980.2,558340.18,558340.18,0.0,2021-01-01T00:00:00,2022-12-31T00:00:00,2022,11992151.63,8154376.77,3837774.86,0.0,1750.39,YEAR-END,2022,True,committee_totals
S2WA00189,"MURRAY, PATTY",WA,DEM,C00257642,PEOPLE FOR PATTY MURRAY,2481118.82,1691127.03,3482965.35,3482965.35,0.0,2019-01-01T00:00:00,2020-12-31T00:00:00,2020,1659076.74,1044145.78,614930.96,0.0,2811.32,YEAR-END,2020,True,committee_totals
S2WA00189,"MURRAY, PATTY",WA,DEM,C00257642,PEOPLE FOR PATTY MURRAY,1832338.56,2860709.21,2692973.56,2692973.56,0.0,2017-01-01T00:00:00,2018-12-31T00:00:00,2018,1478589.12,747284.06,731303.06,0.0,2678.78,YEAR-END,2018,True,committee_totals
S2WA00189,"MURRAY, PATTY",WA,DEM,C00257642,PEOPLE FOR PATTY MURRAY,10176110.19,8368803.54,3721343.0,3721343.0,0.0,2015-01-01T00:00:00,2016-12-31T00:00:00,2016,6164164.35,5055630.78,1108529.57,0.0,3621.21,YEAR-END,2016,True,committee_totals
S2WA00189,"MURRAY, PATTY",WA,DEM,C00257642,PEOPLE FOR PATTY MURRAY,3008307.0,1428276.0,1914038.0,1914038.0,0.0,2013-01-01T00:00:00,2014-12-31T00:00:00,2014,2164897.0,1804640.0,360256.0,0.0,573.0,YEAR-END,2014,True,committee_totals
S2WA00189,"MURRAY, PATTY",WA,DEM,C00257642,PEOPLE FOR PATTY MURRAY,923628.0,1072480.0,258708.0,258708.0,0.0,2011-01-01T00:00:00,2012-12-31T00:00:00,2012,613409.0,383264.0,230144.0,0.0,506.0,YEAR-END,2012,True,committee_totals
S2WA00189,"MURRAY, PATTY",WA,DEM,C00257642,PEOPLE FOR PATTY MURRAY,12762491.0,14873696.0,407558.0,407558.0,0.0,2009-01-01T00:00:00,2010-12-31T00:00:00,2010,9086838.0,6137000.0,2949832.0,0.0,52231.0,YEAR-END,2010,True,committee_totals
S2WA00189,"MURRAY, PATTY",WA,DEM,C00257642,PEOPLE FOR PATTY MURRAY U S SENATE CAMPAIGN,2899823.0,1391807.0,2518764.0,2518764.0,0.0,2007-01-01T00:00:00,2008-12-31T00:00:00,2008,1691145.0,1605109.0,377074.0,0.0,81613.0,YEAR-END,2008,True,committee_totals
S2WA00189,"MURRAY, PATTY",WA,DEM,C00257642,PEOPLE FOR PATTY MURRAY U S SENATE CAMPAIGN,1462353.0,1014310.0,1010749.0,1010749.0,0.0,2005-01-01T00:00:00,2006-12-31T00:00:00,2006,1027070.0,333055.0,227607.56,0.0,48749.73,YEAR-END,2006,True,committee_totals
S2WA00189,"MURRAY, PATTY",WA,DEM,C00257642,PEOPLE FOR PATTY MURRAY U S SENATE CAMPAIGN,11081050.0,11556148.0,562707.0,562707.0,0.0,2003-01-01T00:00:00,2004-12-31T00:00:00,2004,9044543.0,,,0.0,,YEAR-END,2004,True,committee_totals
S2WA00189,"MURRAY, PATTY",WA,DEM,C00257642,PEOPLE FOR PATTY MURRAY U S SENATE CAMPAIGN,1517564.0,549915.0,1037803.0,1037803.0,0.0,2001-01-01T00:00:00,2002-12-31T00:00:00,2002,1134993.0,,,0.0,,YEAR-END,2002,True,committee_totals
S2WA00189,"MURRAY, PATTY",WA,DEM,C00257642,PEOPLE FOR PATTY MURRAY U S SENATE CAMPAIGN,423821.0,373907.0,70154.0,70154.0,0.0,1999-01-01T00:00:00,2000-12-31T00:00:00,2000,319190.0,,,0.0,,YEAR-END,2000,True,committee_totals
S2WA00189,"MURRAY, PATTY",WA,DEM,C00257642,PEOPLE FOR PATTY MURRAY U S SENATE CAMPAIGN,5343379.0,5609349.0,20222.0,20222.0,20372.0,1997-01-01T00:00:00,1998-12-31T00:00:00,1998,4113646.0,,,0.0,,YEAR-END,1998,True,committee_totals
S2WA00189,"MURRAY, PATTY",WA,DEM,C00257642,PEOPLE FOR PATTY MURRAY U S SENATE CAMPAIGN,702747.0,568161.0,285199.0,285199.0,0.0,1995-01-01T00:00:00,1996-12-31T00:00:00,1996,601435.0,,,0.0,,YEAR-END,1996,True,committee_totals
S2WA00189,"MURRAY, PATTY",WA,DEM,C00257642,PEOPLE FOR PATTY MURRAY U S SENATE CAMPAIGN,260639.0,238478.0,161902.0,161902.0,0.0,1993-01-01T00:00:00,1995-06-30T00:00:00,1994,176309.0,,,0.0,,YEAR-END,1994,True,committee_totals
S2WA00189,"MURRAY, PATTY",WA,DEM,C00257642,PEOPLE FOR PATTY MURRAY U S SENATE CAMPAIGN,1496204.0,1342038.0,154166.0,154166.0,0.0,1991-12-06T00:00:00,1992-12-31T00:00:00,1992,994383.0,,,8376.0,,YEAR-END,1992,True,committee_totals
S0CO00344,"NAPOLITANO, JASON ANDREW",CO,IND,C00490276,NAPOLITANO FOR COLORADO,0.0,72.82,346.5,346.5,7000.0,2025-01-01T00:00:00,2026-03-31T00:00:00,2026,0.0,0.0,0.0,0.0,0.0,APRIL QUARTERLY,2026,True,committee_totals
S0CO00344,"NAPOLITANO, JASON ANDREW",CO,IND,C00490276,NAPOLITANO FOR COLORADO,0.0,141.79,419.32,419.32,7000.0,2023-01-01T00:00:00,2024-12-31T00:00:00,2024,0.0,0.0,0.0,0.0,0.0,YEAR-END,2024,True,committee_totals
S0CO00344,"NAPOLITANO, JASON ANDREW",CO,IND,C00490276,NAPOLITANO FOR COLORADO,0.0,117.18,561.43,561.43,7000.0,2021-01-01T00:00:00,2022-12-31T00:00:00,2022,0.0,0.0,0.0,0.0,0.0,YEAR-END,2022,True,committee_totals
S0CO00344,"NAPOLITANO, JASON ANDREW",CO,IND,C00490276,NAPOLITANO FOR COLORADO,1295.0,779.28,678.61,678.61,7000.0,2019-01-01T00:00:00,2020-12-31T00:00:00,2020,0.0,0.0,0.0,0.0,0.0,YEAR-END,2020,True,committee_totals
S0CO00344,"NAPOLITANO, JASON ANDREW",CO,IND,C00490276,NAPOLITANO FOR COLORADO,0.0,170.0,163.0,163.0,6352.0,2017-01-01T00:00:00,2018-12-31T00:00:00,2018,0.0,0.0,0.0,0.0,0.0,YEAR-END,2018,True,committee_totals
S0CO00344,"NAPOLITANO, JASON ANDREW",CO,IND,C00490276,NAPOLITANO FOR COLORADO,0.0,130.0,338.0,338.0,6352.0,2015-01-01T00:00:00,2016-12-31T00:00:00,2016,0.0,0.0,0.0,0.0,0.0,YEAR-END,2016,True,committee_totals
S0CO00344,"NAPOLITANO, JASON ANDREW",CO,IND,C00490276,NAPOLITANO FOR COLORADO,0.0,366.0,474.0,474.0,6352.0,2013-01-01T00:00:00,2014-12-31T00:00:00,2014,0.0,0.0,0.0,0.0,0.0,YEAR-END,2014,True,committee_totals
S0CO00344,"NAPOLITANO, JASON ANDREW",CO,IND,C00490276,NAPOLITANO FOR COLORADO,0.0,737.0,845.0,845.0,6352.0,2011-01-01T00:00:00,2012-12-31T00:00:00,2012,0.0,0.0,0.0,0.0,0.0,YEAR-END,2012,True,committee_totals
S0CO00344,"NAPOLITANO, JASON ANDREW",CO,IND,C00490276,NAPOLITANO FOR COLORADO,27483.0,25983.0,1500.0,1500.0,6352.0,2010-05-24T00:00:00,2010-12-31T00:00:00,2010,5099.0,12139.0,375.0,5469.0,0.0,YEAR-END,2010,True,committee_totals
S6MT00238,"NEILL, REILLY",MT,DEM,C00892505,REILLY FOR MONTANA,272736.33,168977.55,103938.36,103938.36,88000.0,2025-01-01T00:00:00,2026-03-31T00:00:00,2026,140912.64,50500.91,90411.73,43457.17,0.0,APRIL QUARTERLY,2026,True,committee_totals
S6MT00238,"NEILL, REILLY",MT,DEM,C00892505,REILLY FOR MONTANA,4352.17,4172.59,179.58,179.58,0.0,2024-11-08T00:00:00,2024-12-31T00:00:00,2024,137.0,0.0,137.0,4215.17,0.0,YEAR-END,2024,True,committee_totals
S6NE00095,"NELSON, E BENJAMIN",NE,DEM,C00432401,BEN NELSON 2012,0.0,0.0,3927.22,3927.22,0.0,2025-01-01T00:00:00,2026-03-31T00:00:00,2026,0.0,0.0,0.0,0.0,0.0,APRIL QUARTERLY,2026,True,committee_totals
S6NE00095,"NELSON, E BENJAMIN",NE,DEM,C00432401,BEN NELSON 2012,0.0,-3402.25,3927.22,3927.22,0.0,2023-01-01T00:00:00,2024-12-31T00:00:00,2024,0.0,0.0,0.0,0.0,0.0,YEAR-END,2024,True,committee_totals
S6NE00095,"NELSON, E BENJAMIN",NE,DEM,C00432401,BEN NELSON 2012,0.0,0.0,524.97,524.97,0.0,2021-01-01T00:00:00,2022-12-31T00:00:00,2022,0.0,0.0,0.0,0.0,0.0,YEAR-END,2022,True,committee_totals
S6NE00095,"NELSON, E BENJAMIN",NE,DEM,C00432401,BEN NELSON 2012,0.0,0.0,524.97,524.97,0.0,2019-01-01T00:00:00,2020-12-31T00:00:00,2020,0.0,0.0,0.0,0.0,0.0,YEAR-END,2020,True,committee_totals
S6NE00095,"NELSON, E BENJAMIN",NE,DEM,C00432401,BEN NELSON 2012,33.0,11394.0,524.0,524.0,0.0,2017-01-01T00:00:00,2018-12-31T00:00:00,2018,0.0,0.0,0.0,0.0,0.0,YEAR-END,2018,True,committee_totals
S6NE00095,"NELSON, E BENJAMIN",NE,DEM,C00432401,BEN NELSON 2012,0.0,71692.0,9885.0,9885.0,0.0,2015-01-01T00:00:00,2016-12-31T00:00:00,2016,0.0,0.0,0.0,0.0,0.0,YEAR-END,2016,True,committee_totals
S6NE00095,"NELSON, E BENJAMIN",NE,DEM,C00432401,BEN NELSON 2012,268.0,228109.0,81578.0,81578.0,0.0,2013-01-01T00:00:00,2014-12-31T00:00:00,2014,0.0,0.0,0.0,0.0,107.0,YEAR-END,2014,True,committee_totals
S6NE00095,"NELSON, E BENJAMIN",NE,DEM,C00432401,BEN NELSON 2012,2653918.0,3794536.0,309417.0,309417.0,0.0,2011-01-01T00:00:00,2012-12-31T00:00:00,2012,1344371.0,1251667.0,92703.0,0.0,336.0,YEAR-END,2012,True,committee_totals
S6NE00095,"NELSON, E BENJAMIN",NE,DEM,C00432401,NELSON 2012,1552582.0,439945.0,1450037.0,1450037.0,0.0,2009-01-01T00:00:00,2010-12-31T00:00:00,2010,615481.0,614083.0,1398.0,0.0,1146.0,YEAR-END,2010,True,committee_totals
S6NE00095,"NELSON, E BENJAMIN",NE,DEM,C00432401,NELSON 2012,807908.0,470503.0,337403.0,337403.0,0.0,2007-01-01T00:00:00,2008-12-31T00:00:00,2008,144526.0,143118.0,1408.0,0.0,5813.0,YEAR-END,2008,True,committee_totals
S2NC00471,"NEWTON, EVERETTE (RETT) S.",NC,DEM,C00774851,RETT FOR SENATE,0.0,0.0,0.0,0.0,0.0,2025-01-01T00:00:00,2026-03-31T00:00:00,2026,0.0,0.0,0.0,0.0,0.0,APRIL QUARTERLY,2026,False,committee_totals
S2NC00471,"NEWTON, EVERETTE (RETT) S.",NC,DEM,C00774851,RETT FOR SENATE,0.0,0.0,0.0,0.0,0.0,2023-01-01T00:00:00,2024-12-31T00:00:00,2024,0.0,0.0,0.0,0.0,0.0,YEAR-END,2024,False,committee_totals
S2NC00471,"NEWTON, EVERETTE (RETT) S.",NC,DEM,C00774851,RETT FOR SENATE,1115.0,3625.0,0.0,0.0,0.0,2021-04-01T00:00:00,2022-12-31T00:00:00,2022,1115.0,100.0,1015.0,,0.0,YEAR-END,2022,False,committee_totals
S2NC00471,"NEWTON, EVERETTE (RETT) S.",NC,DEM,C00774851,RETT FOR SENATE,215369.27,188151.27,0.0,0.0,0.0,2021-04-01T00:00:00,2022-12-31T00:00:00,2022,139030.0,113128.99,25901.01,0.0,0.0,YEAR-END,2022,False,committee_totals
S2FL00656,"NGUYEN, QUOC TUAN MR.",FL,NPA,C00782961,TUAN Q NGUYEN FOR SENATE,52548.77,52548.77,0.0,0.0,0.0,2021-07-01T00:00:00,2022-12-07T00:00:00,2022,23323.0,20299.0,3024.0,0.0,0.0,TERMINATION REPORT,2022,True,committee_totals
S2FL00656,"NGUYEN, QUOC TUAN MR.",FL,NPA,C00875757,TUAN Q NGUYEN FOR SENATE,0.0,0.0,-2426.25,-2426.25,9500.0,2024-11-26T00:00:00,2025-01-27T00:00:00,2026,0.0,0.0,0.0,0.0,0.0,TERMINATION REPORT,2025,True,committee_totals
S2FL00656,"NGUYEN, QUOC TUAN MR.",FL,NPA,C00875757,TUAN Q NGUYEN FOR SENATE,22530.0,24956.25,-2426.25,-2426.25,9500.0,2024-04-01T00:00:00,2024-11-25T00:00:00,2024,12630.0,11950.0,680.0,0.0,400.0,POST-GENERAL,2024,True,committee_totals
S6NC00340,"NICKEL, WILEY",NC,DEM,C00763045,WILEY NICKEL FOR NORTH CAROLINA,588995.0,1277986.16,0.0,0.0,0.0,2025-01-01T00:00:00,2026-03-20T00:00:00,2026,534864.47,429214.0,105650.47,559.55,12409.11,TERMINATION REPORT,2026,True,committee_totals
S6NC00340,"NICKEL, WILEY",NC,DEM,C00763045,WILEY NICKEL FOR NORTH CAROLINA,2383094.47,1731102.48,688991.16,688991.16,926858.01,2023-01-01T00:00:00,2024-12-31T00:00:00,2024,867468.46,778266.2,89202.26,3018.2,1884.51,YEAR-END,2024,True,committee_totals
S6NC00340,"NICKEL, WILEY",NC,DEM,C00763045,WILEY NICKEL FOR CONGRESS,3717882.21,3735754.38,36999.17,36999.17,953950.0,2021-01-01T00:00:00,2022-12-31T00:00:00,2022,2168487.3,1667986.15,500501.15,42125.38,0.0,YEAR-END,2022,True,committee_totals
S6NC00340,"NICKEL, WILEY",NC,DEM,C00763045,WILEY NICKEL FOR CONGRESS EXPLORATORY COMMITTEE,60135.0,5263.66,54871.34,54871.34,0.0,2020-11-13T00:00:00,2020-12-31T00:00:00,2020,60135.0,55500.0,4635.0,0.0,0.0,YEAR-END,2020,True,committee_totals
S6NC00357,"NILSSON, ROBERT ANDERS MR",NC,REP,C00895615,ANDY NILSSON COMMITTEE,0.0,52.0,1912.66,1912.66,0.0,2025-10-01T00:00:00,2025-11-08T00:00:00,2026,5651.22,0.0,0.0,0.0,0.0,TERMINATION REPORT,2025,True,committee_totals
S6FL00830,"NIXON, ANGELA",FL,DEM,C00915041,ANGIE FOR FLORIDA,293583.92,20957.37,177595.28,177595.28,0.0,2025-01-01T00:00:00,2026-03-31T00:00:00,2026,293583.92,184962.07,108621.85,0.0,0.0,APRIL QUARTERLY,2026,True,committee_totals
S6IA00280,"NORRIS, JACKIE",IA,DEM,C00914747,JACKIE NORRIS FOR US SENATE,363563.01,363563.01,0.0,0.0,0.0,2025-07-01T00:00:00,2026-03-20T00:00:00,2026,351417.86,266525.0,84892.86,7000.0,0.0,TERMINATION REPORT,2026,True,committee_totals
S2CO00241,"O'DEA, JOSEPH MATTHEW",CO,REP,C00791186,JOE O'DEA FOR SENATE,0.0,1677.0,1953.98,1953.98,3811000.0,2025-01-01T00:00:00,2026-03-31T00:00:00,2026,0.0,0.0,0.0,0.0,0.0,APRIL QUARTERLY,2026,True,committee_totals
S2CO00241,"O'DEA, JOSEPH MATTHEW",CO,REP,C00791186,JOE O'DEA FOR SENATE,-1686.1,95548.21,3630.98,3630.98,3811000.0,2023-01-01T00:00:00,2024-12-31T00:00:00,2024,-1740.4,-1697.55,-42.85,0.0,0.0,YEAR-END,2024,True,committee_totals
S2CO00241,"O'DEA, JOSEPH MATTHEW",CO,REP,C00791186,JOE O'DEA FOR SENATE,10139932.44,10039067.15,100865.29,100865.29,3909443.27,2021-07-01T00:00:00,2022-12-31T00:00:00,2022,4425851.23,3858497.0,567354.23,661398.47,0.0,YEAR-END,2022,True,committee_totals
S6OH00387,"ODE, FREDERICK J",OH,DEM,C00917146,FRIENDS OF FRED ODE,5001938.61,4970194.22,31744.39,31744.39,2185.5,2025-07-01T00:00:00,2026-03-31T00:00:00,2026,5000000.0,5000000.0,0.0,0.0,86.98,APRIL QUARTERLY,2026,True,committee_totals
S6DE00131,"O'DONNELL, CHRISTINE",DE,REP,C00449595,FRIENDS OF CHRISTINE O'DONNELL,0.0,0.0,471.26,471.26,39118.92,2025-01-01T00:00:00,2026-03-31T00:00:00,2026,0.0,0.0,0.0,0.0,0.0,APRIL QUARTERLY,2026,True,committee_totals
S6DE00131,"O'DONNELL, CHRISTINE",DE,REP,C00449595,FRIENDS OF CHRISTINE O'DONNELL,0.0,100.7,471.26,471.26,39118.92,2023-01-01T00:00:00,2024-12-31T00:00:00,2024,0.0,0.0,0.0,0.0,0.0,YEAR-END,2024,True,committee_totals
S6DE00131,"O'DONNELL, CHRISTINE",DE,REP,C00449595,FRIENDS OF CHRISTINE O'DONNELL,0.0,0.0,571.96,571.96,39118.92,2021-01-01T00:00:00,2022-12-31T00:00:00,2022,0.0,0.0,0.0,0.0,0.0,YEAR-END,2022,True,committee_totals
S6DE00131,"O'DONNELL, CHRISTINE",DE,REP,C00449595,FRIENDS OF CHRISTINE O'DONNELL,0.0,0.0,571.96,571.96,39118.92,2019-01-01T00:00:00,2020-12-31T00:00:00,2020,0.0,0.0,0.0,0.0,0.0,YEAR-END,2020,True,committee_totals
S6DE00131,"O'DONNELL, CHRISTINE",DE,REP,C00449595,FRIENDS OF CHRISTINE O'DONNELL,0.0,0.0,571.96,571.96,39118.92,2017-01-01T00:00:00,2018-12-31T00:00:00,2018,0.0,0.0,0.0,0.0,0.0,YEAR-END,2018,True,committee_totals
S6DE00131,"O'DONNELL, CHRISTINE",DE,REP,C00449595,FRIENDS OF CHRISTINE O'DONNELL,17444.0,16885.0,571.0,571.0,14118.0,2015-01-01T00:00:00,2016-12-31T00:00:00,2016,1563.0,0.0,1563.0,0.0,0.0,YEAR-END,2016,True,committee_totals
S6DE00131,"O'DONNELL, CHRISTINE",DE,REP,C00449595,FRIENDS OF CHRISTINE O'DONNELL,1489.0,9710.0,12.0,12.0,0.0,2013-01-01T00:00:00,2014-12-31T00:00:00,2014,78.0,0.0,78.0,0.0,20.39,YEAR-END,2014,True,committee_totals
S6DE00131,"O'DONNELL, CHRISTINE",DE,REP,C00449595,FRIENDS OF CHRISTINE O'DONNELL,36321.0,452217.0,8232.0,8232.0,0.0,2011-01-01T00:00:00,2012-12-31T00:00:00,2012,19832.0,4850.0,14982.0,0.0,419.0,YEAR-END,2012,True,committee_totals
S6DE00131,"O'DONNELL, CHRISTINE",DE,REP,C00449595,FRIENDS OF CHRISTINE O'DONNELL,7422781.0,6999106.0,424130.0,424130.0,507.0,2009-01-01T00:00:00,2010-12-31T00:00:00,2010,7227915.0,2270326.0,4957588.0,0.0,328.42,YEAR-END,2010,True,committee_totals
S6DE00131,"O'DONNELL, CHRISTINE",DE,REP,C00449595,FRIENDS OF CHRISTINE O'DONNELL 08,99366.0,98909.0,456.0,456.0,19656.0,2008-04-01T00:00:00,2008-12-31T00:00:00,2008,85072.0,60275.0,24797.0,0.0,354.0,YEAR-END,2008,True,committee_totals
S4MI00561,"O'DONNELL, SHERRELL ANNE",MI,REP,C00847657,DR. SHERRY FOR SENATE,5790.15,13084.37,0.0,0.0,0.0,2025-01-01T00:00:00,2025-04-14T00:00:00,2026,72.6,0.0,72.6,2717.55,0.0,TERMINATION REPORT,2025,True,committee_totals
S4MI00561,"O'DONNELL, SHERRELL ANNE",MI,REP,C00847657,DR. SHERRY FOR SENATE,494750.2,488340.98,7294.22,7294.22,88000.0,2023-07-01T00:00:00,2024-12-31T00:00:00,2024,365935.2,184472.73,181462.47,4500.0,81.51,YEAR-END,2024,True,committee_totals
S2WI00383,"OLIKARA, STEVEN",WI,DEM,C00780437,COURAGE TO ACT,2526.88,7395.8,56221.54,56221.54,0.0,2025-01-01T00:00:00,2026-03-31T00:00:00,2026,0.0,0.0,0.0,,,APRIL QUARTERLY,2026,False,committee_totals
S2WI00383,"OLIKARA, STEVEN",WI,DEM,C00780437,COURAGE TO ACT,3331.8,8733.76,61090.46,61090.46,0.0,2023-01-01T00:00:00,2024-12-31T00:00:00,2024,0.0,0.0,0.0,,,YEAR-END,2024,False,committee_totals
S2WI00383,"OLIKARA, STEVEN",WI,DEM,C00780437,COURAGE TO ACT,522068.7,455576.28,66492.42,66492.42,0.0,2021-04-01T00:00:00,2022-12-31T00:00:00,2022,512777.6,450664.81,62112.79,,,YEAR-END,2022,False,committee_totals
S4MN00361,"ORTMAN, JULIANNE",MN,REP,C00548446,JULIANNE MN INC,0.0,0.0,4.98,4.98,49563.29,2025-01-01T00:00:00,2025-12-31T00:00:00,2026,0.0,0.0,0.0,0.0,0.0,YEAR-END,2025,True,committee_totals
S4MN00361,"ORTMAN, JULIANNE",MN,REP,C00548446,JULIANNE MN INC,0.0,0.0,4.98,4.98,49563.29,2023-01-01T00:00:00,2024-12-31T00:00:00,2024,0.0,0.0,0.0,0.0,0.0,YEAR-END,2024,True,committee_totals
S4MN00361,"ORTMAN, JULIANNE",MN,REP,C00548446,JULIANNE MN INC,0.0,0.0,4.98,4.98,49563.29,2021-01-01T00:00:00,2022-12-31T00:00:00,2022,0.0,0.0,0.0,0.0,0.0,YEAR-END,2022,True,committee_totals
S4MN00361,"ORTMAN, JULIANNE",MN,REP,C00548446,JULIANNE MN INC,0.0,0.0,4.98,4.98,49563.29,2019-01-01T00:00:00,2020-12-31T00:00:00,2020,0.0,0.0,0.0,0.0,0.0,YEAR-END,2020,True,committee_totals
S4MN00361,"ORTMAN, JULIANNE",MN,REP,C00548446,JULIANNE MN INC,140.0,176.0,4.0,4.0,49563.0,2017-01-01T00:00:00,2018-12-31T00:00:00,2018,90.0,0.0,90.0,0.0,0.0,YEAR-END,2018,True,committee_totals
S4MN00361,"ORTMAN, JULIANNE",MN,REP,C00548446,JULIANNE MN INC,6787.0,7790.0,48.0,48.0,49513.0,2015-01-01T00:00:00,2016-12-31T00:00:00,2016,123.0,0.0,123.0,0.0,924.0,YEAR-END,2016,True,committee_totals
S4MN00361,"ORTMAN, JULIANNE",MN,REP,C00548446,JULIANNE MN INC,1075388.0,1074333.0,1055.0,1055.0,50176.0,2013-07-01T00:00:00,2014-12-31T00:00:00,2014,1038940.0,405647.0,633293.0,0.0,6552.0,YEAR-END,2014,True,committee_totals
S4NE00207,"OSBORN, DAN",NE,IND,C00901355,OSBORN FOR SENATE,3805441.55,2670289.22,1135152.33,1135152.33,10390.48,2025-04-01T00:00:00,2026-04-22T00:00:00,2026,3707377.42,2165996.31,1541381.11,0.0,0.01,PRE-PRIMARY,2026,True,committee_totals
S8GA00180,"OSSOFF, T. JONATHAN",GA,DEM,C00718866,JON OSSOFF FOR SENATE,57270664.6,30525198.99,31736032.32,31736032.32,0.0,2025-01-01T00:00:00,2026-03-31T00:00:00,2026,50108038.04,19605183.65,30502854.39,0.0,450805.3,APRIL QUARTERLY,2026,True,committee_totals
S8GA00180,"OSSOFF, T. JONATHAN",GA,DEM,C00718866,JON OSSOFF FOR SENATE,7199991.41,5222431.14,4990566.71,4990566.71,0.0,2023-01-01T00:00:00,2024-12-31T00:00:00,2024,6801119.84,2801319.73,3999800.11,0.0,37863.12,YEAR-END,2024,True,committee_totals
S8GA00180,"OSSOFF, T. JONATHAN",GA,DEM,C00718866,JON OSSOFF FOR SENATE,13506505.15,14825232.2,3013006.44,3013006.44,0.0,2021-01-01T00:00:00,2022-12-31T00:00:00,2022,11980410.1,4537097.05,7443313.05,0.0,0.0,YEAR-END,2022,True,committee_totals
S8GA00180,"OSSOFF, T. JONATHAN",GA,DEM,C00718866,JON OSSOFF FOR SENATE,156146537.53,151814804.04,4331733.49,4331733.49,250000.0,2019-06-25T00:00:00,2020-12-31T00:00:00,2020,145155002.38,75460307.89,69694694.49,0.0,0.0,YEAR-END,2020,True,committee_totals
S2PA00638,"OZ, MEHMET DR",PA,REP,C00795930,DOCTOR OZ FOR SENATE,657.0,14273.5,54310.78,54310.78,25513728.81,2025-01-01T00:00:00,2026-03-31T00:00:00,2026,0.0,0.0,0.0,0.0,0.0,APRIL QUARTERLY,2026,True,committee_totals
S2PA00638,"OZ, MEHMET DR",PA,REP,C00795930,DOCTOR OZ FOR SENATE,663085.61,2282312.33,67927.28,67927.28,25513728.81,2023-01-01T00:00:00,2024-12-31T00:00:00,2024,125785.49,106611.43,19174.06,0.0,333493.9,YEAR-END,2024,True,committee_totals
S2PA00638,"OZ, MEHMET DR",PA,REP,C00795930,DOCTOR OZ FOR SENATE,50956276.74,49269122.74,1687154.0,1687154.0,27078782.81,2021-10-01T00:00:00,2022-12-31T00:00:00,2022,20681849.12,12967146.05,7714703.07,0.0,438831.84,YEAR-END,2022,True,committee_totals
S4MA00341,"PACKARD, AARON L",MA,REP,C00863753,COMMITTEE TO ELECT AARON PACKARD,630.14,293.33,356.81,356.81,500.01,2023-11-17T00:00:00,2023-12-31T00:00:00,2024,0.0,130.13,0.0,0.0,0.0,PRE-PRIMARY,2023,True,committee_totals
S2CA00955,"PADILLA, ALEX",CA,DEM,C00765164,ALEX PADILLA FOR SENATE,1295140.53,735698.21,7202297.34,7202297.34,0.0,2025-01-01T00:00:00,2026-03-31T00:00:00,2026,809976.49,278328.0,531648.49,0.0,81.6,APRIL QUARTERLY,2026,True,committee_totals
S2CA00955,"PADILLA, ALEX",CA,DEM,C00765164,ALEX PADILLA FOR SENATE,754150.94,1564522.58,6642855.02,6642855.02,8276.37,2023-01-01T00:00:00,2024-12-31T00:00:00,2024,408463.81,288699.1,119764.71,0.0,28713.0,YEAR-END,2024,True,committee_totals
S2CA00955,"PADILLA, ALEX",CA,DEM,C00765164,ALEX PADILLA FOR SENATE,11784617.88,4566222.01,7453226.66,7453226.66,0.0,2021-01-01T00:00:00,2022-12-31T00:00:00,2022,9352290.72,8827567.46,524723.26,0.0,1106.01,YEAR-END,2022,True,committee_totals
S2CA00955,"PADILLA, ALEX",CA,DEM,C00765164,ALEX PADILLA FOR SENATE,241475.33,6644.54,234830.79,234830.79,49048.0,2020-01-01T00:00:00,2020-12-31T00:00:00,2020,184875.33,169500.0,15375.33,0.0,0.0,YEAR-END,2020,True,committee_totals
S4CT00195,"PAGLINO, JUSTIN COBB DR",CT,GRE,C00880104,COMMITTEE TO ELECT JUSTIN PAGLINO TO US SENATE,300.0,694.63,155.52,155.52,12300.0,2025-01-01T00:00:00,2026-03-31T00:00:00,2026,0.0,0.0,0.0,0.0,0.0,APRIL QUARTERLY,2026,True,committee_totals
S4CT00195,"PAGLINO, JUSTIN COBB DR",CT,GRE,C00880104,COMMITTEE TO ELECT JUSTIN PAGLINO TO US SENATE,17849.65,17299.5,550.15,550.15,12000.0,2024-04-01T00:00:00,2024-12-31T00:00:00,2024,4402.0,2240.0,2162.0,0.0,0.0,YEAR-END,2024,True,committee_totals
S6NH00141,"PAPPAS, CHRIS",NH,DEM,C00660464,CHRIS PAPPAS FOR SENATE,9860676.34,6044770.26,4223490.31,4223490.31,0.0,2025-01-01T00:00:00,2026-03-31T00:00:00,2026,8655891.06,5576776.19,3079114.87,0.0,0.01,APRIL QUARTERLY,2026,True,committee_totals
S6NH00141,"PAPPAS, CHRIS",NH,DEM,C00660464,CHRIS PAPPAS FOR CONGRESS,4069100.41,3774742.48,407584.23,407584.23,0.0,2023-01-01T00:00:00,2024-12-31T00:00:00,2024,2722901.15,2463918.41,258982.74,0.0,16963.16,YEAR-END,2024,True,committee_totals
S6NH00141,"PAPPAS, CHRIS",NH,DEM,C00660464,CHRIS PAPPAS FOR CONGRESS,5163533.11,5264218.86,113226.3,113226.3,0.0,2021-01-01T00:00:00,2022-12-31T00:00:00,2022,3595618.03,3014623.44,580994.59,0.0,781.33,YEAR-END,2022,True,committee_totals
S6NH00141,"PAPPAS, CHRIS",NH,DEM,C00660464,CHRIS PAPPAS FOR CONGRESS,3222282.25,3122213.85,213912.05,213912.05,0.0,2019-01-01T00:00:00,2020-12-31T00:00:00,2020,2244204.47,1918268.1,325936.37,0.0,355.44,YEAR-END,2020,True,committee_totals
S6NH00141,"PAPPAS, CHRIS",NH,DEM,C00660464,CHRIS PAPPAS FOR CONGRESS,2219341.71,2105498.06,113843.65,113843.65,0.0,2017-10-01T00:00:00,2018-12-31T00:00:00,2018,1706328.82,1549080.18,157248.64,16758.54,0.0,YEAR-END,2018,True,committee_totals
S6KS00239,"PARELKAR, LOIS ANNE ELIZABETH LEA",KS,DEM,C00913293,ANNE FOR KANSAS,19898.0,19707.85,190.15,190.15,5500.0,2025-03-03T00:00:00,2026-03-31T00:00:00,2026,14398.0,9676.0,4722.0,0.0,0.0,APRIL QUARTERLY,2026,True,committee_totals
S4VA00312,"PARKINSON, SCOTT THOMAS",VA,REP,C00836569,PARKINSON FOR SENATE,0.0,7017.34,0.0,0.0,0.0,2025-01-01T00:00:00,2025-05-05T00:00:00,2026,0.0,0.0,0.0,0.0,0.0,TERMINATION REPORT,2025,True,committee_totals
S4VA00312,"PARKINSON, SCOTT THOMAS",VA,REP,C00836569,PARKINSON FOR SENATE,999121.24,992103.9,7017.34,7017.34,18553.58,2023-04-01T00:00:00,2024-12-31T00:00:00,2024,871128.73,656731.92,214396.81,6600.0,1500.01,YEAR-END,2024,True,committee_totals
S0KY00156,"PAUL, RAND",KY,REP,C00496075,RAND PAUL FOR US SENATE,3312762.54,3196268.18,6810091.73,6810091.73,0.0,2025-01-01T00:00:00,2026-03-31T00:00:00,2026,2811813.98,1940165.44,871648.54,0.0,183652.15,APRIL QUARTERLY,2026,True,committee_totals
S0KY00156,"PAUL, RAND",KY,REP,C00496075,RAND PAUL FOR US SENATE,8490873.16,7162710.96,6693597.37,6693597.37,0.0,2023-01-01T00:00:00,2024-12-31T00:00:00,2024,7722803.91,3365118.27,4357685.64,0.0,450820.26,YEAR-END,2024,True,committee_totals
S0KY00156,"PAUL, RAND",KY,REP,C00496075,RAND PAUL FOR US SENATE,25042402.65,21359994.87,5365435.17,5365435.17,0.0,2021-01-01T00:00:00,2022-12-31T00:00:00,2022,22362331.46,9368550.52,12993780.94,0.0,56080.84,YEAR-END,2022,True,committee_totals
S0KY00156,"PAUL, RAND",KY,REP,C00496075,RAND PAUL FOR US SENATE,2634072.58,1290480.27,1683027.39,1683027.39,0.0,2019-01-01T00:00:00,2020-12-31T00:00:00,2020,2380584.73,1265806.85,1114777.88,0.0,399.44,YEAR-END,2020,True,committee_totals
S0KY00156,"PAUL, RAND",KY,REP,C00496075,RAND PAUL FOR US SENATE,609636.83,499126.93,339435.08,339435.08,0.0,2017-01-01T00:00:00,2018-12-31T00:00:00,2018,339610.4,314878.41,24727.99,0.0,10139.41,YEAR-END,2018,True,committee_totals
S0KY00156,"PAUL, RAND",KY,REP,C00496075,RAND PAUL FOR US SENATE ,4951609.77,7623625.63,228925.0,228925.0,0.0,2015-01-01T00:00:00,2016-12-31T00:00:00,2016,2929424.77,1986313.91,943105.86,0.0,1782.0,YEAR-END,2016,True,committee_totals
S0KY00156,"PAUL, RAND",KY,REP,C00496075,RAND PAUL FOR US SENATE 2016,5928763.0,3124038.0,2900940.0,2900940.0,0.0,2013-01-01T00:00:00,2014-12-31T00:00:00,2014,4699497.0,1315499.0,3383995.0,0.0,3140.55,YEAR-END,2014,True,committee_totals
S0KY00156,"PAUL, RAND",KY,REP,C00496075,RAND PAUL FOR US SENATE 2016,287655.0,194040.0,93615.0,93615.0,0.0,2011-04-01T00:00:00,2012-12-31T00:00:00,2012,69508.0,49838.0,19670.0,0.0,51370.0,YEAR-END,2012,True,committee_totals
S6TX00388,"PAXTON, WARREN KENNETH JR.",TX,REP,C00901918,KEN PAXTON FOR SENATE,7007950.84,4861414.33,2146536.51,2146536.51,0.0,2025-04-01T00:00:00,2026-03-31T00:00:00,2026,6984396.4,5909229.85,1075166.55,0.0,0.0,APRIL QUARTERLY,2026,True,committee_totals
S0NM00041,"PEARCE, STEVE",NM,REP,C00440420,PEOPLE FOR PEARCE,40062.0,45669.0,0.0,0.0,0.0,2009-01-01T00:00:00,2009-07-31T00:00:00,2010,22574.0,17893.0,4681.0,0.0,0.0,TERMINATION REPORT,2009,True,committee_totals
S0NM00041,"PEARCE, STEVE",NM,REP,C00440420,PEOPLE FOR PEARCE,4552712.0,4547108.0,5605.0,5605.0,25000.0,2007-10-01T00:00:00,2008-12-31T00:00:00,2008,3220886.0,2902254.0,357455.0,0.0,0.0,YEAR-END,2008,True,committee_totals
S2WI00417,"PECKARSKY, PETER",WI,DEM,C00783365,"PECKARSKY FOR WISCONSIN, INC.",0.0,2303.29,0.0,0.0,308361.76,2025-01-01T00:00:00,2025-03-31T00:00:00,2026,0.0,0.0,0.0,0.0,0.0,TERMINATION REPORT,2025,True,committee_totals
S2WI00417,"PECKARSKY, PETER",WI,DEM,C00783365,"PECKARSKY FOR WISCONSIN, INC.",2202.9,2148.06,2303.29,2303.29,308361.76,2023-01-01T00:00:00,2024-12-31T00:00:00,2024,1850.0,1750.0,100.0,0.0,0.0,YEAR-END,2024,True,committee_totals
S2WI00417,"PECKARSKY, PETER",WI,DEM,C00783365,"PECKARSKY FOR WISCONSIN, INC.",356785.78,354537.33,2248.45,2248.45,308008.86,2021-07-01T00:00:00,2022-12-31T00:00:00,2022,36744.02,31050.9,5693.12,32.9,0.0,YEAR-END,2022,True,committee_totals
S6AK00276,"PELTOLA, MARY",AK,DEM,C00933978,ALASKANS FOR MARY,8661662.38,2934553.61,5727108.77,5727108.77,0.0,2026-01-01T00:00:00,2026-03-31T00:00:00,2026,7563867.88,4078882.5,3484985.38,0.0,0.0,APRIL QUARTERLY,2026,True,committee_totals
S4OR00156,"PERKINS, JO RAE",OR,REP,C00932558,JO RAE PERKINS FOR US SENATOR,5185.34,3959.78,1286.97,1286.97,0.0,2026-01-01T00:00:00,2026-03-31T00:00:00,2026,4619.37,2364.0,2255.37,0.0,60.0,APRIL QUARTERLY,2026,True,committee_totals
S4OR00156,"PERKINS, JO RAE",OR,REP,C00547646,PERKINS FOR OREGON,287.0,120.0,0.0,0.0,0.0,2015-01-01T00:00:00,2015-08-03T00:00:00,2016,100.0,0.0,100.0,187.0,0.0,TERMINATION REPORT,2015,True,committee_totals
S4OR00156,"PERKINS, JO RAE",OR,REP,C00547646,PERKINS FOR US SENATE,13458.0,11424.0,2029.0,2029.0,1343.0,2013-07-01T00:00:00,2014-12-31T00:00:00,2014,8539.0,5720.0,2819.0,1366.0,794.0,YEAR-END,2014,True,committee_totals
S4MN00551,"PETERSEN, RAYMOND DAVID",MN,REP,C00880005,RAYMOND PETERSEN FOR US SENATE CAMPAIGN COMMITTEE,960.98,960.98,0.0,0.0,0.0,2025-01-01T00:00:00,2026-03-31T00:00:00,2026,0.0,0.0,0.0,960.98,0.0,APRIL QUARTERLY,2026,True,committee_totals
S4MN00551,"PETERSEN, RAYMOND DAVID",MN,REP,C00880005,RAYMOND PETERSEN FOR US SENATE CAMPAIGN COMMITTEE,3641.62,3641.62,0.0,0.0,0.0,2022-10-05T00:00:00,2024-12-31T00:00:00,2024,0.0,0.0,0.0,3641.62,0.0,YEAR-END,2024,True,committee_totals
S4MI00355,"PETERS, GARY",MI,DEM,C00437889,PETERS FOR MICHIGAN,201476.25,786015.06,6543790.66,6543790.66,0.0,2025-01-01T00:00:00,2026-03-31T00:00:00,2026,18622.32,13265.01,5357.31,0.0,166718.95,APRIL QUARTERLY,2026,True,committee_totals
S4MI00355,"PETERS, GARY",MI,DEM,C00437889,PETERS FOR MICHIGAN,3241786.33,1178995.19,7128329.47,7128329.47,0.0,2023-01-01T00:00:00,2024-12-31T00:00:00,2024,2239335.24,1527492.43,711842.81,0.0,16142.36,YEAR-END,2024,True,committee_totals
S4MI00355,"PETERS, GARY",MI,DEM,C00437889,PETERS FOR MICHIGAN,4349233.84,1053968.19,5065538.33,5065538.33,0.0,2021-01-01T00:00:00,2022-12-31T00:00:00,2022,3273190.97,1728343.84,1544847.13,0.0,12095.77,YEAR-END,2022,True,committee_totals
S4MI00355,"PETERS, GARY",MI,DEM,C00437889,PETERS FOR MICHIGAN,50113274.67,49846729.9,1770272.68,1770272.68,0.0,2019-01-01T00:00:00,2020-12-31T00:00:00,2020,45404376.66,27464739.13,17939637.53,0.0,629.72,YEAR-END,2020,True,committee_totals
S4MI00355,"PETERS, GARY",MI,DEM,C00437889,PETERS FOR MICHIGAN,1443396.2,612538.58,1503727.91,1503727.91,0.0,2017-01-01T00:00:00,2018-12-31T00:00:00,2018,918506.31,672155.42,246350.89,0.0,0.0,YEAR-END,2018,True,committee_totals
S4MI00355,"PETERS, GARY",MI,DEM,C00437889,PETERS FOR MICHIGAN,909521.3,431691.72,672870.29,672870.29,0.0,2015-01-01T00:00:00,2016-12-31T00:00:00,2016,394183.97,345184.56,48999.41,0.0,-1892.36,YEAR-END,2016,True,committee_totals
S4MI00355,"PETERS, GARY",MI,DEM,C00437889,PETERS FOR MICHIGAN,10024419.65,10289556.38,221602.71,221602.71,30294.0,2013-01-01T00:00:00,2014-12-31T00:00:00,2014,7612861.09,5992929.32,1619926.77,0.0,2047.75,YEAR-END,2014,True,committee_totals
S4MI00355,"PETERS, GARY",MI,DEM,C00437889,PETERS FOR CONGRESS,2281359.28,1887339.89,486738.99,486738.99,0.0,2011-01-01T00:00:00,2012-12-31T00:00:00,2012,1198852.73,1054150.74,144701.99,0.0,253.85,YEAR-END,2012,True,committee_totals
S4MI00355,"PETERS, GARY",MI,DEM,C00437889,PETERS FOR CONGRESS,3285645.92,3237451.51,92719.6,92719.6,3513.97,2009-01-01T00:00:00,2010-12-31T00:00:00,2010,2030832.35,1766291.68,264540.67,0.0,0.0,YEAR-END,2010,True,committee_totals
S4MI00355,"PETERS, GARY",MI,DEM,C00437889,PETERS FOR CONGRESS,2552239.1,2509023.91,44525.19,44525.19,10000.0,2007-07-01T00:00:00,2008-12-31T00:00:00,2008,1739732.32,1439787.29,299945.03,0.0,124.87,YEAR-END,2008,True,committee_totals
S6WV00170,"PHILLIPS, RIO",WV,DEM,C00906396,RIO PHILLIPS FOR WEST VIRGINIA,13776.25,13624.35,151.9,151.9,0.0,2025-01-01T00:00:00,2026-04-22T00:00:00,2026,12814.04,6688.28,6125.76,843.0,0.84,PRE-PRIMARY,2026,True,committee_totals
S6CA00790,"PIERCE, DOUGLAS HOWARD",CA,DEM,C00610022,FINANCE COMMITTEE FOR DOUGLAS HOWARD PIERCE,54104.0,128696.0,0.0,0.0,0.0,2017-09-22T00:00:00,2018-06-30T00:00:00,2018,0.0,0.0,0.0,0.0,0.0,JULY QUARTERLY,2018,True,committee_totals
S2NY00499,"PINION, JOSEPH III",NY,REP,C00800268,JOE PINION FOR US SENATE INC,0.0,0.0,611.53,611.53,78576.15,2025-01-01T00:00:00,2026-03-31T00:00:00,2026,0.0,0.0,0.0,0.0,0.0,APRIL QUARTERLY,2026,True,committee_totals
S2NY00499,"PINION, JOSEPH III",NY,REP,C00800268,JOE PINION FOR US SENATE INC,1466.55,32461.35,611.53,611.53,78576.15,2023-01-01T00:00:00,2024-12-31T00:00:00,2024,1466.55,1050.0,416.55,0.0,0.0,YEAR-END,2024,True,committee_totals
S2NY00499,"PINION, JOSEPH III",NY,REP,C00800268,JOE PINION FOR US SENATE INC,592671.29,561064.96,31606.33,31606.33,78576.15,2022-01-01T00:00:00,2022-12-31T00:00:00,2022,567659.09,244547.7,323111.39,0.0,0.0,YEAR-END,2022,True,committee_totals
S4MS00187,"PINKINS, TY",MS,IND,C00830554,TY PINKINS FOR CONGRESS,90225.35,95207.94,632.43,632.43,0.0,2025-01-01T00:00:00,2026-03-31T00:00:00,2026,85885.53,28734.6,57150.93,0.0,0.0,APRIL QUARTERLY,2026,True,committee_totals
S4MS00187,"PINKINS, TY",MS,IND,C00830554,TY PINKINS FOR CONGRESS,1047155.67,1041688.67,5615.02,5615.02,0.0,2023-01-01T00:00:00,2024-12-31T00:00:00,2024,1044355.67,268111.69,776243.98,0.0,0.0,YEAR-END,2024,True,committee_totals
S4MS00187,"PINKINS, TY",MS,IND,C00830554,TY PINKINS FOR CONGRESS,150.0,1.98,148.02,148.02,0.0,2022-12-29T00:00:00,2022-12-31T00:00:00,2022,150.0,0.0,150.0,0.0,0.0,YEAR-END,2022,True,committee_totals
S6ME00373,"PLATNER, GRAHAM",ME,DEM,C00916437,GRAHAM FOR MAINE,11956529.27,9225671.66,2730857.61,2730857.61,4766.6,2025-07-01T00:00:00,2026-03-31T00:00:00,2026,11851220.77,4201510.1,7649710.67,0.0,0.51,APRIL QUARTERLY,2026,True,committee_totals
S6CO00515,"POND, SEAN M.",CO,CON,C00933259,SEAN M. POND FOR US SENATE,29537.18,12693.74,16843.44,16843.44,0.0,2026-01-01T00:00:00,2026-03-31T00:00:00,2026,29537.18,23145.12,6392.06,0.0,0.0,APRIL QUARTERLY,2026,True,committee_totals
S4CA00522,"PORTER, KATHERINE",CA,DEM,C00831107,KATIE PORTER FOR SENATE,210787.93,1624451.71,0.0,0.0,0.0,2025-01-01T00:00:00,2025-08-15T00:00:00,2026,0.0,0.0,0.0,0.0,170112.67,TERMINATION REPORT,2025,True,committee_totals
S4CA00522,"PORTER, KATHERINE",CA,DEM,C00831107,KATIE PORTER FOR SENATE,32527821.11,31114157.33,1413663.78,1413663.78,0.0,2023-01-10T00:00:00,2024-12-31T00:00:00,2024,19140784.48,8238256.27,10902528.21,0.0,2300902.05,YEAR-END,2024,True,committee_totals
S0OH00133,"PORTMAN, ROB THE HONORA",OH,REP,C00576280,2015 SENATORS CLASSIC COMMITTEE,1024900.0,1024899.0,0.0,0.0,0.0,2015-04-01T00:00:00,2015-09-30T00:00:00,2016,63900.0,63900.0,0.0,0.0,0.0,TERMINATION REPORT,2015,False,committee_totals
S0OH00133,"PORTMAN, ROB THE HONORA",OH,REP,C00573717,AMERICANS UNITED FOR FREEDOM,733905.0,733902.0,0.0,0.0,0.0,2015-01-01T00:00:00,2016-12-31T00:00:00,2016,706905.0,706905.0,0.0,0.0,0.0,TERMINATION REPORT,2016,False,committee_totals
S0OH00133,"PORTMAN, ROB THE HONORA",OH,REP,C00489559,AYOTTE BLUNT PORTMAN VICTORY COMMITTEE,86781.0,86781.0,0.0,0.0,0.0,2010-07-01T00:00:00,2010-11-22T00:00:00,2010,60781.0,60781.0,0.0,0.0,0.0,TERMINATION REPORT,2010,False,committee_totals
S0OH00133,"PORTMAN, ROB THE HONORA",OH,REP,C00585224,AYOTTE-PORTMAN-THUNE COMMITTEE,87800.0,87795.0,0.0,0.0,0.0,2015-07-01T00:00:00,2016-12-31T00:00:00,2016,59300.0,59300.0,0.0,0.0,0.0,TERMINATION REPORT,2016,False,committee_totals
S0OH00133,"PORTMAN, ROB THE HONORA",OH,REP,C00625293,AYOTTE PORTMAN VICTORY COMMITTEE,70890.0,70890.66,0.0,0.0,0.0,2016-07-01T00:00:00,2016-12-31T00:00:00,2016,65890.66,65890.0,0.0,,,TERMINATION REPORT,2016,False,committee_totals
S0OH00133,"PORTMAN, ROB THE HONORA",OH,REP,C00544049,BOEHNER-PORTMAN HOUSE AND SENATE FUND,215950.0,215950.0,0.0,0.0,0.0,2013-04-01T00:00:00,2013-09-30T00:00:00,2014,186450.0,186450.0,0.0,,,TERMINATION REPORT,2013,False,committee_totals
S0OH00133,"PORTMAN, ROB THE HONORA",OH,REP,C00576272,BURR PORTMAN VICTORY COMMITTEE,82400.0,82399.0,0.0,0.0,0.0,2015-04-01T00:00:00,2015-12-31T00:00:00,2016,82400.0,82400.0,0.0,0.0,0.0,TERMINATION REPORT,2015,False,committee_totals
S0OH00133,"PORTMAN, ROB THE HONORA",OH,REP,C00626713,FOUNDERS COMMITTEE; THE,86400.0,86399.0,0.0,0.0,0.0,2016-07-01T00:00:00,2016-12-31T00:00:00,2016,86400.0,86400.0,0.0,0.0,0.0,TERMINATION REPORT,2016,False,committee_totals
S0OH00133,"PORTMAN, ROB THE HONORA",OH,REP,C00488874,FOUNDERS JOINT CANDIDATE COMMITTEE,1383458.0,1383458.0,0.0,0.0,0.0,2010-07-01T00:00:00,2010-12-31T00:00:00,2010,1383458.0,1383258.0,200.0,,,TERMINATION REPORT,2010,False,committee_totals
S0OH00133,"PORTMAN, ROB THE HONORA",OH,REP,C00624221,HOLD THE SENATE 2016,214510.0,214508.0,0.0,0.0,0.0,2016-07-01T00:00:00,2016-11-28T00:00:00,2016,211510.0,211250.0,260.0,0.0,0.0,TERMINATION REPORT,2016,False,committee_totals
S0OH00133,"PORTMAN, ROB THE HONORA",OH,REP,C00478313,PORTMAN OHIO VICTORY COMMITTEE,27500.0,27500.0,0.0,0.0,0.0,2010-01-01T00:00:00,2010-06-30T00:00:00,2010,17500.0,17500.0,0.0,,,TERMINATION REPORT,2010,False,committee_totals
S0OH00133,"PORTMAN, ROB THE HONORA",OH,REP,C00577502,PORTMAN-OHIO VICTORY COMMITTEE,588125.0,588125.0,0.0,0.0,0.0,2015-04-01T00:00:00,2016-11-28T00:00:00,2016,575425.0,574500.0,925.0,,,TERMINATION REPORT,2016,False,committee_totals
S0OH00133,"PORTMAN, ROB THE HONORA",OH,REP,C00497602,PORTMAN SENATORIAL TRUST,123200.0,123200.0,0.0,0.0,0.0,2011-04-01T00:00:00,2012-12-31T00:00:00,2012,123200.0,123200.0,0.0,,,TERMINATION REPORT,2012,False,committee_totals
S0OH00133,"PORTMAN, ROB THE HONORA",OH,REP,C00464263,PORTMAN VICTORY COMMITTEE,383900.0,383899.16,0.0,0.0,0.0,2009-07-01T00:00:00,2010-11-22T00:00:00,2010,374700.0,373750.0,950.0,,,TERMINATION REPORT,2010,False,committee_totals
S0OH00133,"PORTMAN, ROB THE HONORA",OH,REP,C00548677,PORTMAN VICTORY COMMITTEE,0.0,557.53,0.0,0.0,0.0,2021-01-01T00:00:00,2022-11-28T00:00:00,2022,0.0,0.0,0.0,,,TERMINATION REPORT,2022,False,committee_totals
S0OH00133,"PORTMAN, ROB THE HONORA",OH,REP,C00548677,PORTMAN VICTORY COMMITTEE,5655.0,6777.6,557.53,557.53,0.0,2019-01-01T00:00:00,2020-12-31T00:00:00,2020,3100.0,2700.0,400.0,,,YEAR-END,2020,False,committee_totals
S0OH00133,"PORTMAN, ROB THE HONORA",OH,REP,C00548677,PORTMAN VICTORY COMMITTEE,36000.0,45485.83,1680.13,1680.13,0.0,2017-01-01T00:00:00,2018-12-31T00:00:00,2018,36000.0,36000.0,0.0,,,YEAR-END,2018,False,committee_totals
S0OH00133,"PORTMAN, ROB THE HONORA",OH,REP,C00548677,PORTMAN VICTORY COMMITTEE,3694445.28,3683679.32,11165.96,11165.96,0.0,2015-01-01T00:00:00,2016-12-31T00:00:00,2016,3558190.0,3548675.0,9515.0,,,YEAR-END,2016,False,committee_totals
S0OH00133,"PORTMAN, ROB THE HONORA",OH,REP,C00548677,PORTMAN VICTORY COMMITTEE,85200.0,84800.0,400.0,400.0,0.0,2013-07-01T00:00:00,2014-12-31T00:00:00,2014,85200.0,85200.0,0.0,,,YEAR-END,2014,False,committee_totals
S0OH00133,"PORTMAN, ROB THE HONORA",OH,REP,C00483982,PORTMAN VICTORY COMMITTEE 2010,1849315.0,1849315.0,0.0,0.0,0.0,2010-04-01T00:00:00,2010-11-22T00:00:00,2010,1765115.0,1752200.0,12915.0,,,TERMINATION REPORT,2010,False,committee_totals
S0OH00133,"PORTMAN, ROB THE HONORA",OH,REP,C00458463,PORTPAC,48198.31,153305.38,2561272.12,2561272.12,0.0,2025-01-01T00:00:00,2026-03-31T00:00:00,2026,0.0,0.0,0.0,,,APRIL QUARTERLY,2026,False,committee_totals
S0OH00133,"PORTMAN, ROB THE HONORA",OH,REP,C00615989,PROTECTING THE MAJORITY FUND,232424.0,232424.75,0.0,0.0,0.0,2016-04-01T00:00:00,2016-12-31T00:00:00,2016,157300.0,157300.0,0.0,,,TERMINATION REPORT,2016,False,committee_totals
S0OH00133,"PORTMAN, ROB THE HONORA",OH,REP,C00477620,ROAD TO SENATE VICTORY COMMITTEE 2010,95600.0,95599.0,0.0,0.0,0.0,2010-01-01T00:00:00,2010-10-13T00:00:00,2010,31600.0,31600.0,0.0,0.0,0.0,TERMINATION REPORT,2010,False,committee_totals
S0OH00133,"PORTMAN, ROB THE HONORA",OH,REP,C00625764,SAVE OUR SENATE COMMITTEE,239700.0,239698.0,0.0,0.0,0.0,2016-07-01T00:00:00,2016-12-31T00:00:00,2016,223700.0,223700.0,0.0,0.0,0.0,TERMINATION REPORT,2016,False,committee_totals
S0OH00133,"PORTMAN, ROB THE HONORA",OH,REP,C00625913,UNITED FOR A SENATE MAJORITY,472992.0,472992.43,0.0,0.0,0.0,2016-07-01T00:00:00,2016-12-08T00:00:00,2016,453007.07,441650.0,11357.0,,0.0,TERMINATION REPORT,2016,False,committee_totals
S0OH00133,"PORTMAN, ROB THE HONORA",OH,REP,C00473389,US SENATE VICTORY COMMITTEE,1240908.0,1240907.0,0.0,0.0,0.0,2010-01-01T00:00:00,2010-06-30T00:00:00,2010,1235908.0,1235880.0,28.0,0.0,0.0,TERMINATION REPORT,2010,False,committee_totals
S0OH00133,"PORTMAN, ROB THE HONORA",OH,REP,C00484832,US SENATE VICTORY COMMITTEE 2010,1287327.0,1287325.0,0.0,0.0,0.0,2010-04-01T00:00:00,2010-11-22T00:00:00,2010,1274927.0,1274927.0,0.0,0.0,0.0,TERMINATION REPORT,2010,False,committee_totals
S4IN00261,"POTTS, KEITH",IN,DEM,C00844753,KEITH POTTS FOR SENATE,5650.0,5811.47,2.12,2.12,10800.0,2025-01-01T00:00:00,2026-03-31T00:00:00,2026,0.0,0.0,0.0,5650.0,0.0,APRIL QUARTERLY,2026,True,committee_totals
S4IN00261,"POTTS, KEITH",IN,DEM,C00844753,KEITH POTTS FOR SENATE,103206.86,103043.27,163.59,163.59,15900.0,2023-07-01T00:00:00,2024-12-31T00:00:00,2024,76390.69,43471.49,32919.2,21566.17,0.0,YEAR-END,2024,True,committee_totals
S4CA00746,"POUND, PERRY",CA,DEM,C00849620,POUND FOR SENATE,34129.01,34128.89,0.0,0.0,32025.0,2023-01-01T00:00:00,2024-12-31T00:00:00,2024,34129.0,33100.0,1029.0,0.0,0.01,TERMINATION REPORT,2024,True,committee_totals
S0TN00219,"PRESLEY, JOHNNY W",TN,REP,C00730689,JOHNNY PRESLEY FOR US SENATE,0.0,5000.0,17684.97,17684.97,27000.0,2025-01-01T00:00:00,2026-03-31T00:00:00,2026,0.0,0.0,0.0,0.0,0.0,APRIL QUARTERLY,2026,True,committee_totals
S0TN00219,"PRESLEY, JOHNNY W",TN,REP,C00730689,JOHNNY PRESLEY FOR US SENATE,0.0,0.0,22684.97,22684.97,27000.0,2023-01-01T00:00:00,2024-12-31T00:00:00,2024,0.0,0.0,0.0,0.0,0.0,YEAR-END,2024,True,committee_totals
S0TN00219,"PRESLEY, JOHNNY W",TN,REP,C00730689,JOHNNY PRESLEY FOR US SENATE,0.0,0.0,22684.97,22684.97,0.0,2021-01-01T00:00:00,2022-12-31T00:00:00,2022,0.0,0.0,0.0,0.0,0.0,YEAR-END,2022,True,committee_totals
S0TN00219,"PRESLEY, JOHNNY W",TN,REP,C00730689,JOHNNY PRESLEY FOR US SENATE,40465.0,17780.03,22684.97,22684.97,27000.0,2019-12-07T00:00:00,2020-12-31T00:00:00,2020,13465.0,13350.0,115.0,0.0,0.0,YEAR-END,2020,True,committee_totals
S6OK04197,"PRIEST, JIM",OK,DEM,C00933051,JIM PRIEST FOR US SENATE,203272.5,68438.0,134834.5,134834.5,50000.0,2026-01-01T00:00:00,2026-03-31T00:00:00,2026,153272.5,137101.0,16171.5,0.0,0.0,APRIL QUARTERLY,2026,True,committee_totals
S4MI00538,"PUGH, PAMELA L",MI,DEM,C00840587,BOSS UP PAC,1175.0,6004.93,1919.04,1919.04,0.0,2025-01-01T00:00:00,2026-03-31T00:00:00,2026,0.0,0.0,0.0,,,APRIL QUARTERLY,2026,False,committee_totals
S4MI00538,"PUGH, PAMELA L",MI,DEM,C00840587,BOSS UP PAC,696766.89,690017.92,6748.97,6748.97,0.0,2023-03-24T00:00:00,2024-12-31T00:00:00,2024,662904.27,313467.69,349436.58,,,YEAR-END,2024,False,committee_totals
S2OH00287,"PUKITA, MARK MR.",OH,REP,C00722207,MARK PUKITA FOR US SENATE 2022,0.0,6179.85,-436341.92,-436341.92,463764.11,2025-01-01T00:00:00,2026-03-31T00:00:00,2026,0.0,0.0,0.0,0.0,0.0,APRIL QUARTERLY,2026,True,committee_totals
S2OH00287,"PUKITA, MARK MR.",OH,REP,C00722207,MARK PUKITA FOR US SENATE 2022,2621.0,14560.76,-430162.07,-430162.07,463764.11,2023-01-01T00:00:00,2024-12-31T00:00:00,2024,0.0,0.0,0.0,0.0,0.0,YEAR-END,2024,True,committee_totals
S2OH00287,"PUKITA, MARK MR.",OH,REP,C00722207,MARK PUKITA FOR US SENATE 2022,504102.52,923313.12,-418222.31,-418222.31,461143.11,2021-01-01T00:00:00,2022-12-31T00:00:00,2022,26813.03,14744.69,12068.34,16384.38,0.0,YEAR-END,2022,True,committee_totals
S2OH00287,"PUKITA, MARK MR.",OH,REP,C00722207,MARK PUKITA FOR US SENATE 2022,1010.64,22.35,988.29,988.29,550.0,2019-01-01T00:00:00,2020-12-31T00:00:00,2020,460.64,0.0,460.64,0.0,0.0,YEAR-END,2020,True,committee_totals
S2ID00194,"PURSLEY, BENJAMIN",ID,DEM,C00811125,PURSLEY FOR SENATE,0.0,12141.57,0.0,0.0,0.0,2023-01-01T00:00:00,2024-12-31T00:00:00,2024,0.0,0.0,0.0,0.0,0.0,TERMINATION REPORT,2024,True,committee_totals
S2ID00194,"PURSLEY, BENJAMIN",ID,DEM,C00811125,PURSLEY FOR SENATE,0.0,0.0,0.0,0.0,0.0,2023-01-01T00:00:00,2024-12-31T00:00:00,2024,0.0,0.0,0.0,0.0,0.0,TERMINATION REPORT,2024,True,committee_totals
S2ID00194,"PURSLEY, BENJAMIN",ID,DEM,C00811125,PURSLEY FOR SENATE,95255.0,83113.43,12141.57,12141.57,75000.0,2022-01-01T00:00:00,2022-12-31T00:00:00,2022,20255.0,19350.0,905.0,0.0,0.0,YEAR-END,2022,True,committee_totals
S4CA00613,"RAB, AEJAZ ( RAJI )",CA,DEM,C00835678,RAJI RAB FOR U.S. SENATE,0.0,90.0,-464.85,-464.85,10000.0,2025-01-01T00:00:00,2026-03-31T00:00:00,2026,0.0,0.0,0.0,0.0,0.0,APRIL QUARTERLY,2026,True,committee_totals
S4CA00613,"RAB, AEJAZ ( RAJI )",CA,DEM,C00835678,RAJI RAB FOR U.S. SENATE,20900.0,21274.85,-374.85,-374.85,10000.0,2023-01-01T00:00:00,2024-12-31T00:00:00,2024,10800.0,10700.0,100.0,100.0,0.0,YEAR-END,2024,True,committee_totals
S6OK04262,"RAGAIN, BRIAN MATTHEW",OK,REP,C00945121,BRIAN RAGAIN FOR US SENATE,0.0,0.0,0.0,0.0,0.0,2026-01-01T00:00:00,2026-03-31T00:00:00,2026,0.0,0.0,0.0,0.0,0.0,APRIL QUARTERLY,2026,True,committee_totals
S8VA00305,"RAIKLIN, IVAN ERIC",VA,REP,C00653790,IVAN RAIKLIN FOR US SENATE,0.0,0.0,318.78,318.78,98234.58,2025-01-01T00:00:00,2026-03-31T00:00:00,2026,0.0,0.0,0.0,0.0,0.0,APRIL QUARTERLY,2026,True,committee_totals
S8VA00305,"RAIKLIN, IVAN ERIC",VA,REP,C00653790,IVAN RAIKLIN FOR US SENATE,0.0,0.0,318.78,318.78,98234.58,2023-01-01T00:00:00,2024-12-31T00:00:00,2024,0.0,0.0,0.0,0.0,0.0,YEAR-END,2024,True,committee_totals
S8VA00305,"RAIKLIN, IVAN ERIC",VA,REP,C00653790,IVAN RAIKLIN FOR US SENATE,0.0,0.0,318.78,318.78,98234.58,2021-01-01T00:00:00,2022-12-31T00:00:00,2022,0.0,0.0,0.0,0.0,0.0,YEAR-END,2022,True,committee_totals
S8VA00305,"RAIKLIN, IVAN ERIC",VA,REP,C00653790,IVAN RAIKLIN FOR US SENATE,4.99,1258.22,318.78,318.78,90234.58,2019-01-01T00:00:00,2020-12-31T00:00:00,2020,0.0,0.0,0.0,0.0,4.99,YEAR-END,2020,True,committee_totals
S8VA00305,"RAIKLIN, IVAN ERIC",VA,REP,C00653790,IVAN RAIKLIN FOR US SENATE ,70716.0,69394.08,1572.01,1572.01,85234.58,2017-08-06T00:00:00,2018-12-31T00:00:00,2018,65439.0,45670.0,19768.0,0.0,23.0,YEAR-END,2018,True,committee_totals
S4WY00162,"RASNER, REID",WY,REP,C00890921,REID RASNER FOR WY,1263932.2,1118452.1,157933.1,157933.1,1249322.57,2025-01-01T00:00:00,2026-03-31T00:00:00,2026,45792.81,9682.42,36110.39,9072.52,0.0,APRIL QUARTERLY,2026,True,committee_totals
S4WY00162,"RASNER, REID",WY,REP,C00890921,REID RASNER FOR WY,50000.0,37547.0,12453.0,12453.0,50000.0,2024-09-12T00:00:00,2024-12-31T00:00:00,2024,0.0,0.0,0.0,0.0,0.0,YEAR-END,2024,True,committee_totals
S4WI00231,"RAVEENDRAN, REJANI",WI,REP,C00853747,REJANI FOR SENATE COMMITTEE,47354.87,47354.87,0.0,0.0,0.0,2023-08-08T00:00:00,2024-12-31T00:00:00,2024,28397.26,17145.28,11251.98,7796.53,16.0,TERMINATION REPORT,2024,True,committee_totals
S0KS00307,"REDDI, USHA",KS,DEM,C00717280,REDDI FOR SENATE,33.59,1000.0,10014.58,10014.58,0.0,2025-01-01T00:00:00,2026-03-31T00:00:00,2026,0.0,0.0,0.0,0.0,33.59,APRIL QUARTERLY,2026,True,committee_totals
S0KS00307,"REDDI, USHA",KS,DEM,C00717280,REDDI FOR SENATE,74.21,5005.0,10980.99,10980.99,0.0,2023-01-01T00:00:00,2024-12-31T00:00:00,2024,0.0,0.0,0.0,0.0,74.21,YEAR-END,2024,True,committee_totals
S0KS00307,"REDDI, USHA",KS,DEM,C00717280,REDDI FOR SENATE,28.6,4519.96,15911.78,15911.78,0.0,2021-01-01T00:00:00,2022-12-31T00:00:00,2022,0.0,0.0,0.0,0.0,28.6,YEAR-END,2022,True,committee_totals
S0KS00307,"REDDI, USHA",KS,DEM,C00717280,REDDI FOR SENATE,149502.48,129099.34,20403.14,20403.14,0.0,2019-07-01T00:00:00,2020-12-31T00:00:00,2020,123856.49,91584.48,32272.01,0.0,645.99,YEAR-END,2020,True,committee_totals
S6OH00429,"REDPATH, WILLIAM",OH,LIB,C00937300,REDPATH FOR US SENATE COMMITTEE,17715.38,17071.85,643.53,643.53,5000.0,2025-07-03T00:00:00,2026-04-15T00:00:00,2026,3750.09,3750.09,0.0,3990.04,0.0,PRE-PRIMARY,2026,True,committee_totals
S6RI00163,"REED, JOHN F.",RI,DEM,C00238907,THE REED COMMITTEE,2602598.5,761309.2,3429481.34,3429481.34,0.0,2025-01-01T00:00:00,2026-03-31T00:00:00,2026,1637999.24,1615376.55,22622.69,0.0,53455.55,APRIL QUARTERLY,2026,True,committee_totals
S6RI00163,"REED, JOHN F.",RI,DEM,C00238907,THE REED COMMITTEE,566041.68,881811.5,1588192.04,1588192.04,0.0,2023-01-01T00:00:00,2024-12-31T00:00:00,2024,329268.75,321615.0,7653.75,0.0,59377.2,YEAR-END,2024,True,committee_totals
S6RI00163,"REED, JOHN F.",RI,DEM,C00238907,THE REED COMMITTEE,521242.54,626667.93,1903961.86,1903961.86,0.0,2021-01-01T00:00:00,2022-12-31T00:00:00,2022,331502.0,320041.0,11461.0,0.0,4810.45,YEAR-END,2022,True,committee_totals
S6RI00163,"REED, JOHN F.",RI,DEM,C00238907,THE REED COMMITTEE,2964445.84,2494636.39,2009387.25,2009387.25,0.0,2019-01-01T00:00:00,2020-12-31T00:00:00,2020,1339746.42,1301832.27,37914.15,0.0,11469.83,YEAR-END,2020,True,committee_totals
S6RI00163,"REED, JOHN F.",RI,DEM,C00238907,REED COMMITTEE; THE,607862.03,603650.62,1539577.8,1539577.8,0.0,2017-01-01T00:00:00,2018-12-31T00:00:00,2018,388148.53,365968.0,22180.53,0.0,21716.5,YEAR-END,2018,True,committee_totals
S6RI00163,"REED, JOHN F.",RI,DEM,C00238907,REED COMMITTEE; THE,455822.0,885875.0,1535367.0,1535367.0,0.0,2015-01-01T00:00:00,2016-12-31T00:00:00,2016,258126.0,240987.0,17138.0,0.0,6218.0,YEAR-END,2016,True,committee_totals
S6RI00163,"REED, JOHN F.",RI,DEM,C00238907,REED COMMITTEE,3362031.97,3203003.74,1965419.0,1965419.0,0.0,2013-01-01T00:00:00,2014-12-31T00:00:00,2014,1590931.08,1483426.0,107503.08,0.0,15859.89,YEAR-END,2014,True,committee_totals
S6RI00163,"REED, JOHN F.",RI,DEM,C00238907,REED COMMITTEE,250237.0,740035.0,1859833.0,1859833.0,0.0,2011-01-01T00:00:00,2012-12-31T00:00:00,2012,78112.0,68120.0,9992.0,0.0,23525.0,YEAR-END,2012,True,committee_totals
S6RI00163,"REED, JOHN F.",RI,DEM,C00238907,REED COMMITTEE,348066.0,706722.0,2349630.0,2349630.0,0.0,2009-01-01T00:00:00,2010-12-31T00:00:00,2010,144747.0,121021.0,23726.0,0.0,64663.0,YEAR-END,2010,True,committee_totals
S6RI00163,"REED, JOHN F.",RI,DEM,C00238907,REED COMMITTEE,3962443.0,2258706.0,2708287.0,2708287.0,0.0,2007-01-01T00:00:00,2008-12-31T00:00:00,2008,2201048.0,2112370.0,88677.0,0.0,171876.0,YEAR-END,2008,True,committee_totals
S6RI00163,"REED, JOHN F.",RI,DEM,C00238907,REED COMMITTEE,543378.0,464495.0,1004549.0,1004549.0,0.0,2005-01-01T00:00:00,2006-12-31T00:00:00,2006,244393.0,184783.0,25705.0,0.0,51149.0,YEAR-END,2006,True,committee_totals
S6RI00163,"REED, JOHN F.",RI,DEM,C00238907,REED COMMITTEE,229425.0,452440.0,925666.0,925666.0,0.0,2003-01-01T00:00:00,2004-12-31T00:00:00,2004,123085.0,,,0.0,,YEAR-END,2004,True,committee_totals
S6RI00163,"REED, JOHN F.",RI,DEM,C00238907,REED COMMITTEE,2329577.0,1767967.0,1148583.0,1148583.0,5890.0,2001-01-01T00:00:00,2002-12-31T00:00:00,2002,1359952.0,,,17500.0,,YEAR-END,2002,True,committee_totals
S6RI00163,"REED, JOHN F.",RI,DEM,C00238907,REED COMMITTEE,899423.0,417903.0,586973.0,586973.0,65895.0,1999-01-01T00:00:00,2000-12-31T00:00:00,2000,540461.0,,,,,YEAR-END,2000,True,committee_totals
S6RI00163,"REED, JOHN F.",RI,DEM,C00238907,REED COMMITTEE,535624.0,455100.0,105453.0,105453.0,105295.0,1997-01-01T00:00:00,1998-12-31T00:00:00,1998,279447.0,,,0.0,,YEAR-END,1998,True,committee_totals
S6RI00163,"REED, JOHN F.",RI,DEM,C00238907,REED COMMITTEE,2688136.0,2732011.0,24931.0,24931.0,245944.0,1995-01-01T00:00:00,1996-12-31T00:00:00,1996,1511660.0,,,0.0,,YEAR-END,1996,True,committee_totals
S6RI00163,"REED, JOHN F.",RI,DEM,C00238907,REED COMMITTEE,666236.0,604267.0,68807.0,68807.0,126373.0,1993-01-01T00:00:00,1994-12-31T00:00:00,1994,343642.0,,,0.0,,YEAR-END,1994,True,committee_totals
S6RI00163,"REED, JOHN F.",RI,DEM,C00238907,REED COMMITTEE; THE,816308.0,815622.0,6837.0,6837.0,180225.0,1991-01-01T00:00:00,1992-12-31T00:00:00,1992,323632.0,,,2500.0,,YEAR-END,1992,True,committee_totals
S6RI00163,"REED, JOHN F.",RI,DEM,C00238907,REED FOR CONGRESS,902877.0,897224.0,6152.0,6152.0,280672.0,1989-10-06T00:00:00,1990-12-31T00:00:00,1990,301088.0,,,0.0,,YEAR-END,1990,True,committee_totals
S6VA00176,"REEVES, BRYCE",VA,REP,C00921593,REEVES FOR SENATE,106324.12,106324.12,0.0,0.0,0.0,2025-10-01T00:00:00,2026-03-31T00:00:00,2026,57248.43,41833.31,15415.12,0.0,0.01,APRIL QUARTERLY,2026,True,committee_totals
S6MT00097,"REHBERG, DENNIS RAY",MT,REP,C00303982,MONTANANS FOR REHBERG,124814.0,136173.0,6.0,6.0,0.0,1997-01-01T00:00:00,1997-06-30T00:00:00,1998,1950.0,,,106190.0,,MID-YEAR REPORT,1997,True,committee_totals
S6MT00097,"REHBERG, DENNIS RAY",MT,REP,C00303982,MONTANANS FOR REHBERG,1369530.0,1358165.0,11365.0,11365.0,131518.0,1995-07-01T00:00:00,1996-12-31T00:00:00,1996,854353.0,,,1000.0,,YEAR-END,1996,True,committee_totals
S6MT00097,"REHBERG, DENNIS RAY",MT,REP,C00493015,MONTANANS FOR REHBERG,0.0,0.0,0.0,0.0,0.0,2025-01-25T00:00:00,2026-03-31T00:00:00,2026,0.0,0.0,0.0,0.0,0.0,APRIL QUARTERLY,2026,True,committee_totals
S6MT00097,"REHBERG, DENNIS RAY",MT,REP,C00493015,MONTANANS FOR REHBERG,0.0,1055.44,0.0,0.0,0.0,2023-01-01T00:00:00,2024-12-31T00:00:00,2024,0.0,0.0,0.0,0.0,0.0,YEAR-END,2024,True,committee_totals
S6MT00097,"REHBERG, DENNIS RAY",MT,REP,C00493015,MONTANANS FOR REHBERG,0.0,0.0,1055.44,1055.44,202992.02,2021-01-01T00:00:00,2022-12-31T00:00:00,2022,0.0,0.0,0.0,0.0,0.0,YEAR-END,2022,True,committee_totals
S6MT00097,"REHBERG, DENNIS RAY",MT,REP,C00493015,MONTANANS FOR REHBERG,2.87,4486.98,1055.44,1055.44,202992.02,2019-01-01T00:00:00,2021-03-31T00:00:00,2020,0.0,0.0,0.0,0.0,2.87,YEAR-END,2020,True,committee_totals
S6MT00097,"REHBERG, DENNIS RAY",MT,REP,C00493015,MONTANANS FOR REHBERG,9279.0,5500.0,5484.0,5484.0,202992.0,2017-01-01T00:00:00,2018-12-31T00:00:00,2018,0.0,0.0,0.0,0.0,0.0,YEAR-END,2018,True,committee_totals
S6MT00097,"REHBERG, DENNIS RAY",MT,REP,C00493015,MONTANANS FOR REHBERG,0.0,60.0,1705.0,1705.0,202992.0,2015-01-01T00:00:00,2016-12-31T00:00:00,2016,0.0,0.0,0.0,0.0,0.0,YEAR-END,2016,True,committee_totals
S6MT00097,"REHBERG, DENNIS RAY",MT,REP,C00493015,MONTANANS FOR REHBERG,130949.0,162922.98,1766.0,1766.0,202992.0,2013-01-01T00:00:00,2014-12-31T00:00:00,2014,73106.0,40867.0,32239.0,500.0,912.0,YEAR-END,2014,True,committee_totals
S6MT00097,"REHBERG, DENNIS RAY",MT,REP,C00493015,MONTANANS FOR REHBERG,9560983.0,9526859.0,33743.0,33743.0,191189.0,2011-01-01T00:00:00,2012-12-31T00:00:00,2012,6649583.0,5279486.0,1370093.0,0.0,24801.0,YEAR-END,2012,True,committee_totals
S4CA00670,"REISS, JONATHAN",CA,REP,C00789776,"REISS FOR US SENATE, INC.",206.03,131.21,114.03,114.03,14017.12,2025-01-01T00:00:00,2026-03-31T00:00:00,2026,206.03,0.0,206.03,0.0,0.0,APRIL QUARTERLY,2026,True,committee_totals
S4CA00670,"REISS, JONATHAN",CA,REP,C00789776,"REISS FOR US SENATE, INC.",14156.17,15576.24,39.21,39.21,14017.12,2023-01-01T00:00:00,2024-12-31T00:00:00,2024,10529.36,7665.25,2864.11,0.0,752.36,YEAR-END,2024,True,committee_totals
S4CA00670,"REISS, JONATHAN",CA,REP,C00789776,"REISS FOR US SENATE, INC.",9805.0,8333.72,1459.28,1459.28,11041.57,2021-10-01T00:00:00,2022-12-31T00:00:00,2022,5500.0,5400.0,100.0,0.0,0.0,YEAR-END,2022,True,committee_totals
S6ME00282,"RENCH, PHILLIP",ME,IND,C00897660,PHILLIP RENCH FOR US SENATE CAMPAIGN,55499.8,47452.0,8047.8,8047.8,50000.0,2025-01-01T00:00:00,2025-12-31T00:00:00,2026,4632.33,3568.4,1063.93,5.43,0.0,TERMINATION REPORT,2025,True,committee_totals
S6NE00129,"RICKETTS, PETE",NE,REP,C00414375,NEBRASKA FAMILIES FOR PETE RICKETTS INC,102856.0,102520.0,7538.0,7538.0,7575000.0,2007-01-01T00:00:00,2008-12-31T00:00:00,2008,0.0,0.0,0.0,0.0,17835.0,YEAR-END,2008,True,committee_totals
S6NE00129,"RICKETTS, PETE",NE,REP,C00414375,NEBRASKA FAMILIES FOR PETE RICKETTS INC,13424896.0,13417690.0,7204.0,7204.0,7575000.0,2005-07-01T00:00:00,2006-12-31T00:00:00,2006,1192585.0,1109659.82,82925.0,15597.0,0.0,YEAR-END,2006,True,committee_totals
S6NE00129,"RICKETTS, PETE",NE,REP,C00832436,PETE RICKETTS FOR SENATE,4866649.16,4281083.75,1072534.52,1072534.52,0.0,2025-01-01T00:00:00,2026-04-22T00:00:00,2026,1753452.32,1589226.54,164225.78,45887.54,64943.42,PRE-PRIMARY,2026,True,committee_totals
S6NE00129,"RICKETTS, PETE",NE,REP,C00832436,PETE RICKETTS FOR SENATE,5876228.08,5388941.16,486969.11,486969.11,6000.0,2023-01-01T00:00:00,2024-12-31T00:00:00,2024,1698880.62,1555200.39,143680.23,120067.59,55252.08,YEAR-END,2024,True,committee_totals
S6MA00254,"RIKLEEN, ALEXANDER",MA,DEM,C00903781,RIKLEEN COMMITTEE,75700.42,72981.88,2718.54,2718.54,37789.41,2025-04-01T00:00:00,2026-03-31T00:00:00,2026,51659.09,31836.27,19822.82,154.09,0.0,APRIL QUARTERLY,2026,True,committee_totals
S8ID00092,"RISCH, JAMES E MR.",ID,UNK,C00440362,JIM RISCH FOR U.S. SENATE COMMITTEE,2729215.51,1322608.05,3826972.02,3826972.02,0.0,2025-01-01T00:00:00,2026-03-31T00:00:00,2026,1738600.96,1624366.36,114234.6,0.0,82197.47,APRIL QUARTERLY,2026,True,committee_totals
S8ID00092,"RISCH, JAMES E MR.",ID,UNK,C00440362,JIM RISCH FOR U.S. SENATE COMMITTEE,632240.45,462251.85,2420364.56,2420364.56,0.0,2023-01-01T00:00:00,2024-12-31T00:00:00,2024,310277.48,268344.17,41933.31,0.0,101962.97,YEAR-END,2024,True,committee_totals
S8ID00092,"RISCH, JAMES E MR.",ID,UNK,C00440362,JIM RISCH FOR U.S. SENATE COMMITTEE,441336.61,385819.74,2243062.03,2243062.03,0.0,2021-01-01T00:00:00,2022-12-31T00:00:00,2022,171148.32,136721.0,34427.32,0.0,121990.69,YEAR-END,2022,True,committee_totals
S8ID00092,"RISCH, JAMES E MR.",ID,UNK,C00440362,JIM RISCH FOR U.S. SENATE COMMITTEE,2933025.77,1830775.23,2187545.16,2187545.16,0.0,2019-01-01T00:00:00,2020-12-31T00:00:00,2020,1631320.03,1238783.95,392536.08,0.0,30410.67,YEAR-END,2020,True,committee_totals
S8ID00092,"RISCH, JAMES E MR.",ID,UNK,C00440362,JIM RISCH FOR U S SENATE COMMITTEE,236079.17,229946.77,1085294.62,1085294.62,0.0,2017-01-01T00:00:00,2018-12-31T00:00:00,2018,115980.01,115880.01,100.0,0.0,22109.16,YEAR-END,2018,True,committee_totals
S8ID00092,"RISCH, JAMES E MR.",ID,UNK,C00440362,JIM RISCH FOR U S SENATE COMMITTEE,160525.0,219617.0,1079162.0,1079162.0,0.0,2015-01-01T00:00:00,2016-12-31T00:00:00,2016,71975.0,69850.0,2125.0,0.0,16018.0,YEAR-END,2016,True,committee_totals
S8ID00092,"RISCH, JAMES E MR.",ID,UNK,C00440362,JIM RISCH FOR U S SENATE COMMITTEE,2089762.0,1183867.0,1138257.0,1138257.0,0.0,2013-01-01T00:00:00,2014-12-31T00:00:00,2014,1076496.0,721056.0,355439.0,0.0,5824.0,YEAR-END,2014,True,committee_totals
S8ID00092,"RISCH, JAMES E MR.",ID,UNK,C00440362,JIM RISCH FOR U S SENATE COMMITTEE,394505.0,194104.0,232293.0,232293.0,0.0,2011-01-01T00:00:00,2012-12-31T00:00:00,2012,242261.0,204230.0,38031.0,0.0,81486.83,YEAR-END,2012,True,committee_totals
S8ID00092,"RISCH, JAMES E MR.",ID,UNK,C00440362,JIM RISCH FOR U S SENATE COMMITTEE,458588.0,448252.0,31894.0,31894.0,25000.0,2009-01-01T00:00:00,2010-12-31T00:00:00,2010,195280.0,72688.0,122592.0,9.0,44972.0,YEAR-END,2010,True,committee_totals
S8ID00092,"RISCH, JAMES E MR.",ID,UNK,C00440362,JIM RISCH FOR U S SENATE COMMITTEE,3594815.0,3573256.0,21560.0,21560.0,53305.0,2007-10-01T00:00:00,2008-12-31T00:00:00,2008,2173431.0,1232667.0,940763.0,192.0,41791.0,YEAR-END,2008,True,committee_totals
S6FL00418,"RIVERA, ERNESTO J",FL,REP,C00607564,ERNIE RIVERA FOR FLORIDA,0.0,0.0,0.0,0.0,0.0,2017-01-01T00:00:00,2017-06-30T00:00:00,2018,0.0,0.0,0.0,0.0,0.0,JULY QUARTERLY,2017,True,committee_totals
S6FL00418,"RIVERA, ERNESTO J",FL,REP,C00607564,ERNIE RIVERA FOR FLORIDA,296308.0,296257.0,0.0,0.0,0.0,2015-11-12T00:00:00,2016-12-31T00:00:00,2016,350.0,2827.0,150.0,0.0,0.0,YEAR-END,2016,True,committee_totals
S6ME00365,"RODRIGUEZ, DAIRA",ME,DEM,C00916189,DAIRA FOR MAINE,242582.34,242582.34,0.0,0.0,0.0,2025-08-15T00:00:00,2025-12-31T00:00:00,2026,29582.33,22793.33,6789.0,53000.0,0.0,TERMINATION REPORT,2025,True,committee_totals
S4TX00607,"RODRIGUEZ-PRILLIMAN, HELI",TX,DEM,C00817692,HELI FOR TEXAS,6323.6,2232.08,1970.65,1970.65,41877.0,2025-01-01T00:00:00,2026-03-31T00:00:00,2026,3001.6,472.5,2529.1,2699.0,0.0,APRIL QUARTERLY,2026,True,committee_totals
S4TX00607,"RODRIGUEZ-PRILLIMAN, HELI",TX,DEM,C00817692,HELI FOR TEXAS,10122.0,10689.65,-9.0,-9.0,39777.5,2023-01-01T00:00:00,2024-12-31T00:00:00,2024,10122.0,7155.0,2967.0,0.0,0.0,YEAR-END,2024,True,committee_totals
S4TX00607,"RODRIGUEZ-PRILLIMAN, HELI",TX,DEM,C00817692,HELI FOR TEXAS,20623.0,20064.35,558.65,558.65,17000.0,2022-04-01T00:00:00,2022-12-31T00:00:00,2022,13158.0,9850.0,3308.0,7465.0,0.0,YEAR-END,2022,True,committee_totals
S6IL00631,"RODRIQUEZ, ADAIR",IL,DEM,C00917260,ADAIR FOR ILLINOIS,236.0,148.48,0.0,0.0,0.0,2025-07-01T00:00:00,2025-12-31T00:00:00,2026,106.0,0.0,106.0,130.0,0.0,YEAR-END,2025,True,committee_totals
S4MI00595,"ROGERS, MICHAEL J",MI,REP,C00849810,ROGERS FOR SENATE,7623339.49,3670043.1,4208027.83,4208027.83,0.0,2025-01-01T00:00:00,2026-03-31T00:00:00,2026,4476026.42,2908843.89,1567182.53,0.0,2449.88,APRIL QUARTERLY,2026,True,committee_totals
S4MI00595,"ROGERS, MICHAEL J",MI,REP,C00849810,ROGERS FOR SENATE,13126442.1,12871710.66,254731.44,254731.44,30000.0,2023-07-01T00:00:00,2024-12-31T00:00:00,2024,9723342.22,6823532.7,2899809.52,0.0,27922.18,YEAR-END,2024,True,committee_totals
S8IN00189,"ROKITA, THEODORE EDWARD",IN,REP,C00476192,"HOOSIERS FOR ROKITA, INC.",0.0,5135.54,5135.54,5135.54,0.0,2025-01-01T00:00:00,2026-09-30T00:00:00,2026,0.0,0.0,0.0,0.0,0.0,OCTOBER QUARTERLY,2026,True,committee_totals
S8IN00189,"ROKITA, THEODORE EDWARD",IN,REP,C00476192,"HOOSIERS FOR ROKITA, INC.",7.47,30875.44,5135.54,5135.54,0.0,2023-01-01T00:00:00,2024-12-31T00:00:00,2024,0.0,0.0,0.0,0.0,7.47,YEAR-END,2024,True,committee_totals
S8IN00189,"ROKITA, THEODORE EDWARD",IN,REP,C00476192,"HOOSIERS FOR ROKITA, INC.",12564.25,14584.95,36003.51,36003.51,0.0,2021-01-01T00:00:00,2022-12-31T00:00:00,2022,0.0,0.0,0.0,0.0,12564.25,YEAR-END,2022,True,committee_totals
S8IN00189,"ROKITA, THEODORE EDWARD",IN,REP,C00476192,"HOOSIERS FOR ROKITA, INC.",59.27,24641.11,38024.21,38024.21,0.0,2019-01-01T00:00:00,2020-12-31T00:00:00,2020,0.0,0.0,0.0,0.0,59.27,YEAR-END,2020,True,committee_totals
S8IN00189,"ROKITA, THEODORE EDWARD",IN,REP,C00476192,"HOOSIERS FOR ROKITA, INC.",2924950.95,4177910.26,62606.05,62606.05,0.0,2017-01-01T00:00:00,2018-12-31T00:00:00,2018,2341226.99,2248475.99,92750.0,0.0,686.98,YEAR-END,2018,True,committee_totals
S8IN00189,"ROKITA, THEODORE EDWARD",IN,REP,C00476192,"HOOSIERS FOR ROKITA, INC.",1441198.76,1178655.37,1315564.74,1315564.74,0.0,2015-01-01T00:00:00,2016-12-31T00:00:00,2016,903422.77,876631.77,26791.0,0.0,7.7,YEAR-END,2016,True,committee_totals
S8IN00189,"ROKITA, THEODORE EDWARD",IN,REP,C00476192,"HOOSIERS FOR ROKITA, INC.",1537040.32,1157768.84,1053021.35,1053021.35,0.0,2013-01-01T00:00:00,2014-12-31T00:00:00,2014,1031090.32,953268.28,77822.04,0.0,2180.4,YEAR-END,2014,True,committee_totals
S8IN00189,"ROKITA, THEODORE EDWARD",IN,REP,C00476192,"HOOSIERS FOR ROKITA, INC.",1321277.75,942938.74,673749.87,673749.87,0.0,2011-01-01T00:00:00,2012-12-31T00:00:00,2012,809020.18,782692.18,26328.0,0.0,19983.38,YEAR-END,2012,True,committee_totals
S8IN00189,"ROKITA, THEODORE EDWARD",IN,REP,C00476192,"HOOSIERS FOR ROKITA, INC.",1095067.12,799656.26,295410.86,295410.86,0.0,2010-01-01T00:00:00,2010-12-31T00:00:00,2010,791838.81,729272.24,62566.57,0.0,543.78,YEAR-END,2010,True,committee_totals
S6KY00369,"ROMANS, DALE",KY,DEM,C00925578,DALE ROMANS FOR KENTUCKY,821111.07,380233.44,440877.63,440877.63,230000.0,2025-10-01T00:00:00,2026-03-31T00:00:00,2026,587611.07,541190.0,46421.07,0.0,0.0,APRIL QUARTERLY,2026,True,committee_totals
S8UT00176,"ROMNEY, WILLARD MITT MR",UT,REP,C00670695,ROMNEY FOR UTAH INC,32247.59,151866.52,421827.36,421827.36,0.0,2025-01-01T00:00:00,2026-03-31T00:00:00,2026,0.0,0.0,0.0,0.0,30247.59,APRIL QUARTERLY,2026,True,committee_totals
S8UT00176,"ROMNEY, WILLARD MITT MR",UT,REP,C00670695,ROMNEY FOR UTAH INC,1237434.21,1288557.47,541446.29,541446.29,0.0,2023-01-01T00:00:00,2024-12-31T00:00:00,2024,-15664.67,-27873.23,12208.56,0.0,758597.38,YEAR-END,2024,True,committee_totals
S8UT00176,"ROMNEY, WILLARD MITT MR",UT,REP,C00670695,ROMNEY FOR UTAH INC,681671.02,690479.71,592569.55,592569.55,0.0,2021-01-01T00:00:00,2022-12-31T00:00:00,2022,300006.3,256942.5,43063.8,0.0,104006.65,YEAR-END,2022,True,committee_totals
S8UT00176,"ROMNEY, WILLARD MITT MR",UT,REP,C00670695,ROMNEY FOR UTAH INC,891538.6,547982.12,601378.24,601378.24,0.0,2019-01-01T00:00:00,2020-12-31T00:00:00,2020,270115.5,138341.95,131773.55,0.0,315840.5,YEAR-END,2020,True,committee_totals
S8UT00176,"ROMNEY, WILLARD MITT MR",UT,REP,C00670695,ROMNEY FOR UTAH INC,5552040.26,5294219.14,257821.76,257821.76,0.0,2018-01-01T00:00:00,2018-12-31T00:00:00,2018,4309787.27,3811287.0,498500.27,0.0,22557.4,YEAR-END,2018,True,committee_totals
S4NM00118,"ROSE, JERRY",NM,UN,C00765362,COMMITTEE TO ELECT JERRY ROSE FOR US SENATE,2720.11,2523.69,758.06,758.06,0.0,2021-01-01T00:00:00,2021-06-30T00:00:00,2022,1856.01,1596.01,260.0,864.1,0.0,JULY QUARTERLY,2021,True,committee_totals
S4NM00118,"ROSE, JERRY",NM,UN,C00765362,COMMITTEE TO ELECT JERRY ROSE FOR US SENATE,547.26,17.0,530.26,530.26,0.0,2020-10-01T00:00:00,2020-12-31T00:00:00,2020,26.41,0.0,26.41,520.85,0.0,YEAR-END,2020,True,committee_totals
S4CA00704,"ROSE, JOHN",CA,DEM,C00844654,ROSE FOR US,0.0,0.0,125.0,125.0,6317.73,2025-01-01T00:00:00,2025-02-16T00:00:00,2026,0.0,0.0,0.0,0.0,0.0,TERMINATION REPORT,2025,True,committee_totals
S4CA00704,"ROSE, JOHN",CA,DEM,C00844654,ROSE FOR US,6317.73,6192.73,125.0,125.0,6317.73,2023-06-14T00:00:00,2024-12-31T00:00:00,2024,0.0,0.0,0.0,0.0,0.0,YEAR-END,2024,True,committee_totals
S4CA00712,"ROSE, JOHN DAVID",CA,DEM,C00844654,ROSE FOR US,0.0,0.0,125.0,125.0,6317.73,2025-01-01T00:00:00,2025-02-16T00:00:00,2026,0.0,0.0,0.0,0.0,0.0,TERMINATION REPORT,2025,True,committee_totals
S4CA00712,"ROSE, JOHN DAVID",CA,DEM,C00844654,ROSE FOR US,6317.73,6192.73,125.0,125.0,6317.73,2023-06-14T00:00:00,2024-12-31T00:00:00,2024,0.0,0.0,0.0,0.0,0.0,YEAR-END,2024,True,committee_totals
S8MT00234,"ROSENDALE, MATT MR.",MT,REP,C00548289,MATT ROSENDALE FOR MONTANA,920.41,810043.39,110969.82,110969.82,123500.7,2025-01-01T00:00:00,2026-03-31T00:00:00,2026,0.0,0.0,0.0,0.0,5.64,APRIL QUARTERLY,2026,True,committee_totals
S8MT00234,"ROSENDALE, MATT MR.",MT,REP,C00548289,MATT ROSENDALE FOR MONTANA,1067698.39,1365378.51,920092.8,920092.8,0.0,2023-01-01T00:00:00,2024-12-31T00:00:00,2024,582548.66,485066.67,97481.99,0.0,29.9,YEAR-END,2024,True,committee_totals
S8MT00234,"ROSENDALE, MATT MR.",MT,REP,C00548289,MATT ROSENDALE FOR MONTANA,2284637.89,1329704.01,1217772.92,1217772.92,0.0,2021-01-01T00:00:00,2022-12-31T00:00:00,2022,1268951.77,1071087.82,197863.95,0.0,1602.62,YEAR-END,2022,True,committee_totals
S8MT00234,"ROSENDALE, MATT MR.",MT,REP,C00548289,MATT ROSENDALE FOR MONTANA,4034800.46,3848139.8,262839.04,262839.04,0.0,2019-01-01T00:00:00,2020-12-31T00:00:00,2020,3143255.17,2660927.87,482327.3,0.0,723.42,YEAR-END,2020,True,committee_totals
S8MT00234,"ROSENDALE, MATT MR.",MT,REP,C00548289,MATT ROSENDALE FOR MONTANA,5994022.92,5924058.32,76178.38,76178.38,157831.0,2017-01-01T00:00:00,2018-12-31T00:00:00,2018,4549340.98,3980214.72,569125.26,0.0,186.93,YEAR-END,2018,True,committee_totals
S8MT00234,"ROSENDALE, MATT MR.",MT,REP,C00548289,MATT ROSENDALE FOR MONTANA,19066.53,15533.29,6213.02,6213.02,236694.0,2015-01-01T00:00:00,2016-12-31T00:00:00,2016,10000.0,10000.0,0.0,0.0,0.0,YEAR-END,2016,True,committee_totals
S8MT00234,"ROSENDALE, MATT MR.",MT,REP,C00548289,MATT ROSENDALE FOR MONTANA,1356310.38,1353630.6,2679.78,2679.78,254445.0,2013-07-31T00:00:00,2014-12-31T00:00:00,2014,195111.95,165548.0,29563.95,3046.24,0.0,YEAR-END,2014,True,committee_totals
S8NV00156,"ROSEN, JACKY",NV,DEM,C00606939,ROSEN FOR NEVADA,1201412.28,1965602.58,1015905.5,1015905.5,0.0,2025-01-01T00:00:00,2026-03-31T00:00:00,2026,863506.07,434285.35,429220.72,0.0,87590.57,APRIL QUARTERLY,2026,True,committee_totals
S8NV00156,"ROSEN, JACKY",NV,DEM,C00606939,ROSEN FOR NEVADA,43915245.2,46560379.83,1780095.8,1780095.8,0.0,2023-01-01T00:00:00,2024-12-31T00:00:00,2024,33769624.63,21275258.36,12494366.27,0.0,1220156.79,YEAR-END,2024,True,committee_totals
S8NV00156,"ROSEN, JACKY",NV,DEM,C00606939,ROSEN FOR NEVADA,5739188.98,2975654.3,4425230.43,4425230.43,15000.0,2021-01-01T00:00:00,2022-12-31T00:00:00,2022,4660191.57,1699192.33,2960999.24,0.0,9080.67,YEAR-END,2022,True,committee_totals
S8NV00156,"ROSEN, JACKY",NV,DEM,C00606939,ROSEN FOR NEVADA,2537921.76,1054415.87,1661695.75,1661695.75,15000.0,2019-01-01T00:00:00,2020-12-31T00:00:00,2020,1110573.1,651872.06,458701.04,0.0,14148.89,YEAR-END,2020,True,committee_totals
S8NV00156,"ROSEN, JACKY",NV,DEM,C00606939,ROSEN FOR NEVADA,26242152.35,26079221.37,178189.86,178189.86,15000.0,2017-01-01T00:00:00,2018-12-31T00:00:00,2018,22909611.89,14526570.9,8383038.99,0.0,0.0,YEAR-END,2018,True,committee_totals
S8NV00156,"ROSEN, JACKY",NV,DEM,C00606939,ROSEN FOR NEVADA,1730753.77,1715492.88,15260.89,15260.89,43321.0,2016-01-01T00:00:00,2016-12-31T00:00:00,2016,1158375.65,984212.96,174162.69,0.0,0.0,YEAR-END,2016,True,committee_totals
S6ID00138,"ROTH, DAVID JORDAN",ID,DEM,C00839720,DAVID ROTH FOR IDAHO,7494.66,8180.98,-91.55,-91.55,10027.58,2025-01-01T00:00:00,2026-03-31T00:00:00,2026,3938.63,2150.0,1788.63,3156.03,0.0,APRIL QUARTERLY,2026,True,committee_totals
S6ID00138,"ROTH, DAVID JORDAN",ID,DEM,C00839720,DAVID ROTH FOR IDAHO,104431.35,100581.05,665.77,665.77,7822.08,2023-04-01T00:00:00,2024-12-31T00:00:00,2024,102146.67,44330.24,57816.43,197.64,112.04,YEAR-END,2024,True,committee_totals
S4SD00049,"ROUNDS, MIKE",SD,REP,C00532465,ROUNDS FOR SENATE,2432353.99,1365508.33,2936874.73,2936874.73,0.0,2025-01-01T00:00:00,2026-03-31T00:00:00,2026,1032859.41,1004176.58,28682.83,0.0,90925.88,APRIL QUARTERLY,2026,True,committee_totals
S4SD00049,"ROUNDS, MIKE",SD,REP,C00532465,ROUNDS FOR SENATE,1084383.8,611893.88,1870029.07,1870029.07,0.0,2023-01-01T00:00:00,2024-12-31T00:00:00,2024,342206.42,319745.92,22460.5,0.0,206523.83,YEAR-END,2024,True,committee_totals
S4SD00049,"ROUNDS, MIKE",SD,REP,C00532465,ROUNDS FOR SENATE,253085.24,538068.05,1397539.15,1397539.15,0.0,2021-01-01T00:00:00,2022-12-31T00:00:00,2022,95365.96,75375.5,19990.46,0.0,-61348.38,YEAR-END,2022,True,committee_totals
S4SD00049,"ROUNDS, MIKE",SD,REP,C00532465,ROUNDS FOR SENATE,3659983.5,2488999.99,1682521.96,1682521.96,0.0,2019-01-01T00:00:00,2020-12-31T00:00:00,2020,2063535.73,1729049.61,334486.12,0.0,6593.63,YEAR-END,2020,True,committee_totals
S4SD00049,"ROUNDS, MIKE",SD,REP,C00532465,ROUNDS FOR SENATE,853681.75,421289.29,511538.45,511538.45,0.0,2017-01-01T00:00:00,2018-12-31T00:00:00,2018,334628.0,309160.0,25468.0,0.0,2196.35,YEAR-END,2018,True,committee_totals
S4SD00049,"ROUNDS, MIKE",SD,REP,C00532465,ROUNDS FOR SENATE,292545.0,332798.0,79146.0,79146.0,0.0,2015-01-01T00:00:00,2016-12-31T00:00:00,2016,114046.0,112100.0,1946.0,4320.0,0.0,YEAR-END,2016,True,committee_totals
S4SD00049,"ROUNDS, MIKE",SD,REP,C00532465,ROUNDS FOR SENATE,5028693.0,5170502.0,119401.0,119401.0,136276.0,2013-01-01T00:00:00,2014-12-31T00:00:00,2014,3371648.0,3122818.0,248827.0,5279.0,855.0,YEAR-END,2014,True,committee_totals
S4SD00049,"ROUNDS, MIKE",SD,REP,C00532465,ROUNDS FOR SENATE,269240.0,8027.0,261212.0,261212.0,0.0,2012-10-01T00:00:00,2012-12-31T00:00:00,2012,246740.0,242775.0,3965.0,5000.0,0.0,YEAR-END,2012,True,committee_totals
S6ID00153,"ROY, JOSHUA S",ID,REP,C00928424,JOSH ROY FOR IDAHO,27384.67,14495.1,12889.57,12889.57,17862.97,2025-10-01T00:00:00,2026-03-31T00:00:00,2026,9092.42,7011.1,2081.32,25.0,0.0,APRIL QUARTERLY,2026,True,committee_totals
S0FL00338,"RUBIO, MARCO",FL,REP,C00458844,MARCO RUBIO FOR PRESIDENT,0.0,0.0,3609.89,3609.89,827657.12,2025-01-01T00:00:00,2026-03-31T00:00:00,2026,0.0,0.0,0.0,0.0,0.0,APRIL QUARTERLY,2026,True,committee_totals
S0FL00338,"RUBIO, MARCO",FL,REP,C00458844,MARCO RUBIO FOR PRESIDENT,0.0,0.0,3609.89,3609.89,827657.12,2023-01-01T00:00:00,2024-12-31T00:00:00,2024,0.0,0.0,0.0,0.0,0.0,YEAR-END,2024,True,committee_totals
S0FL00338,"RUBIO, MARCO",FL,REP,C00458844,MARCO RUBIO FOR PRESIDENT,1387.59,882.47,3609.89,3609.89,827657.12,2021-01-01T00:00:00,2022-12-31T00:00:00,2022,769.42,0.0,770.0,0.0,0.0,YEAR-END,2022,True,committee_totals
S0FL00338,"RUBIO, MARCO",FL,REP,C00458844,MARCO RUBIO FOR PRESIDENT,57500.0,59379.8,3104.77,3104.77,827657.12,2019-01-01T00:00:00,2020-12-31T00:00:00,2020,0.0,0.0,0.0,0.0,0.0,YEAR-END,2020,True,committee_totals
S0FL00338,"RUBIO, MARCO",FL,REP,C00458844,MARCO RUBIO FOR PRESIDENT,339202.37,446832.1,4984.57,4984.57,877657.12,2017-01-01T00:00:00,2018-12-31T00:00:00,2018,1090.0,1000.0,90.0,0.0,311858.5,YEAR-END,2018,True,committee_totals
S0FL00338,"RUBIO, MARCO",FL,REP,C00458844,MARCO RUBIO FOR PRESIDENT,48331861.99,51557701.76,112614.3,112614.3,1197657.12,2015-01-01T00:00:00,2016-12-31T00:00:00,2016,45362309.23,34633045.0,10729263.0,0.0,1392632.29,YEAR-END,2016,True,committee_totals
S0FL00338,"RUBIO, MARCO",FL,REP,C00458844,MARCO RUBIO FOR US SENATE,3306404.0,1350588.0,3338454.0,3338454.0,0.0,2013-01-01T00:00:00,2014-12-31T00:00:00,2014,1213063.0,842608.0,370455.0,0.0,13084.0,YEAR-END,2014,True,committee_totals
S0FL00338,"RUBIO, MARCO",FL,REP,C00458844,MARCO RUBIO FOR US SENATE,4771533.0,3509951.0,1382639.0,1382639.0,0.0,2011-01-01T00:00:00,2012-12-31T00:00:00,2012,3732434.0,1810959.0,1921475.0,0.0,196405.0,YEAR-END,2012,True,committee_totals
S0FL00338,"RUBIO, MARCO",FL,REP,C00458844,MARCO RUBIO FOR US SENATE,21741330.0,21638315.0,103015.0,103015.0,707398.0,2009-01-01T00:00:00,2010-12-31T00:00:00,2010,19382783.0,11819550.0,7563229.0,8087.0,37196.0,YEAR-END,2010,True,committee_totals
S0FL00338,"RUBIO, MARCO",FL,REP,C00620518,MARCO RUBIO FOR SENATE,1434868.67,182757.89,2854657.9,2854657.9,0.0,2025-01-01T00:00:00,2026-03-31T00:00:00,2026,11055.76,11311.6,-255.84,0.0,959.32,APRIL QUARTERLY,2026,True,committee_totals
S0FL00338,"RUBIO, MARCO",FL,REP,C00620518,MARCO RUBIO FOR SENATE,3012251.37,1907157.46,1602547.12,1602547.12,0.0,2023-01-01T00:00:00,2024-12-31T00:00:00,2024,2583493.72,1693727.72,889766.0,0.0,30480.17,YEAR-END,2024,True,committee_totals
S0FL00338,"RUBIO, MARCO",FL,REP,C00620518,MARCO RUBIO FOR SENATE,43477113.48,46055342.68,497453.21,497453.21,0.0,2021-01-01T00:00:00,2022-12-31T00:00:00,2022,38949661.01,23793060.4,15156600.61,0.0,79868.55,YEAR-END,2022,True,committee_totals
S0FL00338,"RUBIO, MARCO",FL,REP,C00620518,MARCO RUBIO FOR SENATE,4653132.95,2274830.46,3075682.41,3075682.41,0.0,2019-01-01T00:00:00,2020-12-31T00:00:00,2020,3940792.48,1735485.66,2205306.82,0.0,50669.95,YEAR-END,2020,True,committee_totals
S0FL00338,"RUBIO, MARCO",FL,REP,C00620518,MARCO RUBIO FOR SENATE ,2815214.2,2300293.11,697379.92,697379.92,0.0,2017-01-01T00:00:00,2018-12-31T00:00:00,2018,1427896.56,713055.48,714841.08,0.0,430751.63,YEAR-END,2018,True,committee_totals
S0FL00338,"RUBIO, MARCO",FL,REP,C00620518,MARCO RUBIO FOR SENATE 2016,16611419.0,16428961.0,182457.0,182457.0,776958.0,2016-04-01T00:00:00,2016-12-31T00:00:00,2016,13605413.0,10022351.0,3583060.0,0.0,0.0,YEAR-END,2016,True,committee_totals
S4MN00486,"RUOHO, MIKE",MN,REP,C00819672,MIKE RUOHO FOR SENATE,0.0,550.0,-136.35,-136.35,0.0,2025-01-01T00:00:00,2025-03-31T00:00:00,2026,0.0,0.0,0.0,0.0,0.0,APRIL QUARTERLY,2025,True,committee_totals
S4MN00486,"RUOHO, MIKE",MN,REP,C00819672,MIKE RUOHO FOR SENATE,45.0,0.0,413.65,413.65,0.0,2024-07-01T00:00:00,2024-12-31T00:00:00,2024,45.0,0.0,45.0,0.0,0.0,YEAR-END,2024,True,committee_totals
S6AR00181,"RUSSELL, JAMES RICHARD MR III",AR,DEM,C00918136,COMMITTEE TO ELECT JAMES RUSSELL,3086.9,3186.9,0.0,0.0,798.0,2025-07-01T00:00:00,2025-11-15T00:00:00,2026,2086.9,1500.0,586.9,0.0,0.0,TERMINATION REPORT,2025,True,committee_totals
S6IL00581,"RYAN, KEVIN",IL,DEM,C00907774,PEOPLE OF ILLINOIS & KEVIN RYAN,138950.63,147814.81,-8864.18,-8864.18,0.0,2025-04-01T00:00:00,2026-03-31T00:00:00,2026,127616.84,75817.13,51799.71,5165.69,0.0,APRIL QUARTERLY,2026,True,committee_totals
S2OH00402,"RYAN, TIMOTHY",OH,DEM,C00777771,WORKERS FIRST PAC,78474.14,101435.41,-22197.22,-22197.22,0.0,2025-01-01T00:00:00,2026-03-31T00:00:00,2026,14500.0,14400.0,100.0,,,APRIL QUARTERLY,2026,False,committee_totals
S2OH00402,"RYAN, TIMOTHY",OH,DEM,C00777771,WORKERS FIRST PAC,52216.27,107991.95,764.05,764.05,0.0,2023-01-01T00:00:00,2024-12-31T00:00:00,2024,0.0,0.0,0.0,,,YEAR-END,2024,False,committee_totals
S6IA00256,"SAGE, NATHAN",IA,DEM,C00902494,SAGE FOR SENATE,1432562.28,1432459.9,102.38,102.38,6821.92,2025-04-01T00:00:00,2026-03-31T00:00:00,2026,1397235.36,407036.38,990198.98,0.0,7239.05,APRIL QUARTERLY,2026,True,committee_totals
S4NY00271,"SALEM, KHALED",NY,DEM,C00749226,KHALED SALEM,0.0,0.0,0.0,0.0,0.0,2025-01-01T00:00:00,2026-03-31T00:00:00,2026,0.0,0.0,0.0,0.0,0.0,APRIL QUARTERLY,2026,True,committee_totals
S4NY00271,"SALEM, KHALED",NY,DEM,C00749226,KHALED SALEM,16000.0,0.0,18700.0,18700.0,16000.0,2023-01-01T00:00:00,2024-09-30T00:00:00,2024,0.0,0.0,0.0,0.0,0.0,OCTOBER QUARTERLY,2024,True,committee_totals
S4NY00271,"SALEM, KHALED",NY,DEM,C00749226,KHALED SALEM,0.0,38500.0,-42700.0,-42700.0,7100.0,2021-01-01T00:00:00,2022-10-19T00:00:00,2022,0.0,0.0,0.0,0.0,0.0,TERMINATION REPORT,2022,True,committee_totals
S4NY00271,"SALEM, KHALED",NY,DEM,C00749226,KHALED SALEM,0.0,4200.0,-4200.0,-4200.0,7000.0,2020-04-01T00:00:00,2020-12-31T00:00:00,2020,0.0,0.0,0.0,0.0,0.0,YEAR-END,2020,True,committee_totals
S0NY00667,"SALEM, KHALED MR",NY,DEM,C00749226,KHALED SALEM,0.0,0.0,0.0,0.0,0.0,2025-01-01T00:00:00,2026-03-31T00:00:00,2026,0.0,0.0,0.0,0.0,0.0,APRIL QUARTERLY,2026,True,committee_totals
S0NY00667,"SALEM, KHALED MR",NY,DEM,C00749226,KHALED SALEM,16000.0,0.0,18700.0,18700.0,16000.0,2023-01-01T00:00:00,2024-09-30T00:00:00,2024,0.0,0.0,0.0,0.0,0.0,OCTOBER QUARTERLY,2024,True,committee_totals
S0NY00667,"SALEM, KHALED MR",NY,DEM,C00749226,KHALED SALEM,0.0,38500.0,-42700.0,-42700.0,7100.0,2021-01-01T00:00:00,2022-10-19T00:00:00,2022,0.0,0.0,0.0,0.0,0.0,TERMINATION REPORT,2022,True,committee_totals
S0NY00667,"SALEM, KHALED MR",NY,DEM,C00749226,KHALED SALEM,0.0,4200.0,-4200.0,-4200.0,7000.0,2020-04-01T00:00:00,2020-12-31T00:00:00,2020,0.0,0.0,0.0,0.0,0.0,YEAR-END,2020,True,committee_totals
S6CA00691,"SANCHEZ, LORETTA",CA,DEM,C00578344,LORETTA SANCHEZ FOR SENATE,0.0,1267.05,1642.59,1642.59,0.0,2025-01-01T00:00:00,2026-03-31T00:00:00,2026,0.0,0.0,0.0,0.0,0.0,APRIL QUARTERLY,2026,True,committee_totals
S6CA00691,"SANCHEZ, LORETTA",CA,DEM,C00578344,LORETTA SANCHEZ FOR SENATE,0.0,1522.3,2909.64,2909.64,0.0,2023-01-01T00:00:00,2024-12-31T00:00:00,2024,0.0,0.0,0.0,0.0,0.0,YEAR-END,2024,True,committee_totals
S6CA00691,"SANCHEZ, LORETTA",CA,DEM,C00578344,LORETTA SANCHEZ FOR SENATE,0.0,6100.92,4431.94,4431.94,0.0,2021-01-01T00:00:00,2022-12-31T00:00:00,2022,0.0,0.0,0.0,0.0,0.0,YEAR-END,2022,True,committee_totals
S6CA00691,"SANCHEZ, LORETTA",CA,DEM,C00578344,LORETTA SANCHEZ FOR SENATE,5853.48,12024.58,10532.86,10532.86,0.0,2019-01-01T00:00:00,2020-12-31T00:00:00,2020,0.0,0.0,0.0,0.0,5853.48,YEAR-END,2020,True,committee_totals
S6CA00691,"SANCHEZ, LORETTA",CA,DEM,C00578344,LORETTA SANCHEZ FOR SENATE,7821.0,74954.92,16703.96,16703.96,0.0,2017-01-01T00:00:00,2018-12-31T00:00:00,2018,0.0,0.0,0.0,0.0,7821.0,YEAR-END,2018,True,committee_totals
S6CA00691,"SANCHEZ, LORETTA",CA,DEM,C00578344,LORETTA SANCHEZ FOR SENATE,4566565.0,4482978.0,83842.0,83842.0,2654.0,2015-04-01T00:00:00,2016-12-31T00:00:00,2016,2862805.0,2791653.0,71151.0,0.0,7757.0,YEAR-END,2016,True,committee_totals
S0NM00116,"SANCHEZ, LOUIE J",NM,REP,C00732693,SANCHEZ FOR NEW MEXICO,0.0,6080.66,0.0,0.0,0.0,2025-01-01T00:00:00,2025-06-30T00:00:00,2026,0.0,0.0,0.0,0.0,0.0,JULY QUARTERLY,2025,True,committee_totals
S0NM00116,"SANCHEZ, LOUIE J",NM,REP,C00732693,SANCHEZ FOR NEW MEXICO,0.0,0.0,3040.33,3040.33,100000.0,2023-01-01T00:00:00,2024-12-31T00:00:00,2024,0.0,0.0,0.0,0.0,0.0,YEAR-END,2024,True,committee_totals
S0NM00116,"SANCHEZ, LOUIE J",NM,REP,C00732693,SANCHEZ FOR NEW MEXICO,0.0,745.61,3040.33,3040.33,100000.0,2021-01-01T00:00:00,2022-12-31T00:00:00,2022,0.0,0.0,0.0,0.0,0.0,YEAR-END,2022,True,committee_totals
S0NM00116,"SANCHEZ, LOUIE J",NM,REP,C00732693,SANCHEZ FOR NEW MEXICO,162470.6,158684.66,3785.94,3785.94,100000.0,2020-01-01T00:00:00,2020-12-31T00:00:00,2020,62470.6,60340.0,2130.6,0.0,0.0,YEAR-END,2020,True,committee_totals
S2FL00623,"SANCHEZ, WILLIAM",FL,DEM,C00765750,WILLIAM SANCHEZ FOR US SENATE,0.0,0.0,0.0,0.0,0.0,2023-01-01T00:00:00,2023-06-30T00:00:00,2024,0.0,0.0,0.0,0.0,0.0,TERMINATION REPORT,2023,True,committee_totals
S2FL00623,"SANCHEZ, WILLIAM",FL,DEM,C00765750,WILLIAM SANCHEZ FOR US SENATE,293742.54,293742.54,0.0,0.0,0.0,2021-01-01T00:00:00,2022-12-31T00:00:00,2022,135489.34,121855.91,13633.43,152999.71,0.0,YEAR-END,2022,True,committee_totals
S4VT00033,"SANDERS, BERNARD",VT,IND,C00411330,FRIENDS OF BERNIE SANDERS,23468953.69,11332584.7,22877129.65,22877129.65,0.0,2025-01-01T00:00:00,2026-03-31T00:00:00,2026,22470390.5,5725984.18,16744406.32,0.0,901777.11,APRIL QUARTERLY,2026,True,committee_totals
S4VT00033,"SANDERS, BERNARD",VT,IND,C00411330,FRIENDS OF BERNIE SANDERS,8207886.33,7200347.35,10740760.66,10740760.66,0.0,2023-01-01T00:00:00,2024-12-31T00:00:00,2024,7241250.56,3401434.65,3839815.91,0.0,870710.06,YEAR-END,2024,True,committee_totals
S4VT00033,"SANDERS, BERNARD",VT,IND,C00411330,FRIENDS OF BERNIE SANDERS,15283176.18,12557678.08,9733221.68,9733221.68,0.0,2021-01-01T00:00:00,2022-12-31T00:00:00,2022,15185032.74,4676574.18,10508458.56,0.0,60011.87,YEAR-END,2022,True,committee_totals
S4VT00033,"SANDERS, BERNARD",VT,IND,C00411330,FRIENDS OF BERNIE SANDERS,12810421.5,14108691.81,7007723.58,7007723.58,0.0,2019-01-01T00:00:00,2020-12-31T00:00:00,2020,10709291.51,2325067.55,8384223.96,0.0,76581.14,YEAR-END,2020,True,committee_totals
S4VT00033,"SANDERS, BERNARD",VT,IND,C00411330,FRIENDS OF BERNIE SANDERS,10760530.53,5454020.35,9099920.79,9099920.79,0.0,2017-01-01T00:00:00,2018-12-31T00:00:00,2018,10550402.12,2611085.21,7939314.91,0.0,71214.99,YEAR-END,2018,True,committee_totals
S4VT00033,"SANDERS, BERNARD",VT,IND,C00411330,FRIENDS OF BERNIE SANDERS,1267455.0,1914588.0,3793408.0,3793408.0,0.0,2015-01-01T00:00:00,2016-12-31T00:00:00,2016,1229245.0,383292.0,845951.0,0.0,4222.0,YEAR-END,2016,True,committee_totals
S4VT00033,"SANDERS, BERNARD",VT,IND,C00411330,FRIENDS OF BERNIE SANDERS,1113119.0,831717.0,4440453.0,4440453.0,0.0,2013-01-01T00:00:00,2014-12-31T00:00:00,2014,1053303.0,163963.0,889340.0,0.0,3648.0,YEAR-END,2014,True,committee_totals
S4VT00033,"SANDERS, BERNARD",VT,IND,C00411330,FRIENDS OF BERNIE SANDERS,6274553.0,2651095.0,4159051.0,4159051.0,0.0,2011-01-01T00:00:00,2012-12-31T00:00:00,2012,5842665.0,2152805.0,3689857.0,0.0,2271.0,YEAR-END,2012,True,committee_totals
S4VT00033,"SANDERS, BERNARD",VT,IND,C00411330,FRIENDS OF BERNIE SANDERS,788743.0,295262.0,535594.0,535594.0,0.0,2009-01-01T00:00:00,2010-12-31T00:00:00,2010,697644.0,319003.0,378639.0,0.0,945.0,YEAR-END,2010,True,committee_totals
S4VT00033,"SANDERS, BERNARD",VT,IND,C00411330,FRIENDS OF BERNIE SANDERS,166196.0,301550.0,42114.0,42114.0,0.0,2007-01-01T00:00:00,2008-12-31T00:00:00,2008,17069.0,4297.0,12772.0,0.0,21312.0,YEAR-END,2008,True,committee_totals
S4VT00033,"SANDERS, BERNARD",VT,IND,C00411330,SANDERS FOR SENATE,6179359.0,6004222.0,177466.0,177466.0,0.0,2005-04-01T00:00:00,2006-12-31T00:00:00,2006,4848565.0,2090736.0,2454085.0,0.0,54801.0,YEAR-END,2006,True,committee_totals
S4NY00404,"SAPRAICONE, MICHAEL",NY,REP,C00846451,SAPRAICONE FOR SENATE,12698.81,59138.57,7935.98,7935.98,615250.0,2025-01-01T00:00:00,2026-03-31T00:00:00,2026,0.0,0.0,0.0,0.0,0.0,APRIL QUARTERLY,2026,True,committee_totals
S4NY00404,"SAPRAICONE, MICHAEL",NY,REP,C00846451,SAPRAICONE FOR SENATE,1417733.96,1363358.22,54375.74,54375.74,635209.0,2023-04-01T00:00:00,2024-12-31T00:00:00,2024,362788.15,313814.39,48973.76,83451.34,0.52,YEAR-END,2024,True,committee_totals
S2NY00325,"SARE, DIANE WILSON MS",NY,IND,C00751826,SARE FOR SENATE,2442.86,4387.94,4225.06,4225.06,0.0,2025-01-01T00:00:00,2026-03-27T00:00:00,2026,50.0,50.0,0.0,0.0,1967.76,TERMINATION REPORT,2026,True,committee_totals
S2NY00325,"SARE, DIANE WILSON MS",NY,IND,C00751826,SARE FOR SENATE,508500.31,508775.13,6170.14,6170.14,0.0,2023-01-01T00:00:00,2024-12-31T00:00:00,2024,493950.19,418818.8,75131.39,750.0,2762.63,YEAR-END,2024,True,committee_totals
S2NY00325,"SARE, DIANE WILSON MS",NY,IND,C00751826,SARE FOR SENATE,356578.66,354378.52,6444.96,6444.96,0.0,2021-01-01T00:00:00,2022-12-31T00:00:00,2022,355486.6,294306.0,61180.6,0.0,0.0,YEAR-END,2022,True,committee_totals
S2NY00325,"SARE, DIANE WILSON MS",NY,IND,C00751826,SARE FOR SENATE,10535.0,6290.18,4244.82,4244.82,0.0,2020-05-01T00:00:00,2020-12-31T00:00:00,2020,10535.0,9425.0,1110.0,0.0,0.0,YEAR-END,2020,True,committee_totals
S4NE00090,"SASSE, BENJAMIN E.",NE,REP,C00547976,"BEN SASSE FOR U.S. SENATE, INC.",11123.65,208769.71,2273266.96,2273266.96,0.0,2025-01-01T00:00:00,2026-03-31T00:00:00,2026,0.0,0.0,0.0,0.0,11123.65,APRIL QUARTERLY,2026,True,committee_totals
S4NE00090,"SASSE, BENJAMIN E.",NE,REP,C00547976,"BEN SASSE FOR U.S. SENATE, INC.",2100.0,248980.02,2470913.02,2470913.02,0.0,2023-01-01T00:00:00,2024-12-31T00:00:00,2024,0.0,0.0,0.0,0.0,0.0,YEAR-END,2024,True,committee_totals
S4NE00090,"SASSE, BENJAMIN E.",NE,REP,C00547976,"BEN SASSE FOR U.S. SENATE, INC.",960763.73,376229.64,2717793.04,2717793.04,0.0,2021-01-01T00:00:00,2022-12-31T00:00:00,2022,322842.98,283522.5,39320.48,0.0,0.0,YEAR-END,2022,True,committee_totals
S4NE00090,"SASSE, BENJAMIN E.",NE,REP,C00547976,"BEN SASSE FOR U.S. SENATE, INC.",4527330.67,3755129.15,2133258.95,2133258.95,0.0,2019-01-01T00:00:00,2020-12-31T00:00:00,2020,2402504.65,1994343.37,408161.28,0.0,0.0,YEAR-END,2020,True,committee_totals
S4NE00090,"SASSE, BENJAMIN E.",NE,REP,C00547976,BEN SASSE FOR US SENATE INC,974995.29,592588.38,1361057.43,1361057.43,177757.0,2017-01-01T00:00:00,2018-12-31T00:00:00,2018,245195.0,216210.0,28985.0,0.0,21.0,YEAR-END,2018,True,committee_totals
S4NE00090,"SASSE, BENJAMIN E.",NE,REP,C00547976,BEN SASSE FOR US SENATE INC,1009130.0,818371.0,978652.0,978652.0,338286.0,2015-01-01T00:00:00,2016-12-31T00:00:00,2016,470612.0,451860.0,18752.0,0.0,1459.0,YEAR-END,2016,True,committee_totals
S4NE00090,"SASSE, BENJAMIN E.",NE,REP,C00547976,BEN SASSE FOR US SENATE INC,6652548.0,5864653.0,787895.0,787895.0,566231.0,2013-07-01T00:00:00,2014-12-31T00:00:00,2014,5287843.0,3988858.0,1298980.0,0.0,3294.0,YEAR-END,2014,True,committee_totals
S4MI00579,"SAVAGE, SHARON MAUREEN",MI,REP,C00848879,SHARON SAVAGE FOR SENATE,0.0,0.0,49174.49,49174.49,0.0,2025-01-01T00:00:00,2025-03-31T00:00:00,2026,0.0,0.0,0.0,0.0,0.0,APRIL QUARTERLY,2025,True,committee_totals
S4MI00579,"SAVAGE, SHARON MAUREEN",MI,REP,C00848879,SHARON SAVAGE FOR SENATE,100130.61,50956.12,49174.49,49174.49,0.0,2023-07-01T00:00:00,2024-12-31T00:00:00,2024,91.61,0.0,91.61,100039.0,0.0,YEAR-END,2024,True,committee_totals
S6CO00457,"SCANLON, MICHAEL",CO,DEM,C00913442,SCANLON FOR COLORADO,0.0,0.0,0.0,0.0,0.0,2025-07-25T00:00:00,2025-08-05T00:00:00,2026,0.0,0.0,0.0,0.0,0.0,TERMINATION REPORT,2025,True,committee_totals
S0DE00175,"SCARANE, JESSICA",DE,DEM,C00727263,JESS SCARANE FOR DELAWARE,0.0,0.0,0.0,0.0,0.0,2025-01-01T00:00:00,2025-06-30T00:00:00,2026,0.0,0.0,0.0,0.0,0.0,TERMINATION REPORT,2025,True,committee_totals
S0DE00175,"SCARANE, JESSICA",DE,DEM,C00727263,JESS SCARANE FOR DELAWARE,0.0,0.0,0.0,0.0,0.0,2023-01-01T00:00:00,2024-12-31T00:00:00,2024,0.0,0.0,0.0,0.0,0.0,YEAR-END,2024,True,committee_totals
S0DE00175,"SCARANE, JESSICA",DE,DEM,C00727263,JESS SCARANE FOR DELAWARE,0.0,10183.3,52444.53,52444.53,0.0,2021-01-01T00:00:00,2022-12-31T00:00:00,2022,0.0,0.0,0.0,0.0,0.0,YEAR-END,2022,True,committee_totals
S0DE00175,"SCARANE, JESSICA",DE,DEM,C00727263,JESS SCARANE FOR DELAWARE,384242.82,365199.01,19043.81,19043.81,0.0,2019-10-01T00:00:00,2020-12-31T00:00:00,2020,365389.69,166252.02,199137.67,2123.61,0.0,YEAR-END,2020,True,committee_totals
S4HI00136,"SCHATZ, BRIAN",HI,DEM,C00540732,SCHATZ FOR SENATE,1185717.89,508868.78,2333473.53,2333473.53,0.0,2025-01-01T00:00:00,2026-03-31T00:00:00,2026,835861.95,783332.12,52529.83,0.0,88698.63,APRIL QUARTERLY,2026,True,committee_totals
S4HI00136,"SCHATZ, BRIAN",HI,DEM,C00540732,SCHATZ FOR SENATE,525033.39,979159.32,1656624.42,1656624.42,0.0,2023-01-01T00:00:00,2024-12-31T00:00:00,2024,319015.07,285122.8,33892.27,0.0,74035.87,YEAR-END,2024,True,committee_totals
S4HI00136,"SCHATZ, BRIAN",HI,DEM,C00540732,SCHATZ FOR SENATE,2507733.56,3459819.47,2110750.35,2110750.35,0.0,2021-01-01T00:00:00,2022-12-31T00:00:00,2022,1207175.32,1042187.87,164987.45,0.0,28007.83,YEAR-END,2022,True,committee_totals
S4HI00136,"SCHATZ, BRIAN",HI,DEM,C00540732,SCHATZ FOR SENATE,1188435.33,736025.64,3062836.26,3062836.26,0.0,2019-01-01T00:00:00,2020-12-31T00:00:00,2020,656744.99,608783.26,47961.73,0.0,73980.64,YEAR-END,2020,True,committee_totals
S4HI00136,"SCHATZ, BRIAN",HI,DEM,C00540732,SCHATZ FOR SENATE,1023610.84,660349.0,2610426.57,2610426.57,0.0,2017-01-01T00:00:00,2018-12-31T00:00:00,2018,625275.64,539154.07,85910.57,0.0,39610.37,YEAR-END,2018,True,committee_totals
S4HI00136,"SCHATZ, BRIAN",HI,DEM,C00540732,SCHATZ FOR SENATE,3842453.03,2549166.41,2247164.0,2247164.0,0.0,2015-01-01T00:00:00,2016-12-31T00:00:00,2016,2217734.03,2078937.0,138795.03,0.0,7060.0,YEAR-END,2016,True,committee_totals
S4HI00136,"SCHATZ, BRIAN",HI,DEM,C00540732,SCHATZ FOR SENATE,6109936.0,5156058.0,953877.0,953877.0,0.0,2013-01-01T00:00:00,2014-12-31T00:00:00,2014,4756797.0,4429157.0,327638.0,0.0,0.0,YEAR-END,2014,True,committee_totals
S4CA00555,"SCHIFF, ADAM",CA,DEM,C00343871,SCHIFF FOR SENATE,7793490.82,4210120.6,9964396.84,9964396.84,0.0,2025-01-01T00:00:00,2026-03-31T00:00:00,2026,6461264.46,2359692.48,4101571.98,0.0,348353.64,APRIL QUARTERLY,2026,True,committee_totals
S4CA00555,"SCHIFF, ADAM",CA,DEM,C00343871,SCHIFF FOR SENATE,48149196.78,62791130.49,6381026.62,6381026.62,0.0,2023-01-01T00:00:00,2024-12-31T00:00:00,2024,45110628.66,26283165.21,18827463.45,0.0,1379942.8,YEAR-END,2024,True,committee_totals
S4CA00555,"SCHIFF, ADAM",CA,DEM,C00343871,SCHIFF FOR CONGRESS,25328092.74,18213398.9,21022960.33,21022960.33,0.0,2021-01-01T00:00:00,2022-12-31T00:00:00,2022,23184873.85,9044018.66,14140855.19,0.0,257751.97,YEAR-END,2022,True,committee_totals
S4CA00555,"SCHIFF, ADAM",CA,DEM,C00343871,SCHIFF FOR CONGRESS,19598362.66,10404171.36,13908271.49,13908271.49,0.0,2019-01-01T00:00:00,2020-12-31T00:00:00,2020,17580542.83,6153196.31,11427346.52,0.0,116190.76,YEAR-END,2020,True,committee_totals
S4CA00555,"SCHIFF, ADAM",CA,DEM,C00343871,SCHIFF FOR CONGRESS,6268995.25,3660828.23,4714580.2,4714580.2,0.0,2017-01-01T00:00:00,2018-12-31T00:00:00,2018,4951478.96,2955743.08,1995735.88,0.0,26670.06,YEAR-END,2018,True,committee_totals
S4CA00555,"SCHIFF, ADAM",CA,DEM,C00343871,SCHIFF FOR CONGRESS,975256.29,973437.67,2106413.18,2106413.18,0.0,2015-01-01T00:00:00,2016-12-31T00:00:00,2016,513831.7,459598.96,54232.74,0.0,14261.58,YEAR-END,2016,True,committee_totals
S4CA00555,"SCHIFF, ADAM",CA,DEM,C00343871,SCHIFF FOR CONGRESS,916759.17,871494.85,2104594.56,2104594.56,361.36,2013-01-01T00:00:00,2014-12-31T00:00:00,2014,467175.94,406949.86,60226.08,0.0,3932.76,YEAR-END,2014,True,committee_totals
S4CA00555,"SCHIFF, ADAM",CA,DEM,C00343871,SCHIFF FOR CONGRESS,1333321.02,1082976.5,2059330.24,2059330.24,312.28,2011-01-01T00:00:00,2012-12-31T00:00:00,2012,778453.54,673782.0,104671.54,0.0,7845.83,YEAR-END,2012,True,committee_totals
S4CA00555,"SCHIFF, ADAM",CA,DEM,C00343871,SCHIFF FOR CONGRESS,1378951.49,1222795.04,1808985.72,1808985.72,0.0,2009-01-01T00:00:00,2010-12-31T00:00:00,2010,854414.4,715209.4,139205.0,0.0,25243.21,YEAR-END,2010,True,committee_totals
S4CA00555,"SCHIFF, ADAM",CA,DEM,C00343871,SCHIFF FOR CONGRESS,1190025.1,913801.54,1652829.27,1652829.27,0.0,2007-01-01T00:00:00,2008-12-31T00:00:00,2008,633321.65,539203.62,94118.03,0.0,77641.93,YEAR-END,2008,True,committee_totals
S4CA00555,"SCHIFF, ADAM",CA,DEM,C00343871,SCHIFF FOR CONGRESS,1200911.15,900382.65,1376605.71,1376605.71,0.0,2005-01-01T00:00:00,2006-12-31T00:00:00,2006,665345.54,526752.8,138592.74,0.0,42821.31,YEAR-END,2006,True,committee_totals
S4CA00555,"SCHIFF, ADAM",CA,DEM,C00343871,SCHIFF FOR CONGRESS,1488309.55,955788.16,1076077.21,1076077.21,0.0,2003-01-01T00:00:00,2004-12-31T00:00:00,2004,997020.5,693683.83,303336.67,0.0,11603.03,YEAR-END,2004,True,committee_totals
S4CA00555,"SCHIFF, ADAM",CA,DEM,C00343871,SCHIFF FOR CONGRESS,1307463.98,749923.75,543555.82,543555.82,0.0,2001-01-01T00:00:00,2002-12-31T00:00:00,2002,828650.85,407740.98,242017.87,0.0,2417.45,YEAR-END,2002,True,committee_totals
S4CA00555,"SCHIFF, ADAM",CA,DEM,C00343871,SCHIFF FOR CONGRESS,4660714.0,4650104.0,1728.0,1728.0,96546.0,1999-01-01T00:00:00,2000-12-31T00:00:00,2000,3834928.0,,,0.0,,YEAR-END,2000,True,committee_totals
S6KS00288,"SCHMIDT, PATRICK",KS,DEM,C00937599,PATRICK SCHMIDT FOR SENATE,177173.5,47590.34,129583.16,129583.16,0.0,2026-01-01T00:00:00,2026-03-31T00:00:00,2026,164923.5,149070.0,15853.5,0.0,0.0,APRIL QUARTERLY,2026,True,committee_totals
S2MO00544,"SCHMITT, ERIC",MO,REP,C00775015,SCHMITT FOR SENATE,2729849.42,1826166.73,1424246.37,1424246.37,0.0,2025-01-01T00:00:00,2026-03-31T00:00:00,2026,1877174.0,1199520.52,677653.48,0.0,0.0,APRIL QUARTERLY,2026,True,committee_totals
S2MO00544,"SCHMITT, ERIC",MO,REP,C00775015,SCHMITT FOR SENATE,1957979.62,1569553.5,520563.68,520563.68,0.0,2023-01-01T00:00:00,2024-12-31T00:00:00,2024,1246346.44,807652.21,438694.23,0.0,5345.01,YEAR-END,2024,True,committee_totals
S2MO00544,"SCHMITT, ERIC",MO,REP,C00775015,SCHMITT FOR SENATE,6445948.39,6316710.83,132137.56,132137.56,186027.4,2021-03-23T00:00:00,2022-12-31T00:00:00,2022,5271339.42,4492947.64,778391.78,0.0,0.0,YEAR-END,2022,True,committee_totals
S6TX00321,"SCHMOKER, TONY",TX,REP,C00894907,TONY SCHMOKER FOR SENATE,2500.0,3106.71,0.0,0.0,0.0,2025-04-01T00:00:00,2025-12-31T00:00:00,2026,0.0,0.0,0.0,0.0,0.0,TERMINATION REPORT,2025,True,committee_totals
S6IA00264,"SCHOLTEN, JAMES",IA,DEM,C00907170,SCHOLTEN FOR IOWA,213415.45,205271.15,8144.3,8144.3,10100.0,2025-04-01T00:00:00,2025-12-31T00:00:00,2026,199410.45,123948.0,75462.45,0.0,3000.0,YEAR-END,2025,True,committee_totals
S2SD00134,"SCHUBERT, PATRICK WILLIAM MR. SR",SD,REP,C00794073,PATRICK W SCHUBERT SR COMMITTEE TO ELECT,1288.95,0.0,1532.66,1532.66,0.0,2021-11-10T00:00:00,2022-12-31T00:00:00,2022,100.0,0.0,100.0,1188.95,0.0,YEAR-END,2022,True,committee_totals
S8NY00082,"SCHUMER, CHARLES E.",NY,DEM,C00346312,FRIENDS OF SCHUMER,800587.42,1872989.12,8251229.86,8251229.86,0.0,2025-01-01T00:00:00,2026-03-31T00:00:00,2026,527341.89,311308.68,216033.21,0.0,190870.53,APRIL QUARTERLY,2026,True,committee_totals
S8NY00082,"SCHUMER, CHARLES E.",NY,DEM,C00346312,FRIENDS OF SCHUMER,2790888.71,3349300.81,9323631.56,9323631.56,0.0,2023-01-01T00:00:00,2024-12-31T00:00:00,2024,2345346.13,945643.39,1399702.74,0.0,186101.16,YEAR-END,2024,True,committee_totals
S8NY00082,"SCHUMER, CHARLES E.",NY,DEM,C00346312,FRIENDS OF SCHUMER,37885457.97,38279011.8,9882043.66,9882043.66,0.0,2021-01-01T00:00:00,2022-12-31T00:00:00,2022,34530355.91,30814511.94,3715843.97,0.0,345770.65,YEAR-END,2022,True,committee_totals
S8NY00082,"SCHUMER, CHARLES E.",NY,DEM,C00346312,FRIENDS OF SCHUMER,3007905.44,2197023.13,10275597.49,10275597.49,0.0,2019-01-01T00:00:00,2020-12-31T00:00:00,2020,1661527.54,1146912.01,514615.53,0.0,366044.56,YEAR-END,2020,True,committee_totals
S8NY00082,"SCHUMER, CHARLES E.",NY,DEM,C00346312,FRIENDS OF SCHUMER,991181.19,2203283.58,9464715.18,9464715.18,0.0,2017-01-01T00:00:00,2018-12-31T00:00:00,2018,472850.5,161190.51,311655.99,0.0,350196.69,YEAR-END,2018,True,committee_totals
S8NY00082,"SCHUMER, CHARLES E.",NY,DEM,C00346312,FRIENDS OF SCHUMER,17442741.0,20175908.0,10676815.0,10676815.0,0.0,2015-01-01T00:00:00,2016-12-31T00:00:00,2016,13423865.0,13247597.0,176265.0,0.0,534438.0,YEAR-END,2016,True,committee_totals
S8NY00082,"SCHUMER, CHARLES E.",NY,DEM,C00346312,FRIENDS OF SCHUMER,5989396.0,2313086.0,13409983.0,13409983.0,0.0,2013-01-01T00:00:00,2014-12-31T00:00:00,2014,4463253.0,4368925.0,94322.0,0.0,576293.0,YEAR-END,2014,True,committee_totals
S8NY00082,"SCHUMER, CHARLES E.",NY,DEM,C00346312,FRIENDS OF SCHUMER,1824132.0,2282512.0,9733674.0,9733674.0,0.0,2011-01-01T00:00:00,2012-12-31T00:00:00,2012,943268.0,813307.0,129961.0,0.0,561886.0,YEAR-END,2012,True,committee_totals
S8NY00082,"SCHUMER, CHARLES E.",NY,DEM,C00346312,FRIENDS OF SCHUMER,17764831.0,18143841.0,10192053.0,10192053.0,0.0,2009-01-01T00:00:00,2010-12-31T00:00:00,2010,13629409.0,13429179.0,200229.0,0.0,1180782.0,YEAR-END,2010,True,committee_totals
S8NY00082,"SCHUMER, CHARLES E.",NY,DEM,C00346312,FRIENDS OF SCHUMER,1056306.0,688138.0,10571064.0,10571064.0,0.0,2007-01-01T00:00:00,2008-12-31T00:00:00,2008,57852.0,57105.0,747.0,0.0,883578.0,YEAR-END,2008,True,committee_totals
S8NY00082,"SCHUMER, CHARLES E.",NY,DEM,C00346312,FRIENDS OF SCHUMER,698611.0,525005.0,10202896.0,10202896.0,0.0,2005-01-01T00:00:00,2006-12-31T00:00:00,2006,1642.0,1000.0,87.0,0.0,556817.58,YEAR-END,2006,True,committee_totals
S8NY00082,"SCHUMER, CHARLES E.",NY,DEM,C00346312,FRIENDS OF SCHUMER,11543285.0,15083717.0,10029291.0,10029291.0,0.0,2003-01-01T00:00:00,2004-12-31T00:00:00,2004,9609725.0,21750.0,378.0,0.0,17496.0,YEAR-END,2004,True,committee_totals
S8NY00082,"SCHUMER, CHARLES E.",NY,DEM,C00346312,FRIENDS OF SCHUMER,10253493.0,1217527.0,13569725.0,13569725.0,0.0,2001-01-01T00:00:00,2002-12-31T00:00:00,2002,9135810.0,,,0.0,,YEAR-END,2002,True,committee_totals
S8NY00082,"SCHUMER, CHARLES E.",NY,DEM,C00346312,FRIENDS OF SCHUMER,4943968.0,410208.0,4533759.0,4533759.0,0.0,1999-01-01T00:00:00,2000-12-31T00:00:00,2000,4507572.0,,,0.0,,YEAR-END,2000,True,committee_totals
S6IL00698,"SCHWARTZBERG, STEVEN J",IL,,C00942805,"STEVE SCHWARTZBERG FOR US SENATE CAMPAIGN COMMITTEE, INC.",5200.0,0.0,5200.0,5200.0,,2026-01-01T00:00:00,2026-03-31T00:00:00,2026,5000.0,,,200.0,,APRIL QUARTERLY,2026,True,committee_totals
S6MN00457,"SCHWARZE, ADAM",MN,REP,C00898817,SCHWARZE FOR SENATE,1102851.14,879423.21,223427.93,223427.93,40000.0,2025-01-01T00:00:00,2026-03-31T00:00:00,2026,1018869.59,747493.37,271376.22,0.0,0.01,APRIL QUARTERLY,2026,True,committee_totals
S6MI00434,"SCOTT, GENEVIEVE",MI,REP,C00903427,SCOTT FOR US SENATE,76083.76,69528.6,6555.16,6555.16,48669.16,2025-07-01T00:00:00,2026-03-31T00:00:00,2026,27414.6,24808.72,2605.88,0.0,0.0,APRIL QUARTERLY,2026,True,committee_totals
S8FL00273,"SCOTT, RICK SEN",FL,REP,C00676965,RICK SCOTT FOR FLORIDA,1458779.64,1457252.35,799890.86,799890.86,24138834.0,2025-01-01T00:00:00,2026-03-31T00:00:00,2026,378364.62,207651.08,170713.54,543254.59,7842.45,APRIL QUARTERLY,2026,True,committee_totals
S8FL00273,"SCOTT, RICK SEN",FL,REP,C00676965,RICK SCOTT FOR FLORIDA,36696093.1,39942180.08,798363.57,798363.57,24138834.0,2023-01-01T00:00:00,2024-12-31T00:00:00,2024,5556639.68,3327272.91,2229366.77,1255016.07,113862.3,YEAR-END,2024,True,committee_totals
S8FL00273,"SCOTT, RICK SEN",FL,REP,C00676965,RICK SCOTT FOR FLORIDA,8153582.56,6261600.51,4044450.55,4044450.55,4000000.0,2021-01-01T00:00:00,2022-12-31T00:00:00,2022,2659004.83,1188868.86,1470135.97,214331.39,0.0,YEAR-END,2022,True,committee_totals
S8FL00273,"SCOTT, RICK SEN",FL,REP,C00676965,RICK SCOTT FOR FLORIDA,1720908.24,1029043.47,2152468.5,2152468.5,0.0,2019-01-01T00:00:00,2020-12-31T00:00:00,2020,629513.37,269045.0,360468.37,29841.01,23997.51,YEAR-END,2020,True,committee_totals
S8FL00273,"SCOTT, RICK SEN",FL,REP,C00676965,RICK SCOTT FOR FLORIDA,85231716.47,83771112.48,1460603.73,1460603.73,0.0,2018-01-01T00:00:00,2018-12-31T00:00:00,2018,18341671.21,15644077.56,2697592.65,63569753.81,1266309.88,YEAR-END,2018,True,committee_totals
S4SC00240,"SCOTT, TIMOTHY E.",SC,REP,C00540302,TIM SCOTT FOR AMERICA,4407149.25,5156351.59,4968320.21,4968320.21,0.0,2025-01-01T00:00:00,2026-03-31T00:00:00,2026,3681412.15,2292391.25,1389020.9,0.0,178330.39,APRIL QUARTERLY,2026,True,committee_totals
S4SC00240,"SCOTT, TIMOTHY E.",SC,REP,C00540302,TIM SCOTT FOR AMERICA,10454443.73,19114903.69,5717522.55,5717522.55,0.0,2023-01-01T00:00:00,2024-12-31T00:00:00,2024,9123485.46,6635865.0,2487620.0,0.0,201607.11,YEAR-END,2024,True,committee_totals
S4SC00240,"SCOTT, TIMOTHY E.",SC,REP,C00540302,TIM SCOTT FOR AMERICA,8401939.45,15802380.35,5717522.55,5717522.55,0.0,2023-01-01T00:00:00,2024-12-31T00:00:00,2024,7052585.45,3014821.05,4037764.4,0.0,358616.58,YEAR-END,2024,True,committee_totals
S4SC00240,"SCOTT, TIMOTHY E.",SC,REP,C00540302,TIM SCOTT FOR SENATE,43127151.37,29022217.18,21778423.41,21778423.41,0.0,2021-01-01T00:00:00,2022-12-31T00:00:00,2022,38181354.64,22424653.27,15756701.37,0.0,1500.01,YEAR-END,2022,True,committee_totals
S4SC00240,"SCOTT, TIMOTHY E.",SC,REP,C00540302,TIM SCOTT FOR SENATE,9283406.87,5514650.75,7673489.22,7673489.22,0.0,2019-01-01T00:00:00,2020-12-31T00:00:00,2020,8491436.22,3244686.06,5246750.16,0.0,400.0,YEAR-END,2020,True,committee_totals
S4SC00240,"SCOTT, TIMOTHY E.",SC,REP,C00540302,TIM SCOTT FOR SENATE,1567100.01,1542111.97,3904733.1,3904733.1,0.0,2017-01-01T00:00:00,2018-12-31T00:00:00,2018,897383.2,873293.2,24090.0,0.0,0.0,YEAR-END,2018,True,committee_totals
S4SC00240,"SCOTT, TIMOTHY E.",SC,REP,C00540302,TIM SCOTT FOR SENATE,6194855.0,4795257.0,3879745.0,3879745.0,0.0,2015-01-01T00:00:00,2016-12-31T00:00:00,2016,3205443.8,3091912.0,113529.0,0.0,30713.0,YEAR-END,2016,True,committee_totals
S4SC00240,"SCOTT, TIMOTHY E.",SC,REP,C00540302,TIM SCOTT FOR SENATE,6809517.0,4384151.0,2480147.0,2480147.0,0.0,2013-01-01T00:00:00,2014-12-31T00:00:00,2014,3700486.0,3406832.0,293653.0,0.0,0.0,YEAR-END,2014,True,committee_totals
S4SC00240,"SCOTT, TIMOTHY E.",SC,REP,C00540302,TIM SCOTT FOR SENATE,68656.0,13874.0,54782.0,54782.0,0.0,2012-12-17T00:00:00,2012-12-31T00:00:00,2012,68656.0,15600.0,53056.0,0.0,0.0,YEAR-END,2012,True,committee_totals
S6LA00573,"SEIDEN, KATHY W",LA,REP,C00921536,SEIDEN FOR SENATE,1202191.0,1191584.43,10606.57,10606.57,80000.0,2025-10-01T00:00:00,2026-03-31T00:00:00,2026,127191.0,124800.0,2391.0,0.0,0.0,APRIL QUARTERLY,2026,True,committee_totals
S4NJ00441,"SERRANO GLASSNER, CHRISTINE",NJ,REP,C00852186,CHRISTINE SERRANO GLASSNER FOR U.S. SENATE,0.0,0.0,0.0,0.0,0.0,2025-01-01T00:00:00,2025-04-25T00:00:00,2026,0.0,0.0,0.0,0.0,0.0,TERMINATION REPORT,2025,True,committee_totals
S4NJ00441,"SERRANO GLASSNER, CHRISTINE",NJ,REP,C00852186,CHRISTINE SERRANO GLASSNER FOR U.S. SENATE,516025.08,516025.08,0.0,0.0,89683.36,2023-10-01T00:00:00,2024-12-31T00:00:00,2024,179280.23,158429.31,20850.92,0.0,0.0,YEAR-END,2024,True,committee_totals
S0TN00144,"SETHI, DR. MANNY",TN,REP,C00708628,DR MANNY FOR US SENATE,39.02,0.0,1816.85,1816.85,2472311.47,2025-01-01T00:00:00,2026-03-31T00:00:00,2026,0.0,0.0,0.0,0.0,39.02,APRIL QUARTERLY,2026,True,committee_totals
S0TN00144,"SETHI, DR. MANNY",TN,REP,C00708628,DR MANNY FOR US SENATE,90.38,0.0,1777.83,1777.83,2472311.47,2023-01-01T00:00:00,2024-12-31T00:00:00,2024,0.0,0.0,0.0,0.0,90.38,YEAR-END,2024,True,committee_totals
S0TN00144,"SETHI, DR. MANNY",TN,REP,C00708628,DR MANNY FOR US SENATE,10745.53,9754.07,1687.45,1687.45,2413545.81,2021-01-01T00:00:00,2022-12-31T00:00:00,2022,5874.55,3205.0,2669.55,3847.11,23.87,YEAR-END,2022,True,committee_totals
S0TN00144,"SETHI, DR. MANNY",TN,REP,C00708628,DR MANNY FOR US SENATE,5940863.76,5940167.77,695.99,695.99,2401699.43,2019-04-01T00:00:00,2020-12-31T00:00:00,2020,3274514.7,2554987.68,719527.02,0.0,281758.45,YEAR-END,2020,True,committee_totals
S4MD00277,"SEUFERER, STEVEN HENRY",MD,DEM,C00827733,STEVEN HENRY SEUFERER FOR CONGRESS,0.0,0.0,0.0,0.0,0.0,2023-01-01T00:00:00,2023-12-31T00:00:00,2024,0.0,0.0,0.0,0.0,0.0,YEAR-END,2023,True,committee_totals
S0NH00219,"SHAHEEN, JEANNE",NH,DEM,C00457325,SHAHEEN FOR SENATE,170979.14,706695.58,920368.88,920368.88,0.0,2025-01-01T00:00:00,2026-03-31T00:00:00,2026,101435.84,90308.73,11127.11,0.0,7182.18,APRIL QUARTERLY,2026,True,committee_totals
S0NH00219,"SHAHEEN, JEANNE",NH,DEM,C00457325,SHAHEEN FOR SENATE,1190933.63,1053751.72,1456085.32,1456085.32,0.0,2023-01-01T00:00:00,2024-12-31T00:00:00,2024,859422.64,751020.63,108402.01,0.0,24791.73,YEAR-END,2024,True,committee_totals
S0NH00219,"SHAHEEN, JEANNE",NH,DEM,C00457325,SHAHEEN FOR SENATE,1304437.39,1103995.91,1318903.41,1318903.41,0.0,2021-01-01T00:00:00,2022-12-31T00:00:00,2022,939056.12,568522.41,370533.71,0.0,4212.83,YEAR-END,2022,True,committee_totals
S0NH00219,"SHAHEEN, JEANNE",NH,DEM,C00457325,SHAHEEN FOR SENATE,18172382.69,17521348.95,1118461.93,1118461.93,0.0,2019-01-01T00:00:00,2020-12-31T00:00:00,2020,15236819.7,10371412.41,4865407.29,0.0,25839.73,YEAR-END,2020,True,committee_totals
S0NH00219,"SHAHEEN, JEANNE",NH,DEM,C00457325,SHAHEEN FOR SENATE,981860.91,704750.67,467428.19,467428.19,0.0,2017-01-01T00:00:00,2018-12-31T00:00:00,2018,662119.05,389217.85,272901.2,0.0,8505.8,YEAR-END,2018,True,committee_totals
S0NH00219,"SHAHEEN, JEANNE",NH,DEM,C00457325,SHAHEEN FOR SENATE,736899.0,635234.0,190318.0,190318.0,0.0,2015-01-01T00:00:00,2016-12-31T00:00:00,2016,449000.0,255548.0,193449.0,0.0,45621.22,YEAR-END,2016,True,committee_totals
S0NH00219,"SHAHEEN, JEANNE",NH,DEM,C00457325,SHAHEEN FOR SENATE,15187554.0,15474201.0,88652.0,88652.0,10620.0,2013-01-01T00:00:00,2014-12-31T00:00:00,2014,12313584.0,8190992.0,4122586.0,0.0,141.74,YEAR-END,2014,True,committee_totals
S0NH00219,"SHAHEEN, JEANNE",NH,DEM,C00457325,FRIENDS OF JEANNE SHAHEEN,802532.0,451918.0,375297.0,375297.0,0.0,2011-01-01T00:00:00,2012-12-31T00:00:00,2012,506851.0,423016.0,83842.0,0.0,7868.0,YEAR-END,2012,True,committee_totals
S0NH00219,"SHAHEEN, JEANNE",NH,DEM,C00457325,FRIENDS OF JEANNE SHAHEEN,422066.0,414817.0,24684.0,24684.0,0.0,2009-01-01T00:00:00,2010-12-31T00:00:00,2010,259258.0,236071.0,23187.0,0.0,-186.0,YEAR-END,2010,True,committee_totals
S0NH00219,"SHAHEEN, JEANNE",NH,DEM,C00457325,FRIENDS OF JEANNE SHAHEEN,34476.0,17038.0,17438.0,17438.0,0.0,2008-10-16T00:00:00,2008-12-31T00:00:00,2008,14698.0,12400.0,2298.0,0.0,586.0,YEAR-END,2008,True,committee_totals
S0NH00219,"SHAHEEN, JEANNE",NH,DEM,C00368506,SHAHEEN FOR SENATE  COMMITTEE,69485.0,111292.0,0.0,0.0,0.0,2003-01-01T00:00:00,2004-12-31T00:00:00,2004,0.0,,,0.0,,TERMINATION REPORT,2004,True,committee_totals
S0NH00219,"SHAHEEN, JEANNE",NH,DEM,C00368506,SHAHEEN FOR SENATE  COMMITTEE,5837914.0,5806219.0,31695.0,31695.0,93539.0,2001-06-01T00:00:00,2002-12-31T00:00:00,2002,4403926.0,,,0.0,,YEAR-END,2002,True,committee_totals
S2OK00210,"SHANNON, T.W.",OK,REP,C00808360,T.W. FOR OKLAHOMA,0.0,901.0,0.0,0.0,0.0,2025-01-01T00:00:00,2025-02-05T00:00:00,2026,0.0,0.0,0.0,0.0,0.0,TERMINATION REPORT,2025,True,committee_totals
S2OK00210,"SHANNON, T.W.",OK,REP,C00808360,T.W. FOR OKLAHOMA,0.0,1096.0,901.0,901.0,45302.61,2023-01-01T00:00:00,2024-12-31T00:00:00,2024,0.0,0.0,0.0,0.0,0.0,YEAR-END,2024,True,committee_totals
S2OK00210,"SHANNON, T.W.",OK,REP,C00808360,T.W. FOR OKLAHOMA,1381684.76,1379687.76,1997.0,1997.0,45302.61,2022-01-01T00:00:00,2022-12-31T00:00:00,2022,1220567.84,1156600.94,63966.9,2497.72,0.0,YEAR-END,2022,True,committee_totals
S4MT00183,"SHEEHY, TIM",MT,REP,C00844159,TIM SHEEHY FOR MONTANA,1418620.23,1856246.33,951381.84,951381.84,609018.77,2025-01-01T00:00:00,2026-03-31T00:00:00,2026,1009569.01,745504.6,264064.41,0.0,-74562.12,APRIL QUARTERLY,2026,True,committee_totals
S4MT00183,"SHEEHY, TIM",MT,REP,C00844159,TIM SHEEHY FOR MONTANA,29661725.75,28272717.81,1389007.94,1389007.94,1700000.0,2023-06-27T00:00:00,2024-12-31T00:00:00,2024,21725854.24,13866179.02,7859675.22,152762.39,967264.12,YEAR-END,2024,True,committee_totals
S6IL00599,"SHEPHERD, JUMP WESLEY",IL,DEM,C00907360,JUMP SHEPHERD FOR U.S. SENATE,4166.86,11760.93,-7594.07,-7594.07,0.0,2025-07-01T00:00:00,2026-02-01T00:00:00,2026,4166.86,4166.86,0.0,0.0,0.0,TERMINATION REPORT,2026,True,committee_totals
S4TX00805,"SHERMAN, CARL OSCAR SR.",TX,DEM,C00850461,CARL SHERMAN FOR TEXAS,0.0,0.0,11360.43,11360.43,4511.0,2025-01-01T00:00:00,2026-03-31T00:00:00,2026,0.0,0.0,0.0,0.0,0.0,APRIL QUARTERLY,2026,True,committee_totals
S4TX00805,"SHERMAN, CARL OSCAR SR.",TX,DEM,C00850461,CARL SHERMAN FOR TEXAS,179296.91,167936.48,11360.43,11360.43,4511.0,2023-09-12T00:00:00,2024-12-31T00:00:00,2024,170277.0,154941.0,15336.0,0.0,0.0,YEAR-END,2024,True,committee_totals
S6AR00199,"SHOFFNER, HALLIE",AR,DEM,C00905471,HALLIE SHOFFNER FOR ARKANSAS,1589764.37,1011034.49,578729.88,578729.88,0.0,2025-07-01T00:00:00,2026-03-31T00:00:00,2026,1584211.27,917957.17,666254.1,0.0,40.0,APRIL QUARTERLY,2026,True,committee_totals
S4WV00357,"SHREWSBURY, ZACHARY C",WV,DEM,C00853242,SHREWSBURY FOR SENATE,498538.98,490415.75,8123.23,8123.23,25970.56,2025-01-01T00:00:00,2026-04-22T00:00:00,2026,494272.1,96105.5,398166.6,0.0,1447.7,PRE-PRIMARY,2026,True,committee_totals
S4WV00357,"SHREWSBURY, ZACHARY C",WV,DEM,C00853242,SHREWSBURY FOR SENATE,403193.97,403193.97,0.0,0.0,0.0,2023-10-01T00:00:00,2024-12-31T00:00:00,2024,396969.16,89920.38,307048.78,103.16,0.0,TERMINATION REPORT,2024,True,committee_totals
S6DE00198,"SHULLI, JOHN",DE,REP,C00933663,SHULLI FOR SENATE,100728.71,15021.49,85707.22,85707.22,100000.0,2026-01-01T00:00:00,2026-03-31T00:00:00,2026,728.71,520.51,208.2,0.0,0.0,APRIL QUARTERLY,2026,True,committee_totals
S2NC00547,"SIBHATU, LICHIA WOLDEGABREAL",NC,REP,C00785451,LICHIA SIBHATU AND COMMITTEE,0.0,0.0,0.0,0.0,0.0,2023-01-01T00:00:00,2023-03-31T00:00:00,2024,0.0,0.0,0.0,0.0,0.0,APRIL QUARTERLY,2023,True,committee_totals
S2NC00547,"SIBHATU, LICHIA WOLDEGABREAL",NC,REP,C00785451,LICHIA SIBHATU AND COMMITTEE,2465.0,1992.0,0.0,0.0,0.0,2021-07-01T00:00:00,2022-12-31T00:00:00,2022,1965.0,1840.0,125.0,500.0,0.0,YEAR-END,2022,True,committee_totals
S2NC00547,"SIBHATU, LICHIA WOLDEGABREAL",NC,REP,C00785451,LICHIA SIBHATU AND COMMITTEE,5895.59,887.45,0.0,0.0,0.0,2021-07-01T00:00:00,2022-12-31T00:00:00,2022,208.14,0.0,208.0,187.45,0.0,YEAR-END,2022,True,committee_totals
S6TX00586,"SIMS, DANIEL M",TX,LIB,C00933440,REFORM TEXAS WITH DANIEL M SIMS,11615.57,8020.04,3695.53,3695.53,0.0,2025-12-08T00:00:00,2026-03-31T00:00:00,2026,6615.57,6292.61,322.96,5000.0,0.0,APRIL QUARTERLY,2026,True,committee_totals
S8AZ00197,"SINEMA, KYRSTEN",AZ,IND,C00508804,SINEMA FOR ARIZONA,162529.87,4439410.31,0.0,0.0,0.0,2025-01-01T00:00:00,2026-03-31T00:00:00,2026,0.0,0.0,0.0,0.0,79323.29,TERMINATION REPORT,2026,True,committee_totals
S8AZ00197,"SINEMA, KYRSTEN",AZ,IND,C00508804,SINEMA FOR ARIZONA,5311800.8,9272137.32,4276880.44,4276880.44,0.0,2023-01-01T00:00:00,2024-12-31T00:00:00,2024,2146870.38,2092531.94,54338.44,0.0,703.76,YEAR-END,2024,True,committee_totals
S8AZ00197,"SINEMA, KYRSTEN",AZ,IND,C00508804,SINEMA FOR ARIZONA,8113875.57,2332394.79,8237221.96,8237221.96,0.0,2021-01-01T00:00:00,2022-12-31T00:00:00,2022,6099444.39,5853809.45,245634.94,0.0,0.0,YEAR-END,2022,True,committee_totals
S8AZ00197,"SINEMA, KYRSTEN",AZ,IND,C00508804,SINEMA FOR ARIZONA,3625299.95,1341085.36,2455741.18,2455741.18,0.0,2019-01-01T00:00:00,2020-12-31T00:00:00,2020,2161827.39,1525022.88,636804.51,0.0,30.0,YEAR-END,2020,True,committee_totals
S8AZ00197,"SINEMA, KYRSTEN",AZ,IND,C00508804,SINEMA FOR ARIZONA,22643275.25,24735382.98,171526.59,171526.59,0.0,2017-01-01T00:00:00,2018-12-31T00:00:00,2018,18692195.36,13150835.16,5541355.2,0.0,40353.32,YEAR-END,2018,True,committee_totals
S8AZ00197,"SINEMA, KYRSTEN",AZ,IND,C00508804,KYRSTEN SINEMA FOR CONGRESS,4402181.31,2441662.77,2263633.3,2263633.3,0.0,2015-01-01T00:00:00,2016-12-31T00:00:00,2016,2232184.28,1948259.57,283924.71,0.0,10310.32,YEAR-END,2016,True,committee_totals
S8AZ00197,"SINEMA, KYRSTEN",AZ,IND,C00508804,KYRSTEN SINEMA FOR CONGRESS,3718524.89,3464333.4,303114.76,303114.76,0.0,2013-01-01T00:00:00,2014-12-31T00:00:00,2014,2287356.11,1845015.15,442340.96,0.0,0.0,YEAR-END,2014,True,committee_totals
S8AZ00197,"SINEMA, KYRSTEN",AZ,IND,C00508804,KYRSTEN SINEMA FOR CONGRESS,2167384.11,2118460.84,48923.27,48923.27,0.0,2011-12-01T00:00:00,2012-12-31T00:00:00,2012,1717911.27,1250242.47,467668.8,0.0,55406.35,YEAR-END,2012,True,committee_totals
S8NJ00483,"SINGH, HIRSH",NJ,REP,C00670737,SINGH FOR SENATE,0.0,0.0,0.0,0.0,0.0,2025-01-01T00:00:00,2025-05-07T00:00:00,2026,0.0,0.0,0.0,0.0,0.0,TERMINATION REPORT,2025,True,committee_totals
S8NJ00483,"SINGH, HIRSH",NJ,REP,C00670737,SINGH FOR SENATE,0.0,780.14,0.0,0.0,26800.0,2023-01-01T00:00:00,2024-12-31T00:00:00,2024,0.0,0.0,0.0,0.0,0.0,YEAR-END,2024,True,committee_totals
S8NJ00483,"SINGH, HIRSH",NJ,REP,C00670737,SINGH FOR SENATE,733.57,2504.79,780.14,780.14,26800.0,2021-01-01T00:00:00,2022-12-31T00:00:00,2022,0.0,0.0,0.0,0.0,0.0,YEAR-END,2022,True,committee_totals
S8NJ00483,"SINGH, HIRSH",NJ,REP,C00670737,SINGH FOR SENATE,694015.88,691464.52,2551.36,2551.36,26800.0,2019-01-01T00:00:00,2020-12-31T00:00:00,2020,658292.3,229777.27,428515.03,0.0,0.0,YEAR-END,2020,True,committee_totals
S8NJ00483,"SINGH, HIRSH",NJ,REP,C00670737,SINGH FOR CONGRESS,165993.74,165993.74,0.0,0.0,0.0,2018-01-01T00:00:00,2018-12-31T00:00:00,2018,71805.0,69350.0,2455.0,19513.74,0.0,YEAR-END,2018,True,committee_totals
S0NJ00191,"SINGH, HIRSH V",NJ,REP,C00670737,SINGH FOR SENATE,0.0,0.0,0.0,0.0,0.0,2025-01-01T00:00:00,2025-05-07T00:00:00,2026,0.0,0.0,0.0,0.0,0.0,TERMINATION REPORT,2025,True,committee_totals
S0NJ00191,"SINGH, HIRSH V",NJ,REP,C00670737,SINGH FOR SENATE,0.0,780.14,0.0,0.0,26800.0,2023-01-01T00:00:00,2024-12-31T00:00:00,2024,0.0,0.0,0.0,0.0,0.0,YEAR-END,2024,True,committee_totals
S0NJ00191,"SINGH, HIRSH V",NJ,REP,C00670737,SINGH FOR SENATE,733.57,2504.79,780.14,780.14,26800.0,2021-01-01T00:00:00,2022-12-31T00:00:00,2022,0.0,0.0,0.0,0.0,0.0,YEAR-END,2022,True,committee_totals
S0NJ00191,"SINGH, HIRSH V",NJ,REP,C00670737,SINGH FOR SENATE,694015.88,691464.52,2551.36,2551.36,26800.0,2019-01-01T00:00:00,2020-12-31T00:00:00,2020,658292.3,229777.27,428515.03,0.0,0.0,YEAR-END,2020,True,committee_totals
S0NJ00191,"SINGH, HIRSH V",NJ,REP,C00670737,SINGH FOR CONGRESS,165993.74,165993.74,0.0,0.0,0.0,2018-01-01T00:00:00,2018-12-31T00:00:00,2018,71805.0,69350.0,2455.0,19513.74,0.0,YEAR-END,2018,True,committee_totals
S4CA00761,"SINGH, MAJOR",CA,NOP,C00808436,MAJOR SINGH FOR CALIFORNIA,0.0,150.0,363.7,363.7,21154.32,2025-01-01T00:00:00,2026-03-31T00:00:00,2026,0.0,0.0,0.0,0.0,0.0,APRIL QUARTERLY,2026,True,committee_totals
S4CA00761,"SINGH, MAJOR",CA,NOP,C00808436,MAJOR SINGH FOR CALIFORNIA,4201.0,4943.07,513.7,513.7,20827.98,2023-01-01T00:00:00,2024-12-31T00:00:00,2024,201.0,0.0,201.0,0.0,0.0,YEAR-END,2024,True,committee_totals
S4CA00761,"SINGH, MAJOR",CA,NOP,C00808436,MAJOR SINGH FOR CALIFORNIA,15000.0,13744.23,1255.77,1255.77,17073.7,2022-01-01T00:00:00,2022-12-31T00:00:00,2022,0.0,0.0,0.0,0.0,0.0,YEAR-END,2022,True,committee_totals
S6NH00133,"SIVALINGAM, TEJASINHA",NH,REP,C00786921,SIVALINGAM FOR SENATE,0.0,90.28,0.0,0.0,0.0,2023-01-01T00:00:00,2023-02-21T00:00:00,2024,0.0,0.0,0.0,0.0,0.0,TERMINATION REPORT,2023,True,committee_totals
S6NH00133,"SIVALINGAM, TEJASINHA",NH,REP,C00786921,SIVALINGAM FOR SENATE,885.06,794.78,90.28,90.28,0.0,2021-07-01T00:00:00,2022-12-31T00:00:00,2022,660.88,238.28,422.6,224.18,0.0,YEAR-END,2022,True,committee_totals
S6WY00191,"SKOVGARD, JIMMY MR",WY,REP,C00903369,SKOVGARD FOR SENATE,2165.0,425.57,2618.6,2618.6,0.0,2026-01-01T00:00:00,2026-03-31T00:00:00,2026,2165.0,2015.0,150.0,0.0,0.0,APRIL QUARTERLY,2026,True,committee_totals
S6LA00672,"SKRMETTA, ERIC",LA,REP,C00937045,ERIC SKRMETTA FOR U.S. SENATE CAMPAIGN INC.,67750.0,9184.16,58565.84,58565.84,45983.37,2026-01-01T00:00:00,2026-03-31T00:00:00,2026,64250.0,64250.0,0.0,0.0,0.0,APRIL QUARTERLY,2026,True,committee_totals
S4MI00470,"SLOTKIN, ELISSA",MI,DEM,C00834218,ELISSA SLOTKIN FOR MICHIGAN,4378578.6,2296328.03,2364965.95,2364965.95,15340.0,2025-01-01T00:00:00,2026-03-31T00:00:00,2026,4146863.02,1535239.36,2611623.66,0.0,116256.92,APRIL QUARTERLY,2026,True,committee_totals
S4MI00470,"SLOTKIN, ELISSA",MI,DEM,C00834218,ELISSA SLOTKIN FOR MICHIGAN,51937060.2,51654344.82,282715.38,282715.38,0.0,2023-02-26T00:00:00,2024-12-31T00:00:00,2024,46587666.88,29741707.4,16845959.48,0.0,240886.94,YEAR-END,2024,True,committee_totals
S2WA00387,"SMILEY, TIFFANY",WA,REP,C00772988,SMILEY FOR WA SENATE REPUBLICAN NOMINEE FUND 2022,12130.15,2070.18,0.0,0.0,0.0,2021-03-17T00:00:00,2022-09-30T00:00:00,2022,12130.15,2281.08,9849.07,,0.0,TERMINATION REPORT,2022,False,committee_totals
S2WA00387,"SMILEY, TIFFANY",WA,REP,C00772988,SMILEY FOR WA SENATE REPUBLICAN NOMINEE FUND 2022,167.97,10227.94,0.0,0.0,0.0,2021-03-17T00:00:00,2022-09-30T00:00:00,2022,167.97,0.0,167.97,0.0,0.0,TERMINATION REPORT,2022,False,committee_totals
S2WA00387,"SMILEY, TIFFANY",WA,REP,C00776765,SMILEY FOR WASHINGTON INC.,126915.56,416902.89,0.0,0.0,0.0,2025-01-01T00:00:00,2025-12-31T00:00:00,2026,9691.22,9036.87,654.35,,,TERMINATION REPORT,2025,False,committee_totals
S6MI00517,"SMITH, BERNADETTE",MI,REP,C00926279,BERNADETTE SMITH FOR US SENATE,53804.41,52499.8,1304.61,1304.61,0.0,2025-10-01T00:00:00,2026-03-31T00:00:00,2026,53648.08,47326.51,6321.57,0.0,0.8,APRIL QUARTERLY,2026,True,committee_totals
S4VA00197,"SMITH, C.L. CHUCK JR",VA,REP,C00794032,CHUCK SMITH FOR US SENATE,558105.23,566227.13,0.0,0.0,0.0,2023-01-01T00:00:00,2024-11-19T00:00:00,2024,536646.02,198983.34,337662.68,0.0,2049.62,TERMINATION REPORT,2024,True,committee_totals
S4VA00197,"SMITH, C.L. CHUCK JR",VA,REP,C00794032,CHUCK SMITH FOR US SENATE,15038.45,6916.55,8121.9,8121.9,0.0,2022-01-01T00:00:00,2022-12-31T00:00:00,2022,15038.45,5050.0,9988.45,0.0,0.0,YEAR-END,2022,True,committee_totals
S4VA00197,"SMITH, C.L. CHUCK JR",VA,REP,C00932962,CHUCK SMITH FOR US SENATE,40468.14,30139.61,10328.53,10328.53,6000.0,2026-01-01T00:00:00,2026-03-31T00:00:00,2026,34468.14,22885.0,11583.14,0.0,0.0,APRIL QUARTERLY,2026,True,committee_totals
S6OR05218,"SMITH, DAVID BROCK",OR,REP,C00941559,DAVID BROCK SMITH FOR OREGON,24083.96,288.96,23795.0,23795.0,28234.62,2026-01-01T00:00:00,2026-03-31T00:00:00,2026,23083.96,20475.59,2608.37,0.0,0.0,APRIL QUARTERLY,2026,True,committee_totals
S0NC00343,"SMITH, ERICA DANETTE",NC,DEM,C00696104,ERICA FOR US,0.0,0.0,4894.23,4894.23,91969.74,2025-01-01T00:00:00,2026-03-31T00:00:00,2026,0.0,0.0,0.0,0.0,0.0,APRIL QUARTERLY,2026,True,committee_totals
S0NC00343,"SMITH, ERICA DANETTE",NC,DEM,C00696104,ERICA FOR US,0.0,17308.84,4894.23,4894.23,91969.74,2023-01-01T00:00:00,2024-12-31T00:00:00,2024,0.0,0.0,0.0,0.0,0.0,YEAR-END,2024,True,committee_totals
S0NC00343,"SMITH, ERICA DANETTE",NC,DEM,C00696104,ERICA FOR US,960472.91,957600.91,22203.07,22203.07,92523.0,2021-01-01T00:00:00,2022-12-31T00:00:00,2022,773544.59,431437.14,342107.45,611.7,0.0,YEAR-END,2022,True,committee_totals
S0NC00343,"SMITH, ERICA DANETTE",NC,DEM,C00696104,ERICA FOR US,239739.84,220408.77,19331.07,19331.07,4294.0,2019-01-01T00:00:00,2020-12-31T00:00:00,2020,230239.84,162617.61,67622.23,0.0,0.0,YEAR-END,2020,True,committee_totals
S2NH00231,"SMITH, KEVIN H.",NH,REP,C00800326,KEVIN SMITH FOR SENATE,0.0,10165.64,0.0,0.0,0.0,2025-01-01T00:00:00,2025-12-24T00:00:00,2026,0.0,0.0,0.0,0.0,0.0,TERMINATION REPORT,2025,True,committee_totals
S2NH00231,"SMITH, KEVIN H.",NH,REP,C00800326,KEVIN SMITH FOR SENATE,0.0,4585.93,10165.64,10165.64,5000.0,2023-01-01T00:00:00,2024-12-31T00:00:00,2024,0.0,0.0,0.0,0.0,0.0,YEAR-END,2024,True,committee_totals
S2NH00231,"SMITH, KEVIN H.",NH,REP,C00800326,KEVIN SMITH FOR SENATE,873569.47,858817.9,14751.57,14751.57,9000.0,2022-01-01T00:00:00,2022-12-31T00:00:00,2022,872225.72,767048.0,105177.72,0.0,0.0,YEAR-END,2022,True,committee_totals
S2MD00529,"SMITH, MICHELLE LAURENCE MS",MD,DEM,C00724328,MICHELLE L SMITH FOR SENATE,0.0,0.0,0.0,0.0,0.0,2025-01-01T00:00:00,2026-03-31T00:00:00,2026,0.0,0.0,0.0,0.0,0.0,APRIL QUARTERLY,2026,True,committee_totals
S2MD00529,"SMITH, MICHELLE LAURENCE MS",MD,DEM,C00724328,MICHELLE L SMITH FOR SENATE,0.0,204.87,0.0,0.0,0.0,2023-01-01T00:00:00,2024-12-31T00:00:00,2024,0.0,0.0,0.0,0.0,0.0,YEAR-END,2024,True,committee_totals
S2MD00529,"SMITH, MICHELLE LAURENCE MS",MD,DEM,C00724328,MICHELLE L SMITH FOR SENATE,1269.0,30969.42,-1092.61,-1092.61,0.0,2021-01-01T00:00:00,2022-12-31T00:00:00,2022,1119.0,328.0,791.0,150.0,0.0,YEAR-END,2022,True,committee_totals
S2MD00529,"SMITH, MICHELLE LAURENCE MS",MD,DEM,C00724328,MICHELLE L SMITH FOR SENATE,1736.22,21364.97,-8039.6,-8039.6,0.0,2020-01-01T00:00:00,2020-12-31T00:00:00,2020,1736.22,1314.0,422.22,0.0,0.0,YEAR-END,2020,True,committee_totals
S8MN00578,"SMITH, TINA",MN,DEM,C00663781,TINA SMITH FOR MINNESOTA,48581.55,506058.16,270257.23,270257.23,0.0,2025-01-01T00:00:00,2026-03-31T00:00:00,2026,15204.03,11683.55,3520.48,0.0,10346.69,APRIL QUARTERLY,2026,True,committee_totals
S8MN00578,"SMITH, TINA",MN,DEM,C00663781,TINA SMITH FOR MINNESOTA,1464674.23,1369369.05,727733.84,727733.84,0.0,2023-01-01T00:00:00,2024-12-31T00:00:00,2024,1140676.44,769480.75,371195.69,0.0,20085.01,YEAR-END,2024,True,committee_totals
S8MN00578,"SMITH, TINA",MN,DEM,C00663781,TINA SMITH FOR MINNESOTA,1543714.66,1713041.36,632428.66,632428.66,0.0,2021-01-01T00:00:00,2022-12-31T00:00:00,2022,1350251.79,614645.72,735606.07,0.0,2444.53,YEAR-END,2022,True,committee_totals
S8MN00578,"SMITH, TINA",MN,DEM,C00663781,TINA SMITH FOR MINNESOTA,16468404.53,16100431.77,801755.36,801755.36,0.0,2019-01-01T00:00:00,2020-12-31T00:00:00,2020,13356797.77,8133912.96,5222884.81,5600.0,4182.27,YEAR-END,2020,True,committee_totals
S8MN00578,"SMITH, TINA",MN,DEM,C00663781,TINA SMITH FOR MINNESOTA,9221473.92,8787690.79,433782.6,433782.6,0.0,2017-12-15T00:00:00,2018-12-31T00:00:00,2018,7313957.35,4529049.16,2784907.19,5400.0,266.53,YEAR-END,2018,True,committee_totals
S4MI00710,"SOLIS-MULLEN, JOSEPH",MI,LIB,C00884742,THE COMMITTEE TO ELECT JOSEPH SOLIS-MULLEN,2307.5,2307.5,0.0,0.0,0.0,2024-07-22T00:00:00,2024-12-17T00:00:00,2024,1334.3,381.1,953.2,0.0,0.0,TERMINATION REPORT,2024,True,committee_totals
S0VA00088,"SPECIALE, THOMAS A II",VA,REP,C00710608,FOR VIRGINIA,0.0,0.0,21222.31,21222.31,54114.1,2021-06-04T00:00:00,2021-09-30T00:00:00,2022,0.0,0.0,0.0,,,OCTOBER QUARTERLY,2021,False,committee_totals
S0VA00088,"SPECIALE, THOMAS A II",VA,REP,C00710608,FOR VIRGINIA,64005.49,78838.6,166.89,166.89,0.0,2019-07-01T00:00:00,2020-12-31T00:00:00,2020,24362.81,16600.0,7762.81,,,YEAR-END,2020,False,committee_totals
S6NY00243,"SPENCER, JOHN D",NY,REP,C00412817,SPENCER FOR SENATE COMMITTEE,0.0,0.0,679.14,679.14,239112.0,2025-01-01T00:00:00,2025-03-31T00:00:00,2026,0.0,0.0,0.0,0.0,0.0,APRIL QUARTERLY,2025,True,committee_totals
S6NY00243,"SPENCER, JOHN D",NY,REP,C00412817,SPENCER FOR SENATE COMMITTEE,0.0,0.0,679.14,679.14,239112.0,2023-01-01T00:00:00,2024-12-31T00:00:00,2024,0.0,0.0,0.0,0.0,0.0,YEAR-END,2024,True,committee_totals
S6NY00243,"SPENCER, JOHN D",NY,REP,C00412817,SPENCER FOR SENATE COMMITTEE,0.0,0.0,679.14,679.14,239112.0,2021-01-01T00:00:00,2022-12-31T00:00:00,2022,0.0,0.0,0.0,0.0,0.0,YEAR-END,2022,True,committee_totals
S6NY00243,"SPENCER, JOHN D",NY,REP,C00412817,SPENCER FOR SENATE COMMITTEE,0.0,0.0,679.14,679.14,239112.48,2019-01-01T00:00:00,2020-12-31T00:00:00,2020,0.0,0.0,0.0,0.0,0.0,YEAR-END,2020,True,committee_totals
S6NY00243,"SPENCER, JOHN D",NY,REP,C00412817,SPENCER FOR SENATE COMMITTEE,0.0,0.0,679.0,679.0,239112.0,2017-01-01T00:00:00,2018-12-31T00:00:00,2018,0.0,0.0,0.0,0.0,0.0,YEAR-END,2018,True,committee_totals
S6NY00243,"SPENCER, JOHN D",NY,REP,C00412817,SPENCER FOR SENATE COMMITTEE,0.0,0.0,679.0,679.0,239112.0,2015-01-01T00:00:00,2016-12-31T00:00:00,2016,0.0,0.0,0.0,0.0,0.0,YEAR-END,2016,True,committee_totals
S6NY00243,"SPENCER, JOHN D",NY,REP,C00412817,SPENCER FOR SENATE COMMITTEE,0.0,0.0,679.0,679.0,239112.0,2013-01-01T00:00:00,2014-12-31T00:00:00,2014,0.0,0.0,0.0,0.0,0.0,YEAR-END,2014,True,committee_totals
S6NY00243,"SPENCER, JOHN D",NY,REP,C00412817,SPENCER FOR SENATE COMMITTEE,0.0,0.0,679.0,679.0,239112.0,2011-01-01T00:00:00,2012-12-31T00:00:00,2012,0.0,0.0,0.0,0.0,0.0,YEAR-END,2012,True,committee_totals
S6NY00243,"SPENCER, JOHN D",NY,REP,C00412817,SPENCER FOR SENATE COMMITTEE,0.0,0.0,679.0,679.0,239112.0,2009-01-01T00:00:00,2010-12-31T00:00:00,2010,0.0,0.0,0.0,0.0,0.0,YEAR-END,2010,True,committee_totals
S6NY00243,"SPENCER, JOHN D",NY,REP,C00412817,SPENCER FOR SENATE COMMITTEE,336950.0,525191.0,679.0,679.0,239112.0,2007-01-01T00:00:00,2008-12-31T00:00:00,2008,330949.0,110599.0,220349.0,0.0,0.0,YEAR-END,2008,True,committee_totals
S6NY00243,"SPENCER, JOHN D",NY,REP,C00412817,SPENCER FOR SENATE COMMITTEE,5849610.0,5660688.0,188919.0,188919.0,419058.0,2005-04-01T00:00:00,2006-12-31T00:00:00,2006,5816762.0,1548738.33,4266522.48,0.0,0.0,YEAR-END,2006,True,committee_totals
S6LA00698,"SPENCER, MARK",LA,REP,C00941880,MARK SPENCER FOR LOUISIANA,5395.0,5275.0,120.0,120.0,5275.0,2026-01-01T00:00:00,2026-03-31T00:00:00,2026,0.0,0.0,0.0,120.0,0.0,APRIL QUARTERLY,2026,True,committee_totals
S6KS00262,"SPIDEL NEUMANN, SANDY",KS,DEM,C00923474,SANDY FOR KANSAS,187436.34,149326.67,38109.67,38109.67,100000.0,2025-10-14T00:00:00,2026-03-31T00:00:00,2026,83877.11,48373.0,35504.11,3500.0,59.23,APRIL QUARTERLY,2026,True,committee_totals
S8MI00281,"STABENOW, DEBBIE",MI,DEM,C00344473,STABENOW FOR US SENATE,8350.36,622820.6,0.0,0.0,0.0,2025-01-01T00:00:00,2025-06-30T00:00:00,2026,0.0,0.0,0.0,0.0,1006.17,TERMINATION REPORT,2025,True,committee_totals
S8MI00281,"STABENOW, DEBBIE",MI,DEM,C00344473,STABENOW FOR US SENATE,174791.22,4010979.08,614470.24,614470.24,0.0,2023-01-01T00:00:00,2024-12-31T00:00:00,2024,961.5,730.0,231.5,0.0,171721.11,YEAR-END,2024,True,committee_totals
S8MI00281,"STABENOW, DEBBIE",MI,DEM,C00344473,STABENOW FOR US SENATE,3822923.74,1890659.12,4450658.1,4450658.1,0.0,2021-01-01T00:00:00,2022-12-31T00:00:00,2022,2623359.73,1596687.49,1026672.24,0.0,29874.2,YEAR-END,2022,True,committee_totals
S8MI00281,"STABENOW, DEBBIE",MI,DEM,C00344473,STABENOW FOR US SENATE,1834382.46,1098296.25,2518393.48,2518393.48,0.0,2019-01-01T00:00:00,2020-12-31T00:00:00,2020,1140061.44,476345.09,663716.35,0.0,11198.83,YEAR-END,2020,True,committee_totals
S8MI00281,"STABENOW, DEBBIE",MI,DEM,C00344473,STABENOW FOR US SENATE,13467045.34,14887956.2,1782307.27,1782307.27,0.0,2017-01-01T00:00:00,2018-12-31T00:00:00,2018,9550645.22,7033303.41,2517341.81,0.0,34469.4,YEAR-END,2018,True,committee_totals
S8MI00281,"STABENOW, DEBBIE",MI,DEM,C00344473,STABENOW FOR US SENATE,3500707.0,1300741.0,3203218.0,3203218.0,18028.0,2015-01-01T00:00:00,2016-12-31T00:00:00,2016,2360273.0,2038424.0,321845.0,0.0,3855.0,YEAR-END,2016,True,committee_totals
S8MI00281,"STABENOW, DEBBIE",MI,DEM,C00344473,STABENOW FOR US SENATE,926003.0,1037020.0,1003252.0,1003252.0,4382.0,2013-01-01T00:00:00,2014-12-31T00:00:00,2014,488566.0,316996.0,171568.0,0.0,2572.0,YEAR-END,2014,True,committee_totals
S8MI00281,"STABENOW, DEBBIE",MI,DEM,C00344473,STABENOW FOR US SENATE,10640589.0,11559399.0,1114269.0,1114269.0,10624.0,2011-01-01T00:00:00,2012-12-31T00:00:00,2012,7337367.0,5633760.0,1703605.0,0.0,29252.0,YEAR-END,2012,True,committee_totals
S8MI00281,"STABENOW, DEBBIE",MI,DEM,C00344473,STABENOW FOR US SENATE,2802852.0,1111305.0,2033077.0,2033077.0,18992.0,2009-01-01T00:00:00,2010-12-31T00:00:00,2010,1978048.0,1673385.0,304660.0,0.0,24749.0,YEAR-END,2010,True,committee_totals
S8MI00281,"STABENOW, DEBBIE",MI,DEM,C00344473,STABENOW FOR US SENATE,1164582.0,860738.0,341530.0,341530.0,8303.0,2007-01-01T00:00:00,2008-12-31T00:00:00,2008,764787.0,607612.0,157171.0,0.0,6836.0,YEAR-END,2008,True,committee_totals
S8MI00281,"STABENOW, DEBBIE",MI,DEM,C00344473,STABENOW FOR US SENATE,9211206.0,11220970.0,37687.0,37687.0,11521.0,2005-01-01T00:00:00,2006-12-31T00:00:00,2006,6705743.0,3582131.12,1161597.52,0.0,255673.86,YEAR-END,2006,True,committee_totals
S8MI00281,"STABENOW, DEBBIE",MI,DEM,C00344473,STABENOW FOR US SENATE,2727542.0,863638.0,2047402.0,2047402.0,15155.0,2003-01-01T00:00:00,2004-12-31T00:00:00,2004,2360163.0,,,0.0,,YEAR-END,2004,True,committee_totals
S8MI00281,"STABENOW, DEBBIE",MI,DEM,C00344473,STABENOW FOR US SENATE,423041.0,342387.0,183500.0,183500.0,8303.0,2001-01-01T00:00:00,2002-12-31T00:00:00,2002,127515.0,,,0.0,,YEAR-END,2002,True,committee_totals
S8MI00281,"STABENOW, DEBBIE",MI,DEM,C00344473,STABENOW FOR US SENATE,8297425.0,8194574.0,102845.0,102845.0,109930.0,1999-01-01T00:00:00,2000-12-31T00:00:00,2000,6560892.0,,,0.0,,YEAR-END,2000,True,committee_totals
S2ND00107,"STEELE, MICHAEL JAMES",ND,REP,C00690586,MICHAEL J. STEELE FOR UNITED STATES SENATE 2028,789.28,1579.46,0.0,0.0,0.0,2021-01-01T00:00:00,2022-06-30T00:00:00,2022,761.44,789.28,0.0,0.0,0.0,JULY QUARTERLY,2022,True,committee_totals
S2ND00107,"STEELE, MICHAEL JAMES",ND,REP,C00690586,MICHAEL J. STEELE FOR SENATE 2022,1199.49,992.6,372.79,372.79,0.0,2019-01-31T00:00:00,2020-12-31T00:00:00,2020,404.42,472.39,0.0,727.1,0.0,YEAR-END,2020,True,committee_totals
S2ND00107,"STEELE, MICHAEL JAMES",ND,REP,C00690586,MICHAEL J. STEELE FOR SENATE 2022,196.0,0.0,196.0,196.0,0.0,2018-11-04T00:00:00,2018-12-31T00:00:00,2018,193.0,193.0,0.0,3.0,0.0,YEAR-END,2018,True,committee_totals
S2LA00168,"STEIB, SYRITA",LA,DEM,C00802710,SUPPORT SYRITA STEIB,0.0,0.0,13076.63,13076.63,33614.25,2025-01-01T00:00:00,2025-04-16T00:00:00,2026,0.0,0.0,0.0,0.0,0.0,TERMINATION REPORT,2025,True,committee_totals
S2LA00168,"STEIB, SYRITA",LA,DEM,C00802710,SUPPORT SYRITA STEIB,0.0,0.0,13076.63,13076.63,33614.25,2023-01-01T00:00:00,2024-12-31T00:00:00,2024,0.0,0.0,0.0,0.0,0.0,YEAR-END,2024,True,committee_totals
S2LA00168,"STEIB, SYRITA",LA,DEM,C00802710,SUPPORT SYRITA STEIB,250624.19,251160.17,0.0,0.0,20034.59,2022-01-01T00:00:00,2022-12-31T00:00:00,2022,183834.4,178159.4,5675.0,0.0,0.0,YEAR-END,2022,True,committee_totals
S6MI00509,"STEPHENS, THOMAS WAYNE",MI,NPA,C00915314,TJ STEPHENS FOR SENATE,1000.0,220.48,779.52,779.52,500.0,2025-07-01T00:00:00,2025-12-31T00:00:00,2026,500.0,500.0,0.0,0.0,0.0,YEAR-END,2025,True,committee_totals
S6MI00426,"STEVENS, HALEY",MI,DEM,C00903039,HALEY STEVENS FOR SENATE,8870471.26,5481553.31,3388917.95,3388917.95,56555.46,2025-04-22T00:00:00,2026-03-31T00:00:00,2026,6479180.53,5518501.16,960679.37,0.0,0.0,APRIL QUARTERLY,2026,True,committee_totals
S6KY00211,"STEVENSON, PAMELA",KY,DEM,C00897058,PAMELA STEVENSON FOR KENTUCKY,266962.54,242098.61,24863.93,24863.93,63806.69,2025-01-31T00:00:00,2025-09-30T00:00:00,2026,259292.03,123645.43,135646.6,0.0,20.14,OCTOBER QUARTERLY,2025,True,committee_totals
S4IA00194,"STEWART, RICK",IA,LIB,C00753657,RICK STEWART,0.0,0.0,-7272.83,-7272.83,0.0,2025-01-01T00:00:00,2025-06-30T00:00:00,2026,0.0,0.0,0.0,0.0,0.0,TERMINATION REPORT,2025,True,committee_totals
S4IA00194,"STEWART, RICK",IA,LIB,C00753657,RICK STEWART,0.0,0.0,-7272.83,-7272.83,0.0,2023-01-01T00:00:00,2024-12-31T00:00:00,2024,0.0,0.0,0.0,0.0,0.0,YEAR-END,2024,True,committee_totals
S4IA00194,"STEWART, RICK",IA,LIB,C00753657,RICK STEWART,0.0,0.0,-7272.83,-7272.83,0.0,2021-01-01T00:00:00,2022-12-31T00:00:00,2022,0.0,0.0,0.0,0.0,0.0,YEAR-END,2022,True,committee_totals
S4IA00194,"STEWART, RICK",IA,LIB,C00753657,RICK STEWART,8820.0,16092.83,-7272.83,-7272.83,0.0,2020-07-01T00:00:00,2020-12-31T00:00:00,2020,8820.0,8300.0,520.0,0.0,0.0,YEAR-END,2020,True,committee_totals
S8AL00308,"STRANGE, LUTHER J III",AL,REP,C00629451,STRANGE FOR SENATE,0.0,3750.0,36043.2,36043.2,178713.5,2025-01-01T00:00:00,2025-12-31T00:00:00,2026,0.0,0.0,0.0,0.0,0.0,YEAR-END,2025,True,committee_totals
S8AL00308,"STRANGE, LUTHER J III",AL,REP,C00629451,STRANGE FOR SENATE,0.0,11250.0,39793.2,39793.2,179329.61,2023-01-01T00:00:00,2024-12-31T00:00:00,2024,0.0,0.0,0.0,0.0,0.0,YEAR-END,2024,True,committee_totals
S8AL00308,"STRANGE, LUTHER J III",AL,REP,C00629451,STRANGE FOR SENATE,0.0,14751.65,51043.2,51043.2,179329.61,2021-01-01T00:00:00,2022-12-31T00:00:00,2022,0.0,0.0,0.0,0.0,0.0,YEAR-END,2022,True,committee_totals
S8AL00308,"STRANGE, LUTHER J III",AL,REP,C00629451,STRANGE FOR SENATE,98747.64,167505.77,59044.85,59044.85,179329.61,2019-01-01T00:00:00,2020-12-31T00:00:00,2020,0.0,0.0,0.0,60000.0,0.0,YEAR-END,2020,True,committee_totals
S8AL00308,"STRANGE, LUTHER J III",AL,REP,C00629451,STRANGE FOR SENATE,5492899.0,5658258.13,127802.98,127802.98,236874.43,2017-01-01T00:00:00,2018-12-31T00:00:00,2018,2954628.0,2905245.0,49383.0,100000.0,700.0,YEAR-END,2018,True,committee_totals
S8AL00308,"STRANGE, LUTHER J III",AL,REP,C00629451,STRANGE FOR SENATE,308703.0,15540.0,293162.0,293162.0,0.0,2016-11-29T00:00:00,2016-12-31T00:00:00,2016,301203.0,300650.0,553.0,0.0,0.0,YEAR-END,2016,True,committee_totals
S6IL00458,"STRATTON, JULIANA",IL,DEM,C00903252,JULIANA FOR ILLINOIS,4791273.46,4096025.84,695247.62,695247.62,192935.89,2025-04-24T00:00:00,2026-03-31T00:00:00,2026,4518473.85,3465882.11,1052591.74,0.0,1.29,APRIL QUARTERLY,2026,True,committee_totals
S2PA00448,"STREET, SHARIF",PA,DEM,C00774844,SHARIF STREET FOR US,899446.48,688708.32,263296.68,263296.68,6002.5,2025-01-01T00:00:00,2026-03-31T00:00:00,2026,806396.48,764729.03,41667.45,0.0,0.0,APRIL QUARTERLY,2026,True,committee_totals
S2PA00448,"STREET, SHARIF",PA,DEM,C00774844,SHARIF STREET FOR PA,0.0,0.0,52558.52,52558.52,0.0,2023-01-01T00:00:00,2024-12-31T00:00:00,2024,0.0,0.0,0.0,0.0,0.0,YEAR-END,2024,True,committee_totals
S2PA00448,"STREET, SHARIF",PA,DEM,C00774844,SHARIF STREET FOR PA,426262.0,375826.97,52558.52,52558.52,0.0,2021-04-01T00:00:00,2022-12-31T00:00:00,2022,383212.0,366463.0,16749.0,0.0,0.0,YEAR-END,2022,True,committee_totals
S4AK00214,"SULLIVAN, DAN",AK,REP,C00570994,ALASKANS FOR DAN SULLIVAN,6500847.42,1505699.66,7086052.55,7086052.55,0.0,2025-01-01T00:00:00,2026-03-31T00:00:00,2026,2531692.06,2329258.8,202433.26,0.0,177599.11,APRIL QUARTERLY,2026,True,committee_totals
S4AK00214,"SULLIVAN, DAN",AK,REP,C00570994,ALASKANS FOR DAN SULLIVAN,1893775.09,707513.64,2090904.79,2090904.79,0.0,2023-01-01T00:00:00,2024-12-31T00:00:00,2024,915243.87,840113.56,75130.31,0.0,73616.85,YEAR-END,2024,True,committee_totals
S4AK00214,"SULLIVAN, DAN",AK,REP,C00570994,ALASKANS FOR DAN SULLIVAN,705156.15,532255.83,904643.34,904643.34,0.0,2021-01-01T00:00:00,2022-12-31T00:00:00,2022,528027.21,463369.22,64657.99,0.0,2515.53,YEAR-END,2022,True,committee_totals
S4AK00214,"SULLIVAN, DAN",AK,REP,C00570994,ALASKANS FOR DAN SULLIVAN,8970441.86,9365241.5,731743.02,731743.02,0.0,2019-01-01T00:00:00,2020-12-31T00:00:00,2020,6241528.54,5379902.55,861625.99,0.0,16865.95,YEAR-END,2020,True,committee_totals
S4AK00214,"SULLIVAN, DAN",AK,REP,C00570994,ALASKANS FOR DAN SULLIVAN,1332146.29,328214.09,1126542.66,1126542.66,112753.91,2017-01-01T00:00:00,2018-12-31T00:00:00,2018,779073.1,767803.1,11270.0,0.0,1127.19,YEAR-END,2018,True,committee_totals
S4AK00214,"SULLIVAN, DAN",AK,REP,C00570994,ALASKANS FOR DAN SULLIVAN,291751.0,247492.0,122610.0,122610.0,0.0,2015-01-01T00:00:00,2016-12-31T00:00:00,2016,177320.0,172500.0,4820.0,0.0,0.0,YEAR-END,2016,True,committee_totals
S4AK00214,"SULLIVAN, DAN",AK,REP,C00570994,ALASKANS FOR DAN SULLIVAN,0.0,0.0,0.0,0.0,0.0,2014-12-10T00:00:00,2014-12-31T00:00:00,2014,0.0,0.0,0.0,0.0,0.0,YEAR-END,2014,True,committee_totals
S6NH00190,"SULLIVAN, JARED",NH,DEM,C00920223,FRIENDS OF JARED SULLIVAN FOR US SENATE,99746.19,60149.95,39696.24,39696.24,0.0,2025-07-01T00:00:00,2026-03-31T00:00:00,2026,86646.19,73025.0,13621.19,13100.0,0.0,APRIL QUARTERLY,2026,True,committee_totals
S6NH00208,"SUNUNU, JOHN E",NH,REP,C00924092,SUNUNU SENATOR,2475941.37,583037.19,1892904.18,1892904.18,0.0,2025-10-01T00:00:00,2026-03-31T00:00:00,2026,1481875.38,1240799.39,241075.99,0.0,0.0,APRIL QUARTERLY,2026,True,committee_totals
S6IL00409,"SWANN, CHRISTOPHER ALEXANDER",IL,DEM,C00867523,NEIGHBORS FOR CHRISTOPHER SWANN,17642.57,17458.64,-408.8,-408.8,0.0,2025-07-01T00:00:00,2026-03-31T00:00:00,2026,7732.57,1100.0,6632.57,9600.0,0.0,APRIL QUARTERLY,2026,True,committee_totals
S6TX00396,"SWANSON, MICHAEL",TX,DEM,C00902551,FRIENDS OF MICHAEL SWANSON,6991.29,6991.29,0.0,0.0,4000.0,2025-04-01T00:00:00,2025-09-30T00:00:00,2026,1209.36,450.0,759.36,0.0,0.0,TERMINATION REPORT,2025,True,committee_totals
S0WV00215,"SWEARENGIN, PAULA JEAN",WV,DEM,C00708891,PAULA JEAN FOR WEST VIRGINIA,0.0,4472.7,11306.4,11306.4,0.0,2025-01-01T00:00:00,2026-03-31T00:00:00,2026,0.0,0.0,0.0,0.0,0.0,APRIL QUARTERLY,2026,True,committee_totals
S0WV00215,"SWEARENGIN, PAULA JEAN",WV,DEM,C00708891,PAULA JEAN FOR WEST VIRGINIA,0.0,7745.68,15779.1,15779.1,0.0,2023-01-01T00:00:00,2024-12-31T00:00:00,2024,0.0,0.0,0.0,0.0,0.0,YEAR-END,2024,True,committee_totals
S0WV00215,"SWEARENGIN, PAULA JEAN",WV,DEM,C00708891,PAULA JEAN FOR WEST VIRGINIA,13498.38,55958.82,23524.78,23524.78,0.0,2021-01-01T00:00:00,2022-12-31T00:00:00,2022,0.0,0.0,0.0,0.0,12500.0,YEAR-END,2022,True,committee_totals
S0WV00215,"SWEARENGIN, PAULA JEAN",WV,DEM,C00708891,PAULA JEAN FOR WEST VIRGINIA,2064982.41,1998997.19,65985.22,65985.22,0.0,2019-07-01T00:00:00,2020-12-31T00:00:00,2020,2015144.11,847166.46,1167977.65,0.0,1728.0,YEAR-END,2020,True,committee_totals
S8WV00119,"SWEARENGIN, PAULA JEAN",WV,DEM,C00708891,PAULA JEAN FOR WEST VIRGINIA,0.0,4472.7,11306.4,11306.4,0.0,2025-01-01T00:00:00,2026-03-31T00:00:00,2026,0.0,0.0,0.0,0.0,0.0,APRIL QUARTERLY,2026,True,committee_totals
S8WV00119,"SWEARENGIN, PAULA JEAN",WV,DEM,C00708891,PAULA JEAN FOR WEST VIRGINIA,0.0,7745.68,15779.1,15779.1,0.0,2023-01-01T00:00:00,2024-12-31T00:00:00,2024,0.0,0.0,0.0,0.0,0.0,YEAR-END,2024,True,committee_totals
S8WV00119,"SWEARENGIN, PAULA JEAN",WV,DEM,C00708891,PAULA JEAN FOR WEST VIRGINIA,13498.38,55958.82,23524.78,23524.78,0.0,2021-01-01T00:00:00,2022-12-31T00:00:00,2022,0.0,0.0,0.0,0.0,12500.0,YEAR-END,2022,True,committee_totals
S8WV00119,"SWEARENGIN, PAULA JEAN",WV,DEM,C00708891,PAULA JEAN FOR WEST VIRGINIA,2064982.41,1998997.19,65985.22,65985.22,0.0,2019-07-01T00:00:00,2020-12-31T00:00:00,2020,2015144.11,847166.46,1167977.65,0.0,1728.0,YEAR-END,2020,True,committee_totals
S6OK04148,"SWEARENGIN, TAMMY",OK,REP,C00722272,TAMMY SWEARENGIN FOR US SENATE,0.0,109.32,0.0,0.0,0.0,2023-01-01T00:00:00,2024-12-31T00:00:00,2024,0.0,0.0,0.0,0.0,0.0,TERMINATION REPORT,2024,True,committee_totals
S6OK04148,"SWEARENGIN, TAMMY",OK,REP,C00722272,TAMMY SWEARENGIN FOR US SENATE,30000.0,63565.84,109.32,109.32,131576.55,2021-01-01T00:00:00,2022-12-31T00:00:00,2022,0.0,0.0,0.0,0.0,0.0,YEAR-END,2022,True,committee_totals
S6OK04148,"SWEARENGIN, TAMMY",OK,REP,C00722272,TAMMY SWEARENGIN FOR US SENATE,100000.0,66324.84,33675.16,33675.16,101330.82,2019-10-01T00:00:00,2020-12-31T00:00:00,2020,0.0,0.0,0.0,0.0,0.0,YEAR-END,2020,True,committee_totals
S6AL00435,"SWEETSER, KYLE",AL,DEM,C00901777,KYLE FOR ALABAMA,154502.42,139185.61,15316.81,15316.81,16421.89,2025-04-01T00:00:00,2026-03-31T00:00:00,2026,139350.79,90176.03,49174.76,150.84,0.0,APRIL QUARTERLY,2026,True,committee_totals
S8MO00178,"SYKES, B COURTLAND",MO,REP,C00656694,COURTLAND SYKES FOR SENATE,0.0,0.0,4410.12,4410.12,0.0,2025-01-01T00:00:00,2026-03-31T00:00:00,2026,0.0,0.0,0.0,,0.0,APRIL QUARTERLY,2026,True,committee_totals
S8MO00178,"SYKES, B COURTLAND",MO,REP,C00656694,COURTLAND SYKES FOR SENATE,0.0,0.0,4410.12,4410.12,0.0,2023-01-01T00:00:00,2024-12-31T00:00:00,2024,0.0,0.0,0.0,,0.0,YEAR-END,2024,True,committee_totals
S8MO00178,"SYKES, B COURTLAND",MO,REP,C00656694,COURTLAND SYKES FOR SENATE,0.0,0.0,4410.12,4410.12,0.0,2023-01-01T00:00:00,2024-12-31T00:00:00,2024,0.0,0.0,0.0,0.0,0.0,YEAR-END,2024,True,committee_totals
S8MO00178,"SYKES, B COURTLAND",MO,REP,C00656694,COURTLAND SYKES FOR SENATE,0.0,0.0,4410.12,4410.12,0.0,2021-01-01T00:00:00,2022-12-31T00:00:00,2022,0.0,0.0,0.0,0.0,0.0,YEAR-END,2022,True,committee_totals
S8MO00178,"SYKES, B COURTLAND",MO,REP,C00656694,COURTLAND SYKES FOR SENATE,0.0,0.0,4410.12,4410.12,0.0,2021-01-01T00:00:00,2022-12-31T00:00:00,2022,0.0,0.0,0.0,,0.0,YEAR-END,2022,True,committee_totals
S8MO00178,"SYKES, B COURTLAND",MO,REP,C00656694,COURTLAND SYKES FOR SENATE,0.0,0.0,4410.12,4410.12,0.0,2019-01-01T00:00:00,2020-12-31T00:00:00,2020,0.0,0.0,0.0,0.0,0.0,YEAR-END,2020,True,committee_totals
S8MO00178,"SYKES, B COURTLAND",MO,REP,C00656694,COURTLAND SYKES FOR SENATE,0.0,0.0,4410.12,4410.12,0.0,2019-01-01T00:00:00,2020-12-31T00:00:00,2020,0.0,0.0,0.0,,0.0,YEAR-END,2020,True,committee_totals
S8MO00178,"SYKES, B COURTLAND",MO,REP,C00656694,COURTLAND SYKES FOR SENATE,34293.0,30921.0,4410.12,4410.12,7500.0,2017-07-01T00:00:00,2018-12-31T00:00:00,2018,25263.0,24605.0,658.0,500.0,0.0,YEAR-END,2018,True,committee_totals
S6MA00288,"TACHE, JOSEPH",MA,OTH,C00920793,JOE TACHE FOR SENATE,96091.67,66361.23,29730.44,29730.44,1650.0,2025-08-01T00:00:00,2026-03-31T00:00:00,2026,95611.85,61650.64,33961.21,0.0,479.82,APRIL QUARTERLY,2026,True,committee_totals
S6MN00556,"TAFOYA, MICHELE",MN,REP,C00935528,TAFOYA FOR SENATE,2041939.86,186972.48,1854967.38,1854967.38,0.0,2026-01-20T00:00:00,2026-03-31T00:00:00,2026,1758376.49,938105.32,820271.17,4840.51,0.0,APRIL QUARTERLY,2026,True,committee_totals
S6TX00479,"TALARICO, JAMES",TX,DEM,C00919084,TALARICO FOR TEXAS,40284109.15,30425243.8,9858865.35,9858865.35,0.0,2025-09-08T00:00:00,2026-03-31T00:00:00,2026,40089299.87,17001183.36,23088116.51,0.0,14587.45,APRIL QUARTERLY,2026,True,committee_totals
S6FL00871,"TANEJA PERRY, NEELAM DR",FL,REP,C00849588,NEELAM TANEJA PERRY PAC,2040.0,2040.0,0.0,0.0,2000.0,2023-10-01T00:00:00,2023-12-31T00:00:00,2024,40.0,0.0,40.0,0.0,0.0,YEAR-END,2023,True,committee_totals
S0NV00203,"TARKANIAN, DANNY",NV,REP,C00465963,TARKANIAN FOR CONGRESS,12139.97,13608.71,0.0,0.0,0.0,2013-01-01T00:00:00,2014-03-31T00:00:00,2014,1272.0,1272.0,0.0,10768.0,0.0,TERMINATION REPORT,2014,True,committee_totals
S0NV00203,"TARKANIAN, DANNY",NV,REP,C00465963,TARKANIAN FOR CONGRESS,1332354.51,1332798.71,1468.74,1468.74,5704.81,2011-01-01T00:00:00,2012-12-31T00:00:00,2012,951862.62,902702.74,49159.88,178.0,0.0,YEAR-END,2012,True,committee_totals
S0NV00203,"TARKANIAN, DANNY",NV,REP,C00465963,TARKANIAN FOR SENATE,1712737.0,1710825.0,1912.0,1912.0,12508.0,2009-07-01T00:00:00,2010-12-31T00:00:00,2010,1355292.0,929403.0,425884.0,48109.0,0.0,YEAR-END,2010,True,committee_totals
S6MI00459,"TATE, JOSEPH ALLEN",MI,DEM,C00904862,TATE FOR MICHIGAN,243635.76,243635.76,0.0,0.0,0.0,2025-04-01T00:00:00,2025-09-30T00:00:00,2026,222028.21,169468.64,52559.57,0.0,0.0,TERMINATION REPORT,2025,True,committee_totals
S2AL00152,"TAYLOR, JESSICA",AL,REP,C00784066,JESSICA TAYLOR FOR SENATE INC.,0.0,0.0,3509.13,3509.13,175990.61,2025-01-01T00:00:00,2026-03-31T00:00:00,2026,0.0,0.0,0.0,0.0,0.0,APRIL QUARTERLY,2026,True,committee_totals
S2AL00152,"TAYLOR, JESSICA",AL,REP,C00784066,JESSICA TAYLOR FOR SENATE INC.,0.0,0.0,3509.13,3509.13,175990.61,2023-01-01T00:00:00,2024-12-31T00:00:00,2024,0.0,0.0,0.0,0.0,0.0,YEAR-END,2024,True,committee_totals
S2AL00152,"TAYLOR, JESSICA",AL,REP,C00784066,JESSICA TAYLOR FOR SENATE INC.,291043.76,287559.63,3484.13,3484.13,175990.61,2021-07-01T00:00:00,2022-12-31T00:00:00,2022,290379.24,178434.0,111945.24,0.0,0.0,YEAR-END,2022,True,committee_totals
S6KS00296,"TAYLOR, NOAH",KS,DEM,C00943803,NOAH TAYLOR FOR KANSAS,72435.0,3801.94,68633.06,68633.06,0.0,2026-01-01T00:00:00,2026-03-31T00:00:00,2026,58934.83,33400.0,25534.83,3500.0,0.0,APRIL QUARTERLY,2026,True,committee_totals
S2LA00077,"TERRELL, SUZANNE HAIK",LA,REP,C00380212,TERRELL FOR SENATE,0.0,0.0,0.0,0.0,627373.0,2009-01-01T00:00:00,2009-12-31T00:00:00,2010,0.0,0.0,0.0,0.0,0.0,YEAR-END,2009,True,committee_totals
S2LA00077,"TERRELL, SUZANNE HAIK",LA,REP,C00380212,TERRELL FOR SENATE,0.0,2523.0,0.0,0.0,627373.0,2007-01-01T00:00:00,2008-12-31T00:00:00,2008,0.0,0.0,0.0,0.0,0.0,TERMINATION REPORT,2008,True,committee_totals
S2LA00077,"TERRELL, SUZANNE HAIK",LA,REP,C00380212,TERRELL FOR SENATE,27997.0,53866.0,2523.0,2523.0,627373.0,2005-01-01T00:00:00,2006-12-31T00:00:00,2006,27997.0,27997.0,0.0,0.0,0.0,YEAR-END,2006,True,committee_totals
S2LA00077,"TERRELL, SUZANNE HAIK",LA,REP,C00380212,TERRELL FOR SENATE,53585.0,376954.0,28392.0,28392.0,627373.0,2003-01-01T00:00:00,2004-12-31T00:00:00,2004,0.0,,,0.0,,YEAR-END,2004,True,committee_totals
S2LA00077,"TERRELL, SUZANNE HAIK",LA,REP,C00380212,TERRELL FOR SENATE,4072916.0,3721152.0,351764.0,351764.0,769989.0,2002-07-01T00:00:00,2002-12-31T00:00:00,2002,2502745.0,,,1500.0,,YEAR-END,2002,True,committee_totals
S6MT00162,"TESTER, R. JON",MT,DEM,C00412304,MONTANANS FOR TESTER,233311.01,257723.68,741470.97,741470.97,0.0,2025-01-01T00:00:00,2026-03-31T00:00:00,2026,0.0,0.0,0.0,0.0,152836.43,APRIL QUARTERLY,2026,True,committee_totals
S6MT00162,"TESTER, R. JON",MT,DEM,C00412304,MONTANANS FOR TESTER,89837646.72,91956782.19,765623.57,765623.57,0.0,2023-01-01T00:00:00,2024-12-31T00:00:00,2024,81104096.95,51871689.38,29232407.57,0.0,69118.24,YEAR-END,2024,True,committee_totals
S6MT00162,"TESTER, R. JON",MT,DEM,C00412304,MONTANANS FOR TESTER,2847846.36,1008616.42,2884759.04,2884759.04,0.0,2021-01-01T00:00:00,2022-12-31T00:00:00,2022,2030943.61,1479037.36,551906.25,0.0,6292.93,YEAR-END,2022,True,committee_totals
S6MT00162,"TESTER, R. JON",MT,DEM,C00412304,MONTANANS FOR TESTER,1648506.66,1083551.43,1045529.1,1045529.1,0.0,2019-01-01T00:00:00,2020-12-31T00:00:00,2020,1155098.99,497803.05,657295.94,0.0,2529.56,YEAR-END,2020,True,committee_totals
S6MT00162,"TESTER, R. JON",MT,DEM,C00412304,MONTANANS FOR TESTER,18686615.43,19757019.91,480573.87,480573.87,0.0,2017-01-01T00:00:00,2018-12-31T00:00:00,2018,15034106.42,11297014.55,3737087.87,0.0,40848.19,YEAR-END,2018,True,committee_totals
S6MT00162,"TESTER, R. JON",MT,DEM,C00412304,MONTANANS FOR TESTER,1662089.0,485210.0,1550978.0,1550978.0,0.0,2015-01-01T00:00:00,2016-12-31T00:00:00,2016,771745.0,686338.0,85403.0,0.0,3638.0,YEAR-END,2016,True,committee_totals
S6MT00162,"TESTER, R. JON",MT,DEM,C00412304,MONTANANS FOR TESTER,894276.0,580017.0,374097.0,374097.0,0.0,2013-01-01T00:00:00,2014-12-31T00:00:00,2014,426718.0,318175.0,108540.0,0.0,606.23,YEAR-END,2014,True,committee_totals
S6MT00162,"TESTER, R. JON",MT,DEM,C00412304,MONTANANS FOR TESTER,11912726.0,12414711.0,59837.0,59837.0,56000.0,2011-01-01T00:00:00,2012-12-31T00:00:00,2012,8845338.0,7284056.0,1561277.0,0.0,11376.0,YEAR-END,2012,True,committee_totals
S6MT00162,"TESTER, R. JON",MT,DEM,C00412304,MONTANANS FOR TESTER,1103989.4,643793.35,561822.76,561822.76,0.0,2009-01-01T00:00:00,2010-12-31T00:00:00,2010,780802.0,689550.0,91251.0,0.0,1450.57,YEAR-END,2010,True,committee_totals
S6MT00162,"TESTER, R. JON",MT,DEM,C00412304,MONTANANS FOR TESTER,359645.0,270068.0,101626.0,101626.0,0.0,2007-01-01T00:00:00,2008-12-31T00:00:00,2008,128989.0,123100.0,5889.0,0.0,0.0,YEAR-END,2008,True,committee_totals
S6MT00162,"TESTER, R. JON",MT,DEM,C00412304,MONTANANS FOR TESTER,5601705.0,5589653.0,12052.0,12052.0,13653.0,2005-04-01T00:00:00,2006-12-31T00:00:00,2006,4830486.0,3188319.0,1642163.0,0.0,0.0,YEAR-END,2006,True,committee_totals
S2CA01193,"THEODORE, CHRIS",CA,DEM,C00776633,FRIENDS OF CHRIS THEODORE,0.0,0.0,4669.74,4669.74,222500.0,2023-01-01T00:00:00,2024-12-31T00:00:00,2024,0.0,0.0,0.0,0.0,0.0,YEAR-END,2024,True,committee_totals
S2CA01193,"THEODORE, CHRIS",CA,DEM,C00776633,FRIENDS OF CHRIS THEODORE,233250.0,228580.26,4669.74,4669.74,222500.0,2021-10-01T00:00:00,2022-12-31T00:00:00,2022,3250.0,3250.0,0.0,7500.0,0.0,YEAR-END,2022,True,committee_totals
S4PA00360,"THOMAS, JOHN C.",PA,LIB,C00875799,FRIENDS OF JOHN THOMAS,4854.0,2026.41,2827.59,2827.59,0.0,2024-04-01T00:00:00,2024-09-30T00:00:00,2024,4854.0,2524.0,2330.0,0.0,0.0,OCTOBER QUARTERLY,2024,True,committee_totals
S6OK04163,"THOMAS, N'KIYLA JASMINE - ANN",OK,DEM,C00899559,NKIYLA FOR OK,39009.15,36270.6,3674.89,3674.89,0.0,2025-07-01T00:00:00,2026-03-31T00:00:00,2026,38959.22,11550.0,27409.22,0.0,0.0,APRIL QUARTERLY,2026,True,committee_totals
S0KY00198,"THONEY, ROGER",KY,REP,C00354365,ROGER THONEY FOR CONGRESS,0.0,86.0,1485.53,1485.53,27900.0,2025-01-01T00:00:00,2026-03-31T00:00:00,2026,0.0,0.0,0.0,0.0,0.0,APRIL QUARTERLY,2026,True,committee_totals
S0KY00198,"THONEY, ROGER",KY,REP,C00354365,ROGER THONEY FOR CONGRESS,0.0,164.0,1571.53,1571.53,27900.0,2023-01-01T00:00:00,2024-12-31T00:00:00,2024,0.0,0.0,0.0,0.0,0.0,YEAR-END,2024,True,committee_totals
S0KY00198,"THONEY, ROGER",KY,REP,C00354365,ROGER THONEY FOR CONGRESS,0.0,107.0,1735.53,1735.53,27900.0,2021-01-01T00:00:00,2022-12-31T00:00:00,2022,0.0,0.0,0.0,0.0,0.0,YEAR-END,2022,True,committee_totals
S0KY00198,"THONEY, ROGER",KY,REP,C00354365,ROGER THONEY FOR CONGRESS,0.0,128.0,1842.53,1842.53,27900.0,2019-01-01T00:00:00,2020-12-31T00:00:00,2020,0.0,0.0,0.0,0.0,0.0,YEAR-END,2020,True,committee_totals
S0KY00198,"THONEY, ROGER",KY,REP,C00354365,ROGER THONEY FOR CONGRESS,0.0,152.16,1970.53,1970.53,27900.0,2017-01-01T00:00:00,2018-12-31T00:00:00,2018,0.0,0.0,0.0,0.0,0.0,YEAR-END,2018,True,committee_totals
S0KY00198,"THONEY, ROGER",KY,REP,C00354365,ROGER THONEY FOR CONGRESS,0.0,228.0,2123.0,2123.0,27900.0,2015-01-01T00:00:00,2016-12-31T00:00:00,2016,0.0,0.0,0.0,0.0,0.0,YEAR-END,2016,True,committee_totals
S0KY00198,"THONEY, ROGER",KY,REP,C00354365,ROGER THONEY FOR CONGRESS,14775.0,16261.0,2373.0,2373.0,27900.0,2013-01-01T00:00:00,2014-12-31T00:00:00,2014,25.0,0.0,25.0,14750.0,0.0,YEAR-END,2014,True,committee_totals
S0KY00198,"THONEY, ROGER",KY,REP,C00354365,ROGER THONEY FOR CONGRESS,7000.0,4006.0,3863.0,3863.0,27900.0,2011-01-01T00:00:00,2012-12-31T00:00:00,2012,0.0,0.0,0.0,7000.0,0.0,YEAR-END,2012,True,committee_totals
S0KY00198,"THONEY, ROGER",KY,REP,C00354365,ROGER THONEY FOR CONGRESS,3655.0,2958.32,873.0,873.0,27900.0,2009-01-01T00:00:00,2010-12-31T00:00:00,2010,155.0,0.0,155.0,0.0,0.0,YEAR-END,2010,True,committee_totals
S0KY00198,"THONEY, ROGER",KY,REP,C00354365,ROGER THONEY FOR CONGRESS,140.0,82.0,180.46,180.46,24400.0,2007-01-01T00:00:00,2008-12-31T00:00:00,2008,0.0,0.0,0.0,140.0,0.0,YEAR-END,2008,True,committee_totals
S0KY00198,"THONEY, ROGER",KY,REP,C00354365,ROGER THONEY FOR CONGRESS,0.0,78.0,122.46,122.46,24400.0,2005-01-01T00:00:00,2006-12-31T00:00:00,2006,0.0,0.0,0.0,0.0,0.0,YEAR-END,2006,True,committee_totals
S0KY00198,"THONEY, ROGER",KY,REP,C00354365,ROGER THONEY FOR CONGRESS,0.0,575.5,200.46,200.46,24400.0,2003-01-01T00:00:00,2004-12-31T00:00:00,2004,0.0,0.0,0.0,0.0,0.0,YEAR-END,2004,True,committee_totals
S0KY00198,"THONEY, ROGER",KY,REP,C00354365,ROGER THONEY FOR CONGRESS,16837.98,16168.79,775.96,775.96,24400.0,2001-01-01T00:00:00,2002-12-31T00:00:00,2002,1937.98,1417.98,520.0,0.0,0.0,YEAR-END,2002,True,committee_totals
S0KY00198,"THONEY, ROGER",KY,REP,C00354365,ROGER THONEY FOR CONGRESS,10544.0,10326.0,215.0,215.0,10100.0,1999-11-08T00:00:00,2000-12-31T00:00:00,2000,244.0,,,0.0,,YEAR-END,2000,True,committee_totals
S2SD00068,"THUNE, JOHN R.",SD,REP,C00409581,FRIENDS OF JOHN THUNE,3459924.82,1452615.44,17391646.65,17391646.65,0.0,2025-01-01T00:00:00,2026-03-31T00:00:00,2026,1078977.76,879045.25,199932.51,0.0,984568.15,APRIL QUARTERLY,2026,True,committee_totals
S2SD00068,"THUNE, JOHN R.",SD,REP,C00409581,FRIENDS OF JOHN THUNE,4163983.31,5721878.68,15384337.27,15384337.27,0.0,2023-01-01T00:00:00,2024-12-31T00:00:00,2024,1339992.79,1100962.75,239030.04,0.0,1710216.38,YEAR-END,2024,True,committee_totals
S2SD00068,"THUNE, JOHN R.",SD,REP,C00409581,FRIENDS OF JOHN THUNE,7547602.66,4017841.44,16942232.64,16942232.64,0.0,2021-01-01T00:00:00,2022-12-31T00:00:00,2022,3751172.67,3364636.56,386536.11,0.0,-7794.77,YEAR-END,2022,True,committee_totals
S2SD00068,"THUNE, JOHN R.",SD,REP,C00409581,FRIENDS OF JOHN THUNE,3088318.78,1266167.3,13412471.42,13412471.42,0.0,2019-01-01T00:00:00,2020-12-31T00:00:00,2020,1519657.04,1157609.97,362047.07,0.0,864147.13,YEAR-END,2020,True,committee_totals
S2SD00068,"THUNE, JOHN R.",SD,REP,C00409581,FRIENDS OF JOHN THUNE,2540817.36,1593429.72,11590319.94,11590319.94,0.0,2017-01-01T00:00:00,2018-12-31T00:00:00,2018,1297130.21,1014850.0,282280.21,0.0,531527.65,YEAR-END,2018,True,committee_totals
S2SD00068,"THUNE, JOHN R.",SD,REP,C00409581,FRIENDS OF JOHN THUNE,5170324.0,4242752.0,10642932.0,10642932.0,0.0,2015-01-01T00:00:00,2016-12-31T00:00:00,2016,2302809.0,2101128.0,201680.0,0.0,259503.0,YEAR-END,2016,True,committee_totals
S2SD00068,"THUNE, JOHN R.",SD,REP,C00409581,FRIENDS OF JOHN THUNE,2845864.0,1592613.0,9715362.0,9715362.0,0.0,2013-01-01T00:00:00,2014-12-31T00:00:00,2014,1568276.0,1270742.0,297533.0,0.0,356940.0,YEAR-END,2014,True,committee_totals
S2SD00068,"THUNE, JOHN R.",SD,REP,C00409581,FRIENDS OF JOHN THUNE,2599417.0,1273813.0,8462111.0,8462111.0,0.0,2011-01-01T00:00:00,2012-12-31T00:00:00,2012,1815056.0,1270805.0,544251.0,0.0,297909.0,YEAR-END,2012,True,committee_totals
S2SD00068,"THUNE, JOHN R.",SD,REP,C00409581,FRIENDS OF JOHN THUNE,6539901.0,3303842.0,7136506.0,7136506.0,0.0,2009-01-01T00:00:00,2010-12-31T00:00:00,2010,4271739.0,3464316.0,807419.0,0.0,144522.0,YEAR-END,2010,True,committee_totals
S2SD00068,"THUNE, JOHN R.",SD,REP,C00409581,FRIENDS OF JOHN THUNE,3136556.0,1372169.0,3900448.0,3900448.0,0.0,2007-01-01T00:00:00,2008-12-31T00:00:00,2008,2474015.0,1734230.0,739783.0,0.0,333422.0,YEAR-END,2008,True,committee_totals
S2SD00068,"THUNE, JOHN R.",SD,REP,C00409581,FRIENDS OF JOHN THUNE,2842485.0,706425.0,2136059.0,2136059.0,0.0,2004-11-03T00:00:00,2006-12-31T00:00:00,2006,999674.0,657694.0,337844.47,0.0,249426.03,YEAR-END,2006,True,committee_totals
S4NC00162,"TILLIS, THOM R SEN",NC,REP,C00545772,THOM TILLIS COMMITTEE,4707959.82,3268154.5,3677891.81,3677891.81,0.0,2025-01-01T00:00:00,2026-03-31T00:00:00,2026,2636769.36,2516410.02,120359.34,0.0,39799.63,APRIL QUARTERLY,2026,True,committee_totals
S4NC00162,"TILLIS, THOM R SEN",NC,REP,C00545772,THOM TILLIS COMMITTEE,2474642.46,971773.72,2238086.49,2238086.49,0.0,2023-01-01T00:00:00,2024-12-31T00:00:00,2024,1372519.17,1316383.64,56135.53,0.0,0.0,YEAR-END,2024,True,committee_totals
S4NC00162,"TILLIS, THOM R SEN",NC,REP,C00545772,THOM TILLIS COMMITTEE,930819.86,1030510.67,735217.75,735217.75,0.0,2021-01-01T00:00:00,2022-12-31T00:00:00,2022,590340.23,363481.58,226858.65,0.0,0.0,YEAR-END,2022,True,committee_totals
S4NC00162,"TILLIS, THOM R SEN",NC,REP,C00545772,THOM TILLIS COMMITTEE,23277928.68,24468464.55,834908.56,834908.56,0.0,2019-01-01T00:00:00,2020-12-31T00:00:00,2020,17306319.37,12013895.68,5292423.69,0.0,0.0,YEAR-END,2020,True,committee_totals
S4NC00162,"TILLIS, THOM R SEN",NC,REP,C00545772,THOM TILLIS COMMITTEE,2389872.26,490922.26,2025444.43,2025444.43,0.0,2017-01-01T00:00:00,2018-12-31T00:00:00,2018,1241970.64,1105960.75,136009.89,0.0,0.0,YEAR-END,2018,True,committee_totals
S4NC00162,"TILLIS, THOM R SEN",NC,REP,C00545772,THOM TILLIS COMMITTEE,1048181.0,1408101.0,126493.0,126493.0,0.0,2015-01-01T00:00:00,2016-12-31T00:00:00,2016,398489.0,393691.0,4797.0,0.0,0.0,YEAR-END,2016,True,committee_totals
S4NC00162,"TILLIS, THOM R SEN",NC,REP,C00545772,THOM TILLIS COMMITTEE,11000378.0,10513963.0,486415.0,486415.0,863090.0,2013-04-01T00:00:00,2014-12-31T00:00:00,2014,7915603.0,6643989.0,1271608.0,0.0,0.0,YEAR-END,2014,True,committee_totals
S6MS00141,"TILL, PRISCILLA WILLIAMS",MS,DEM,C00921445,PRISCILLA WILLIAMS TILL FOR U. S. SENATE,8584.39,3029.82,0.0,0.0,0.0,2025-10-01T00:00:00,2026-04-15T00:00:00,2026,1501.05,1501.05,0.0,2000.0,0.0,TERMINATION REPORT,2026,True,committee_totals
S6MS00158,"TILL, PRISCILLA WILLIAMS",MS,DEM,C00921445,PRISCILLA WILLIAMS TILL FOR U. S. SENATE,8584.39,3029.82,0.0,0.0,0.0,2025-10-01T00:00:00,2026-04-15T00:00:00,2026,1501.05,1501.05,0.0,2000.0,0.0,TERMINATION REPORT,2026,True,committee_totals
S2OH00360,"TIMKEN, JANE",OH,REP,C00769745,JANE TIMKEN FOR OHIO,0.0,655.51,4919.39,4919.39,4060000.0,2025-01-01T00:00:00,2026-03-31T00:00:00,2026,0.0,0.0,0.0,0.0,0.0,APRIL QUARTERLY,2026,True,committee_totals
S2OH00360,"TIMKEN, JANE",OH,REP,C00769745,JANE TIMKEN FOR OHIO,1671.58,4555.5,5362.9,5362.9,4060000.0,2023-01-01T00:00:00,2024-12-31T00:00:00,2024,0.0,0.0,0.0,0.0,0.0,YEAR-END,2024,True,committee_totals
S2OH00360,"TIMKEN, JANE",OH,REP,C00769745,JANE TIMKEN FOR OHIO,8707815.54,8699477.72,8246.82,8246.82,4060000.0,2021-01-01T00:00:00,2022-12-31T00:00:00,2022,4207071.85,3973048.23,234023.62,0.0,63.83,YEAR-END,2022,True,committee_totals
S0NM00074,"TOULOUSE OLIVER, MAGGIE",NM,DEM,C00703256,MAGGIE TOULOUSE OLIVER FOR SENATE,0.0,75.0,2618.05,2618.05,15312.17,2025-01-01T00:00:00,2026-03-31T00:00:00,2026,0.0,0.0,0.0,0.0,0.0,APRIL QUARTERLY,2026,True,committee_totals
S0NM00074,"TOULOUSE OLIVER, MAGGIE",NM,DEM,C00703256,MAGGIE TOULOUSE OLIVER FOR SENATE,0.0,115.88,2693.05,2693.05,15312.17,2023-01-01T00:00:00,2024-12-31T00:00:00,2024,0.0,0.0,0.0,0.0,0.0,YEAR-END,2024,True,committee_totals
S0NM00074,"TOULOUSE OLIVER, MAGGIE",NM,DEM,C00703256,MAGGIE TOULOUSE OLIVER FOR SENATE,100.0,1180.8,2808.93,2808.93,15312.17,2021-01-01T00:00:00,2022-12-31T00:00:00,2022,100.0,0.0,100.0,0.0,0.0,YEAR-END,2022,True,committee_totals
S0NM00074,"TOULOUSE OLIVER, MAGGIE",NM,DEM,C00703256,MAGGIE TOULOUSE OLIVER FOR SENATE,496033.3,492143.57,3889.73,3889.73,15312.17,2019-04-01T00:00:00,2020-12-31T00:00:00,2020,475730.81,345184.79,130546.02,0.0,148.0,YEAR-END,2020,True,committee_totals
S0NY00550,"TOWNSEND, JAY",NY,REP,C00482216,TOWNSEND FOR SENATE,0.0,0.0,0.0,0.0,108845.1,2025-01-01T00:00:00,2026-03-31T00:00:00,2026,0.0,0.0,0.0,0.0,0.0,APRIL QUARTERLY,2026,True,committee_totals
S0NY00550,"TOWNSEND, JAY",NY,REP,C00482216,TOWNSEND FOR SENATE,0.0,0.0,0.0,0.0,108845.1,2023-01-01T00:00:00,2024-12-31T00:00:00,2024,0.0,0.0,0.0,0.0,0.0,YEAR-END,2024,True,committee_totals
S0NY00550,"TOWNSEND, JAY",NY,REP,C00482216,TOWNSEND FOR SENATE,0.0,0.0,0.0,0.0,108845.1,2021-01-01T00:00:00,2022-12-31T00:00:00,2022,0.0,0.0,0.0,0.0,0.0,YEAR-END,2022,True,committee_totals
S0NY00550,"TOWNSEND, JAY",NY,REP,C00482216,TOWNSEND FOR SENATE,0.0,0.0,0.0,0.0,108845.1,2019-01-01T00:00:00,2020-12-31T00:00:00,2020,0.0,0.0,0.0,0.0,0.0,YEAR-END,2020,True,committee_totals
S0NY00550,"TOWNSEND, JAY",NY,REP,C00482216,TOWNSEND FOR SENATE,0.0,0.0,0.0,0.0,108845.1,2017-01-01T00:00:00,2018-12-31T00:00:00,2018,0.0,0.0,0.0,0.0,0.0,YEAR-END,2018,True,committee_totals
S0NY00550,"TOWNSEND, JAY",NY,REP,C00482216,TOWNSEND FOR SENATE,0.0,52.0,0.0,0.0,108845.0,2015-01-01T00:00:00,2016-12-31T00:00:00,2016,0.0,0.0,0.0,0.0,0.0,YEAR-END,2016,True,committee_totals
S0NY00550,"TOWNSEND, JAY",NY,REP,C00482216,TOWNSEND FOR SENATE,14752.0,14752.0,52.0,52.0,108845.0,2013-01-01T00:00:00,2014-12-31T00:00:00,2014,0.0,0.0,0.0,14752.0,0.0,YEAR-END,2014,True,committee_totals
S0NY00550,"TOWNSEND, JAY",NY,REP,C00482216,TOWNSEND FOR SENATE,11325.0,12233.0,52.0,52.0,123597.0,2011-01-01T00:00:00,2012-12-31T00:00:00,2012,3340.0,2000.0,1340.0,4900.0,0.0,YEAR-END,2012,True,committee_totals
S0NY00550,"TOWNSEND, JAY",NY,REP,C00482216,TOWNSEND FOR NEW YORK,218557.0,217593.0,963.0,963.0,123175.0,2010-04-01T00:00:00,2010-12-31T00:00:00,2010,118680.0,91363.0,27316.0,0.0,0.0,YEAR-END,2010,True,committee_totals
S6IL00615,"TRACY, DON",IL,REP,C00917120,"DON TRACY FOR ILLINOIS, NFP",2327334.3,783936.04,1543398.26,1543398.26,2000000.0,2025-07-01T00:00:00,2026-03-31T00:00:00,2026,289688.26,265865.82,23822.44,0.0,31152.14,APRIL QUARTERLY,2026,True,committee_totals
S4MD00319,"TRONE, DAVID",MD,DEM,C00653196,"DAVID TRONE FOR MARYLAND, INC.",11041367.95,6744393.16,4300816.22,4300816.22,10000000.0,2025-01-01T00:00:00,2026-03-31T00:00:00,2026,31450.0,28150.0,3300.0,406107.21,250.0,APRIL QUARTERLY,2026,True,committee_totals
S4MD00319,"TRONE, DAVID",MD,DEM,C00653196,DAVID TRONE FOR MARYLAND,63833136.59,64032401.51,3841.43,3841.43,73680994.0,2023-01-01T00:00:00,2024-12-31T00:00:00,2024,853811.58,700225.82,153585.76,0.0,500.0,YEAR-END,2024,True,committee_totals
S4MD00319,"TRONE, DAVID",MD,DEM,C00653196,DAVID TRONE FOR CONGRESS,13144029.27,13034603.23,203106.35,203106.35,10699194.0,2021-01-01T00:00:00,2022-12-31T00:00:00,2022,539517.98,481302.29,58215.69,0.0,5.88,YEAR-END,2022,True,committee_totals
S4MD00319,"TRONE, DAVID",MD,DEM,C00653196,DAVID TRONE FOR CONGRESS,2965203.83,2980058.01,93680.31,93680.31,750000.0,2019-01-01T00:00:00,2020-12-31T00:00:00,2020,409019.23,379423.34,29595.89,2295000.0,219.12,YEAR-END,2020,True,committee_totals
S4MD00319,"TRONE, DAVID",MD,DEM,C00653196,"DAVID TRONE FOR CONGRESS, INC",18468367.89,18359833.45,108534.49,108534.49,500000.0,2017-01-01T00:00:00,2018-12-31T00:00:00,2018,553273.79,536721.82,16551.97,17413171.51,109.75,YEAR-END,2018,True,committee_totals
S2ID00129,"TROTTER, JAMES SCOTT",ID,REP,C00791319,TROTTER ELECTION COMMITTEE,0.0,0.0,0.0,0.0,0.0,2025-01-01T00:00:00,2025-03-31T00:00:00,2026,0.0,0.0,0.0,0.0,0.0,APRIL QUARTERLY,2025,True,committee_totals
S2ID00129,"TROTTER, JAMES SCOTT",ID,REP,C00791319,TROTTER ELECTION COMMITTEE,0.0,0.0,0.0,0.0,0.0,2023-01-01T00:00:00,2024-12-31T00:00:00,2024,0.0,0.0,0.0,0.0,0.0,YEAR-END,2024,True,committee_totals
S2ID00129,"TROTTER, JAMES SCOTT",ID,REP,C00791319,TROTTER FOR UNITED STATES SENATE,14810.0,15151.75,0.0,0.0,0.0,2021-10-01T00:00:00,2022-12-31T00:00:00,2022,13810.0,12850.0,960.0,1000.0,0.0,YEAR-END,2022,True,committee_totals
S4IL00438,"TRUAX, DOUGLAS LEE",IL,REP,C00546457,AMERICANS FOR DOUG TRUAX,0.0,0.0,0.0,0.0,53087.87,2025-01-01T00:00:00,2026-03-31T00:00:00,2026,0.0,0.0,0.0,0.0,0.0,APRIL QUARTERLY,2026,True,committee_totals
S4IL00438,"TRUAX, DOUGLAS LEE",IL,REP,C00546457,AMERICANS FOR DOUG TRUAX,0.0,0.0,0.0,0.0,53087.87,2023-01-01T00:00:00,2024-12-31T00:00:00,2024,0.0,0.0,0.0,0.0,0.0,YEAR-END,2024,True,committee_totals
S4IL00438,"TRUAX, DOUGLAS LEE",IL,REP,C00546457,AMERICANS FOR DOUG TRUAX,0.0,0.0,0.0,0.0,53080.87,2021-01-01T00:00:00,2022-12-31T00:00:00,2022,0.0,0.0,0.0,0.0,0.0,YEAR-END,2022,True,committee_totals
S4IL00438,"TRUAX, DOUGLAS LEE",IL,REP,C00546457,AMERICANS FOR DOUG TRUAX,370.78,0.0,0.0,0.0,53080.87,2019-01-01T00:00:00,2020-12-31T00:00:00,2020,0.0,0.0,0.0,0.0,0.0,YEAR-END,2020,True,committee_totals
S4IL00438,"TRUAX, DOUGLAS LEE",IL,REP,C00546457,AMERICANS FOR DOUG TRUAX,0.0,0.0,-370.0,-370.0,52710.0,2017-01-01T00:00:00,2018-12-31T00:00:00,2018,0.0,0.0,0.0,0.0,0.0,YEAR-END,2018,True,committee_totals
S4IL00438,"TRUAX, DOUGLAS LEE",IL,REP,C00546457,AMERICANS FOR DOUG TRUAX,2537.0,2497.0,-380.0,-380.0,52710.0,2015-01-01T00:00:00,2016-12-31T00:00:00,2016,50.0,0.0,50.0,0.0,0.0,YEAR-END,2016,True,committee_totals
S4IL00438,"TRUAX, DOUGLAS LEE",IL,REP,C00546457,AMERICANS FOR DOUG TRUAX,464203.0,464622.0,-420.0,-420.0,49348.0,2013-03-01T00:00:00,2014-12-31T00:00:00,2014,391390.0,322495.0,68895.0,14003.0,2000.0,YEAR-END,2014,True,committee_totals
S4CO00379,"TRUJILLO, FLOYD",CO,REP,C00554766,FLOYD TRUJILLO FOR US SENATE,0.0,0.0,1024.25,1024.25,102930.68,2025-01-01T00:00:00,2026-03-31T00:00:00,2026,0.0,0.0,0.0,0.0,0.0,APRIL QUARTERLY,2026,True,committee_totals
S4CO00379,"TRUJILLO, FLOYD",CO,REP,C00554766,FLOYD TRUJILLO FOR US SENATE,0.0,0.0,1024.25,1024.25,102930.68,2023-01-01T00:00:00,2024-12-31T00:00:00,2024,0.0,0.0,0.0,0.0,0.0,YEAR-END,2024,True,committee_totals
S4CO00379,"TRUJILLO, FLOYD",CO,REP,C00554766,FLOYD TRUJILLO FOR US SENATE,0.0,0.0,1024.25,1024.25,102930.68,2021-01-01T00:00:00,2022-12-31T00:00:00,2022,0.0,0.0,0.0,0.0,0.0,YEAR-END,2022,True,committee_totals
S4CO00379,"TRUJILLO, FLOYD",CO,REP,C00554766,FLOYD TRUJILLO FOR US SENATE,0.0,0.0,1024.25,1024.25,102930.68,2019-01-01T00:00:00,2020-12-31T00:00:00,2020,0.0,0.0,0.0,0.0,0.0,YEAR-END,2020,True,committee_totals
S4CO00379,"TRUJILLO, FLOYD",CO,REP,C00554766,FLOYD TRUJILLO FOR US SENATE,0.0,0.0,1024.25,1024.25,102930.68,2017-01-01T00:00:00,2018-12-31T00:00:00,2018,0.0,0.0,0.0,0.0,0.0,YEAR-END,2018,True,committee_totals
S4CO00379,"TRUJILLO, FLOYD",CO,REP,C00554766,FLOYD TRUJILLO FOR US SENATE,0.0,132.0,1024.0,1024.0,102930.0,2015-01-01T00:00:00,2016-12-31T00:00:00,2016,0.0,0.0,0.0,0.0,0.0,YEAR-END,2016,True,committee_totals
S4CO00379,"TRUJILLO, FLOYD",CO,REP,C00554766,FLOYD TRUJILLO FOR US SENATE,121755.0,120597.0,1157.0,1157.0,102797.0,2013-10-01T00:00:00,2014-12-31T00:00:00,2014,24680.0,23500.0,1180.0,50.0,0.0,YEAR-END,2014,True,committee_totals
S8DE00129,"TRUONO, EUGENE (GENE) J JR",DE,REP,C00661801,CAMPAIGN TO ELECT GENE TRUONO,1686.71,1686.71,471.14,471.14,205873.48,2025-01-01T00:00:00,2026-03-31T00:00:00,2026,0.0,0.0,0.0,0.0,0.0,APRIL QUARTERLY,2026,True,committee_totals
S8DE00129,"TRUONO, EUGENE (GENE) J JR",DE,REP,C00661801,CAMPAIGN TO ELECT GENE TRUONO,9154.0,9154.0,471.14,471.14,205837.11,2023-01-01T00:00:00,2024-12-31T00:00:00,2024,0.0,0.0,0.0,0.0,0.0,YEAR-END,2024,True,committee_totals
S8DE00129,"TRUONO, EUGENE (GENE) J JR",DE,REP,C00661801,CAMPAIGN TO ELECT GENE TRUONO,9552.0,9552.0,471.14,471.14,205277.81,2021-01-01T00:00:00,2022-12-31T00:00:00,2022,0.0,0.0,0.0,0.0,0.0,YEAR-END,2022,True,committee_totals
S8DE00129,"TRUONO, EUGENE (GENE) J JR",DE,REP,C00661801,CAMPAIGN TO ELECT GENE TRUONO,12379.0,12452.5,471.14,471.14,203851.16,2019-01-01T00:00:00,2020-12-31T00:00:00,2020,0.0,0.0,0.0,0.0,0.0,YEAR-END,2020,True,committee_totals
S8DE00129,"TRUONO, EUGENE (GENE) J JR",DE,REP,C00661801,CAMPAIGN TO ELECT GENE TRUONO,282633.99,282089.16,544.64,544.64,195842.05,2017-11-22T00:00:00,2018-12-31T00:00:00,2018,80958.0,67935.0,13022.0,25025.0,0.0,YEAR-END,2018,True,committee_totals
S2AK00127,"TSHIBAKA, KELLY",AK,REP,C00774570,KELLY FOR ALASKA,0.0,3589.19,0.0,0.0,0.0,2025-01-01T00:00:00,2025-11-04T00:00:00,2026,0.0,0.0,0.0,0.0,0.0,TERMINATION REPORT,2025,True,committee_totals
S2AK00127,"TSHIBAKA, KELLY",AK,REP,C00774570,KELLY FOR ALASKA,9947.15,57609.91,3589.19,3589.19,0.0,2023-01-01T00:00:00,2024-12-31T00:00:00,2024,1144.46,386.51,757.95,0.0,7671.5,YEAR-END,2024,True,committee_totals
S2AK00127,"TSHIBAKA, KELLY",AK,REP,C00774570,KELLY FOR ALASKA,6011431.63,5960179.68,51251.95,51251.95,1814.44,2021-01-01T00:00:00,2022-12-31T00:00:00,2022,5733782.02,3698167.95,2035614.07,0.0,0.0,YEAR-END,2022,True,committee_totals
S0AL00230,"TUBERVILLE, THOMAS H",AL,REP,C00701672,"TUBERVILLE FOR SENATE, INC.",724606.1,1165943.0,90993.57,90993.57,10158.63,2025-01-01T00:00:00,2026-03-31T00:00:00,2026,366845.08,191245.15,175599.93,0.0,0.0,APRIL QUARTERLY,2026,True,committee_totals
S0AL00230,"TUBERVILLE, THOMAS H",AL,REP,C00701672,"TUBERVILLE FOR SENATE, INC.",2191049.2,1794129.96,532330.47,532330.47,13423.4,2023-01-01T00:00:00,2024-12-31T00:00:00,2024,1847627.76,1163376.71,684251.05,0.0,750.01,YEAR-END,2024,True,committee_totals
S0AL00230,"TUBERVILLE, THOMAS H",AL,REP,C00701672,"TUBERVILLE FOR SENATE, INC.",1077554.32,1115622.93,135411.23,135411.23,160520.06,2021-01-01T00:00:00,2022-12-31T00:00:00,2022,794814.75,546344.97,248469.78,0.0,5420.39,YEAR-END,2022,True,committee_totals
S0AL00230,"TUBERVILLE, THOMAS H",AL,REP,C00701672,"TUBERVILLE FOR SENATE, INC.",9589338.6,9415858.76,173479.84,173479.84,50200.0,2019-04-08T00:00:00,2020-12-31T00:00:00,2020,7686899.2,6168170.18,1518729.02,0.0,7297.0,YEAR-END,2020,True,committee_totals
S6IA00298,"TUREK, JOSHUA",IA,DEM,C00915645,JOSH TUREK FOR IOWA,2808701.1,2051221.09,757480.01,757480.01,0.0,2025-07-01T00:00:00,2026-03-31T00:00:00,2026,2720569.74,1345665.87,1374903.87,0.0,0.0,APRIL QUARTERLY,2026,True,committee_totals
S2ID00186,"TURNBULL, RAMONT",ID,REP,C00810226,FRIENDS OF RAMONT TURNBULL,30900.0,25786.66,5113.34,5113.34,27000.0,2022-01-01T00:00:00,2022-04-27T00:00:00,2022,3900.0,3900.0,0.0,0.0,0.0,PRE-PRIMARY,2022,True,committee_totals
S8TX00459,"TZINTZUN RAMIREZ, CRISTINA",TX,DEM,C00715409,CRISTINA FOR TEXAS,32.62,21809.72,530.0,530.0,0.0,2025-01-01T00:00:00,2026-03-31T00:00:00,2026,0.0,0.0,0.0,0.0,32.62,APRIL QUARTERLY,2026,True,committee_totals
S8TX00459,"TZINTZUN RAMIREZ, CRISTINA",TX,DEM,C00715409,CRISTINA FOR TEXAS,0.0,13462.24,22307.1,22307.1,0.0,2023-01-01T00:00:00,2024-12-31T00:00:00,2024,0.0,0.0,0.0,0.0,0.0,YEAR-END,2024,True,committee_totals
S8TX00459,"TZINTZUN RAMIREZ, CRISTINA",TX,DEM,C00715409,CRISTINA FOR TEXAS,0.0,22545.32,35769.34,35769.34,0.0,2021-01-01T00:00:00,2022-12-31T00:00:00,2022,0.0,0.0,0.0,0.0,0.0,YEAR-END,2022,True,committee_totals
S8TX00459,"TZINTZUN RAMIREZ, CRISTINA",TX,DEM,C00715409,CRISTINA FOR TEXAS,1218354.08,1160039.42,58314.66,58314.66,0.0,2019-07-29T00:00:00,2020-12-31T00:00:00,2020,1128318.22,870773.56,257544.66,0.0,0.0,YEAR-END,2020,True,committee_totals
S2CA01276,"URSICH, TIMOTHY J DR",CA,DEM,C00808477,THE COMMITTEE TO ELECT DR. TIMOTHY J. URSICH JR,0.0,0.0,14010.95,14010.95,15388.46,2025-01-01T00:00:00,2026-03-31T00:00:00,2026,0.0,0.0,0.0,0.0,0.0,APRIL QUARTERLY,2026,True,committee_totals
S2CA01276,"URSICH, TIMOTHY J DR",CA,DEM,C00808477,THE COMMITTEE TO ELECT DR. TIMOTHY J. URSICH JR,0.0,0.0,14010.95,14010.95,15388.46,2023-01-01T00:00:00,2024-12-31T00:00:00,2024,0.0,0.0,0.0,0.0,0.0,YEAR-END,2024,True,committee_totals
S2CA01276,"URSICH, TIMOTHY J DR",CA,DEM,C00808477,THE COMMITTEE TO ELECT DR. TIMOTHY J. URSICH JR,15737.46,1726.51,14010.95,14010.95,15388.46,2022-01-01T00:00:00,2022-12-31T00:00:00,2022,349.0,0.0,349.0,0.0,0.0,YEAR-END,2022,True,committee_totals
S2OH00436,"VANCE, J D",OH,REP,C00783142,JD VANCE FOR SENATE INC.,194273.77,139528.56,190376.77,190376.77,42000.0,2025-01-01T00:00:00,2026-03-31T00:00:00,2026,99539.47,88178.42,11361.05,0.0,19734.3,APRIL QUARTERLY,2026,True,committee_totals
S2OH00436,"VANCE, J D",OH,REP,C00783142,JD VANCE FOR SENATE INC.,2704752.4,3010429.69,135631.56,135631.56,103207.08,2023-01-01T00:00:00,2024-12-31T00:00:00,2024,2026008.9,901512.38,1124496.52,0.0,0.0,YEAR-END,2024,True,committee_totals
S2OH00436,"VANCE, J D",OH,REP,C00783142,JD VANCE FOR SENATE INC.,15900421.88,15459113.03,441308.85,441308.85,1004488.38,2021-05-01T00:00:00,2022-12-31T00:00:00,2022,8946687.25,5205512.72,3741174.53,0.0,0.0,YEAR-END,2022,True,committee_totals
S6MD03441,"VAN HOLLEN, CHRIS",MD,DEM,C00573758,VAN HOLLEN FOR SENATE,1515661.04,446554.55,3022508.66,3022508.66,2209.56,2025-01-01T00:00:00,2026-03-31T00:00:00,2026,1197783.57,1089415.46,108368.11,0.0,1000.0,APRIL QUARTERLY,2026,True,committee_totals
S6MD03441,"VAN HOLLEN, CHRIS",MD,DEM,C00573758,VAN HOLLEN FOR SENATE,330578.51,607300.29,1953402.17,1953402.17,2209.56,2023-01-01T00:00:00,2024-12-31T00:00:00,2024,232265.7,193498.5,38767.2,0.0,634.44,YEAR-END,2024,True,committee_totals
S6MD03441,"VAN HOLLEN, CHRIS",MD,DEM,C00573758,VAN HOLLEN FOR SENATE,6615217.92,5715192.19,2230123.95,2230123.95,2209.56,2021-01-01T00:00:00,2022-12-31T00:00:00,2022,4074998.09,3802309.56,272688.53,0.0,0.0,YEAR-END,2022,True,committee_totals
S6MD03441,"VAN HOLLEN, CHRIS",MD,DEM,C00573758,VAN HOLLEN FOR SENATE,1649167.09,639628.52,1330098.22,1330098.22,2209.56,2019-01-01T00:00:00,2020-12-31T00:00:00,2020,1302676.92,1189530.18,113146.74,0.0,0.0,YEAR-END,2020,True,committee_totals
S6MD03441,"VAN HOLLEN, CHRIS",MD,DEM,C00573758,VAN HOLLEN FOR SENATE,645098.82,803580.29,320559.65,320559.65,0.0,2017-01-01T00:00:00,2018-12-31T00:00:00,2018,377957.18,262134.5,115822.68,0.0,1500.0,YEAR-END,2018,True,committee_totals
S6MD03441,"VAN HOLLEN, CHRIS",MD,DEM,C00573758,VAN HOLLEN FOR SENATE,11960703.0,11481663.0,479039.0,479039.0,41144.0,2015-03-04T00:00:00,2016-12-31T00:00:00,2016,8584773.0,7763844.0,820926.0,0.0,2442.0,YEAR-END,2016,True,committee_totals
S6FL00855,"VINDMAN, ALEXANDER",FL,DEM,C00936559,ALEX VINDMAN FOR FLORIDA,8188391.6,1748269.11,6440222.49,6440222.49,154658.25,2026-01-01T00:00:00,2026-03-31T00:00:00,2026,8021891.6,2999508.35,5022383.25,0.0,0.0,APRIL QUARTERLY,2026,True,committee_totals
S4VA00338,"VITIELLO, RON",VA,REP,C00840140,CHIEF VITIELLO FOR SENATE,0.0,40.0,4620.03,4620.03,200.0,2025-01-01T00:00:00,2026-03-31T00:00:00,2026,0.0,0.0,0.0,0.0,0.0,APRIL QUARTERLY,2026,True,committee_totals
S4VA00338,"VITIELLO, RON",VA,REP,C00840140,CHIEF VITIELLO FOR SENATE,513779.95,509119.92,4660.03,4660.03,200.0,2023-04-01T00:00:00,2024-12-31T00:00:00,2024,499951.95,121324.48,378627.47,348.0,0.0,YEAR-END,2024,True,committee_totals
S4LA00057,"VITTER, DAVID B",LA,REP,C00394593,DAVID VITTER FOR US SENATE,0.0,3800.0,1461.28,1461.28,0.0,2025-01-01T00:00:00,2026-03-31T00:00:00,2026,0.0,0.0,0.0,0.0,0.0,APRIL QUARTERLY,2026,True,committee_totals
S4LA00057,"VITTER, DAVID B",LA,REP,C00394593,DAVID VITTER FOR US SENATE,0.0,0.0,5261.28,5261.28,0.0,2023-01-01T00:00:00,2024-12-31T00:00:00,2024,0.0,0.0,0.0,0.0,0.0,YEAR-END,2024,True,committee_totals
S4LA00057,"VITTER, DAVID B",LA,REP,C00394593,DAVID VITTER FOR US SENATE,0.0,20.0,5261.28,5261.28,0.0,2021-01-01T00:00:00,2022-12-31T00:00:00,2022,0.0,0.0,0.0,0.0,0.0,YEAR-END,2022,True,committee_totals
S4LA00057,"VITTER, DAVID B",LA,REP,C00394593,DAVID VITTER FOR US SENATE,0.0,37073.85,5281.28,5281.28,0.0,2019-01-01T00:00:00,2020-12-31T00:00:00,2020,0.0,0.0,0.0,0.0,0.0,YEAR-END,2020,True,committee_totals
S4LA00057,"VITTER, DAVID B",LA,REP,C00394593,DAVID VITTER FOR US SENATE,38474.54,6549.0,42355.13,42355.13,0.0,2017-01-01T00:00:00,2018-12-31T00:00:00,2018,0.0,0.0,0.0,0.0,38355.54,YEAR-END,2018,True,committee_totals
S4LA00057,"VITTER, DAVID B",LA,REP,C00394593,DAVID VITTER FOR US SENATE,338497.8,369207.98,10430.0,10430.0,0.0,2015-01-01T00:00:00,2016-12-31T00:00:00,2016,9830.0,9600.0,230.0,0.0,154017.0,YEAR-END,2016,True,committee_totals
S4LA00057,"VITTER, DAVID B",LA,REP,C00394593,DAVID VITTER FOR US SENATE,1108754.0,1698109.0,41142.0,41142.0,0.0,2013-01-01T00:00:00,2014-12-31T00:00:00,2014,658247.0,547254.0,110993.0,0.0,14956.0,YEAR-END,2014,True,committee_totals
S4LA00057,"VITTER, DAVID B",LA,REP,C00394593,DAVID VITTER FOR US SENATE,1595501.0,1131767.0,630501.0,630501.0,0.0,2011-01-01T00:00:00,2012-12-31T00:00:00,2012,1200642.0,1049364.0,151278.0,0.0,8170.0,YEAR-END,2012,True,committee_totals
S4LA00057,"VITTER, DAVID B",LA,REP,C00394593,DAVID VITTER FOR US SENATE,8734427.0,10572617.0,166765.0,166765.0,364657.0,2009-01-01T00:00:00,2010-12-31T00:00:00,2010,6721602.0,4913646.0,1807954.0,0.0,107960.0,YEAR-END,2010,True,committee_totals
S4LA00057,"VITTER, DAVID B",LA,REP,C00394593,DAVID VITTER FOR US SENATE,2201174.0,1198388.0,2004955.0,2004955.0,0.0,2007-01-01T00:00:00,2008-12-31T00:00:00,2008,1790528.0,1402140.0,388388.0,0.0,32971.0,YEAR-END,2008,True,committee_totals
S4LA00057,"VITTER, DAVID B",LA,REP,C00394593,DAVID VITTER FOR US SENATE,1574154.0,1109074.0,1002168.0,1002168.0,0.0,2005-01-01T00:00:00,2006-12-31T00:00:00,2006,1117714.0,697759.45,29713.0,0.0,6802.05,YEAR-END,2006,True,committee_totals
S4LA00057,"VITTER, DAVID B",LA,REP,C00394593,DAVID VITTER FOR US SENATE,7743804.0,7206714.0,537089.0,537089.0,511357.0,2004-01-01T00:00:00,2004-12-31T00:00:00,2004,3982633.0,,,0.0,,YEAR-END,2004,True,committee_totals
S4PA00196,"VODVARKA, JOSEPH JOHN",PA,REP,C00467134,JOSEPH VODVARKA'S PENNSYLVANIA SENATORIAL CANDIDACY COMMITTEE,10651.13,10451.13,200.0,200.0,0.0,2023-01-01T00:00:00,2024-03-31T00:00:00,2024,0.0,0.0,0.0,10651.13,0.0,APRIL QUARTERLY,2024,True,committee_totals
S4PA00196,"VODVARKA, JOSEPH JOHN",PA,REP,C00467134,JOSEPH VODVARKA'S PENNSYLVANIA SENATORIAL CANDIDACY COMMITTEE,4888.73,4888.73,0.0,0.0,0.0,2021-07-01T00:00:00,2022-12-31T00:00:00,2022,0.0,0.0,0.0,0.0,0.0,YEAR-END,2022,True,committee_totals
S4PA00196,"VODVARKA, JOSEPH JOHN",PA,REP,C00467134,JOSEPH VODVARKA'S PENNSYLVANIA SENATORIAL CANDIDACY COMMITTEE,21465.1,21465.1,176.65,176.65,0.0,2019-01-31T00:00:00,2020-09-30T00:00:00,2020,0.0,0.0,0.0,0.0,0.0,OCTOBER QUARTERLY,2020,True,committee_totals
S4PA00196,"VODVARKA, JOSEPH JOHN",PA,REP,C00467134,JOSEPH VODVARKA'S PENNSYLVANIA SENATORIAL CANDIDACY COMMITTEE,37201.34,35386.86,176.0,176.0,0.0,2017-04-01T00:00:00,2018-12-31T00:00:00,2018,0.0,7000.0,7000.0,26282.0,0.0,YEAR-END,2018,True,committee_totals
S4PA00196,"VODVARKA, JOSEPH JOHN",PA,REP,C00467134,JOSEPH VODVARKA'S PENNSYLVANIA SENATORIAL CANDIDACY COMMITTEE,91444.26,86367.72,0.65,0.65,0.0,2015-01-01T00:00:00,2016-12-31T00:00:00,2016,7000.0,11608.0,7000.0,34934.0,0.0,YEAR-END,2016,True,committee_totals
S4PA00196,"VODVARKA, JOSEPH JOHN",PA,REP,C00467134,JOSEPH VODVARKA'S PENNSYLVANIA SENATORIAL CANDIDACY COMMITTEE,177260.88,163647.38,151.0,151.0,0.0,2013-01-01T00:00:00,2014-12-31T00:00:00,2014,0.0,0.0,0.0,0.0,0.0,YEAR-END,2014,True,committee_totals
S4PA00196,"VODVARKA, JOSEPH JOHN",PA,REP,C00467134,JOSEPH VODVARKA'S PENNSYLVANIA SENATORIAL CANDIDACY COMMITTEE,66399.22,44410.96,151.0,151.0,,2011-01-01T00:00:00,2012-12-31T00:00:00,2012,1398.0,1398.0,0.0,20759.0,0.0,YEAR-END,2012,True,committee_totals
S4PA00196,"VODVARKA, JOSEPH JOHN",PA,REP,C00467134,JOSEPH VODVARKA'S PENNSYLVANIA SENATORIAL CANDIDACY COMMITTEE,15061.0,14911.0,150.0,150.0,0.0,2009-10-01T00:00:00,2010-12-31T00:00:00,2010,0.0,0.0,0.0,15061.0,0.0,YEAR-END,2010,True,committee_totals
S6OH00353,"VOLPE, CHRISTOPHER",OH,DEM,C00907303,VOLPE FOR AMERICA,4337.18,4168.88,168.3,168.3,0.0,2025-07-01T00:00:00,2026-02-15T00:00:00,2026,4203.35,550.0,3653.35,113.83,0.0,TERMINATION REPORT,2026,True,committee_totals
S6OH00346,"VOLPE, CHRISTOPHER",OH,DEM,C00907303,VOLPE FOR AMERICA,4337.18,4168.88,168.3,168.3,0.0,2025-07-01T00:00:00,2026-02-15T00:00:00,2026,4203.35,550.0,3653.35,113.83,0.0,TERMINATION REPORT,2026,True,committee_totals
S6IA00272,"WAHLS, ZACH P",IA,DEM,C00907923,WAHLS FOR IOWA,3167670.76,2112265.12,1055405.64,1055405.64,0.0,2025-04-01T00:00:00,2026-03-31T00:00:00,2026,3107863.11,2206816.48,901046.63,0.0,3278.26,APRIL QUARTERLY,2026,True,committee_totals
S2NC00307,"WALKER, BRADLEY MARK MR.",NC,REP,C00543231,WALKER 4 NC,0.0,0.0,0.0,0.0,0.0,2025-01-01T00:00:00,2026-03-31T00:00:00,2026,0.0,0.0,0.0,0.0,0.0,APRIL QUARTERLY,2026,True,committee_totals
S2NC00307,"WALKER, BRADLEY MARK MR.",NC,REP,C00543231,WALKER 4 NC,826947.5,849590.18,0.0,0.0,0.0,2023-01-01T00:00:00,2024-12-31T00:00:00,2024,774677.43,758125.0,16552.43,0.0,0.0,YEAR-END,2024,True,committee_totals
S2NC00307,"WALKER, BRADLEY MARK MR.",NC,REP,C00543231,WALKER 4 NC,835232.16,1650776.54,22642.68,22642.68,0.0,2021-01-01T00:00:00,2022-12-31T00:00:00,2022,784935.59,692679.15,92256.44,0.0,0.0,YEAR-END,2022,True,committee_totals
S2NC00307,"WALKER, BRADLEY MARK MR.",NC,REP,C00543231,WALKER 4 NC,893357.37,788986.24,838187.06,838187.06,0.0,2019-01-01T00:00:00,2020-12-31T00:00:00,2020,601456.51,564861.0,36595.51,0.0,0.0,YEAR-END,2020,True,committee_totals
S2NC00307,"WALKER, BRADLEY MARK MR.",NC,REP,C00543231,WALKER 4 NC,1328330.9,820098.14,733815.93,733815.93,0.0,2017-01-01T00:00:00,2018-12-31T00:00:00,2018,342586.99,317255.0,25331.99,0.0,0.0,YEAR-END,2018,True,committee_totals
S2NC00307,"WALKER, BRADLEY MARK MR.",NC,REP,C00543231,WALKER 4 NC,907920.57,697129.76,225583.17,225583.17,0.0,2015-01-01T00:00:00,2016-12-31T00:00:00,2016,514939.86,476961.0,37978.86,262.0,0.0,YEAR-END,2016,True,committee_totals
S2NC00307,"WALKER, BRADLEY MARK MR.",NC,REP,C00543231,WALKER 4 NC,839378.33,824585.97,14792.36,14792.36,0.0,2012-10-11T00:00:00,2014-12-31T00:00:00,2014,632441.11,557636.11,74805.0,14381.41,0.0,YEAR-END,2014,True,committee_totals
S2GA00225,"WALKER, HERSCHEL MR.",GA,REP,C00787853,BO 34 PAC,890425.72,421256.98,4821735.73,4821735.73,0.0,2025-01-01T00:00:00,2026-03-31T00:00:00,2026,0.0,0.0,0.0,,,APRIL QUARTERLY,2026,False,committee_totals
S2GA00225,"WALKER, HERSCHEL MR.",GA,REP,C00772962,WALKER FOR GA SENATE REPUBLICAN NOMINEE FUND 2022,11065.4,2814.87,0.0,0.0,0.0,2021-03-17T00:00:00,2022-09-07T00:00:00,2022,11065.4,1862.5,9202.9,,0.0,TERMINATION REPORT,2022,False,committee_totals
S2GA00225,"WALKER, HERSCHEL MR.",GA,REP,C00772962,WALKER FOR GA SENATE REPUBLICAN NOMINEE FUND 2022,117025.13,125275.66,0.0,0.0,0.0,2021-03-17T00:00:00,2022-09-07T00:00:00,2022,20606.69,1112.5,19494.19,0.0,0.0,TERMINATION REPORT,2022,False,committee_totals
S6AL00468,"WALKER, RODNEY",AL,REP,C00914218,COMMITTEE TO ELECT RODNEY WALKER,1997255.19,803477.6,1193777.59,1193777.59,1864000.0,2025-07-01T00:00:00,2026-03-31T00:00:00,2026,36626.03,36550.0,76.03,50000.0,0.0,APRIL QUARTERLY,2026,True,committee_totals
S4NV00320,"WALKER, TROY ZAKARI",NV,DEM,C00847970,COMMITTEE TO ELECT TROY ZAKARI WALKER,705.0,675.66,-105.66,-105.66,0.0,2023-01-01T00:00:00,2024-05-22T00:00:00,2024,605.0,350.0,255.0,100.0,0.0,PRE-PRIMARY,2024,True,committee_totals
S4MD00467,"WALLACE, NANCY",MD,GRE,C00868869,FRIENDS OF NANCY WALLACE,1000.0,820.0,-371.07,-371.07,0.0,2025-01-01T00:00:00,2026-09-30T00:00:00,2026,0.0,0.0,0.0,0.0,0.0,OCTOBER QUARTERLY,2026,True,committee_totals
S4MD00467,"WALLACE, NANCY",MD,GRE,C00868869,FRIENDS OF NANCY WALLACE,0.0,651.07,-551.07,-551.07,0.0,2024-08-01T00:00:00,2024-12-31T00:00:00,2024,0.0,0.0,0.0,0.0,0.0,YEAR-END,2024,True,committee_totals
S6VA00093,"WARNER, MARK ROBERT",VA,DEM,C00306555,FRIENDS OF MARK WARNER,292944.0,350483.0,0.0,0.0,0.0,1999-01-01T00:00:00,1999-12-31T00:00:00,2000,0.0,,,292922.0,,YEAR-END,1999,True,committee_totals
S6VA00093,"WARNER, MARK ROBERT",VA,DEM,C00306555,FRIENDS OF MARK WARNER,209270.0,173871.0,57539.0,57539.0,350000.0,1997-01-01T00:00:00,1998-12-31T00:00:00,1998,982.0,,,,,YEAR-END,1998,True,committee_totals
S6VA00093,"WARNER, MARK ROBERT",VA,DEM,C00306555,FRIENDS OF MARK WARNER,11634126.0,11611984.0,22141.0,22141.0,375000.0,1995-01-01T00:00:00,1996-12-31T00:00:00,1996,1089297.0,,,10015487.0,,YEAR-END,1996,True,committee_totals
S6VA00093,"WARNER, MARK ROBERT",VA,DEM,C00438713,FRIENDS OF MARK WARNER,14719667.27,5667867.07,14605034.02,14605034.02,0.0,2025-01-01T00:00:00,2026-03-31T00:00:00,2026,7701091.39,5140028.79,2561062.6,0.0,536842.61,APRIL QUARTERLY,2026,True,committee_totals
S6VA00093,"WARNER, MARK ROBERT",VA,DEM,C00438713,FRIENDS OF MARK WARNER,4266868.81,1266750.72,5553233.82,5553233.82,0.0,2023-01-01T00:00:00,2024-12-31T00:00:00,2024,2242951.15,1979200.03,263751.12,0.0,122363.06,YEAR-END,2024,True,committee_totals
S6VA00093,"WARNER, MARK ROBERT",VA,DEM,C00438713,FRIENDS OF MARK WARNER,3004374.0,839668.45,2553115.73,2553115.73,0.0,2021-01-01T00:00:00,2022-12-31T00:00:00,2022,2155340.71,1848827.09,306513.62,0.0,9.01,YEAR-END,2022,True,committee_totals
S6VA00093,"WARNER, MARK ROBERT",VA,DEM,C00438713,FRIENDS OF MARK WARNER,13227445.93,15905872.08,388410.18,388410.18,0.0,2019-01-01T00:00:00,2020-12-31T00:00:00,2020,8161026.17,6662594.41,1498431.76,0.0,41818.47,YEAR-END,2020,True,committee_totals
S6VA00093,"WARNER, MARK ROBERT",VA,DEM,C00438713,FRIENDS OF MARK WARNER,2934892.94,608040.13,3066836.33,3066836.33,0.0,2017-01-01T00:00:00,2018-12-31T00:00:00,2018,1741571.28,1557547.08,184022.2,0.0,13065.99,YEAR-END,2018,True,committee_totals
S6VA00093,"WARNER, MARK ROBERT",VA,DEM,C00438713,FRIENDS OF MARK WARNER,1244578.0,636603.0,739982.0,739982.0,0.0,2015-01-01T00:00:00,2016-12-31T00:00:00,2016,726690.0,700750.0,25940.0,0.0,273.2,YEAR-END,2016,True,committee_totals
S6VA00093,"WARNER, MARK ROBERT",VA,DEM,C00438713,FRIENDS OF MARK WARNER,13036212.61,16608517.23,132005.41,132005.41,0.0,2013-01-01T00:00:00,2014-12-31T00:00:00,2014,9562240.78,8179576.0,1382658.78,63275.0,4937.0,YEAR-END,2014,True,committee_totals
S6VA00093,"WARNER, MARK ROBERT",VA,DEM,C00438713,FRIENDS OF MARK WARNER,2630276.0,762155.0,3704309.0,3704309.0,0.0,2011-01-01T00:00:00,2012-12-31T00:00:00,2012,1840578.0,1807823.0,32755.0,0.0,1674.0,YEAR-END,2012,True,committee_totals
S6VA00093,"WARNER, MARK ROBERT",VA,DEM,C00438713,FRIENDS OF MARK WARNER,1430392.0,741772.0,1836190.0,1836190.0,0.0,2009-01-01T00:00:00,2010-12-31T00:00:00,2010,978392.0,958727.0,19665.0,0.0,467.0,YEAR-END,2010,True,committee_totals
S6VA00093,"WARNER, MARK ROBERT",VA,DEM,C00438713,FRIENDS OF MARK WARNER,13663049.0,12515479.0,1147569.0,1147569.0,0.0,2007-09-13T00:00:00,2008-12-31T00:00:00,2008,10946768.0,9882881.0,1063884.0,4600.0,102254.0,YEAR-END,2008,True,committee_totals
S0GA00559,"WARNOCK, RAPHAEL",GA,DEM,C00736876,WARNOCK FOR GEORGIA,1949646.61,2646725.5,4041496.1,4041496.1,0.0,2025-01-01T00:00:00,2026-03-31T00:00:00,2026,1832128.63,1079198.18,752930.45,0.0,0.0,APRIL QUARTERLY,2026,True,committee_totals
S0GA00559,"WARNOCK, RAPHAEL",GA,DEM,C00736876,WARNOCK FOR GEORGIA,4819907.15,5935168.61,4738574.99,4738574.99,0.0,2023-01-01T00:00:00,2024-12-31T00:00:00,2024,3788915.6,2039541.77,1749373.83,0.0,0.0,YEAR-END,2024,True,committee_totals
S0GA00559,"WARNOCK, RAPHAEL",GA,DEM,C00736876,WARNOCK FOR GEORGIA,206593947.75,223503096.73,5853836.45,5853836.45,0.0,2020-12-17T00:00:00,2022-12-31T00:00:00,2022,191454967.85,98860194.36,92594773.49,0.0,0.0,YEAR-END,2022,True,committee_totals
S0GA00559,"WARNOCK, RAPHAEL",GA,DEM,C00736876,WARNOCK FOR GEORGIA,125359128.37,102596142.94,22762985.43,22762985.43,0.0,2020-01-30T00:00:00,2020-12-16T00:00:00,2020,117629215.72,57386035.2,60243180.52,0.0,0.0,PRE-SPECIAL,2020,True,committee_totals
S2MA00170,"WARREN, ELIZABETH",MA,DEM,C00500843,"WARREN FOR SENATE, INC.",3772360.96,3499344.25,3723063.38,3723063.38,0.0,2025-01-01T00:00:00,2026-03-31T00:00:00,2026,3604077.29,1062211.3,2541865.99,0.0,43748.91,APRIL QUARTERLY,2026,True,committee_totals
S2MA00170,"WARREN, ELIZABETH",MA,DEM,C00500843,"WARREN FOR SENATE, INC.",9039537.78,7914065.93,3450046.67,3450046.67,0.0,2023-01-01T00:00:00,2024-12-31T00:00:00,2024,8695846.64,4100299.53,4595547.11,0.0,81341.1,YEAR-END,2024,True,committee_totals
S2MA00170,"WARREN, ELIZABETH",MA,DEM,C00500843,"WARREN DEMOCRATS, INC.",5423023.99,4424037.72,2324574.82,2324574.82,0.0,2021-01-01T00:00:00,2022-12-31T00:00:00,2022,5272214.9,2596914.19,2675300.71,0.0,2500.69,YEAR-END,2022,True,committee_totals
S2MA00170,"WARREN, ELIZABETH",MA,DEM,C00500843,"WARREN DEMOCRATS, INC.",6625759.48,16392858.71,1325588.55,1325588.55,0.0,2019-01-01T00:00:00,2020-12-31T00:00:00,2020,5997699.32,1996237.85,4001461.47,0.0,1432.71,YEAR-END,2020,True,committee_totals
S2MA00170,"WARREN, ELIZABETH",MA,DEM,C00500843,"ELIZABETH FOR MA, INC",25825246.34,19578105.93,11092687.78,11092687.78,0.0,2017-01-01T00:00:00,2018-12-31T00:00:00,2018,21286956.58,8003705.77,13283248.81,0.0,36948.5,YEAR-END,2018,True,committee_totals
S2MA00170,"WARREN, ELIZABETH",MA,DEM,C00500843,ELIZABETH FOR MA INC,5920484.0,2727001.0,4845545.0,4845545.0,0.0,2015-01-01T00:00:00,2016-12-31T00:00:00,2016,5839730.0,2127062.0,3712665.0,0.0,25608.0,YEAR-END,2016,True,committee_totals
S2MA00170,"WARREN, ELIZABETH",MA,DEM,C00500843,ELIZABETH FOR MA INC,3459221.0,2101829.0,1652061.0,1652061.0,0.0,2013-01-01T00:00:00,2014-12-31T00:00:00,2014,3219559.0,714012.0,2505544.0,0.0,123622.0,YEAR-END,2014,True,committee_totals
S2MA00170,"WARREN, ELIZABETH",MA,DEM,C00500843,ELIZABETH FOR MA INC,42506349.0,42211677.0,294671.0,294671.0,68000.0,2011-08-16T00:00:00,2012-12-31T00:00:00,2012,41429037.0,22393743.0,19035289.0,0.0,11828.0,YEAR-END,2012,True,committee_totals
S4RI00069,"WATERS, ALLEN",RI,DEM,C00830661,FRIENDS OF ALLEN WATERS,0.0,345.26,1543.71,1543.71,0.0,2025-01-01T00:00:00,2025-03-31T00:00:00,2026,0.0,0.0,0.0,0.0,0.0,APRIL QUARTERLY,2025,True,committee_totals
S4RI00069,"WATERS, ALLEN",RI,DEM,C00830661,FRIENDS OF ALLEN WATERS,21583.0,19991.31,1888.97,1888.97,0.0,2023-01-01T00:00:00,2024-12-31T00:00:00,2024,20911.0,20010.0,901.0,354.15,0.0,YEAR-END,2024,True,committee_totals
S6RI00262,"WATERS, ALLEN",RI,REP,C00830661,FRIENDS OF ALLEN WATERS,0.0,345.26,1543.71,1543.71,0.0,2025-01-01T00:00:00,2025-03-31T00:00:00,2026,0.0,0.0,0.0,0.0,0.0,APRIL QUARTERLY,2025,True,committee_totals
S6RI00262,"WATERS, ALLEN",RI,REP,C00830661,FRIENDS OF ALLEN WATERS,21583.0,19991.31,1888.97,1888.97,0.0,2023-01-01T00:00:00,2024-12-31T00:00:00,2024,20911.0,20010.0,901.0,354.15,0.0,YEAR-END,2024,True,committee_totals
S2NC00406,"WATKINS, RICHARD LEE DR.",NC,DEM,C00771220,DR. RICHARD WATKINS FOR SENATE,108717.02,108684.7,22250.34,22250.34,4842.78,2021-01-01T00:00:00,2022-09-30T00:00:00,2022,99231.24,60437.24,38794.0,4093.0,0.0,OCTOBER QUARTERLY,2022,True,committee_totals
S6MN00515,"WEILER, TOM",MN,REP,C00792002,WEILER FOR SENATE,105397.12,56432.5,50725.3,50725.3,112570.0,2025-01-01T00:00:00,2026-03-31T00:00:00,2026,36708.0,35638.0,1070.0,15619.12,0.0,APRIL QUARTERLY,2026,True,committee_totals
S6MN00515,"WEILER, TOM",MN,REP,C00792002,WEILER FOR CONGRESS,24.5,3947.07,1760.68,1760.68,59500.0,2023-01-01T00:00:00,2024-12-31T00:00:00,2024,0.0,0.0,0.0,0.0,0.0,YEAR-END,2024,True,committee_totals
S6MN00515,"WEILER, TOM",MN,REP,C00792002,WEILER FOR CONGRESS,657355.85,651672.6,5683.25,5683.25,59500.0,2021-10-21T00:00:00,2022-12-31T00:00:00,2022,465356.86,392202.08,73154.78,7517.23,0.0,YEAR-END,2022,True,committee_totals
S2FL00466,"WEIL, JOSHUA",FL,DEM,C00764449,WEIL FOR US SENATE,34866.52,34782.68,123.84,123.84,0.0,2021-01-01T00:00:00,2022-06-30T00:00:00,2022,19987.64,11060.44,8927.2,14878.88,0.0,JULY QUARTERLY,2022,True,committee_totals
S2FL00466,"WEIL, JOSHUA",FL,DEM,C00764449,WEIL FOR US SENATE,1247.19,1207.19,40.0,40.0,0.0,2020-10-01T00:00:00,2020-12-31T00:00:00,2020,0.0,0.0,0.0,1247.19,0.0,YEAR-END,2020,True,committee_totals
S6FL00756,"WEIL, JOSHUA JOSEPH",FL,DEM,C00893321,JOSH WEIL FOR SENATE,15933478.15,15933478.15,0.0,0.0,0.0,2024-10-01T00:00:00,2025-09-30T00:00:00,2026,15463011.3,3904744.5,11558266.8,16.0,9.77,TERMINATION REPORT,2025,True,committee_totals
S2VT00235,"WELCH, PETER",VT,DEM,C00795252,WELCH FOR VERMONT,153598.18,234438.17,1632412.01,1632412.01,0.0,2025-01-01T00:00:00,2026-03-31T00:00:00,2026,34533.84,30540.67,3993.17,0.0,95389.77,APRIL QUARTERLY,2026,True,committee_totals
S2VT00235,"WELCH, PETER",VT,DEM,C00795252,WELCH FOR VERMONT,330882.07,577300.13,1713252.0,1713252.0,0.0,2023-01-01T00:00:00,2024-12-31T00:00:00,2024,67398.72,59402.55,7996.17,0.0,160049.35,YEAR-END,2024,True,committee_totals
S2VT00235,"WELCH, PETER",VT,DEM,C00795252,WELCH FOR VERMONT,5390836.54,3431166.48,1959670.06,1959670.06,0.0,2021-10-01T00:00:00,2022-12-31T00:00:00,2022,2134173.57,1903633.37,230540.2,0.0,17240.44,YEAR-END,2022,True,committee_totals
S2PA00232,"WELCH, STEVEN D",PA,REP,C00463653,FRIENDS OF STEVEN WELCH,0.0,0.0,26.11,26.11,250000.0,2021-01-01T00:00:00,2022-09-30T00:00:00,2022,0.0,0.0,0.0,0.0,0.0,OCTOBER QUARTERLY,2022,True,committee_totals
S2PA00232,"WELCH, STEVEN D",PA,REP,C00463653,FRIENDS OF STEVEN WELCH,0.0,0.0,26.11,26.11,250000.0,2019-01-01T00:00:00,2020-12-31T00:00:00,2020,0.0,0.0,0.0,0.0,0.0,YEAR-END,2020,True,committee_totals
S2PA00232,"WELCH, STEVEN D",PA,REP,C00463653,FRIENDS OF STEVEN WELCH,0.0,0.0,26.11,26.11,250000.0,2017-01-01T00:00:00,2018-12-31T00:00:00,2018,0.0,0.0,0.0,0.0,0.0,YEAR-END,2018,True,committee_totals
S2PA00232,"WELCH, STEVEN D",PA,REP,C00463653,FRIENDS OF STEVEN WELCH,0.0,0.0,26.0,26.0,250000.0,2015-01-01T00:00:00,2016-12-31T00:00:00,2016,0.0,0.0,0.0,0.0,0.0,YEAR-END,2016,True,committee_totals
S2PA00232,"WELCH, STEVEN D",PA,REP,C00463653,FRIENDS OF STEVEN WELCH,0.0,579.0,26.0,26.0,250000.0,2013-01-01T00:00:00,2014-12-31T00:00:00,2014,0.0,0.0,0.0,0.0,0.0,YEAR-END,2014,True,committee_totals
S2PA00232,"WELCH, STEVEN D",PA,REP,C00463653,FRIENDS OF STEVEN WELCH,1451722.0,1453957.0,605.0,605.0,250000.0,2011-01-01T00:00:00,2012-12-31T00:00:00,2012,419281.0,408211.0,11070.0,10561.0,0.0,POST-GENERAL,2012,True,committee_totals
S2PA00232,"WELCH, STEVEN D",PA,REP,C00463653,FRIENDS OF STEVEN WELCH,815594.49,812754.47,2840.02,2840.02,0.0,2009-06-15T00:00:00,2010-12-31T00:00:00,2010,151705.66,146862.73,4842.93,158913.32,0.0,YEAR-END,2010,True,committee_totals
S6KY00393,"WENZEL, DONALD RAY",KY,REP,C00932202,FRIENDS FOR THE OTHER DONALD WENZEL,2431.4,2431.4,,,,2025-01-28T00:00:00,2026-03-15T00:00:00,2026,,,,2431.4,,YEAR-END,2025,True,committee_totals
S6AL00518,"WESS, EVERETT W",AL,DEM,C00935783,EVERETT W. WESS FOR US SENATE,26293.6,12612.71,13680.89,13680.89,23751.23,2026-01-01T00:00:00,2026-03-31T00:00:00,2026,2542.37,1315.38,1226.99,0.0,0.0,APRIL QUARTERLY,2026,True,committee_totals
S6NC00415,"WHATLEY, MICHAEL",NC,REP,C00913996,WHATLEY FOR SENATE,8408717.9,5880375.31,2528342.59,2528342.59,666374.48,2025-07-01T00:00:00,2026-03-31T00:00:00,2026,3751389.11,2496743.86,1254645.25,0.0,0.0,APRIL QUARTERLY,2026,True,committee_totals
S6AL00393,"WHEELER, MARK SHANNON MR II",AL,DEM,C00895904,MARK WHEELER FOR SENATE,17148.48,16759.0,389.48,389.48,833.28,2025-01-01T00:00:00,2026-03-31T00:00:00,2026,17148.48,2775.0,14373.48,0.0,0.0,APRIL QUARTERLY,2026,True,committee_totals
S4IA00095,"WHITAKER, MATTHEW GEORGE ""MATT""",IA,REP,C00544924,WHITAKER FOR US SENATE INC,0.0,0.0,7987.56,7987.56,49187.37,2025-01-01T00:00:00,2026-03-31T00:00:00,2026,0.0,0.0,0.0,0.0,0.0,APRIL QUARTERLY,2026,True,committee_totals
S4IA00095,"WHITAKER, MATTHEW GEORGE ""MATT""",IA,REP,C00544924,WHITAKER FOR US SENATE INC,0.0,0.0,7987.56,7987.56,49187.37,2023-01-01T00:00:00,2024-12-31T00:00:00,2024,0.0,0.0,0.0,0.0,0.0,YEAR-END,2024,True,committee_totals
S4IA00095,"WHITAKER, MATTHEW GEORGE ""MATT""",IA,REP,C00544924,WHITAKER FOR US SENATE INC,0.0,0.0,7987.56,7987.56,49187.37,2021-01-01T00:00:00,2022-12-31T00:00:00,2022,0.0,0.0,0.0,0.0,0.0,YEAR-END,2022,True,committee_totals
S4IA00095,"WHITAKER, MATTHEW GEORGE ""MATT""",IA,REP,C00544924,WHITAKER FOR US SENATE INC,0.0,94.9,7987.56,7987.56,49187.37,2019-01-01T00:00:00,2020-12-31T00:00:00,2020,0.0,0.0,0.0,0.0,0.0,YEAR-END,2020,True,committee_totals
S4IA00095,"WHITAKER, MATTHEW GEORGE ""MATT""",IA,REP,C00544924,WHITAKER FOR US SENATE INC,8800.0,728.0,8082.0,8082.0,49187.0,2017-01-01T00:00:00,2018-12-31T00:00:00,2018,8800.0,8800.0,0.0,0.0,0.0,YEAR-END,2018,True,committee_totals
S4IA00095,"WHITAKER, MATTHEW GEORGE ""MATT""",IA,REP,C00544924,WHITAKER FOR US SENATE INC,0.0,4.0,10.0,10.0,49915.0,2015-01-01T00:00:00,2016-12-31T00:00:00,2016,0.0,0.0,0.0,0.0,0.0,YEAR-END,2016,True,committee_totals
S4IA00095,"WHITAKER, MATTHEW GEORGE ""MATT""",IA,REP,C00544924,WHITAKER FOR US SENATE INC,478414.0,478399.0,15.0,15.0,49915.0,2013-04-01T00:00:00,2014-12-31T00:00:00,2014,418722.0,376870.0,41852.0,3698.0,106.0,YEAR-END,2014,True,committee_totals
S4AZ00212,"WHITE, ALAN MR",AZ,REP,C00849505,ALAN WHITE FORUS SEN 24,0.0,0.0,0.0,0.0,0.0,2026-01-01T00:00:00,2026-03-31T00:00:00,2026,0.0,0.0,0.0,0.0,0.0,TERMINATION REPORT,2026,True,committee_totals
S6RI00221,"WHITEHOUSE, SHELDON",RI,DEM,C00410803,WHITEHOUSE FOR SENATE,431343.76,579233.4,1117498.08,1117498.08,0.0,2025-01-01T00:00:00,2026-03-31T00:00:00,2026,388382.11,388382.11,0.0,0.0,3595.92,APRIL QUARTERLY,2026,True,committee_totals
S6RI00221,"WHITEHOUSE, SHELDON",RI,DEM,C00410803,WHITEHOUSE FOR SENATE,4859870.01,4912387.72,1265387.72,1265387.72,0.0,2023-01-01T00:00:00,2024-12-31T00:00:00,2024,2700712.67,2700712.67,0.0,0.0,1875.74,YEAR-END,2024,True,committee_totals
S6RI00221,"WHITEHOUSE, SHELDON",RI,DEM,C00410803,WHITEHOUSE FOR SENATE,1612622.08,814159.47,1317905.43,1317905.43,0.0,2021-01-01T00:00:00,2022-12-31T00:00:00,2022,1454819.48,1454819.48,0.0,0.0,293.78,YEAR-END,2022,True,committee_totals
S6RI00221,"WHITEHOUSE, SHELDON",RI,DEM,C00410803,WHITEHOUSE FOR SENATE,353724.81,603041.8,519442.82,519442.82,0.0,2019-01-01T00:00:00,2020-12-31T00:00:00,2020,304155.18,304155.18,0.0,0.0,213.35,YEAR-END,2020,True,committee_totals
S6RI00221,"WHITEHOUSE, SHELDON",RI,DEM,C00410803,WHITEHOUSE FOR SENATE,5190199.3,5525854.42,768759.81,768759.81,0.0,2017-01-01T00:00:00,2018-12-31T00:00:00,2018,3864984.44,3769138.44,95846.0,0.0,349.74,YEAR-END,2018,True,committee_totals
S6RI00221,"WHITEHOUSE, SHELDON",RI,DEM,C00410803,WHITEHOUSE FOR SENATE,1184313.0,731775.0,1104415.0,1104415.0,0.0,2015-01-01T00:00:00,2016-12-31T00:00:00,2016,869974.0,761007.0,108963.0,0.0,216.0,YEAR-END,2016,True,committee_totals
S6RI00221,"WHITEHOUSE, SHELDON",RI,DEM,C00410803,WHITEHOUSE FOR SENATE,360238.0,525537.0,651878.0,651878.0,0.0,2013-01-01T00:00:00,2014-12-31T00:00:00,2014,245746.0,197583.0,48162.0,0.0,1397.0,YEAR-END,2014,True,committee_totals
S6RI00221,"WHITEHOUSE, SHELDON",RI,DEM,C00410803,WHITEHOUSE FOR SENATE,3319678.0,4184244.0,817178.0,817178.0,0.0,2011-01-01T00:00:00,2012-12-31T00:00:00,2012,1962032.0,1750774.0,211258.0,0.0,27246.0,YEAR-END,2012,True,committee_totals
S6RI00221,"WHITEHOUSE, SHELDON",RI,DEM,C00410803,WHITEHOUSE FOR SENATE,1136420.0,437246.0,722999.0,722999.0,0.0,2009-01-01T00:00:00,2010-12-31T00:00:00,2010,855660.0,832195.0,23465.0,0.0,4793.0,YEAR-END,2010,True,committee_totals
S6RI00221,"WHITEHOUSE, SHELDON",RI,DEM,C00410803,WHITEHOUSE FOR SENATE,427366.0,561845.0,23826.0,23826.0,0.0,2007-01-01T00:00:00,2008-12-31T00:00:00,2008,110641.0,107991.0,2650.0,0.0,3859.0,YEAR-END,2008,True,committee_totals
S6RI00221,"WHITEHOUSE, SHELDON",RI,DEM,C00410803,WHITEHOUSE 06,6587257.0,6428954.0,158304.0,158304.0,250000.0,2005-01-01T00:00:00,2006-12-31T00:00:00,2006,5243697.0,4111538.0,403538.35,0.0,37925.56,YEAR-END,2006,True,committee_totals
S6SC04247,"WHITENER, KASIE DR.",SC,LIB,C00907709,KASIE WHITENER FOR US SENATE,14477.52,9835.45,4642.07,4642.07,893.5,2025-10-01T00:00:00,2026-03-31T00:00:00,2026,6338.61,4342.29,1996.32,3075.0,0.0,APRIL QUARTERLY,2026,True,committee_totals
S4MN00502,"WHITE, ROYCE",MN,REP,C00850743,ROYCE WHITE FOR SENATE,565894.4,622199.36,82803.72,82803.72,75.0,2025-01-01T00:00:00,2026-03-31T00:00:00,2026,536467.63,249321.58,287146.05,0.0,0.0,APRIL QUARTERLY,2026,True,committee_totals
S4MN00502,"WHITE, ROYCE",MN,REP,C00850743,ROYCE WHITE FOR SENATE,1621744.66,1482635.98,139108.68,139108.68,75.0,2023-07-01T00:00:00,2024-12-31T00:00:00,2024,1571923.12,497564.17,1074358.95,0.0,0.0,YEAR-END,2024,True,committee_totals
S0AR00218,"WHITFIELD, DANIEL ALLEN",AR,DEM,C00726422,DANWHITCONGRESS,353.29,36.27,2194.25,2194.25,5039.84,2025-01-01T00:00:00,2026-03-31T00:00:00,2026,353.0,0.0,353.0,0.0,0.29,APRIL QUARTERLY,2026,True,committee_totals
S0AR00218,"WHITFIELD, DANIEL ALLEN",AR,DEM,C00726422,DANWHITCONGRESS,2034.71,166.58,1877.23,1877.23,5039.84,2023-01-01T00:00:00,2024-12-31T00:00:00,2024,2034.68,1250.0,784.68,0.0,0.03,YEAR-END,2024,True,committee_totals
S0AR00218,"WHITFIELD, DANIEL ALLEN",AR,DEM,C00726422,DANWHITCONGRESS,33701.87,54001.93,9.1,9.1,5039.84,2021-01-01T00:00:00,2022-12-31T00:00:00,2022,28376.35,5420.19,22956.16,0.0,213.91,YEAR-END,2022,True,committee_totals
S0AR00218,"WHITFIELD, DANIEL ALLEN",AR,DEM,C00726422,DANWHITCONGRESS,71805.93,51496.77,20309.16,20309.16,39.84,2019-06-01T00:00:00,2020-12-31T00:00:00,2020,69125.46,14766.29,54359.17,0.0,6.31,YEAR-END,2020,True,committee_totals
S8MS00196,"WICKER, ROGER SEN.",MS,REP,C00443218,WICKER FOR SENATE,193613.35,425757.66,2762604.5,2762604.5,0.0,2025-01-01T00:00:00,2026-03-31T00:00:00,2026,63253.32,62000.0,1253.32,0.0,0.0,APRIL QUARTERLY,2026,True,committee_totals
S8MS00196,"WICKER, ROGER SEN.",MS,REP,C00443218,WICKER FOR SENATE,7420578.92,6979484.06,2994748.81,2994748.81,0.0,2023-01-01T00:00:00,2024-12-31T00:00:00,2024,3901123.07,3587422.82,313700.25,0.0,1384.61,YEAR-END,2024,True,committee_totals
S8MS00196,"WICKER, ROGER SEN.",MS,REP,C00443218,WICKER FOR SENATE,1826343.95,960466.74,2553653.95,2553653.95,0.0,2021-01-01T00:00:00,2022-12-31T00:00:00,2022,1140008.78,958921.0,181087.78,0.0,376.58,YEAR-END,2022,True,committee_totals
S8MS00196,"WICKER, ROGER SEN.",MS,REP,C00443218,WICKER FOR SENATE,603587.64,768389.32,1687776.74,1687776.74,0.0,2019-01-01T00:00:00,2020-12-31T00:00:00,2020,247011.95,170494.53,76517.42,0.0,530.15,YEAR-END,2020,True,committee_totals
S8MS00196,"WICKER, ROGER SEN.",MS,REP,C00443218,WICKER FOR SENATE,6113589.06,5881444.87,1852578.42,1852578.42,0.0,2017-01-01T00:00:00,2018-12-31T00:00:00,2018,3429620.6,3270396.18,159223.42,25.0,100.0,YEAR-END,2018,True,committee_totals
S8MS00196,"WICKER, ROGER SEN.",MS,REP,C00443218,WICKER FOR SENATE,355678.0,701069.0,1620434.0,1620434.0,0.0,2015-01-01T00:00:00,2016-12-31T00:00:00,2016,91629.0,89345.0,2284.0,0.0,311.0,YEAR-END,2016,True,committee_totals
S8MS00196,"WICKER, ROGER SEN.",MS,REP,C00443218,WICKER FOR SENATE,153213.0,487387.0,1965829.0,1965829.0,0.0,2013-01-01T00:00:00,2014-12-31T00:00:00,2014,34448.0,34050.0,398.0,0.0,0.0,YEAR-END,2014,True,committee_totals
S8MS00196,"WICKER, ROGER SEN.",MS,REP,C00443218,WICKER FOR SENATE,3384007.0,1486771.0,2300004.0,2300004.0,0.0,2011-01-01T00:00:00,2012-12-31T00:00:00,2012,1514719.0,1399911.0,114808.0,0.0,0.0,YEAR-END,2012,True,committee_totals
S8MS00196,"WICKER, ROGER SEN.",MS,REP,C00443218,WICKER FOR SENATE,1061797.0,716395.0,402771.0,402771.0,0.0,2009-01-01T00:00:00,2010-12-31T00:00:00,2010,607330.0,581986.0,25344.0,0.0,0.0,YEAR-END,2010,True,committee_totals
S8MS00196,"WICKER, ROGER SEN.",MS,REP,C00443218,WICKER FOR SENATE,6242613.0,6160116.0,82496.0,82496.0,131804.0,2008-01-01T00:00:00,2008-12-31T00:00:00,2008,3520106.0,3297648.0,222458.0,0.0,8498.0,YEAR-END,2008,True,committee_totals
S0KS00166,"WIESNER, PATRICK",KS,DEM,C00563577,WIESNER FOR SENATE INC,0.0,129.48,11675.55,11675.55,50500.0,2025-01-01T00:00:00,2026-03-31T00:00:00,2026,0.0,0.0,0.0,0.0,0.0,APRIL QUARTERLY,2026,True,committee_totals
S0KS00166,"WIESNER, PATRICK",KS,DEM,C00563577,WIESNER FOR SENATE INC,0.0,265.0,11805.03,11805.03,50500.0,2023-01-01T00:00:00,2024-12-31T00:00:00,2024,0.0,0.0,0.0,0.0,0.0,YEAR-END,2024,True,committee_totals
S0KS00166,"WIESNER, PATRICK",KS,DEM,C00563577,WIESNER FOR SENATE INC,35925.03,24423.26,12070.03,12070.03,50500.0,2021-01-01T00:00:00,2022-12-31T00:00:00,2022,161.0,0.0,161.0,0.0,0.0,YEAR-END,2022,True,committee_totals
S0KS00166,"WIESNER, PATRICK",KS,DEM,C00563577,WIESNER FOR SENATE INC,500.0,130.65,568.26,568.26,20500.0,2019-01-01T00:00:00,2020-12-31T00:00:00,2020,0.0,0.0,0.0,0.0,0.0,YEAR-END,2020,True,committee_totals
S0KS00166,"WIESNER, PATRICK",KS,DEM,C00563577,WIESNER FOR SENATE INC,0.0,411.0,199.0,199.0,20000.0,2017-01-01T00:00:00,2018-12-31T00:00:00,2018,0.0,0.0,0.0,0.0,0.0,YEAR-END,2018,True,committee_totals
S0KS00166,"WIESNER, PATRICK",KS,DEM,C00563577,WIESNER FOR SENATE INC,36252.0,38286.0,613.0,613.0,20000.0,2015-01-01T00:00:00,2016-12-31T00:00:00,2016,6861.0,5892.0,969.0,9390.0,0.0,YEAR-END,2016,True,committee_totals
S0KS00166,"WIESNER, PATRICK",KS,DEM,C00563577,WIESNER FOR SENATE INC,51081.0,48425.0,2653.0,2653.0,48000.0,2014-04-01T00:00:00,2014-12-31T00:00:00,2014,601.0,500.0,101.0,2000.0,480.0,YEAR-END,2014,True,committee_totals
S6KY00336,"WILLETT, JOEL",KY,DEM,C00920009,JOEL FOR KENTUCKY,350036.01,321249.37,28786.64,28786.64,96000.0,2025-09-17T00:00:00,2025-12-31T00:00:00,2026,145036.01,89225.0,55811.01,0.0,0.0,YEAR-END,2025,True,committee_totals
S2CA01094,"WILLIAMS, CORDIE LEE DR.",CA,REP,C00791509,DRCORDIE4SENATE,0.0,0.0,0.0,0.0,44900.0,2025-01-01T00:00:00,2026-03-31T00:00:00,2026,0.0,0.0,0.0,0.0,0.0,APRIL QUARTERLY,2026,True,committee_totals
S2CA01094,"WILLIAMS, CORDIE LEE DR.",CA,REP,C00791509,DRCORDIE4SENATE,0.0,232.36,0.0,0.0,44900.0,2023-01-01T00:00:00,2024-12-31T00:00:00,2024,0.0,0.0,0.0,0.0,0.0,YEAR-END,2024,True,committee_totals
S2CA01094,"WILLIAMS, CORDIE LEE DR.",CA,REP,C00791509,DRCORDIE4SENATE,361394.35,361161.99,232.36,232.36,0.0,2021-10-01T00:00:00,2022-12-31T00:00:00,2022,350844.35,288361.33,62483.02,10000.0,0.0,YEAR-END,2022,True,committee_totals
S6VA00200,"WILLIAMS, DAVID EARL MR.",VA,REP,C00927178,WILLIAMS FOR SENATE 2026,50555.94,43964.19,6591.75,6591.75,16000.0,2025-10-30T00:00:00,2026-03-31T00:00:00,2026,34446.0,27910.0,6536.0,0.0,0.0,APRIL QUARTERLY,2026,True,committee_totals
S8NC00270,"WILLIAMS, MARCUS W.",NC,DEM,C00811208,MARCUS WILLIAMS FOR U.S. SENATE,3786.77,3786.77,0.0,0.0,0.0,2022-01-01T00:00:00,2022-05-19T00:00:00,2022,3786.77,0.0,0.0,0.0,0.0,TERMINATION REPORT,2022,True,committee_totals
S8NC00270,"WILLIAMS, MARCUS W.",NC,DEM,C00479386,MARCUS W WILLIAMS FOR US SENATE,8550.0,8550.0,0.0,0.0,0.0,2010-01-01T00:00:00,2010-05-25T00:00:00,2010,,,,2547.0,,TERMINATION REPORT,2010,True,committee_totals
S8NC00270,"WILLIAMS, MARCUS W.",NC,DEM,C00931659,MARCUS W WILLIAMS FOR US SENATE,5656.28,5656.28,0.0,0.0,,2025-12-12T00:00:00,2026-03-17T00:00:00,2026,5656.28,,,,,TERMINATION REPORT,2026,True,committee_totals
S4AZ00261,"WILLIAMS, SARAH",AZ,LIB,C00871293,SARAH WILLIAMS FOR SENATE,0.0,453.63,0.0,0.0,0.0,2025-01-01T00:00:00,2025-03-17T00:00:00,2026,0.0,0.0,0.0,0.0,0.0,TERMINATION REPORT,2025,True,committee_totals
S4AZ00261,"WILLIAMS, SARAH",AZ,LIB,C00871293,SARAH WILLIAMS FOR SENATE,14715.0,14261.37,453.63,453.63,0.0,2024-01-01T00:00:00,2024-12-31T00:00:00,2024,9715.0,8600.0,1115.0,0.0,0.0,YEAR-END,2024,True,committee_totals
S6WV00162,"WILLIS, THOMAS EDWARD II",WV,REP,C00905851,TOM WILLIS VICTORY,496222.44,439153.27,57069.17,57069.17,172984.0,2025-04-01T00:00:00,2026-04-22T00:00:00,2026,124422.44,118617.88,5804.56,0.0,0.0,PRE-PRIMARY,2026,True,committee_totals
S8MI00422,"WILLIS, VALERIE LEE",MI,IND,C00675256,VOTE WILLIS FOR UNITED STATES SENATE MICHIGAN COMMITTEE ,0.0,0.0,0.0,0.0,22068.88,2024-04-01T00:00:00,2024-11-05T00:00:00,2024,0.0,0.0,0.0,0.0,0.0,PRE-GENERAL,2024,True,committee_totals
S8MI00422,"WILLIS, VALERIE LEE",MI,IND,C00675256,WILLIS FOR US SENATE,1530.3,1530.3,5.0,5.0,0.0,2019-01-01T00:00:00,2020-12-31T00:00:00,2020,100.0,100.0,0.0,0.0,0.0,YEAR-END,2020,True,committee_totals
S8MI00422,"WILLIS, VALERIE LEE",MI,IND,C00675256,WILLIS FOR US SENATE,0.0,0.0,0.0,0.0,0.0,2018-01-01T00:00:00,2018-12-31T00:00:00,2018,0.0,0.0,0.0,0.0,0.0,YEAR-END,2018,True,committee_totals
S8AZ00379,"WILLS, LONNIE MR.",AZ,REP,C00904268,LONNIE WILLS FOR US SENATOR 2028,0.0,0.0,0.0,0.0,0.0,2026-04-01T00:00:00,2026-04-15T00:00:00,2026,0.0,0.0,0.0,0.0,0.0,TERMINATION REPORT,2026,True,committee_totals
S4UT00209,"WILSON, BRAD",UT,REP,C00837781,BRAD WILSON FOR U.S. SENATE,5056856.61,5056856.61,0.0,0.0,0.0,2023-04-01T00:00:00,2024-12-31T00:00:00,2024,1958079.83,1948666.68,9413.15,0.0,355.86,TERMINATION REPORT,2024,True,committee_totals
S4MI00587,"WILSON, J.D.",MI,REP,C00848986,J.D. WILSON FOR US SENATE,8086.71,6438.85,1647.86,1647.86,51464.98,2023-07-01T00:00:00,2024-06-30T00:00:00,2024,8086.71,7475.71,611.0,0.0,0.0,JULY QUARTERLY,2024,True,committee_totals
S6CO00432,"WOOD, MATTHEW",CO,IND,C00908962,COMMITTEE TO ELECT MATTHEW WOOD,4545.0,3385.0,752.5,752.5,0.0,2025-07-01T00:00:00,2026-03-31T00:00:00,2026,1545.0,1000.0,545.0,0.0,0.0,APRIL QUARTERLY,2026,True,committee_totals
S6OR00110,"WYDEN, RONALD L.",OR,DEM,C00308676,WYDEN FOR SENATE,1199347.07,1554121.79,1415984.72,1415984.72,0.0,2025-01-01T00:00:00,2026-03-31T00:00:00,2026,681169.49,401397.83,279771.66,0.0,49144.74,APRIL QUARTERLY,2026,True,committee_totals
S6OR00110,"WYDEN, RONALD L.",OR,DEM,C00308676,WYDEN FOR SENATE,1533627.54,3108793.09,1770759.44,1770759.44,0.0,2023-01-01T00:00:00,2024-12-31T00:00:00,2024,665517.58,392938.97,272578.61,0.0,188395.71,YEAR-END,2024,True,committee_totals
S6OR00110,"WYDEN, RONALD L.",OR,DEM,C00308676,WYDEN FOR SENATE,10512321.06,9392743.56,3345924.99,3345924.99,0.0,2021-01-01T00:00:00,2022-12-31T00:00:00,2022,7051802.01,6390622.53,661179.48,0.0,47168.53,YEAR-END,2022,True,committee_totals
S6OR00110,"WYDEN, RONALD L.",OR,DEM,C00308676,WYDEN FOR SENATE,1871588.66,1948089.5,2226347.49,2226347.49,0.0,2019-01-01T00:00:00,2020-12-31T00:00:00,2020,1393830.08,1051621.34,342208.74,0.0,26622.92,YEAR-END,2020,True,committee_totals
S6OR00110,"WYDEN, RONALD L.",OR,DEM,C00308676,WYDEN FOR SENATE,1667441.19,2762883.94,2302848.33,2302848.33,0.0,2017-01-01T00:00:00,2018-12-31T00:00:00,2018,1212461.24,516034.12,696427.12,0.0,33871.95,YEAR-END,2018,True,committee_totals
S6OR00110,"WYDEN, RONALD L.",OR,DEM,C00308676,WYDEN FOR SENATE,8685642.0,7621379.0,3398289.0,3398289.0,0.0,2015-01-01T00:00:00,2016-12-31T00:00:00,2016,6048066.0,5479953.0,568110.0,0.0,3827.0,YEAR-END,2016,True,committee_totals
S6OR00110,"WYDEN, RONALD L.",OR,DEM,C00308676,WYDEN FOR SENATE,3417820.0,1263898.0,2334025.0,2334025.0,0.0,2013-01-01T00:00:00,2014-12-31T00:00:00,2014,1189647.0,1119974.0,69673.0,0.0,1725.0,YEAR-END,2014,True,committee_totals
S6OR00110,"WYDEN, RONALD L.",OR,DEM,C00308676,WYDEN FOR SENATE,641466.0,896837.0,180103.0,180103.0,0.0,2011-01-01T00:00:00,2012-12-31T00:00:00,2012,119196.0,92462.0,26734.0,0.0,665.0,YEAR-END,2012,True,committee_totals
S6OR00110,"WYDEN, RONALD L.",OR,DEM,C00308676,WYDEN FOR SENATE,5742439.0,6424975.0,435475.0,435475.0,0.0,2009-01-01T00:00:00,2010-12-31T00:00:00,2010,3597896.0,3423382.0,174511.0,0.0,423.0,YEAR-END,2010,True,committee_totals
S6OR00110,"WYDEN, RONALD L.",OR,DEM,C00308676,WYDEN FOR SENATE,999868.0,934124.0,1118012.0,1118012.0,0.0,2007-01-01T00:00:00,2008-12-31T00:00:00,2008,473590.0,470399.0,3191.0,0.0,79377.0,YEAR-END,2008,True,committee_totals
S6OR00110,"WYDEN, RONALD L.",OR,DEM,C00308676,WYDEN FOR SENATE,196582.0,1170295.0,1052269.0,1052269.0,0.0,2005-01-01T00:00:00,2006-12-31T00:00:00,2006,60085.0,35010.0,3830.0,0.0,80513.43,YEAR-END,2006,True,committee_totals
S6OR00110,"WYDEN, RONALD L.",OR,DEM,C00308676,WYDEN FOR SENATE,3802681.0,2817706.0,2025980.0,2025980.0,0.0,2003-01-01T00:00:00,2004-12-31T00:00:00,2004,2624758.0,,,0.0,,YEAR-END,2004,True,committee_totals
S6OR00110,"WYDEN, RONALD L.",OR,DEM,C00308676,WYDEN FOR SENATE,1103218.0,359359.0,1041005.0,1041005.0,0.0,2001-01-01T00:00:00,2002-12-31T00:00:00,2002,919012.0,,,0.0,,YEAR-END,2002,True,committee_totals
S6OR00110,"WYDEN, RONALD L.",OR,DEM,C00308676,WYDEN FOR SENATE,153170.0,301242.0,297144.0,297144.0,0.0,1999-01-01T00:00:00,2000-12-31T00:00:00,2000,29605.0,,,0.0,,YEAR-END,2000,True,committee_totals
S6OR00110,"WYDEN, RONALD L.",OR,DEM,C00308676,WYDEN FOR SENATE,3298468.0,2865378.0,445217.0,445217.0,0.0,1997-01-01T00:00:00,1998-12-31T00:00:00,1998,2192685.0,,,0.0,,YEAR-END,1998,True,committee_totals
S6OR00110,"WYDEN, RONALD L.",OR,DEM,C00308676,WYDEN FOR SENATE,4256026.0,4243900.0,12126.0,12126.0,42980.0,1995-09-10T00:00:00,1996-12-31T00:00:00,1996,2349604.0,,,0.0,,YEAR-END,1996,True,committee_totals
S6MN00549,"YORK, MARK",MN,REP,C00932863,MARK YORK FOR US SENATE,56206.07,45484.61,10721.46,10721.46,0.0,2026-01-01T00:00:00,2026-03-31T00:00:00,2026,51206.07,46353.72,4852.35,5000.0,0.0,APRIL QUARTERLY,2026,True,committee_totals
S6IN00191,"YOUNG, TODD CHRISTOPHER",IN,REP,C00459255,"FRIENDS OF TODD YOUNG, INC.",3599267.98,1234309.96,6790900.66,6790900.66,0.0,2025-01-01T00:00:00,2026-03-31T00:00:00,2026,953813.54,936839.38,16974.16,0.0,178096.02,APRIL QUARTERLY,2026,True,committee_totals
S6IN00191,"YOUNG, TODD CHRISTOPHER",IN,REP,C00459255,"FRIENDS OF TODD YOUNG, INC.",1754997.99,1065950.31,4425942.64,4425942.64,0.0,2023-01-01T00:00:00,2024-12-31T00:00:00,2024,661649.75,576453.5,85196.25,0.0,230336.67,YEAR-END,2024,True,committee_totals
S6IN00191,"YOUNG, TODD CHRISTOPHER",IN,REP,C00459255,"FRIENDS OF TODD YOUNG, INC.",10976445.53,9618042.78,3736894.96,3736894.96,0.0,2021-01-01T00:00:00,2022-12-31T00:00:00,2022,5580066.12,4982363.42,597702.7,0.0,0.0,YEAR-END,2022,True,committee_totals
S6IN00191,"YOUNG, TODD CHRISTOPHER",IN,REP,C00459255,"FRIENDS OF TODD YOUNG, INC.",3293430.51,1206074.4,2378492.21,2378492.21,0.0,2019-01-01T00:00:00,2020-12-31T00:00:00,2020,1602863.7,1069569.8,533293.9,0.0,0.0,YEAR-END,2020,True,committee_totals
S6IN00191,"YOUNG, TODD CHRISTOPHER",IN,REP,C00459255,"FRIENDS OF TODD YOUNG, INC.",925529.86,699785.75,291136.1,291136.1,0.0,2017-01-01T00:00:00,2018-12-31T00:00:00,2018,367049.2,349782.2,17267.0,0.0,0.0,YEAR-END,2018,True,committee_totals
S6IN00191,"YOUNG, TODD CHRISTOPHER",IN,REP,C00459255,"FRIENDS OF TODD YOUNG, INC.",10698358.53,11394679.16,65392.0,65392.0,110675.0,2015-01-01T00:00:00,2016-12-31T00:00:00,2016,7285947.0,6061480.0,509028.0,0.0,417.0,YEAR-END,2016,True,committee_totals
S6IN00191,"YOUNG, TODD CHRISTOPHER",IN,REP,C00459255,"FRIENDS OF TODD YOUNG, INC.",2156588.92,1405164.53,761714.87,761714.87,0.0,2013-01-01T00:00:00,2014-12-31T00:00:00,2014,1367872.08,1316582.22,51289.86,0.0,0.0,YEAR-END,2014,True,committee_totals
S6IN00191,"YOUNG, TODD CHRISTOPHER",IN,REP,C00459255,"FRIENDS OF TODD YOUNG, INC.",1819056.96,1823459.34,10290.48,10290.48,0.0,2011-01-01T00:00:00,2012-12-31T00:00:00,2012,1437113.5,1332952.19,104161.31,0.0,0.0,YEAR-END,2012,True,committee_totals
S6IN00191,"YOUNG, TODD CHRISTOPHER",IN,REP,C00459255,FRIENDS OF TODD YOUNG,1964851.77,1950158.91,14692.86,14692.86,0.0,2009-01-01T00:00:00,2010-12-31T00:00:00,2010,1708885.4,1427727.79,281157.61,0.0,4501.95,YEAR-END,2010,True,committee_totals
S6NJ00412,"ZDAN, ALEX",NJ,REP,C00939132,ALEX ZDAN FOR US SENATE,7378.78,1552.21,5826.57,5826.57,0.0,2026-01-01T00:00:00,2026-03-31T00:00:00,2026,5758.27,3072.55,2685.72,1620.51,0.0,APRIL QUARTERLY,2026,True,committee_totals
S4NJ00557,"ZDAN, ALEXANDER",NJ,REP,C00868943,ALEX ZDAN FOR SENATE INC,50824.86,47891.23,2933.63,2933.63,25000.0,2024-01-01T00:00:00,2024-06-30T00:00:00,2024,5824.86,5621.78,203.08,0.0,0.0,JULY QUARTERLY,2024,True,committee_totals
S6NJ00131,"ZIMMER, DICK",NJ,REP,C00302646,ZIMMER FOR SENATE INC,0.0,35.0,1824.0,1824.0,33179.0,2003-01-01T00:00:00,2003-09-30T00:00:00,2004,0.0,0.0,,0.0,,OCTOBER QUARTERLY,2003,True,committee_totals
S6NJ00131,"ZIMMER, DICK",NJ,REP,C00302646,ZIMMER FOR SENATE INC,0.0,30.0,1829.0,1829.0,33179.0,2001-01-01T00:00:00,2002-12-31T00:00:00,2002,0.0,,,0.0,,YEAR-END,2002,True,committee_totals
S6NJ00131,"ZIMMER, DICK",NJ,REP,C00302646,ZIMMER FOR SENATE INC,6.0,1040.0,1859.0,1859.0,33179.0,1999-01-01T00:00:00,2000-12-31T00:00:00,2000,0.0,,,0.0,,YEAR-END,2000,True,committee_totals
S6NJ00131,"ZIMMER, DICK",NJ,REP,C00302646,ZIMMER FOR SENATE INC,100395.0,112894.0,1283.0,1283.0,73937.0,1997-01-01T00:00:00,1998-12-31T00:00:00,1998,65477.0,,,0.0,,MID-YEAR REPORT,1998,True,committee_totals
S6NJ00131,"ZIMMER, DICK",NJ,REP,C00302646,ZIMMER FOR SENATE INC,8253612.0,8238181.0,15390.0,15390.0,109598.0,1995-01-01T00:00:00,1996-12-31T00:00:00,1996,5548662.0,,,0.0,,YEAR-END,1996,True,committee_totals
S6NJ00131,"ZIMMER, DICK",NJ,REP,C00449074,ZIMMER FOR SENATE INC,0.0,8199.39,0.0,0.0,0.0,2025-01-01T00:00:00,2025-06-19T00:00:00,2026,0.0,0.0,0.0,0.0,0.0,TERMINATION REPORT,2025,True,committee_totals
S6NJ00131,"ZIMMER, DICK",NJ,REP,C00449074,ZIMMER FOR SENATE INC,0.0,513.51,8199.39,8199.39,0.0,2023-01-01T00:00:00,2024-12-31T00:00:00,2024,0.0,0.0,0.0,0.0,0.0,YEAR-END,2024,True,committee_totals
S6NJ00131,"ZIMMER, DICK",NJ,REP,C00449074,ZIMMER FOR SENATE INC,0.0,337.72,8712.9,8712.9,0.0,2021-01-01T00:00:00,2022-12-31T00:00:00,2022,0.0,0.0,0.0,0.0,0.0,YEAR-END,2022,True,committee_totals
S6NJ00131,"ZIMMER, DICK",NJ,REP,C00449074,ZIMMER FOR SENATE INC,0.0,1155.5,9050.62,9050.62,0.0,2019-01-01T00:00:00,2020-12-31T00:00:00,2020,0.0,0.0,0.0,0.0,0.0,YEAR-END,2020,True,committee_totals
S6NJ00131,"ZIMMER, DICK",NJ,REP,C00449074,ZIMMER FOR SENATE INC,0.0,865.05,10206.12,10206.12,0.0,2017-01-01T00:00:00,2018-12-31T00:00:00,2018,0.0,0.0,0.0,0.0,0.0,YEAR-END,2018,True,committee_totals
S6NJ00131,"ZIMMER, DICK",NJ,REP,C00449074,ZIMMER FOR SENATE INC,44.0,1699.0,11073.0,11073.0,0.0,2015-01-01T00:00:00,2016-12-31T00:00:00,2016,0.0,0.0,0.0,0.0,0.0,YEAR-END,2016,True,committee_totals
S6NJ00131,"ZIMMER, DICK",NJ,REP,C00449074,ZIMMER FOR SENATE INC,0.0,8113.0,12727.0,12727.0,0.0,2013-01-01T00:00:00,2014-12-31T00:00:00,2014,0.0,0.0,0.0,0.0,0.0,YEAR-END,2014,True,committee_totals
S6NJ00131,"ZIMMER, DICK",NJ,REP,C00449074,ZIMMER FOR SENATE INC,0.0,6619.0,20841.0,20841.0,0.0,2011-01-01T00:00:00,2012-12-31T00:00:00,2012,0.0,278991.5,0.0,0.0,0.0,YEAR-END,2012,True,committee_totals
S6NJ00131,"ZIMMER, DICK",NJ,REP,C00449074,ZIMMER FOR SENATE INC,2500.0,19114.0,27462.0,27462.0,0.0,2009-01-01T00:00:00,2010-12-31T00:00:00,2010,0.0,0.0,0.0,0.0,0.0,YEAR-END,2010,True,committee_totals
S6NJ00131,"ZIMMER, DICK",NJ,REP,C00449074,ZIMMER FOR SENATE INC,1542809.0,1498731.0,44078.0,44078.0,0.0,2008-04-01T00:00:00,2008-12-31T00:00:00,2008,807924.0,734653.0,73270.0,0.0,2035.0,YEAR-END,2008,True,committee_totals
S6CO00465,"ZIMPFER, ANTHONY JACOB",CO,DEM,C00914416,ZIMPFER FOR COLORADO,4130.68,3034.9,1095.78,1095.78,140.68,2025-07-01T00:00:00,2026-03-31T00:00:00,2026,3990.0,2500.0,1490.0,0.0,0.0,APRIL QUARTERLY,2026,True,committee_totals
