state,fec_candidate_id,selected_candidate_name,committee_id,total_receipts,total_disbursements,cash_on_hand_end_period,cash_on_hand,debts_owed_by_committee,coverage_end_date,party,party_normalized,selected_candidate,selection_method,selection_rank_within_state_party,manual_override_reason
ID,S6ID00146,"ACHILLES, TODD BAKER",C00909309,412743.66,280248.03,140788.55,140788.55,0.0,2026-03-31T00:00:00,IND,OTHER,False,,8.0,
MS,S6MS00109,"ADLAKHA, SARAH ANNE DR",C00900944,566184.12,556454.75,9729.37,9729.37,547000.0,2026-02-18T00:00:00,REP,REP,False,,15.0,
LA,S6LA00706,"ALBARES, NICHOLAS S.",C00938944,70920.59,16884.09,54036.5,54036.5,5275.0,2026-03-31T00:00:00,DEM,DEM,False,,6.0,
TX,S6TX00305,"ALLEN, KEITH",C00886291,156626.79,157571.33,0.0,0.0,0.0,2026-03-31T00:00:00,REP,REP,False,,28.0,
TX,S6TX00305,"ALLEN, KEITH",C00886291,200.0,0.0,944.54,944.54,0.0,2024-12-31T00:00:00,REP,REP,False,,36.0,
MO,S2MO00775,"ALLEN, ROBERT",C00810820,823.76,823.76,1324.67,1324.67,0.0,2024-03-31T00:00:00,REP,REP,False,,51.0,
MO,S2MO00775,"ALLEN, ROBERT",C00810820,13917.94,13167.94,375.0,375.0,0.0,2022-12-31T00:00:00,REP,REP,False,,46.0,
TX,S4TX00722,"ALLRED, COLIN",C00909572,7462453.11,7459793.1,2660.01,2660.01,0.0,2026-03-31T00:00:00,DEM,DEM,False,,4.0,
TX,S6TX00438,"ALLRED, COLIN",C00909572,7462453.11,7459793.1,2660.01,2660.01,0.0,2026-03-31T00:00:00,DEM,DEM,False,,5.0,
MT,S6MT00295,"ALME, KURT",C00942060,924643.51,15686.66,908956.85,908956.85,0.0,2026-03-31T00:00:00,REP,REP,False,,18.0,
MD,S4MD00327,"ALSOBROOKS, ANGELA",C00840017,1514583.43,974813.68,589615.13,589615.13,35065.99,2026-03-31T00:00:00,DEM,DEM,False,,14.0,
MD,S4MD00327,"ALSOBROOKS, ANGELA",C00840017,31077805.53,31027960.15,49845.38,49845.38,101342.24,2024-12-31T00:00:00,DEM,DEM,False,,2.0,
TX,S6TX00370,"ALVAREZ, ANDREW",C00745356,3522.92,0.0,7045.84,7045.84,0.0,2021-12-31T00:00:00,REP,REP,False,,33.0,
MI,S4MI00694,"AMASH, JUSTIN",C00476291,552.18,3500.0,252.52,252.52,0.0,2026-03-31T00:00:00,REP,REP,False,,23.0,
MI,S4MI00694,"AMASH, JUSTIN",C00476291,914568.42,1282891.45,3200.34,3200.34,3500.0,2024-12-31T00:00:00,REP,REP,False,,10.0,
MI,S4MI00694,"AMASH, JUSTIN",C00476291,0.0,17281.24,371523.37,371523.37,0.0,2022-12-31T00:00:00,REP,REP,False,,24.0,
MI,S4MI00694,"AMASH, JUSTIN",C00476291,1160520.21,853517.55,388804.61,388804.61,0.0,2020-12-31T00:00:00,REP,REP,False,,7.0,
MI,S4MI00694,"AMASH, JUSTIN",C00476291,633938.01,769773.3,81801.95,81801.95,0.0,2018-12-31T00:00:00,REP,REP,False,,12.0,
MI,S4MI00694,"AMASH, JUSTIN",C00476291,688107.52,799297.29,217637.24,217637.24,0.0,2016-12-31T00:00:00,REP,REP,False,,11.0,
MI,S4MI00694,"AMASH, JUSTIN",C00476291,1805117.17,1554133.68,328827.01,328827.01,0.0,2014-12-31T00:00:00,REP,REP,False,,5.0,
MI,S4MI00694,"AMASH, JUSTIN",C00476291,1361048.44,1293710.96,77843.52,77843.52,100000.0,2012-12-31T00:00:00,REP,REP,False,,6.0,
MI,S4MI00694,"AMASH, JUSTIN",C00476291,1103513.44,1093007.4,10506.04,10506.04,408199.75,2010-12-31T00:00:00,REP,REP,False,,8.0,
WI,S4WI00173,"ANDERSON, PHILLIP NORMAN",C00835140,52738.95,52615.37,123.58,123.58,0.0,2024-12-25T00:00:00,IND,OTHER,False,,1.0,
WI,S6WI00152,"ANDERSON, PHILLIP NORMAN",C00591123,0.0,,919.0,919.0,0.0,2016-10-01T00:00:00,LIB,OTHER,False,,5.0,
WI,S6WI00152,"ANDERSON, PHILLIP NORMAN",C00591123,10948.0,5181.0,919.0,919.0,0.0,2016-10-01T00:00:00,LIB,OTHER,False,,4.0,
WI,S6WI00152,"ANDERSON, PHILLIP NORMAN",C00835140,52738.95,52615.37,123.58,123.58,0.0,2024-12-25T00:00:00,LIB,OTHER,False,,2.0,
SC,S6SC04239,"ANDREWS, ANNIE",C00906024,6519295.74,3880008.35,2639287.39,2639287.39,15688.47,2026-03-31T00:00:00,DEM,DEM,False,,2.0,
NJ,S8NJ00392,"ANDREWS, ROBERT E",C00448654,58.11,155.0,1177.38,1177.38,114656.39,2026-03-31T00:00:00,DEM,DEM,False,,44.0,
NJ,S8NJ00392,"ANDREWS, ROBERT E",C00448654,89.82,260.0,1274.27,1274.27,114656.39,2024-12-31T00:00:00,DEM,DEM,False,,43.0,
NJ,S8NJ00392,"ANDREWS, ROBERT E",C00448654,94.68,240.0,1444.45,1444.45,114656.39,2022-12-31T00:00:00,DEM,DEM,False,,39.0,
NJ,S8NJ00392,"ANDREWS, ROBERT E",C00448654,91.33,230.0,1589.77,1589.77,114656.39,2020-12-31T00:00:00,DEM,DEM,False,,42.0,
NJ,S8NJ00392,"ANDREWS, ROBERT E",C00448654,93.16,240.0,1728.44,1728.44,114656.39,2018-12-31T00:00:00,DEM,DEM,False,,41.0,
NJ,S8NJ00392,"ANDREWS, ROBERT E",C00448654,94.0,270.0,1872.0,1872.0,114606.0,2016-12-31T00:00:00,DEM,DEM,False,,40.0,
NJ,S8NJ00392,"ANDREWS, ROBERT E",C00448654,7110.0,14222.0,2048.0,2048.0,114606.0,2014-12-31T00:00:00,DEM,DEM,False,,37.0,
NJ,S8NJ00392,"ANDREWS, ROBERT E",C00448654,89238.0,81618.0,9163.0,9163.0,114606.0,2012-12-31T00:00:00,DEM,DEM,False,,26.0,
NJ,S8NJ00392,"ANDREWS, ROBERT E",C00448654,120775.0,128630.0,2044.0,2044.0,171703.0,2010-12-31T00:00:00,DEM,DEM,False,,24.0,
NJ,S8NJ00392,"ANDREWS, ROBERT E",C00448654,4039692.0,4029787.0,9903.0,9903.0,312529.0,2008-12-31T00:00:00,DEM,DEM,False,,12.0,
TX,S4TX00680,"ANDRUS, TRACY DR. SR.",C00835108,18385.0,11749.08,6250.41,6250.41,0.0,2024-06-30T00:00:00,DEM,DEM,False,,16.0,
MA,S4MA00291,"ANTONELLIS, ROBERT JOSEPH",C00841080,2000.0,0.0,1369.37,1369.37,59434.57,2026-03-31T00:00:00,REP,REP,False,,6.0,
MA,S4MA00291,"ANTONELLIS, ROBERT JOSEPH",C00841080,41279.47,41910.1,-630.63,-630.63,56009.57,2024-12-31T00:00:00,REP,REP,False,,4.0,
IA,S6IA00314,"ARENHOLZ, ASHLEY HINSON",C00706267,7267266.37,2679198.52,6516143.25,6516143.25,0.0,2026-03-31T00:00:00,REP,REP,False,,5.0,
IA,S6IA00314,"ARENHOLZ, ASHLEY HINSON",C00706267,5600532.3,3740906.41,1928075.4,1928075.4,0.0,2024-12-31T00:00:00,REP,REP,False,,9.0,
IA,S6IA00314,"ARENHOLZ, ASHLEY HINSON",C00706267,7191283.9,7237999.97,68449.51,68449.51,0.0,2022-12-31T00:00:00,REP,REP,False,,6.0,
IA,S6IA00314,"ARENHOLZ, ASHLEY HINSON",C00706267,5131115.06,5015949.48,115165.58,115165.58,72500.0,2020-12-31T00:00:00,REP,REP,False,,10.0,
AR,S6AR00207,"ASHBY, MICAH",C00919803,41161.53,126.26,754.4,754.4,734.4,2026-02-11T00:00:00,REP,REP,False,,20.0,
FL,S6FL00749,"ATKINS, JOEY MENDOZA",C00907998,9123.75,6891.33,2232.42,2232.42,5000.0,2026-03-31T00:00:00,DEM,DEM,False,,36.0,
MT,S6MT00261,"AUSTIN, KYLE",C00870352,262094.97,226081.96,36013.01,36013.01,0.0,2026-03-31T00:00:00,LIB,OTHER,False,,2.0,
MT,S6MT00261,"AUSTIN, KYLE",C00870352,4550.0,4500.0,550.0,550.0,0.0,2024-12-31T00:00:00,LIB,OTHER,False,,3.0,
MA,S8MA00268,"AYYADURAI, SHIVA DR",C00638148,7464.83,65587.65,0.0,0.0,0.0,2022-04-01T00:00:00,IND,OTHER,False,,7.0,
MA,S8MA00268,"AYYADURAI, SHIVA DR",C00638148,1811516.85,1753745.51,58122.82,58122.82,0.0,2020-12-31T00:00:00,IND,OTHER,False,,2.0,
MA,S8MA00268,"AYYADURAI, SHIVA DR",C00638148,5008571.13,5008220.41,351.48,351.48,0.0,2018-12-31T00:00:00,IND,OTHER,False,,1.0,
MA,S8MA00268,"AYYADURAI, SHIVA DR",C00936542,9869.51,2542.56,7326.95,7326.95,0.0,2026-03-31T00:00:00,IND,OTHER,False,,5.0,
MA,S4MA00275,"AYYADURAI, SHIVA DR.",C00936542,9869.51,2542.56,7326.95,7326.95,0.0,2026-03-31T00:00:00,IND,OTHER,False,,6.0,
CO,S6CO00507,"BAISLEY, MARK",C00932848,31865.5,25745.69,6119.81,6119.81,0.0,2026-03-31T00:00:00,REP,REP,False,,6.0,
WI,S2WI00219,"BALDWIN, TAMMY",C00326801,2354257.76,1812160.5,567364.11,567364.11,0.0,2026-03-31T00:00:00,DEM,DEM,False,,8.0,
WI,S2WI00219,"BALDWIN, TAMMY",C00326801,50228545.14,53242337.24,25266.85,25266.85,0.0,2024-12-31T00:00:00,DEM,DEM,True,highest_total_receipts,1.0,
WI,S2WI00219,"BALDWIN, TAMMY",C00326801,4665894.23,3580538.7,3039058.95,3039058.95,0.0,2022-12-31T00:00:00,DEM,DEM,False,,6.0,
WI,S2WI00219,"BALDWIN, TAMMY",C00326801,4701211.78,2889701.56,1953703.42,1953703.42,0.0,2020-12-31T00:00:00,DEM,DEM,False,,5.0,
WI,S2WI00219,"BALDWIN, TAMMY",C00326801,27758852.65,28706579.25,142193.2,142193.2,0.0,2018-12-31T00:00:00,DEM,DEM,False,,2.0,
WI,S2WI00219,"BALDWIN, TAMMY",C00326801,2371269.0,1558287.0,1089919.0,1089919.0,0.0,2016-12-31T00:00:00,DEM,DEM,False,,7.0,
WI,S2WI00219,"BALDWIN, TAMMY",C00326801,1384754.0,1284517.0,244089.0,244089.0,0.0,2014-12-31T00:00:00,DEM,DEM,False,,14.0,
WI,S2WI00219,"BALDWIN, TAMMY",C00326801,15089725.69,15650796.55,143852.0,143852.0,0.0,2012-12-31T00:00:00,DEM,DEM,False,,4.0,
WI,S2WI00219,"BALDWIN, TAMMY",C00326801,1197113.57,1084310.9,704923.45,704923.45,0.0,2010-12-31T00:00:00,DEM,DEM,False,,16.0,
WI,S2WI00219,"BALDWIN, TAMMY",C00326801,1471571.39,1159593.26,592120.78,592120.78,0.0,2008-12-31T00:00:00,DEM,DEM,False,,13.0,
WI,S2WI00219,"BALDWIN, TAMMY",C00326801,1565239.33,1617305.16,280142.65,280142.65,0.0,2006-12-31T00:00:00,DEM,DEM,False,,12.0,
WI,S2WI00219,"BALDWIN, TAMMY",C00326801,1709075.84,1448895.74,332208.48,332208.48,10000.0,2004-12-31T00:00:00,DEM,DEM,False,,9.0,
WI,S2WI00219,"BALDWIN, TAMMY",C00326801,1295047.12,1238880.06,72028.38,72028.38,10000.0,2002-12-31T00:00:00,DEM,DEM,False,,15.0,
WI,S2WI00219,"BALDWIN, TAMMY",C00326801,1600964.0,1680093.0,15864.0,15864.0,0.0,2000-12-31T00:00:00,DEM,DEM,False,,10.0,
WI,S2WI00219,"BALDWIN, TAMMY",C00326801,1571795.0,1474158.0,94994.0,94994.0,0.0,1998-12-31T00:00:00,DEM,DEM,False,,11.0,
MT,S0MT00116,"BALLARD, JACK",C00714295,0.0,0.0,9.04,9.04,4520.0,2026-03-31T00:00:00,DEM,DEM,False,,49.0,
MT,S0MT00116,"BALLARD, JACK",C00714295,0.0,0.0,9.04,9.04,4520.0,2024-12-31T00:00:00,DEM,DEM,False,,50.0,
MT,S0MT00116,"BALLARD, JACK",C00714295,91094.24,91224.56,9.04,9.04,4520.0,2022-12-31T00:00:00,DEM,DEM,False,,28.0,
MT,S0MT00116,"BALLARD, JACK",C00714295,30575.0,30435.64,139.36,139.36,3620.0,2020-12-31T00:00:00,DEM,DEM,False,,34.0,
MT,S6MT00253,"BANKHEAD, ALANI INES",C00937201,15240.06,5775.0,10625.06,10625.06,0.0,2026-03-31T00:00:00,DEM,DEM,False,,38.0,
IN,S4IN00196,"BANKS, JAMES E. HON.",C00577999,1867267.71,1464916.56,3015707.87,3015707.87,27931.73,2026-03-31T00:00:00,REP,REP,False,,10.0,
IN,S4IN00196,"BANKS, JAMES E. HON.",C00577999,7288500.99,6010627.68,2613356.72,2613356.72,151180.0,2024-12-31T00:00:00,REP,REP,False,,3.0,
IN,S4IN00196,"BANKS, JAMES E. HON.",C00577999,2653270.22,1762213.57,1335483.41,1335483.41,27052.41,2022-12-31T00:00:00,REP,REP,False,,7.0,
IN,S4IN00196,"BANKS, JAMES E. HON.",C00577999,1223958.73,791040.64,444426.76,444426.76,26481.23,2020-12-31T00:00:00,REP,REP,False,,18.0,
IN,S4IN00196,"BANKS, JAMES E. HON.",C00577999,996926.15,1129677.09,11508.67,11508.67,59981.23,2018-12-31T00:00:00,REP,REP,False,,22.0,
IN,S4IN00196,"BANKS, JAMES E. HON.",C00577999,1755487.43,1611227.82,144259.61,144259.61,86601.77,2016-12-31T00:00:00,REP,REP,False,,12.0,
MD,S4MD00533,"BARAKAT, MOHAMMED",C00871491,2211.86,2211.86,0.0,0.0,0.0,2024-12-31T00:00:00,REP,REP,False,,5.0,
WI,S2WI00441,"BARNES, MANDELA",C00784959,147246.44,422420.81,18642.69,18642.69,0.0,2026-03-31T00:00:00,DEM,DEM,False,,20.0,
WI,S2WI00441,"BARNES, MANDELA",C00784959,796395.01,1068277.87,293817.06,293817.06,0.0,2024-12-31T00:00:00,DEM,DEM,False,,17.0,
WY,S6WY00068,"BARRASSO, JOHN A",C00310482,66334.0,66334.0,0.0,0.0,,1997-06-30T00:00:00,REP,REP,False,,25.0,
WY,S6WY00068,"BARRASSO, JOHN A",C00310482,658939.0,658939.0,0.0,0.0,65833.0,1996-12-31T00:00:00,REP,REP,False,,20.0,
WY,S6WY00068,"BARRASSO, JOHN A",C00436386,1303850.9,711084.28,8321195.21,8321195.21,0.0,2026-03-31T00:00:00,REP,REP,False,,12.0,
WY,S6WY00068,"BARRASSO, JOHN A",C00436386,7761388.01,4520535.91,7728428.59,7728428.59,0.0,2024-12-31T00:00:00,REP,REP,True,highest_total_receipts,1.0,
WY,S6WY00068,"BARRASSO, JOHN A",C00436386,1881044.42,1515357.44,4487576.49,4487576.49,0.0,2022-12-31T00:00:00,REP,REP,False,,8.0,
WY,S6WY00068,"BARRASSO, JOHN A",C00436386,1008180.71,844064.26,4121889.51,4121889.51,0.0,2020-12-31T00:00:00,REP,REP,False,,14.0,
WY,S6WY00068,"BARRASSO, JOHN A",C00436386,5667279.48,4458971.93,3957773.08,3957773.08,0.0,2018-12-31T00:00:00,REP,REP,False,,3.0,
WY,S6WY00068,"BARRASSO, JOHN A",C00436386,884579.0,747649.0,2749487.0,2749487.0,0.0,2016-12-31T00:00:00,REP,REP,False,,15.0,
WY,S6WY00068,"BARRASSO, JOHN A",C00436386,844711.0,842145.0,2612557.0,2612557.0,0.0,2014-12-31T00:00:00,REP,REP,False,,16.0,
WY,S6WY00068,"BARRASSO, JOHN A",C00436386,4012162.0,2003980.0,2609992.0,2609992.0,,2012-12-31T00:00:00,REP,REP,False,,4.0,
WY,S6WY00068,"BARRASSO, JOHN A",C00436386,525534.0,528258.0,601811.0,601811.0,0.0,2010-12-31T00:00:00,REP,REP,False,,21.0,
WY,S6WY00068,"BARRASSO, JOHN A",C00436386,2585977.0,1981441.0,604536.0,604536.0,0.0,2008-12-31T00:00:00,REP,REP,False,,7.0,
KY,S6KY00286,"BARR, GARLAND ANDY",C00467571,7968106.41,7486809.96,4174374.09,4174374.09,0.0,2026-03-31T00:00:00,REP,REP,False,,6.0,
KY,S6KY00286,"BARR, GARLAND ANDY",C00467571,4973206.54,3320901.02,3693077.64,3693077.64,0.0,2024-12-31T00:00:00,REP,REP,False,,12.0,
KY,S6KY00286,"BARR, GARLAND ANDY",C00467571,3845266.61,2159197.98,2040772.12,2040772.12,0.0,2022-12-31T00:00:00,REP,REP,False,,18.0,
KY,S6KY00286,"BARR, GARLAND ANDY",C00467571,4611245.23,4391220.43,354703.49,354703.49,0.0,2020-12-31T00:00:00,REP,REP,False,,15.0,
KY,S6KY00286,"BARR, GARLAND ANDY",C00467571,5310224.59,5652125.05,134678.69,134678.69,1046.24,2018-12-31T00:00:00,REP,REP,False,,11.0,
KY,S6KY00286,"BARR, GARLAND ANDY",C00467571,2592303.48,2604489.66,476579.15,476579.15,0.0,2016-12-31T00:00:00,REP,REP,False,,24.0,
KY,S6KY00286,"BARR, GARLAND ANDY",C00467571,2748741.62,2295731.11,488765.33,488765.33,0.0,2014-12-31T00:00:00,REP,REP,False,,22.0,
KY,S6KY00286,"BARR, GARLAND ANDY",C00467571,2221934.6,2211676.11,35754.82,35754.82,18037.22,2012-12-31T00:00:00,REP,REP,False,,25.0,
KY,S6KY00286,"BARR, GARLAND ANDY",C00467571,1580018.1,1554521.77,25496.33,25496.33,150.0,2010-12-31T00:00:00,REP,REP,False,,29.0,
KY,S0KY00396,"BARRON, STEPHEN BRADLEY",C00723270,0.0,0.0,12811.57,12811.57,0.0,2026-03-31T00:00:00,LIB,OTHER,False,,2.0,
KY,S0KY00396,"BARRON, STEPHEN BRADLEY",C00723270,0.0,0.0,12811.57,12811.57,0.0,2024-12-31T00:00:00,LIB,OTHER,False,,3.0,
KY,S0KY00396,"BARRON, STEPHEN BRADLEY",C00723270,0.0,0.0,12811.57,12811.57,0.0,2022-12-31T00:00:00,LIB,OTHER,False,,4.0,
KY,S0KY00396,"BARRON, STEPHEN BRADLEY",C00723270,126595.02,115857.43,12811.57,12811.57,0.0,2020-12-31T00:00:00,LIB,OTHER,False,,1.0,
NJ,S4NJ00540,"BASHAW, CURTIS",C00866152,142.39,67787.23,0.0,0.0,0.0,2025-03-31T00:00:00,REP,REP,False,,35.0,
NJ,S4NJ00540,"BASHAW, CURTIS",C00866152,4249567.71,4181922.87,67644.84,67644.84,2054764.78,2024-12-31T00:00:00,REP,REP,False,,3.0,
MT,S8MT00010,"BAUCUS, MAX",C00078865,53297.0,67704.0,,,,1980-12-31T00:00:00,DEM,DEM,False,,32.0,
MT,S8MT00010,"BAUCUS, MAX",C00431627,353450.0,353448.0,0.0,0.0,0.0,2008-09-30T00:00:00,DEM,DEM,False,,17.0,
MT,S8MT00010,"BAUCUS, MAX",C00383497,13000.0,13000.0,0.0,0.0,0.0,2003-06-30T00:00:00,DEM,DEM,False,,40.0,
MT,S8MT00010,"BAUCUS, MAX",C00383497,0.0,0.0,0.0,0.0,0.0,2002-12-31T00:00:00,DEM,DEM,False,,51.0,
MT,S8MT00010,"BAUCUS, MAX",C00431346,261437.0,261434.0,0.0,0.0,0.0,2008-10-15T00:00:00,DEM,DEM,False,,20.0,
MT,S8MT00010,"BAUCUS, MAX",C00471003,31750.0,31750.0,0.0,0.0,0.0,2010-08-18T00:00:00,DEM,DEM,False,,33.0,
MT,S8MT00010,"BAUCUS, MAX",C00377705,139710.0,139709.0,0.0,0.0,0.0,2002-12-31T00:00:00,DEM,DEM,False,,24.0,
MT,S8MT00010,"BAUCUS, MAX",C00140871,9562.0,56368.0,0.0,0.0,0.0,1986-06-30T00:00:00,DEM,DEM,False,,42.0,
MT,S8MT00010,"BAUCUS, MAX",C00140871,1239892.0,1224258.0,46806.0,46806.0,16896.0,1984-12-31T00:00:00,DEM,DEM,False,,10.0,
MT,S8MT00010,"BAUCUS, MAX",C00140871,127572.0,97047.0,,,,1982-12-31T00:00:00,DEM,DEM,False,,26.0,
MT,S8MT00010,"BAUCUS, MAX",C00209668,0.0,23050.0,0.0,0.0,,1999-06-30T00:00:00,DEM,DEM,False,,52.0,
MT,S8MT00010,"BAUCUS, MAX",C00209668,133472.0,195104.0,28999.0,28999.0,0.0,1998-12-31T00:00:00,DEM,DEM,False,,25.0,
MT,S8MT00010,"BAUCUS, MAX",C00209668,3446478.0,3748502.0,42944.0,42944.0,71196.0,1996-12-31T00:00:00,DEM,DEM,False,,5.0,
MT,S8MT00010,"BAUCUS, MAX",C00209668,295576.0,262405.0,344968.0,344968.0,,1994-12-31T00:00:00,DEM,DEM,False,,18.0,
MT,S8MT00010,"BAUCUS, MAX",C00209668,75689.0,269775.0,311797.0,311797.0,,1992-12-31T00:00:00,DEM,DEM,False,,30.0,
MT,S8MT00010,"BAUCUS, MAX",C00209668,2658477.0,2409207.0,505883.0,505883.0,,1990-12-31T00:00:00,DEM,DEM,False,,7.0,
MT,S8MT00010,"BAUCUS, MAX",C00209668,369745.0,116004.0,256611.0,256611.0,,1988-12-31T00:00:00,DEM,DEM,False,,15.0,
MT,S8MT00010,"BAUCUS, MAX",C00209668,28787.0,25918.0,2870.0,2870.0,0.0,1986-12-31T00:00:00,DEM,DEM,False,,35.0,
MT,S8MT00010,"BAUCUS, MAX",C00253872,4227.0,13022.0,0.0,0.0,,1991-09-24T00:00:00,DEM,DEM,False,,47.0,
MT,S8MT00010,"BAUCUS, MAX",C00253872,8851.0,55.0,8795.0,8795.0,,1990-12-31T00:00:00,DEM,DEM,False,,43.0,
MT,S8MT00010,"BAUCUS, MAX",C00365791,90004.0,90004.0,0.0,0.0,0.0,2001-09-30T00:00:00,DEM,DEM,False,,29.0,
MT,S8MT00010,"BAUCUS, MAX",C00328211,0.0,75563.43,182384.68,182384.68,100.0,2026-03-31T00:00:00,DEM,DEM,False,,53.0,
MT,S8MT00010,"BAUCUS, MAX",C00328211,250.0,202813.82,257948.11,257948.11,0.0,2024-12-31T00:00:00,DEM,DEM,False,,48.0,
MT,S8MT00010,"BAUCUS, MAX",C00364943,378789.0,378788.0,0.0,0.0,0.0,2002-11-25T00:00:00,DEM,DEM,False,,14.0,
MT,S8MT00010,"BAUCUS, MAX",C00446690,142340.0,142340.0,0.0,0.0,0.0,2008-12-31T00:00:00,DEM,DEM,False,,23.0,
MT,S8MT00010,"BAUCUS, MAX",C00485524,25344.0,25344.0,0.0,0.0,0.0,2010-10-13T00:00:00,DEM,DEM,False,,37.0,
MT,S8MT00010,"BAUCUS, MAX",C00496331,15200.0,15700.0,0.0,0.0,0.0,2013-06-30T00:00:00,DEM,DEM,False,,39.0,
MT,S8MT00010,"BAUCUS, MAX",C00496331,63303.0,62803.0,500.0,500.0,0.0,2012-12-31T00:00:00,DEM,DEM,False,,31.0,
MT,S8MT00010,"BAUCUS, MAX",C00304857,225864.0,225862.0,0.0,0.0,0.0,1996-02-29T00:00:00,DEM,DEM,False,,22.0,
SC,S6SC04262,"BAUER, ANDRE",C00909929,216272.42,216272.42,0.0,0.0,0.0,2025-12-01T00:00:00,REP,REP,False,,20.0,
IN,S8IN00049,"BAYH, EVAN",C00306860,310775.13,27524.01,2232143.55,2232143.55,0.0,2026-03-31T00:00:00,DEM,DEM,False,,24.0,
IN,S8IN00049,"BAYH, EVAN",C00306860,503519.3,26214.43,1948892.43,1948892.43,0.0,2024-12-31T00:00:00,DEM,DEM,False,,20.0,
IN,S8IN00049,"BAYH, EVAN",C00306860,441699.17,11757.1,1471587.56,1471587.56,0.0,2022-12-31T00:00:00,DEM,DEM,False,,21.0,
IN,S8IN00049,"BAYH, EVAN",C00306860,-65780.97,21602.89,1041645.49,1041645.49,0.0,2020-12-31T00:00:00,DEM,DEM,False,,43.0,
IN,S8IN00049,"BAYH, EVAN",C00306860,386616.31,164463.0,1129029.35,1129029.35,0.0,2018-12-31T00:00:00,DEM,DEM,False,,22.0,
IN,S8IN00049,"BAYH, EVAN",C00306860,4512158.0,13588564.0,906874.0,906874.0,0.0,2016-12-31T00:00:00,DEM,DEM,False,,5.0,
IN,S8IN00049,"BAYH, EVAN",C00306860,357983.0,150824.0,9983284.0,9983284.0,0.0,2014-12-31T00:00:00,DEM,DEM,False,,23.0,
IN,S8IN00049,"BAYH, EVAN",C00306860,-1901.0,447783.0,9776124.0,9776124.0,0.0,2012-12-31T00:00:00,DEM,DEM,False,,42.0,
IN,S8IN00049,"BAYH, EVAN",C00306860,2463188.0,3012117.0,10225810.0,10225810.0,0.0,2010-12-31T00:00:00,DEM,DEM,False,,7.0,
IN,S8IN00049,"BAYH, EVAN",C00306860,916297.0,694531.0,10896323.0,10896323.0,0.0,2008-12-31T00:00:00,DEM,DEM,False,,17.0,
IN,S8IN00049,"BAYH, EVAN",C00306860,5570363.0,1493885.0,10671553.0,10671553.0,0.0,2006-12-31T00:00:00,DEM,DEM,False,,3.0,
IN,S8IN00049,"BAYH, EVAN",C00306860,4820160.0,2250428.0,6595119.0,6595119.0,0.0,2004-12-31T00:00:00,DEM,DEM,False,,4.0,
IN,S8IN00049,"BAYH, EVAN",C00306860,2207635.0,434276.0,4025388.0,4025388.0,0.0,2002-12-31T00:00:00,DEM,DEM,False,,8.0,
IN,S8IN00049,"BAYH, EVAN",C00306860,653415.0,244170.0,2252029.0,2252029.0,0.0,2000-12-31T00:00:00,DEM,DEM,False,,19.0,
IN,S8IN00049,"BAYH, EVAN",C00306860,4162165.0,3914375.0,1842784.0,1842784.0,7653.0,1998-12-31T00:00:00,DEM,DEM,False,,6.0,
IN,S8IN00049,"BAYH, EVAN",C00306860,1732781.0,137786.0,1594994.0,1594994.0,0.0,1996-12-31T00:00:00,DEM,DEM,False,,10.0,
DE,S6DE00156,"BEARDSLEY, CHRISTOPHER MR.",C00927665,22356.0,13165.27,9190.73,9190.73,12850.0,2025-12-31T00:00:00,DEM,DEM,False,,26.0,
NC,S2NC00497,"BEASLEY, CHERI",C00777904,0.0,18125.35,0.0,0.0,0.0,2025-05-23T00:00:00,DEM,DEM,False,,17.0,
NC,S2NC00497,"BEASLEY, CHERI",C00777904,201673.04,230915.48,18125.35,18125.35,0.0,2024-12-31T00:00:00,DEM,DEM,False,,9.0,
NC,S2NC00497,"BEASLEY, CHERI",C00777904,38948343.76,38900975.97,47367.79,47367.79,0.0,2022-12-31T00:00:00,DEM,DEM,True,highest_total_receipts,1.0,
SD,S6SD01125,"BEAUDION, JULIAN C",C00901694,192473.04,185994.34,6478.7,6478.7,14458.22,2026-03-31T00:00:00,DEM,DEM,True,highest_total_receipts,1.0,
MA,S6MA00270,"BECH, NATHAN ALEXANDER",C00449397,40000.0,43984.05,789.69,789.69,132087.21,2026-03-31T00:00:00,REP,REP,False,,5.0,
MA,S6MA00270,"BECH, NATHAN ALEXANDER",C00449397,0.0,0.0,4773.74,4773.74,96860.95,2024-12-31T00:00:00,REP,REP,False,,9.0,
MA,S6MA00270,"BECH, NATHAN ALEXANDER",C00449397,0.0,0.0,4773.74,4773.74,96860.95,2022-12-31T00:00:00,REP,REP,False,,10.0,
MA,S6MA00270,"BECH, NATHAN ALEXANDER",C00449397,0.0,0.0,4773.74,4773.74,96860.95,2020-12-31T00:00:00,REP,REP,False,,11.0,
MA,S6MA00270,"BECH, NATHAN ALEXANDER",C00449397,0.0,0.0,4773.74,4773.74,96860.95,2018-12-31T00:00:00,REP,REP,False,,12.0,
MA,S6MA00270,"BECH, NATHAN ALEXANDER",C00449397,0.0,0.0,4773.74,4773.74,96860.95,2016-12-31T00:00:00,REP,REP,False,,13.0,
MA,S6MA00270,"BECH, NATHAN ALEXANDER",C00449397,0.0,0.0,4773.74,4773.74,96860.95,2014-12-31T00:00:00,REP,REP,False,,14.0,
MA,S6MA00270,"BECH, NATHAN ALEXANDER",C00449397,0.0,0.0,4773.74,4773.74,96860.95,2012-12-31T00:00:00,REP,REP,False,,15.0,
MA,S6MA00270,"BECH, NATHAN ALEXANDER",C00449397,0.0,2.09,4773.74,4773.74,96860.95,2010-12-31T00:00:00,REP,REP,False,,16.0,
MA,S6MA00270,"BECH, NATHAN ALEXANDER",C00449397,161390.03,157614.2,4775.83,4775.83,96860.95,2008-12-31T00:00:00,REP,REP,False,,3.0,
NY,S4NY00313,"BELLON, DAVID A. ESQ.",C00835199,0.0,0.0,6334.67,6334.67,0.0,2026-03-31T00:00:00,REP,REP,False,,16.0,
NY,S4NY00313,"BELLON, DAVID A. ESQ.",C00835199,43916.35,41812.4,6334.67,6334.67,0.0,2024-12-31T00:00:00,REP,REP,False,,8.0,
NY,S2NY00374,"BEN-AVI, TYRRELL",C00776468,0.0,0.0,0.0,0.0,0.0,2023-06-30T00:00:00,DEM,DEM,False,,40.0,
NY,S2NY00374,"BEN-AVI, TYRRELL",C00776468,10812.0,5781.5,0.0,0.0,0.0,2022-03-31T00:00:00,DEM,DEM,False,,36.0,
TX,S6TX00560,"BENDER, ANNA",C00930131,0.0,0.0,0.0,0.0,5721.45,2026-03-31T00:00:00,REP,REP,False,,38.0,
SD,S6SD01117,"BENGS, BRIAN",C00903641,564715.66,511174.82,53540.84,53540.84,0.0,2026-03-31T00:00:00,IND,OTHER,False,,1.0,
CO,S0CO00211,"BENNET, MICHAEL F.",C00458398,207237.02,453442.33,220650.23,220650.23,374819.0,2026-03-31T00:00:00,DEM,DEM,False,,15.0,
CO,S0CO00211,"BENNET, MICHAEL F.",C00458398,1181527.92,1455465.54,466855.54,466855.54,374819.0,2024-12-31T00:00:00,DEM,DEM,False,,8.0,
CO,S0CO00211,"BENNET, MICHAEL F.",C00458398,20720493.62,20505581.82,740793.16,740793.16,374819.0,2022-12-31T00:00:00,DEM,DEM,False,,2.0,
CO,S0CO00211,"BENNET, MICHAEL F.",C00458398,756117.67,1757841.82,530128.36,530128.36,374819.0,2020-12-31T00:00:00,DEM,DEM,False,,13.0,
CO,S0CO00211,"BENNET, MICHAEL F.",C00458398,775877.14,959148.21,1531852.51,1531852.51,374819.0,2018-12-31T00:00:00,DEM,DEM,False,,12.0,
CO,S0CO00211,"BENNET, MICHAEL F.",C00458398,15575583.0,15094864.0,1715122.0,1715122.0,374819.0,2016-12-31T00:00:00,DEM,DEM,False,,3.0,
CO,S0CO00211,"BENNET, MICHAEL F.",C00458398,1582407.0,783994.0,1234402.0,1234402.0,374819.0,2014-12-31T00:00:00,DEM,DEM,False,,7.0,
CO,S0CO00211,"BENNET, MICHAEL F.",C00458398,882100.0,601627.0,435989.0,435989.0,500000.0,2012-12-31T00:00:00,DEM,DEM,False,,11.0,
CO,S0CO00211,"BENNET, MICHAEL F.",C00458398,13237822.0,13082307.0,155517.0,155517.0,530000.0,2010-12-31T00:00:00,DEM,DEM,False,,4.0,
IL,S6IL00391,"BENNETT, DOUGLAS",C00634808,1000.0,906.15,1547.62,1547.62,115600.0,2026-03-31T00:00:00,REP,REP,False,,22.0,
IL,S6IL00391,"BENNETT, DOUGLAS",C00634808,12000.0,15247.53,1453.77,1453.77,115600.0,2024-12-31T00:00:00,REP,REP,False,,17.0,
IL,S6IL00391,"BENNETT, DOUGLAS",C00634808,5300.0,2945.67,4701.3,4701.3,115600.0,2022-12-31T00:00:00,REP,REP,False,,18.0,
IL,S6IL00391,"BENNETT, DOUGLAS",C00634808,4598.21,5009.97,2346.97,2346.97,115600.0,2020-12-31T00:00:00,REP,REP,False,,19.0,
IL,S6IL00391,"BENNETT, DOUGLAS",C00634808,293997.58,291510.64,2486.94,2486.94,115600.0,2018-12-31T00:00:00,REP,REP,False,,4.0,
AR,S2AR00107,"BEQUETTE, JAKE MR.",C00784272,0.0,0.0,183.47,183.47,14953.71,2026-03-31T00:00:00,REP,REP,False,,21.0,
AR,S2AR00107,"BEQUETTE, JAKE MR.",C00784272,0.0,4619.74,183.47,183.47,14953.71,2024-12-31T00:00:00,REP,REP,False,,22.0,
AR,S2AR00107,"BEQUETTE, JAKE MR.",C00784272,1395154.14,1390350.93,4803.21,4803.21,14953.71,2022-12-31T00:00:00,REP,REP,False,,11.0,
MI,S4MI00496,"BEYDOUN, NASSER",C00837112,0.0,0.0,9690.79,9690.79,0.0,2026-03-31T00:00:00,DEM,DEM,False,,36.0,
MI,S4MI00496,"BEYDOUN, NASSER",C00837112,981221.15,967259.5,16246.13,16246.13,0.0,2024-12-31T00:00:00,DEM,DEM,False,,25.0,
TX,S0TX00365,"BIERSCHWALE, VIRGIL",C00728477,4009.0,263.38,0.0,0.0,0.0,2020-04-15T00:00:00,REP,REP,False,,32.0,
TX,S0TX00365,"BIERSCHWALE, VIRGIL",C00908087,9988.18,9657.03,383.2,383.2,0.0,2026-03-16T00:00:00,REP,REP,False,,30.0,
TN,S8TN00337,"BLACKBURN, MARSHA MRS.",C00376939,2753251.3,2830269.25,5061596.83,5061596.83,0.0,2026-03-31T00:00:00,REP,REP,False,,11.0,
TN,S8TN00337,"BLACKBURN, MARSHA MRS.",C00376939,13571274.34,12059746.53,5138614.78,5138614.78,0.0,2024-12-31T00:00:00,REP,REP,False,,3.0,
TN,S8TN00337,"BLACKBURN, MARSHA MRS.",C00376939,3200121.82,1253932.75,3627086.97,3627086.97,0.0,2022-12-31T00:00:00,REP,REP,False,,9.0,
TN,S8TN00337,"BLACKBURN, MARSHA MRS.",C00376939,1974716.37,907918.5,1680897.9,1680897.9,0.0,2020-12-31T00:00:00,REP,REP,False,,16.0,
TN,S8TN00337,"BLACKBURN, MARSHA MRS.",C00376939,14634619.97,16572477.7,614100.03,614100.03,0.0,2018-12-31T00:00:00,REP,REP,False,,2.0,
TN,S8TN00337,"BLACKBURN, MARSHA MRS.",C00376939,2239550.04,1550219.15,2551958.0,2551958.0,7402.0,2016-12-31T00:00:00,REP,REP,False,,13.0,
TN,S8TN00337,"BLACKBURN, MARSHA MRS.",C00376939,2086901.07,1444428.87,1862627.81,1862627.81,7402.28,2014-12-31T00:00:00,REP,REP,False,,15.0,
TN,S8TN00337,"BLACKBURN, MARSHA MRS.",C00376939,1779731.37,1408632.56,1220155.61,1220155.61,7402.28,2012-12-31T00:00:00,REP,REP,False,,17.0,
TN,S8TN00337,"BLACKBURN, MARSHA MRS.",C00376939,1563192.71,1054615.97,849056.8,849056.8,7402.28,2010-12-31T00:00:00,REP,REP,False,,20.0,
TN,S8TN00337,"BLACKBURN, MARSHA MRS.",C00376939,1246329.08,1558278.97,340480.06,340480.06,7402.28,2008-12-31T00:00:00,REP,REP,False,,23.0,
TN,S8TN00337,"BLACKBURN, MARSHA MRS.",C00376939,1210653.85,845718.08,652429.95,652429.95,0.0,2006-12-31T00:00:00,REP,REP,False,,24.0,
TN,S8TN00337,"BLACKBURN, MARSHA MRS.",C00376939,853017.8,669360.68,287494.18,287494.18,0.0,2004-12-31T00:00:00,REP,REP,False,,26.0,
TN,S8TN00337,"BLACKBURN, MARSHA MRS.",C00376939,718030.33,669632.75,158546.89,158546.89,0.0,2002-12-31T00:00:00,REP,REP,False,,32.0,
MT,S6MT00246,"BLACKWOLF, MICHAEL JAMES MR.",C00919936,26144.0,25616.21,527.79,527.79,0.0,2026-03-31T00:00:00,DEM,DEM,False,,36.0,
CT,S0CT00177,"BLUMENTHAL, RICHARD",C00492991,350712.06,277324.84,1311528.75,1311528.75,0.0,2026-03-31T00:00:00,DEM,DEM,False,,15.0,
CT,S0CT00177,"BLUMENTHAL, RICHARD",C00492991,398539.31,410286.54,1238141.53,1238141.53,0.0,2024-12-31T00:00:00,DEM,DEM,False,,14.0,
CT,S0CT00177,"BLUMENTHAL, RICHARD",C00492991,7272349.12,9926503.73,1249888.76,1249888.76,0.0,2022-12-31T00:00:00,DEM,DEM,False,,6.0,
CT,S0CT00177,"BLUMENTHAL, RICHARD",C00492991,1375463.49,637169.67,3904043.37,3904043.37,0.0,2020-12-31T00:00:00,DEM,DEM,False,,9.0,
CT,S0CT00177,"BLUMENTHAL, RICHARD",C00492991,710244.15,497913.72,3165749.55,3165749.55,0.0,2018-12-31T00:00:00,DEM,DEM,False,,12.0,
CT,S0CT00177,"BLUMENTHAL, RICHARD",C00492991,7358868.0,5017462.0,2953419.0,2953419.0,0.0,2016-12-31T00:00:00,DEM,DEM,False,,5.0,
CT,S0CT00177,"BLUMENTHAL, RICHARD",C00492991,1013836.0,404958.0,612015.0,612015.0,0.0,2014-12-31T00:00:00,DEM,DEM,False,,10.0,
CT,S0CT00177,"BLUMENTHAL, RICHARD",C00492991,123679.0,120541.0,3135.0,3135.0,22876.0,2012-12-31T00:00:00,DEM,DEM,False,,16.0,
DE,S4DE00060,"BLUNT ROCHESTER, LISA",C00843391,849819.29,884380.44,109896.03,109896.03,0.0,2026-03-31T00:00:00,DEM,DEM,False,,16.0,
DE,S4DE00060,"BLUNT ROCHESTER, LISA",C00843391,9934497.35,9790040.17,144457.18,144457.18,0.0,2024-12-31T00:00:00,DEM,DEM,True,highest_total_receipts,1.0,
MT,S6MT00287,"BODNAR, SETH",C00941708,1358574.95,213586.76,1144988.19,1144988.19,0.0,2026-03-31T00:00:00,IND,OTHER,False,,1.0,
NH,S0NH00326,"BOLDUC, DONALD C.",C00711010,0.0,51574.94,0.0,0.0,0.0,2026-03-16T00:00:00,REP,REP,False,,25.0,
NH,S0NH00326,"BOLDUC, DONALD C.",C00711010,106390.44,108514.0,51574.94,51574.94,0.0,2024-12-31T00:00:00,REP,REP,False,,17.0,
NH,S0NH00326,"BOLDUC, DONALD C.",C00711010,3977080.92,3955562.93,53698.5,53698.5,0.0,2022-12-31T00:00:00,REP,REP,True,highest_total_receipts,1.0,
NH,S0NH00326,"BOLDUC, DONALD C.",C00711010,1076113.8,1043933.29,32180.51,32180.51,0.0,2020-12-31T00:00:00,REP,REP,False,,8.0,
MO,S6MO00289,"BOND, CHRISTOPHER S",C00403428,0.0,30057.15,0.0,0.0,0.0,2005-01-18T00:00:00,REP,REP,False,,54.0,
MO,S6MO00289,"BOND, CHRISTOPHER S",C00403428,424419.59,394362.44,30057.15,30057.15,0.0,2004-12-31T00:00:00,REP,REP,False,,33.0,
MO,S6MO00289,"BOND, CHRISTOPHER S",C00216705,0.0,75.0,541.05,541.05,0.0,2026-03-31T00:00:00,REP,REP,False,,55.0,
MO,S6MO00289,"BOND, CHRISTOPHER S",C00216705,0.0,120.0,616.05,616.05,0.0,2024-12-31T00:00:00,REP,REP,False,,56.0,
MO,S6MO00289,"BOND, CHRISTOPHER S",C00216705,0.0,129.0,736.05,736.05,0.0,2022-12-31T00:00:00,REP,REP,False,,57.0,
MO,S6MO00289,"BOND, CHRISTOPHER S",C00216705,0.0,5746.17,865.05,865.05,0.0,2020-12-31T00:00:00,REP,REP,False,,58.0,
MO,S6MO00289,"BOND, CHRISTOPHER S",C00216705,0.0,4237.0,6611.22,6611.22,0.0,2018-12-31T00:00:00,REP,REP,False,,59.0,
MO,S6MO00289,"BOND, CHRISTOPHER S",C00216705,0.0,13126.0,10848.22,10848.22,0.0,2016-12-31T00:00:00,REP,REP,False,,60.0,
MO,S6MO00289,"BOND, CHRISTOPHER S",C00216705,0.0,36911.25,23974.22,23974.22,0.0,2014-12-31T00:00:00,REP,REP,False,,61.0,
MO,S6MO00289,"BOND, CHRISTOPHER S",C00216705,219.2,163636.26,60885.47,60885.47,0.0,2012-12-31T00:00:00,REP,REP,False,,52.0,
MO,S6MO00289,"BOND, CHRISTOPHER S",C00203992,125860.0,125858.0,0.0,0.0,0.0,1986-09-30T00:00:00,REP,REP,False,,38.0,
MO,S6MO00289,"BOND, CHRISTOPHER S",C00405456,70.07,104936.81,0.0,0.0,0.0,2005-03-31T00:00:00,REP,REP,False,,53.0,
MO,S6MO00289,"BOND, CHRISTOPHER S",C00405456,299943.01,195076.27,104866.74,104866.74,0.0,2004-12-31T00:00:00,REP,REP,False,,34.0,
MO,S6MO00289,"BOND, CHRISTOPHER S",C00200246,22177.0,28452.0,0.0,0.0,0.0,1987-06-30T00:00:00,REP,REP,False,,43.0,
MO,S6MO00289,"BOND, CHRISTOPHER S",C00200246,756571.0,750293.0,6275.0,6275.0,20490.0,1986-12-31T00:00:00,REP,REP,False,,30.0,
MO,S6MO00289,"BOND, CHRISTOPHER S",C00200402,20000.0,20000.0,0.0,0.0,0.0,1986-12-31T00:00:00,REP,REP,False,,44.0,
MO,S6MO00289,"BOND, CHRISTOPHER S",C00200402,0.0,0.0,0.0,0.0,0.0,1986-12-31T00:00:00,REP,REP,False,,62.0,
MO,S6MO00289,"BOND, CHRISTOPHER S",C00196592,142865.0,210638.0,0.0,0.0,0.0,1988-06-30T00:00:00,REP,REP,False,,35.0,
MO,S6MO00289,"BOND, CHRISTOPHER S",C00196592,5444030.0,5376255.0,67773.0,67773.0,96749.0,1986-12-31T00:00:00,REP,REP,False,,5.0,
MO,S6MO00289,"BOND, CHRISTOPHER S",C00401158,879435.0,879298.0,135.0,135.0,0.0,2004-11-19T00:00:00,REP,REP,False,,28.0,
MO,S6MO00289,"BOND, CHRISTOPHER S",C00242941,0.0,0.0,3179.0,3179.0,0.0,1994-03-31T00:00:00,REP,REP,False,,63.0,
MO,S6MO00289,"BOND, CHRISTOPHER S",C00242941,4853.0,160064.0,3179.0,3179.0,0.0,1992-12-31T00:00:00,REP,REP,False,,49.0,
MO,S6MO00289,"BOND, CHRISTOPHER S",C00242941,3547511.0,3389120.0,158389.0,158389.0,0.0,1990-12-31T00:00:00,REP,REP,False,,6.0,
MO,S6MO00289,"BOND, CHRISTOPHER S",C00247767,0.0,6832.0,0.0,0.0,0.0,1994-05-11T00:00:00,REP,REP,False,,64.0,
MO,S6MO00289,"BOND, CHRISTOPHER S",C00247767,9995.0,32331.0,6832.0,6832.0,0.0,1992-12-31T00:00:00,REP,REP,False,,47.0,
MO,S6MO00289,"BOND, CHRISTOPHER S",C00247767,1945620.0,1916451.0,29168.0,29168.0,0.0,1990-12-31T00:00:00,REP,REP,False,,13.0,
MO,S6MO00289,"BOND, CHRISTOPHER S",C00401372,1450.0,1450.0,0.0,0.0,0.0,2004-10-13T00:00:00,REP,REP,False,,50.0,
MO,S6MO00289,"BOND, CHRISTOPHER S",C00265702,621432.0,621431.0,0.0,0.0,0.0,1992-10-22T00:00:00,REP,REP,False,,31.0,
MO,S6MO00289,"BOND, CHRISTOPHER S",C00326843,783608.0,783296.0,312.0,312.0,0.0,1997-12-31T00:00:00,REP,REP,False,,29.0,
MO,S6MO00289,"BOND, CHRISTOPHER S",C00336032,962104.0,961791.0,312.0,312.0,0.0,1998-09-30T00:00:00,REP,REP,False,,25.0,
MO,S6MO00289,"BOND, CHRISTOPHER S",C00251637,516157.0,516157.0,0.0,0.0,0.0,1991-12-31T00:00:00,REP,REP,False,,32.0,
FL,S4FL00736,"BONOAN, FEENA",C00877589,19716.9,19716.9,0.0,0.0,0.0,2024-12-31T00:00:00,LIB,OTHER,False,,3.0,
KY,S0KY00420,"BOOKER, CHARLES",C00783274,2863.07,7819.2,776.56,776.56,89544.0,2026-03-31T00:00:00,DEM,DEM,False,,10.0,
KY,S0KY00420,"BOOKER, CHARLES",C00783274,147125.06,147682.72,5732.69,5732.69,129574.0,2024-12-31T00:00:00,DEM,DEM,False,,8.0,
KY,S0KY00420,"BOOKER, CHARLES",C00783274,6556072.38,6549782.03,6290.35,6290.35,122089.79,2022-12-31T00:00:00,DEM,DEM,True,highest_total_receipts,1.0,
KY,S6KY00385,"BOOKER, CHARLES",C00929208,368365.15,170264.65,198100.5,198100.5,0.0,2026-03-31T00:00:00,DEM,DEM,False,,5.0,
NJ,S4NJ00185,"BOOKER, CORY A.",C00540500,16808282.46,5829198.17,22171570.28,22171570.28,0.0,2026-03-31T00:00:00,DEM,DEM,False,,2.0,
NJ,S4NJ00185,"BOOKER, CORY A.",C00540500,7919520.16,4637639.76,11192485.99,11192485.99,0.0,2024-12-31T00:00:00,DEM,DEM,False,,5.0,
NJ,S4NJ00185,"BOOKER, CORY A.",C00540500,6715393.45,4691894.15,7910605.59,7910605.59,0.0,2022-12-31T00:00:00,DEM,DEM,False,,9.0,
NJ,S4NJ00185,"BOOKER, CORY A.",C00540500,8290750.95,6539134.14,5887106.29,5887106.29,0.0,2020-12-31T00:00:00,DEM,DEM,False,,4.0,
NJ,S4NJ00185,"BOOKER, CORY A.",C00540500,6012679.26,3257638.51,4135489.48,4135489.48,167389.96,2018-12-31T00:00:00,DEM,DEM,False,,11.0,
NJ,S4NJ00185,"BOOKER, CORY A.",C00540500,2315708.84,1782239.23,1380448.0,1380448.0,5266.0,2016-12-31T00:00:00,DEM,DEM,False,,14.0,
NJ,S4NJ00185,"BOOKER, CORY A.",C00540500,18368139.0,17521163.0,846977.0,846977.0,5266.0,2014-12-31T00:00:00,DEM,DEM,True,highest_total_receipts,1.0,
AR,S0AR00150,"BOOZMAN, SEN. JOHN",C00476317,359638.54,199913.46,1270501.58,1270501.58,0.0,2026-03-31T00:00:00,REP,REP,False,,16.0,
AR,S0AR00150,"BOOZMAN, SEN. JOHN",C00476317,726859.47,508302.65,1110776.5,1110776.5,0.0,2024-12-31T00:00:00,REP,REP,False,,13.0,
AR,S0AR00150,"BOOZMAN, SEN. JOHN",C00476317,6769987.02,6784608.71,892219.68,892219.68,0.0,2022-12-31T00:00:00,REP,REP,False,,3.0,
AR,S0AR00150,"BOOZMAN, SEN. JOHN",C00476317,700984.03,291255.46,906841.37,906841.37,0.0,2020-12-31T00:00:00,REP,REP,False,,14.0,
AR,S0AR00150,"BOOZMAN, SEN. JOHN",C00476317,297946.92,259514.65,497112.8,497112.8,0.0,2018-12-31T00:00:00,REP,REP,False,,17.0,
AR,S0AR00150,"BOOZMAN, SEN. JOHN",C00476317,4178410.0,3988330.0,458682.0,458682.0,0.0,2016-12-31T00:00:00,REP,REP,False,,6.0,
AR,S0AR00150,"BOOZMAN, SEN. JOHN",C00476317,464390.0,295853.0,268602.0,268602.0,0.0,2014-12-31T00:00:00,REP,REP,False,,15.0,
AR,S0AR00150,"BOOZMAN, SEN. JOHN",C00476317,277224.0,212216.0,100069.0,100069.0,0.0,2012-12-31T00:00:00,REP,REP,False,,18.0,
AR,S0AR00150,"BOOZMAN, SEN. JOHN",C00476317,3680708.0,3666977.0,13731.0,13731.0,0.0,2010-12-31T00:00:00,REP,REP,False,,7.0,
IL,S6IL00656,"BOTSFORD, STEVE",C00920348,372718.37,372618.2,100.17,100.17,0.0,2026-03-31T00:00:00,DEM,DEM,False,,27.0,
UT,S4UT00324,"BOWEN, CARLTON E.",C00877688,31444.64,35280.99,78.65,78.65,0.0,2024-12-31T00:00:00,IAP,OTHER,False,,2.0,
GA,S6GA00267,"BOX, REAGAN",C00818807,82041.04,90345.82,-261.54,-261.54,0.0,2026-03-31T00:00:00,REP,REP,False,,18.0,
GA,S6GA00267,"BOX, REAGAN",C00818807,33606.11,26130.41,8043.24,8043.24,0.0,2024-12-31T00:00:00,REP,REP,False,,21.0,
GA,S6GA00267,"BOX, REAGAN",C00818807,0.0,0.0,567.54,567.54,0.0,2022-12-31T00:00:00,REP,REP,False,,29.0,
CA,S8CA00515,"BRADLEY, JAMES",C00674085,1175.01,17727.56,499.69,499.69,245.0,2026-03-31T00:00:00,REP,REP,False,,14.0,
CA,S8CA00515,"BRADLEY, JAMES",C00674085,196982.69,180015.22,17052.24,17052.24,245.0,2024-12-31T00:00:00,REP,REP,False,,3.0,
CA,S8CA00515,"BRADLEY, JAMES",C00674085,150696.93,154265.32,84.77,84.77,9382.6,2022-12-31T00:00:00,REP,REP,False,,4.0,
CA,S8CA00515,"BRADLEY, JAMES",C00674085,7087.53,3434.37,3653.16,3653.16,5179.53,2020-12-31T00:00:00,REP,REP,False,,13.0,
TN,S0TN00342,"BRADSHAW, MARQUITA",C00846048,881.21,511.27,448.59,448.59,0.0,2026-03-31T00:00:00,DEM,DEM,False,,9.0,
TN,S0TN00342,"BRADSHAW, MARQUITA",C00846048,39727.68,39649.03,78.65,78.65,0.0,2024-12-31T00:00:00,DEM,DEM,False,,5.0,
TN,S0TN00342,"BRADSHAW, MARQUITA",C00720805,0.0,16208.96,0.0,0.0,0.0,2021-01-31T00:00:00,DEM,DEM,False,,11.0,
TN,S0TN00342,"BRADSHAW, MARQUITA",C00720805,1628980.09,1612771.13,16208.96,16208.96,0.0,2020-12-31T00:00:00,DEM,DEM,False,,3.0,
TN,S4TN00542,"BRADSHAW, MARQUITA",C00846048,881.21,511.27,448.59,448.59,0.0,2026-03-31T00:00:00,DEM,DEM,False,,10.0,
TN,S4TN00542,"BRADSHAW, MARQUITA",C00846048,39727.68,39649.03,78.65,78.65,0.0,2024-12-31T00:00:00,DEM,DEM,False,,6.0,
IN,S8IN00171,"BRAUN, MIKE",C00680454,10194.03,16788.01,0.0,0.0,0.0,2020-11-23T00:00:00,REP,REP,False,,29.0,
IN,S8IN00171,"BRAUN, MIKE",C00680454,998292.9,991698.92,6593.98,6593.98,0.0,2018-12-31T00:00:00,REP,REP,False,,21.0,
IN,S8IN00171,"BRAUN, MIKE",C00689471,372500.0,372500.0,0.0,0.0,0.0,2018-12-31T00:00:00,REP,REP,False,,25.0,
IN,S8IN00171,"BRAUN, MIKE",C00653147,144774.26,27700.97,115081.72,115081.72,0.0,2026-03-31T00:00:00,REP,REP,False,,26.0,
IN,S8IN00171,"BRAUN, MIKE",C00685230,80500.0,80500.0,0.0,0.0,0.0,2018-10-17T00:00:00,REP,REP,False,,27.0,
IN,S8IN00171,"BRAUN, MIKE",C00683029,1433715.0,1433715.0,0.0,0.0,0.0,2018-12-31T00:00:00,REP,REP,False,,16.0,
IN,S8IN00171,"BRAUN, MIKE",C00652081,0.0,15200.0,0.0,0.0,0.0,2019-06-30T00:00:00,REP,REP,False,,33.0,
IN,S8IN00171,"BRAUN, MIKE",C00652081,445350.0,430150.0,15200.0,15200.0,0.0,2018-12-31T00:00:00,REP,REP,False,,24.0,
IN,S8IN00171,"BRAUN, MIKE",C00681163,2534.88,9395.83,0.0,0.0,0.0,2019-06-30T00:00:00,REP,REP,False,,30.0,
IN,S8IN00171,"BRAUN, MIKE",C00681163,1008061.0,1001200.05,6860.95,6860.95,0.0,2018-12-31T00:00:00,REP,REP,False,,20.0,
CO,S2CO00209,"BREMER, ELI",C00786723,0.0,0.0,0.0,0.0,65937.74,2025-03-31T00:00:00,REP,REP,False,,8.0,
CO,S2CO00209,"BREMER, ELI",C00786723,0.0,2353.2,0.0,0.0,65937.74,2024-12-31T00:00:00,REP,REP,False,,9.0,
CO,S2CO00209,"BREMER, ELI",C00786723,503475.54,501122.34,2353.2,2353.2,68290.94,2022-12-31T00:00:00,REP,REP,False,,2.0,
CO,S6CO00408,"BRESLIN, KAREN",C00897488,164777.91,155619.71,9158.2,9158.2,0.0,2026-03-31T00:00:00,DEM,DEM,False,,16.0,
AL,S2AL00145,"BRITT, KATIE BOYD",C00781443,2354118.85,1240070.25,5223597.3,5223597.3,30327.0,2026-03-31T00:00:00,REP,REP,False,,6.0,
AL,S2AL00145,"BRITT, KATIE BOYD",C00781443,3907112.1,1506294.88,4109548.7,4109548.7,30327.0,2024-12-31T00:00:00,REP,REP,False,,4.0,
AL,S2AL00145,"BRITT, KATIE BOYD",C00781443,11353922.19,9645190.71,1708731.48,1708731.48,30327.0,2022-12-31T00:00:00,REP,REP,True,highest_total_receipts,1.0,
AZ,S2AZ00356,"BRNOVICH, MARK MR.",C00781898,25.0,0.99,5180.66,5180.66,463173.45,2026-03-31T00:00:00,REP,REP,False,,54.0,
AZ,S2AZ00356,"BRNOVICH, MARK MR.",C00781898,78.65,167.48,5156.65,5156.65,463173.45,2024-12-31T00:00:00,REP,REP,False,,53.0,
AZ,S2AZ00356,"BRNOVICH, MARK MR.",C00781898,3184414.92,3179169.44,5245.48,5245.48,460563.2,2022-12-31T00:00:00,REP,REP,False,,6.0,
SC,S6SC04270,"BROWN, BRANDON",C00911149,69568.6,20369.01,0.0,0.0,0.0,2026-09-30T00:00:00,DEM,DEM,False,,7.0,
NC,S6NC00373,"BROWN, DON",C00857110,224689.23,225529.84,0.0,0.0,0.0,2026-04-13T00:00:00,REP,REP,False,,21.0,
NC,S6NC00373,"BROWN, DON",C00857110,90297.91,89457.3,840.61,840.61,8800.0,2024-12-31T00:00:00,REP,REP,False,,22.0,
NV,S2NV00308,"BROWN, SAM",C00845032,256505.31,117921.69,402179.89,402179.89,0.0,2026-03-31T00:00:00,REP,REP,False,,8.0,
NV,S2NV00308,"BROWN, SAM",C00829481,47914.23,2031.87,0.0,0.0,0.0,2024-09-29T00:00:00,REP,REP,False,,12.0,
NV,S2NV00308,"BROWN, SAM",C00829481,144652.71,190535.07,0.0,0.0,0.0,2024-09-29T00:00:00,REP,REP,False,,9.0,
NV,S2NV00308,"BROWN, SAM",C00783936,0.0,0.0,0.0,0.0,0.0,2023-03-31T00:00:00,REP,REP,False,,22.0,
NV,S2NV00308,"BROWN, SAM",C00783936,4406285.99,4406285.99,0.0,0.0,0.0,2022-12-31T00:00:00,REP,REP,False,,2.0,
NH,S4NH00120,"BROWN, SCOTT",C00561845,1061900.0,1061899.0,0.0,0.0,0.0,2014-10-15T00:00:00,REP,REP,False,,9.0,
NH,S4NH00120,"BROWN, SCOTT",C00561886,1612752.5,1612752.5,0.0,0.0,0.0,2014-11-24T00:00:00,REP,REP,False,,6.0,
NH,S4NH00120,"BROWN, SCOTT",C00563858,7000.0,34633.67,0.0,0.0,0.0,2015-06-30T00:00:00,REP,REP,False,,23.0,
NH,S4NH00120,"BROWN, SCOTT",C00563858,1182300.0,1154666.33,27633.67,27633.67,0.0,2014-12-31T00:00:00,REP,REP,False,,7.0,
NH,S4NH00120,"BROWN, SCOTT",C00563130,963582.0,963581.98,0.0,0.0,0.0,2014-12-31T00:00:00,REP,REP,False,,10.0,
NH,S4NH00120,"BROWN, SCOTT",C00560003,114028.05,143001.23,99595.92,99595.92,0.0,2026-03-31T00:00:00,REP,REP,False,,15.0,
NH,S4NH00120,"BROWN, SCOTT",C00560003,8250.39,44533.15,128569.1,128569.1,0.0,2024-12-31T00:00:00,REP,REP,False,,22.0,
NH,S4NH00120,"BROWN, SCOTT",C00560003,18691.69,79579.56,164851.86,164851.86,0.0,2022-12-31T00:00:00,REP,REP,False,,20.0,
NH,S4NH00120,"BROWN, SCOTT",C00560003,108097.38,167.0,225739.73,225739.73,0.0,2020-12-31T00:00:00,REP,REP,False,,16.0,
NH,S4NH00120,"BROWN, SCOTT",C00560003,36816.66,45221.01,117809.35,117809.35,0.0,2018-12-31T00:00:00,REP,REP,False,,19.0,
NH,S4NH00120,"BROWN, SCOTT",C00560003,235076.59,167889.71,126213.7,126213.7,0.0,2016-12-31T00:00:00,REP,REP,False,,14.0,
NH,S6NH00166,"BROWN, SCOTT P.",C00909622,1664338.14,880952.11,783386.03,783386.03,0.0,2026-03-31T00:00:00,REP,REP,False,,5.0,
OH,S6OH00163,"BROWN, SHERROD",C00916288,25979968.48,8951326.24,17028642.24,17028642.24,0.0,2026-04-15T00:00:00,DEM,DEM,True,highest_total_receipts,1.0,
TX,S4TX00888,"BROWN, THEODORE E. JR.",C00857623,6200.0,5257.79,1010.09,1010.09,0.0,2026-03-31T00:00:00,LIB,OTHER,False,,6.0,
TX,S4TX00888,"BROWN, THEODORE E. JR.",C00857623,13994.0,13926.12,67.88,67.88,0.0,2024-12-31T00:00:00,LIB,OTHER,False,,4.0,
OK,S0OK00370,"BROYLES, ABBY",C00725762,0.0,4503.07,35493.38,35493.38,19114.48,2021-03-31T00:00:00,DEM,DEM,False,,7.0,
OK,S0OK00370,"BROYLES, ABBY",C00725762,2089401.41,2062803.89,39996.45,39996.45,19114.48,2020-12-31T00:00:00,DEM,DEM,True,highest_total_receipts,1.0,
SC,S2SC00145,"BRUCE, CATHERINE FLEMING MS.",C00798827,0.0,0.0,5030.29,5030.29,0.0,2025-09-30T00:00:00,DEM,DEM,False,,12.0,
SC,S2SC00145,"BRUCE, CATHERINE FLEMING MS.",C00798827,0.0,0.0,5030.29,5030.29,0.0,2024-12-31T00:00:00,DEM,DEM,False,,13.0,
SC,S2SC00145,"BRUCE, CATHERINE FLEMING MS.",C00798827,28402.41,22150.72,5030.29,5030.29,0.0,2022-12-31T00:00:00,DEM,DEM,False,,10.0,
NC,S2NC00596,"BRYANT, LEONARD L",C00793265,0.0,0.0,1791.0,1791.0,2341.0,2024-03-31T00:00:00,REP,REP,False,,30.0,
NC,S2NC00596,"BRYANT, LEONARD L",C00793265,6627.26,4836.26,1791.0,1791.0,2341.0,2022-12-31T00:00:00,REP,REP,False,,26.0,
GA,S4GA11103,"BUCKLEY, ALLEN",C00394064,42377.0,42376.0,0.0,0.0,0.0,2004-12-31T00:00:00,IND,OTHER,False,,1.0,
GA,S4GA11103,"BUCKLEY, ALLEN",C00451872,26628.0,28666.0,0.0,0.0,0.0,2008-11-24T00:00:00,IND,OTHER,False,,2.0,
GA,S4GA11103,"BUCKLEY, ALLEN",C00738716,0.0,6.0,0.0,0.0,0.0,2021-05-05T00:00:00,IND,OTHER,False,,4.0,
GA,S4GA11103,"BUCKLEY, ALLEN",C00738716,23597.62,23597.62,0.0,0.0,1085.96,2020-12-31T00:00:00,IND,OTHER,False,,3.0,
NC,S2NC00505,"BUDD, THEODORE P",C00614776,1108350.93,961551.31,429157.89,429157.89,0.0,2026-03-31T00:00:00,REP,REP,False,,12.0,
NC,S2NC00505,"BUDD, THEODORE P",C00614776,2111873.54,2101703.0,282358.27,282358.27,75000.0,2024-12-31T00:00:00,REP,REP,False,,10.0,
NC,S2NC00505,"BUDD, THEODORE P",C00614776,14756213.34,15555024.27,272187.73,272187.73,541542.28,2022-12-31T00:00:00,REP,REP,False,,2.0,
NC,S2NC00505,"BUDD, THEODORE P",C00614776,2325418.77,1324658.73,1070998.66,1070998.66,0.0,2020-12-31T00:00:00,REP,REP,False,,9.0,
NC,S2NC00505,"BUDD, THEODORE P",C00614776,2432467.17,2381821.24,70238.62,70238.62,0.0,2018-12-31T00:00:00,REP,REP,False,,7.0,
NC,S2NC00505,"BUDD, THEODORE P",C00614776,611328.76,591736.07,19592.69,19592.69,34000.0,2016-12-31T00:00:00,REP,REP,False,,20.0,
MT,S0MT00173,"BULLOCK, STEVE",C00741611,4679.25,168471.66,544355.72,544355.72,0.0,2026-03-31T00:00:00,DEM,DEM,False,,45.0,
MT,S0MT00173,"BULLOCK, STEVE",C00741611,95816.03,602879.83,708148.13,708148.13,0.0,2024-12-31T00:00:00,DEM,DEM,False,,27.0,
MT,S0MT00173,"BULLOCK, STEVE",C00741611,565265.67,303604.09,1211011.72,1211011.72,0.0,2022-12-31T00:00:00,DEM,DEM,False,,13.0,
NE,S6NE00145,"BURBANK, CINDY",C00941641,4163.0,164.47,3998.53,3998.53,0.0,2026-03-31T00:00:00,DE,OTHER,False,,3.0,
RI,S6RI00270,"BURBRIDGE, CONNOR",C00902601,10434.82,9568.62,866.2,866.2,0.0,2026-03-31T00:00:00,DEM,DEM,False,,32.0,
AL,S6AL00500,"BURTON, MATTHEW SETH",C00935403,58254.23,31654.28,26599.95,26599.95,0.0,2026-03-31T00:00:00,REP,REP,False,,21.0,
MS,S4MS00203,"BURTON, TIMOTHY GHANNON COLONEL(R)",C00854125,0.0,1595.63,0.0,0.0,0.0,2025-04-30T00:00:00,REP,REP,False,,23.0,
MS,S4MS00203,"BURTON, TIMOTHY GHANNON COLONEL(R)",C00854125,218188.17,216592.54,1595.63,1595.63,13594.25,2024-12-31T00:00:00,REP,REP,False,,17.0,
TN,S0TN00201,"BUSH, BYRON",C00725846,0.0,0.0,36789.79,36789.79,373000.0,2025-09-30T00:00:00,REP,REP,False,,44.0,
TN,S0TN00201,"BUSH, BYRON",C00725846,0.0,0.0,36789.79,36789.79,373000.0,2024-12-31T00:00:00,REP,REP,False,,45.0,
TN,S0TN00201,"BUSH, BYRON",C00725846,0.0,0.0,36789.79,36789.79,373000.0,2022-12-31T00:00:00,REP,REP,False,,46.0,
TN,S0TN00201,"BUSH, BYRON",C00725846,441099.06,404309.27,36789.79,36789.79,373000.0,2020-12-31T00:00:00,REP,REP,False,,34.0,
IL,S6IL00565,"BUSTOS, AWISI",C00907931,42028.81,46453.58,0.0,0.0,0.0,2026-02-25T00:00:00,DEM,DEM,False,,34.0,
WY,S6WY00217,"BYRD, JAMES WILLARD MR.",C00938738,9653.0,8319.97,1822.79,1822.79,0.0,2026-03-31T00:00:00,DEM,DEM,False,,2.0,
AL,S0AL00206,"BYRNE, BRADLEY ROBERTS",C00697417,0.0,0.0,3933.13,3933.13,0.0,2026-03-31T00:00:00,REP,REP,False,,23.0,
AL,S0AL00206,"BYRNE, BRADLEY ROBERTS",C00697417,0.0,0.0,3933.13,3933.13,0.0,2024-12-31T00:00:00,REP,REP,False,,24.0,
AL,S0AL00206,"BYRNE, BRADLEY ROBERTS",C00697417,2642.96,13066.9,3933.13,3933.13,0.0,2022-12-31T00:00:00,REP,REP,False,,22.0,
AL,S0AL00206,"BYRNE, BRADLEY ROBERTS",C00697417,3539485.35,3525128.28,14357.07,14357.07,0.0,2020-12-31T00:00:00,REP,REP,False,,5.0,
NJ,S0NJ00068,"BYRNE, BRENDAN THOMAS JR",C00347591,703955.43,93511.11,1265111.33,1265111.33,0.0,2026-03-31T00:00:00,DEM,DEM,False,,17.0,
NJ,S0NJ00068,"BYRNE, BRENDAN THOMAS JR",C00347591,70174.26,449905.03,654667.01,654667.01,0.0,2024-12-31T00:00:00,DEM,DEM,False,,30.0,
NJ,S0NJ00068,"BYRNE, BRENDAN THOMAS JR",C00347591,99062.76,265088.43,1034397.78,1034397.78,300000.0,2022-12-31T00:00:00,DEM,DEM,False,,25.0,
NJ,S0NJ00068,"BYRNE, BRENDAN THOMAS JR",C00347591,77956.82,213772.46,1200423.45,1200423.45,500000.0,2020-12-31T00:00:00,DEM,DEM,False,,28.0,
NJ,S0NJ00068,"BYRNE, BRENDAN THOMAS JR",C00347591,82711.0,5416.0,1336238.0,1336238.0,690000.0,2018-12-31T00:00:00,DEM,DEM,False,,27.0,
NJ,S0NJ00068,"BYRNE, BRENDAN THOMAS JR",C00347591,75276.0,27669.0,1258950.0,1258950.0,690000.0,2016-12-31T00:00:00,DEM,DEM,False,,29.0,
NJ,S0NJ00068,"BYRNE, BRENDAN THOMAS JR",C00347591,141055.0,22492.0,1211340.0,1211340.0,690000.0,2014-12-31T00:00:00,DEM,DEM,False,,23.0,
NJ,S0NJ00068,"BYRNE, BRENDAN THOMAS JR",C00347591,65375.0,11206.0,1092775.0,1092775.0,690000.0,2012-12-31T00:00:00,DEM,DEM,False,,31.0,
NJ,S0NJ00068,"BYRNE, BRENDAN THOMAS JR",C00347591,30779.0,2233.0,1035503.0,1035503.0,690000.0,2010-12-31T00:00:00,DEM,DEM,False,,32.0,
NJ,S0NJ00068,"BYRNE, BRENDAN THOMAS JR",C00347591,522868.0,19014.0,1006957.0,1006957.0,690000.0,2008-12-31T00:00:00,DEM,DEM,False,,19.0,
NJ,S0NJ00068,"BYRNE, BRENDAN THOMAS JR",C00347591,19331.0,1065.0,503104.0,503104.0,190000.0,2006-12-31T00:00:00,DEM,DEM,False,,34.0,
NJ,S0NJ00068,"BYRNE, BRENDAN THOMAS JR",C00347591,9904.0,2964.0,484810.0,484810.0,190000.0,2004-12-31T00:00:00,DEM,DEM,False,,36.0,
NJ,S0NJ00068,"BYRNE, BRENDAN THOMAS JR",C00347591,16802.0,31355.0,4778.0,4778.0,190000.0,2002-12-31T00:00:00,DEM,DEM,False,,35.0,
NJ,S0NJ00068,"BYRNE, BRENDAN THOMAS JR",C00347591,652247.0,160317.0,492424.0,492424.0,190000.0,2000-12-31T00:00:00,DEM,DEM,False,,18.0,
ME,S6ME00316,"CALABRESE, CARMEM VINCENT MR.",C00902759,17759.71,21259.71,-3500.0,-3500.0,0.0,2025-09-30T00:00:00,REP,REP,False,,17.0,
ME,S6ME00324,"CALABRESE, CARMEN VINCENT MR.",C00902759,17759.71,21259.71,-3500.0,-3500.0,0.0,2025-09-30T00:00:00,REP,REP,False,,18.0,
KY,S6KY00237,"CAMERON, DANIEL",C00898189,2060372.38,1295627.37,764745.01,764745.01,0.0,2026-03-31T00:00:00,REP,REP,False,,27.0,
FL,S4FL00637,"CAMPBELL, STANLEY",C00851725,0.0,118434.38,0.0,0.0,1401000.0,2025-03-31T00:00:00,DEM,DEM,False,,39.0,
FL,S4FL00637,"CAMPBELL, STANLEY",C00851725,1509617.41,1391650.16,118434.38,118434.38,1401000.0,2024-12-31T00:00:00,DEM,DEM,False,,13.0,
TX,S6TX00545,"CANADY, SARA LARUE",C00929406,770.0,7490.84,-429.81,-429.81,0.0,2026-03-31T00:00:00,REP,REP,False,,35.0,
WA,S8WA00194,"CANTWELL, MARIA",C00349506,671716.74,1147976.64,134951.29,134951.29,2071350.9,2026-03-31T00:00:00,DEM,DEM,False,,30.0,
WA,S8WA00194,"CANTWELL, MARIA",C00349506,11147595.82,10726015.97,611211.19,611211.19,2173182.85,2024-12-31T00:00:00,DEM,DEM,False,,5.0,
WA,S8WA00194,"CANTWELL, MARIA",C00349506,921937.29,1127914.02,189631.34,189631.34,2171350.9,2022-12-31T00:00:00,DEM,DEM,False,,28.0,
WA,S8WA00194,"CANTWELL, MARIA",C00349506,955976.58,1130261.19,395608.07,395608.07,2171350.9,2020-12-31T00:00:00,DEM,DEM,False,,26.0,
WA,S8WA00194,"CANTWELL, MARIA",C00349506,9399420.74,9635913.14,569892.68,569892.68,2171350.9,2018-12-31T00:00:00,DEM,DEM,False,,9.0,
WA,S8WA00194,"CANTWELL, MARIA",C00349506,1167917.0,1139592.0,806383.0,806383.0,2171350.0,2016-12-31T00:00:00,DEM,DEM,False,,24.0,
WA,S8WA00194,"CANTWELL, MARIA",C00349506,1212531.0,1188762.0,778056.0,778056.0,2171350.0,2014-12-31T00:00:00,DEM,DEM,False,,23.0,
WA,S8WA00194,"CANTWELL, MARIA",C00349506,9423369.0,9168345.0,754289.0,754289.0,2177453.0,2012-12-31T00:00:00,DEM,DEM,False,,8.0,
WA,S8WA00194,"CANTWELL, MARIA",C00349506,1587582.0,1144479.0,499264.0,499264.0,2174474.0,2010-12-31T00:00:00,DEM,DEM,False,,19.0,
WA,S8WA00194,"CANTWELL, MARIA",C00349506,967207.0,1057589.0,56161.0,56161.0,2278998.0,2008-12-31T00:00:00,DEM,DEM,False,,25.0,
WA,S8WA00194,"CANTWELL, MARIA",C00349506,13725773.0,14013932.0,146544.0,146544.0,2350098.0,2006-12-31T00:00:00,DEM,DEM,False,,2.0,
WA,S8WA00194,"CANTWELL, MARIA",C00349506,1794461.0,1409437.0,434702.0,434702.0,2502300.0,2004-12-31T00:00:00,DEM,DEM,False,,18.0,
WA,S8WA00194,"CANTWELL, MARIA",C00349506,8658876.0,8614567.0,49678.0,49678.0,3127441.0,2002-12-31T00:00:00,DEM,DEM,False,,10.0,
WA,S8WA00194,"CANTWELL, MARIA",C00349506,11538665.0,11533295.0,5369.0,5369.0,4286936.0,2000-12-31T00:00:00,DEM,DEM,False,,4.0,
VA,S4VA00353,"CAO, HUNG",C00802488,9935.86,194157.15,223584.34,223584.34,0.0,2026-03-31T00:00:00,REP,REP,False,,21.0,
VA,S4VA00353,"CAO, HUNG",C00802488,9832460.01,9517135.17,407805.63,407805.63,0.0,2024-12-31T00:00:00,REP,REP,True,highest_total_receipts,1.0,
VA,S4VA00353,"CAO, HUNG",C00802488,3304902.6,3212421.81,92480.79,92480.79,0.0,2022-12-31T00:00:00,REP,REP,False,,2.0,
WV,S4WV00159,"CAPITO, SHELLEY MOORE",C00539825,3906185.63,2152797.56,4064753.28,4064753.28,0.0,2026-04-22T00:00:00,REP,REP,False,,5.0,
WV,S4WV00159,"CAPITO, SHELLEY MOORE",C00539825,1001825.11,1529244.12,2311365.21,2311365.21,0.0,2024-12-31T00:00:00,REP,REP,False,,14.0,
WV,S4WV00159,"CAPITO, SHELLEY MOORE",C00539825,862872.33,494618.45,2838784.22,2838784.22,0.0,2022-12-31T00:00:00,REP,REP,False,,15.0,
WV,S4WV00159,"CAPITO, SHELLEY MOORE",C00539825,4941477.43,3161354.34,2470530.34,2470530.34,0.0,2020-12-31T00:00:00,REP,REP,False,,3.0,
WV,S4WV00159,"CAPITO, SHELLEY MOORE",C00539825,673052.15,382759.45,690525.82,690525.82,0.0,2018-12-31T00:00:00,REP,REP,False,,16.0,
WV,S4WV00159,"CAPITO, SHELLEY MOORE",C00539825,137546.0,419550.0,400232.0,400232.0,0.0,2016-12-31T00:00:00,REP,REP,False,,18.0,
WV,S4WV00159,"CAPITO, SHELLEY MOORE",C00539825,7860642.0,8781918.0,682236.0,682236.0,0.0,2014-12-31T00:00:00,REP,REP,True,highest_total_receipts,1.0,
WV,S4WV00159,"CAPITO, SHELLEY MOORE",C00539825,1624826.0,21314.0,1603511.0,1603511.0,,2012-12-31T00:00:00,REP,REP,False,,8.0,
IL,S6IL00490,"CAPPARELLI, R CARY",C00911628,13471.89,12643.39,828.5,828.5,4748.41,2026-04-14T00:00:00,REP,REP,False,,16.0,
MD,S6MD03177,"CARDIN, BENJAMIN L",C00411587,7213.91,427404.23,43251.41,43251.41,0.0,2026-03-31T00:00:00,DEM,DEM,False,,25.0,
MD,S6MD03177,"CARDIN, BENJAMIN L",C00411587,30982.35,585829.17,463441.73,463441.73,0.0,2024-12-31T00:00:00,DEM,DEM,False,,24.0,
MD,S6MD03177,"CARDIN, BENJAMIN L",C00411587,182295.47,316274.91,1018288.55,1018288.55,0.0,2022-12-31T00:00:00,DEM,DEM,False,,23.0,
MD,S6MD03177,"CARDIN, BENJAMIN L",C00411587,207360.9,316816.01,1152267.99,1152267.99,0.0,2020-12-31T00:00:00,DEM,DEM,False,,22.0,
MD,S6MD03177,"CARDIN, BENJAMIN L",C00411587,4067153.24,3509769.73,1261723.1,1261723.1,0.0,2018-12-31T00:00:00,DEM,DEM,False,,10.0,
MD,S6MD03177,"CARDIN, BENJAMIN L",C00411587,518211.0,504808.0,704338.0,704338.0,0.0,2016-12-31T00:00:00,DEM,DEM,False,,18.0,
MD,S6MD03177,"CARDIN, BENJAMIN L",C00411587,338988.0,371830.0,690935.0,690935.0,0.0,2014-12-31T00:00:00,DEM,DEM,False,,20.0,
MD,S6MD03177,"CARDIN, BENJAMIN L",C00411587,5594299.0,5252815.0,726870.0,726870.0,0.0,2012-12-31T00:00:00,DEM,DEM,False,,9.0,
MD,S6MD03177,"CARDIN, BENJAMIN L",C00411587,716383.0,436503.0,385385.0,385385.0,0.0,2010-12-31T00:00:00,DEM,DEM,False,,16.0,
MD,S6MD03177,"CARDIN, BENJAMIN L",C00411587,471021.0,535498.0,105504.0,105504.0,0.0,2008-12-31T00:00:00,DEM,DEM,False,,19.0,
MD,S6MD03177,"CARDIN, BENJAMIN L",C00411587,8775424.0,8676056.0,99369.0,99369.0,0.0,2006-12-31T00:00:00,DEM,DEM,False,,7.0,
IA,S6IA00249,"CARLIN, JAMES",C00898148,293966.17,279387.32,14578.85,14578.85,193506.46,2026-03-31T00:00:00,REP,REP,False,,31.0,
IA,S2IA00131,"CARLIN, JAMES M.",C00769208,0.0,0.0,0.0,0.0,0.0,2025-02-16T00:00:00,REP,REP,False,,35.0,
IA,S2IA00131,"CARLIN, JAMES M.",C00769208,0.0,15.66,0.0,0.0,0.0,2024-12-31T00:00:00,REP,REP,False,,36.0,
IA,S2IA00131,"CARLIN, JAMES M.",C00769208,583857.35,583841.69,15.66,15.66,7500.0,2022-12-31T00:00:00,REP,REP,False,,24.0,
IN,S4IN00279,"CARMICHAEL, ROBERT MARC",C00845859,0.0,0.0,13200.15,13200.15,3147.12,2025-06-30T00:00:00,DEM,DEM,False,,41.0,
IN,S4IN00279,"CARMICHAEL, ROBERT MARC",C00845859,114319.39,101119.24,13200.15,13200.15,3147.12,2024-12-31T00:00:00,DEM,DEM,False,,27.0,
DE,S8DE00079,"CARPER, THOMAS R.",C00349217,0.0,55789.69,0.0,0.0,0.0,2025-03-31T00:00:00,DEM,DEM,False,,27.0,
DE,S8DE00079,"CARPER, THOMAS R.",C00349217,232443.49,731738.41,55789.69,55789.69,0.0,2024-12-31T00:00:00,DEM,DEM,False,,25.0,
DE,S8DE00079,"CARPER, THOMAS R.",C00349217,883553.29,632816.39,555084.61,555084.61,0.0,2022-12-31T00:00:00,DEM,DEM,False,,14.0,
DE,S8DE00079,"CARPER, THOMAS R.",C00349217,688511.18,744805.33,304347.71,304347.71,0.0,2020-12-31T00:00:00,DEM,DEM,False,,19.0,
DE,S8DE00079,"CARPER, THOMAS R.",C00349217,3236955.45,3121074.42,360641.86,360641.86,0.0,2018-12-31T00:00:00,DEM,DEM,False,,6.0,
DE,S8DE00079,"CARPER, THOMAS R.",C00349217,627565.0,760838.0,244760.0,244760.0,0.0,2016-12-31T00:00:00,DEM,DEM,False,,20.0,
DE,S8DE00079,"CARPER, THOMAS R.",C00349217,529897.0,1005242.0,378033.0,378033.0,0.0,2014-12-31T00:00:00,DEM,DEM,False,,21.0,
DE,S8DE00079,"CARPER, THOMAS R.",C00349217,3516328.0,3462004.0,853377.0,853377.0,0.0,2012-12-31T00:00:00,DEM,DEM,False,,5.0,
DE,S8DE00079,"CARPER, THOMAS R.",C00349217,882966.0,783827.0,799054.0,799054.0,0.0,2010-12-31T00:00:00,DEM,DEM,False,,15.0,
DE,S8DE00079,"CARPER, THOMAS R.",C00349217,483209.0,1078195.0,699915.0,699915.0,0.0,2008-12-31T00:00:00,DEM,DEM,False,,22.0,
DE,S8DE00079,"CARPER, THOMAS R.",C00349217,3177275.0,2632603.0,1294901.0,1294901.0,0.0,2006-12-31T00:00:00,DEM,DEM,False,,7.0,
DE,S8DE00079,"CARPER, THOMAS R.",C00349217,1058238.0,472174.0,751279.0,751279.0,0.0,2004-12-31T00:00:00,DEM,DEM,False,,11.0,
DE,S8DE00079,"CARPER, THOMAS R.",C00349217,800272.0,603815.0,165215.0,165215.0,0.0,2002-12-31T00:00:00,DEM,DEM,False,,17.0,
DE,S8DE00079,"CARPER, THOMAS R.",C00349217,2637816.0,2607021.0,30795.0,30795.0,0.0,2000-12-31T00:00:00,DEM,DEM,False,,9.0,
GA,S6GA00374,"CARTER, EARL LEROY",C00543967,6713652.93,6002322.36,3730260.91,3730260.91,3000000.0,2026-03-31T00:00:00,REP,REP,False,,3.0,
GA,S6GA00374,"CARTER, EARL LEROY",C00543967,2597666.23,1396344.13,3018930.34,3018930.34,0.0,2024-12-31T00:00:00,REP,REP,False,,6.0,
GA,S6GA00374,"CARTER, EARL LEROY",C00543967,2127328.91,2015646.01,1817608.24,1817608.24,0.0,2022-12-31T00:00:00,REP,REP,False,,8.0,
GA,S6GA00374,"CARTER, EARL LEROY",C00543967,2347613.19,1766880.02,1705925.34,1705925.34,0.0,2020-12-31T00:00:00,REP,REP,False,,7.0,
GA,S6GA00374,"CARTER, EARL LEROY",C00543967,2093065.4,1471407.53,1125192.17,1125192.17,0.0,2018-12-31T00:00:00,REP,REP,False,,9.0,
GA,S6GA00374,"CARTER, EARL LEROY",C00543967,1271835.81,987256.84,503534.3,503534.3,250000.0,2016-12-31T00:00:00,REP,REP,False,,13.0,
GA,S6GA00374,"CARTER, EARL LEROY",C00543967,1825004.42,1606049.09,218955.33,218955.33,500000.0,2014-12-31T00:00:00,REP,REP,False,,10.0,
PA,S6PA00217,"CASEY, ROBERT P. JR.",C00431056,646277.42,782180.63,859136.77,859136.77,0.0,2026-03-31T00:00:00,DEM,DEM,False,,16.0,
PA,S6PA00217,"CASEY, ROBERT P. JR.",C00431056,58147345.34,60234187.73,995039.98,995039.98,0.0,2024-12-31T00:00:00,DEM,DEM,False,,2.0,
PA,S6PA00217,"CASEY, ROBERT P. JR.",C00431056,4526303.87,2695666.66,3081882.37,3081882.37,0.0,2022-12-31T00:00:00,DEM,DEM,False,,7.0,
PA,S6PA00217,"CASEY, ROBERT P. JR.",C00431056,2212851.86,1449624.23,1251245.16,1251245.16,0.0,2020-12-31T00:00:00,DEM,DEM,False,,9.0,
PA,S6PA00217,"CASEY, ROBERT P. JR.",C00431056,17816254.19,18934799.74,488017.53,488017.53,0.0,2018-12-31T00:00:00,DEM,DEM,False,,3.0,
PA,S6PA00217,"CASEY, ROBERT P. JR.",C00431056,2570303.0,1320756.0,1606564.0,1606564.0,0.0,2016-12-31T00:00:00,DEM,DEM,False,,8.0,
PA,S6PA00217,"CASEY, ROBERT P. JR.",C00431056,1404369.0,1157359.0,357016.0,357016.0,0.0,2014-12-31T00:00:00,DEM,DEM,False,,12.0,
PA,S6PA00217,"CASEY, ROBERT P. JR.",C00431056,11157095.0,12363026.0,110002.0,110002.0,0.0,2012-12-31T00:00:00,DEM,DEM,False,,5.0,
PA,S6PA00217,"CASEY, ROBERT P. JR.",C00431056,2135354.0,1069604.0,1315935.0,1315935.0,26749.0,2010-12-31T00:00:00,DEM,DEM,False,,10.0,
PA,S6PA00217,"CASEY, ROBERT P. JR.",C00431056,848058.0,648824.0,250185.0,250185.0,0.0,2008-12-31T00:00:00,DEM,DEM,False,,14.0,
PA,S6PA00217,"CASEY, ROBERT P. JR.",C00431056,51150.0,198.0,50951.0,50951.0,0.0,2006-12-31T00:00:00,DEM,DEM,False,,19.0,
LA,S4LA00107,"CASSIDY, WILLIAM M.",C00543983,6507706.19,5959587.57,7128536.9,7128536.9,0.0,2026-03-31T00:00:00,REP,REP,False,,9.0,
LA,S4LA00107,"CASSIDY, WILLIAM M.",C00543983,4060477.24,681168.21,6580418.28,6580418.28,0.0,2024-12-31T00:00:00,REP,REP,False,,15.0,
LA,S4LA00107,"CASSIDY, WILLIAM M.",C00543983,2537358.39,973926.06,3201109.25,3201109.25,0.0,2022-12-31T00:00:00,REP,REP,False,,19.0,
LA,S4LA00107,"CASSIDY, WILLIAM M.",C00543983,7447725.9,8576103.29,1637676.92,1637676.92,0.0,2020-12-31T00:00:00,REP,REP,False,,8.0,
LA,S4LA00107,"CASSIDY, WILLIAM M.",C00543983,2794569.25,1305110.16,2766054.31,2766054.31,0.0,2018-12-31T00:00:00,REP,REP,False,,18.0,
LA,S4LA00107,"CASSIDY, WILLIAM M.",C00543983,1230676.0,846534.0,1276597.0,1276597.0,2551.0,2016-12-31T00:00:00,REP,REP,False,,24.0,
LA,S4LA00107,"CASSIDY, WILLIAM M.",C00543983,15550475.0,14658019.0,892455.0,892455.0,0.0,2014-12-31T00:00:00,REP,REP,False,,3.0,
ME,S4ME00147,"CHERRY, JASON SETH",C00863787,110021.44,103988.78,21.44,21.44,55000.0,2024-12-22T00:00:00,IND,OTHER,False,,8.0,
CO,S6CO00549,"CHEW, ROBERT",C00944298,150000.0,0.0,150000.0,150000.0,150000.0,2026-03-31T00:00:00,FWD,OTHER,False,,1.0,
CO,S6CO00556,"CHEW, ROBERT",C00944298,150000.0,0.0,150000.0,150000.0,150000.0,2026-03-31T00:00:00,OTH,OTHER,False,,2.0,
IL,S2IL00200,"CHLEBEK, CASEY",C00903823,202000.0,201972.54,27.46,27.46,37000.0,2026-03-31T00:00:00,REP,REP,False,,5.0,
IL,S2IL00200,"CHLEBEK, CASEY",C00789479,129656.03,160819.34,115.88,115.88,129556.03,2022-06-30T00:00:00,REP,REP,False,,9.0,
IL,S0IL00550,"CHLEBEK, CASEY",C00903823,202000.0,201972.54,27.46,27.46,37000.0,2026-03-31T00:00:00,REP,REP,False,,6.0,
IL,S0IL00550,"CHLEBEK, CASEY",C00714998,37726.2,40177.92,1160.46,1160.46,1286.46,2020-06-30T00:00:00,REP,REP,False,,13.0,
IL,S0IL00550,"CHLEBEK, CASEY",C00789479,129656.03,160819.34,115.88,115.88,129556.03,2022-06-30T00:00:00,REP,REP,False,,10.0,
IL,S6IL00466,"CHLEBEK, CASIMER MR.",C00903823,202000.0,201972.54,27.46,27.46,37000.0,2026-03-31T00:00:00,REP,REP,False,,7.0,
PA,S8PA00270,"CHRISTIANA, JAMES JOSEPH III",C00638304,0.0,0.0,1889.07,1889.07,37900.0,2026-03-31T00:00:00,REP,REP,False,,17.0,
PA,S8PA00270,"CHRISTIANA, JAMES JOSEPH III",C00638304,0.0,50.0,1889.07,1889.07,37900.0,2024-12-31T00:00:00,REP,REP,False,,18.0,
PA,S8PA00270,"CHRISTIANA, JAMES JOSEPH III",C00638304,0.0,50.0,1939.07,1939.07,37900.0,2022-12-31T00:00:00,REP,REP,False,,19.0,
PA,S8PA00270,"CHRISTIANA, JAMES JOSEPH III",C00638304,0.0,37.49,1989.07,1989.07,37900.0,2020-12-31T00:00:00,REP,REP,False,,20.0,
PA,S8PA00270,"CHRISTIANA, JAMES JOSEPH III",C00638304,302403.96,300377.02,2026.56,2026.56,37900.0,2018-12-31T00:00:00,REP,REP,False,,7.0,
ND,S2ND00123,"CHRISTIANSEN, KATRINA",C00852467,8432.24,16691.46,0.0,0.0,0.0,2025-06-30T00:00:00,DEM,DEM,False,,30.0,
ND,S2ND00123,"CHRISTIANSEN, KATRINA",C00852467,3066029.91,3057770.69,8259.22,8259.22,0.0,2024-12-31T00:00:00,DEM,DEM,True,highest_total_receipts,1.0,
GA,S6GA00366,"CLEMENT, CHRISTINA LOREN REV DR TRUSTE",C00857128,50250930.0,2234.41,50248695.59,50248695.59,50250000.0,2026-03-31T00:00:00,REP,REP,True,highest_total_receipts,1.0,
NY,S0NY00188,"CLINTON, HILLARY RODHAM",C00358895,0.0,22343.44,0.0,0.0,0.0,2025-06-30T00:00:00,DEM,DEM,False,,41.0,
NY,S0NY00188,"CLINTON, HILLARY RODHAM",C00358895,0.0,0.0,22343.44,22343.44,0.0,2024-12-31T00:00:00,DEM,DEM,False,,42.0,
NY,S0NY00188,"CLINTON, HILLARY RODHAM",C00358895,0.0,0.0,22343.44,22343.44,0.0,2022-12-31T00:00:00,DEM,DEM,False,,43.0,
NY,S0NY00188,"CLINTON, HILLARY RODHAM",C00358895,4168.37,0.0,22343.44,22343.44,0.0,2020-12-31T00:00:00,DEM,DEM,False,,39.0,
NY,S0NY00188,"CLINTON, HILLARY RODHAM",C00358895,5333.0,3425.41,18175.07,18175.07,0.0,2018-12-31T00:00:00,DEM,DEM,False,,38.0,
NY,S0NY00188,"CLINTON, HILLARY RODHAM",C00358895,7684.0,149447.0,16268.0,16268.0,0.0,2016-12-31T00:00:00,DEM,DEM,False,,37.0,
NY,S0NY00188,"CLINTON, HILLARY RODHAM",C00358895,631921.0,745205.0,158033.0,158033.0,0.0,2014-12-31T00:00:00,DEM,DEM,False,,31.0,
NY,S0NY00188,"CLINTON, HILLARY RODHAM",C00358895,119974.0,1451511.0,271318.0,271318.0,0.0,2012-12-31T00:00:00,DEM,DEM,False,,32.0,
NY,S0NY00188,"CLINTON, HILLARY RODHAM",C00358895,30700.0,3792174.0,1602855.0,1602855.0,0.0,2010-12-31T00:00:00,DEM,DEM,False,,33.0,
NY,S0NY00188,"CLINTON, HILLARY RODHAM",C00358895,6951811.0,12608564.0,5364334.0,5364334.0,36305.0,2008-12-31T00:00:00,DEM,DEM,False,,13.0,
NY,S0NY00188,"CLINTON, HILLARY RODHAM",C00358895,39833526.0,34358255.0,11021087.0,11021087.0,93363.0,2006-12-31T00:00:00,DEM,DEM,True,highest_total_receipts,1.0,
NY,S0NY00188,"CLINTON, HILLARY RODHAM",C00358895,10279335.0,4912387.0,5545815.0,5545815.0,229139.0,2004-12-31T00:00:00,DEM,DEM,False,,10.0,
NY,S0NY00188,"CLINTON, HILLARY RODHAM",C00358895,1353310.0,1271003.0,178869.0,178869.0,8704.0,2002-12-31T00:00:00,DEM,DEM,False,,25.0,
NY,S0NY00188,"CLINTON, HILLARY RODHAM",C00358895,11660497.0,11563934.0,96562.0,96562.0,0.0,2000-12-31T00:00:00,DEM,DEM,False,,8.0,
WA,S0WA00258,"CODAY, ARTHUR JR MD",C00471482,0.0,0.0,552.56,552.56,21297.82,2026-03-31T00:00:00,REP,REP,False,,12.0,
WA,S0WA00258,"CODAY, ARTHUR JR MD",C00471482,0.0,0.0,552.56,552.56,21297.82,2024-12-31T00:00:00,REP,REP,False,,13.0,
WA,S0WA00258,"CODAY, ARTHUR JR MD",C00471482,500.0,189.0,552.56,552.56,21297.82,2022-12-31T00:00:00,REP,REP,False,,9.0,
WA,S0WA00258,"CODAY, ARTHUR JR MD",C00471482,200.0,1425.0,241.56,241.56,20616.82,2020-12-31T00:00:00,REP,REP,False,,10.0,
WA,S0WA00258,"CODAY, ARTHUR JR MD",C00471482,24673.5,23205.64,1466.56,1466.56,20616.82,2018-12-31T00:00:00,REP,REP,False,,5.0,
WA,S0WA00258,"CODAY, ARTHUR JR MD",C00471482,0.0,0.0,0.0,0.0,17976.0,2016-12-31T00:00:00,REP,REP,False,,14.0,
WA,S0WA00258,"CODAY, ARTHUR JR MD",C00471482,0.0,11778.0,0.0,0.0,17976.0,2014-12-31T00:00:00,REP,REP,False,,15.0,
WA,S0WA00258,"CODAY, ARTHUR JR MD",C00471482,87293.0,88331.0,11778.0,11778.0,29755.0,2012-12-31T00:00:00,REP,REP,False,,4.0,
WA,S0WA00258,"CODAY, ARTHUR JR MD",C00471482,90926.0,78210.0,13043.0,13043.0,0.0,2010-12-31T00:00:00,REP,REP,False,,3.0,
GA,S0GA00567,"COLLINS, DOUGLAS ALLEN",C00736983,65.46,15799.04,0.0,0.0,0.0,2024-12-31T00:00:00,REP,REP,False,,28.0,
GA,S0GA00567,"COLLINS, DOUGLAS ALLEN",C00736983,39381.69,44419.61,15733.58,15733.58,0.0,2022-12-31T00:00:00,REP,REP,False,,19.0,
GA,S6GA00390,"COLLINS, MICHAEL A JR",C00544684,4318376.94,2790134.88,2125437.15,2125437.15,286941.43,2026-03-31T00:00:00,REP,REP,False,,4.0,
GA,S6GA00390,"COLLINS, MICHAEL A JR",C00544684,1713411.61,1313288.15,597195.09,597195.09,286941.43,2024-12-31T00:00:00,REP,REP,False,,11.0,
GA,S6GA00390,"COLLINS, MICHAEL A JR",C00544684,1467857.85,1270786.22,197071.63,197071.63,286941.43,2022-12-31T00:00:00,REP,REP,False,,12.0,
GA,S6GA00390,"COLLINS, MICHAEL A JR",C00544684,0.0,0.0,0.0,0.0,155941.43,2020-12-31T00:00:00,REP,REP,False,,30.0,
GA,S6GA00390,"COLLINS, MICHAEL A JR",C00544684,0.0,0.0,0.0,0.0,155941.43,2018-12-31T00:00:00,REP,REP,False,,31.0,
GA,S6GA00390,"COLLINS, MICHAEL A JR",C00544684,0.0,0.0,0.0,0.0,155941.43,2016-12-31T00:00:00,REP,REP,False,,32.0,
GA,S6GA00390,"COLLINS, MICHAEL A JR",C00544684,647121.64,647121.64,0.0,0.0,155941.43,2014-12-31T00:00:00,REP,REP,False,,15.0,
ME,S6ME00159,"COLLINS, SUSAN M.",C00314575,10463303.65,3038765.01,10000847.54,10000847.54,0.0,2026-03-31T00:00:00,REP,REP,False,,2.0,
ME,S6ME00159,"COLLINS, SUSAN M.",C00314575,1624001.46,645110.41,2576308.9,2576308.9,0.0,2024-12-31T00:00:00,REP,REP,False,,8.0,
ME,S6ME00159,"COLLINS, SUSAN M.",C00314575,1136249.1,834023.73,1597417.85,1597417.85,0.0,2022-12-31T00:00:00,REP,REP,False,,9.0,
ME,S6ME00159,"COLLINS, SUSAN M.",C00314575,27861513.88,29194046.17,1295192.48,1295192.48,0.0,2020-12-31T00:00:00,REP,REP,True,highest_total_receipts,1.0,
ME,S6ME00159,"COLLINS, SUSAN M.",C00314575,2646333.55,955060.97,2627724.77,2627724.77,0.0,2018-12-31T00:00:00,REP,REP,False,,6.0,
ME,S6ME00159,"COLLINS, SUSAN M.",C00314575,269559.0,261870.0,936454.0,936454.0,0.0,2016-12-31T00:00:00,REP,REP,False,,13.0,
ME,S6ME00159,"COLLINS, SUSAN M.",C00314575,5299858.0,5292309.0,928767.0,928767.0,0.0,2014-12-31T00:00:00,REP,REP,False,,4.0,
ME,S6ME00159,"COLLINS, SUSAN M.",C00314575,650976.0,193120.0,921220.0,921220.0,0.0,2012-12-31T00:00:00,REP,REP,False,,10.0,
ME,S6ME00159,"COLLINS, SUSAN M.",C00314575,417325.0,217672.0,463365.0,463365.0,0.0,2010-12-31T00:00:00,REP,REP,False,,11.0,
ME,S6ME00159,"COLLINS, SUSAN M.",C00314575,7593350.0,7765295.0,263713.0,263713.0,0.0,2008-12-31T00:00:00,REP,REP,False,,3.0,
ME,S6ME00159,"COLLINS, SUSAN M.",C00314575,307444.0,111868.0,435657.0,435657.0,0.0,2006-12-31T00:00:00,REP,REP,False,,12.0,
ME,S6ME00159,"COLLINS, SUSAN M.",C00314575,138956.0,119463.0,240081.0,240081.0,0.0,2004-12-31T00:00:00,REP,REP,False,,14.0,
ME,S6ME00159,"COLLINS, SUSAN M.",C00314575,4014799.0,3961167.0,220589.0,220589.0,0.0,2002-12-31T00:00:00,REP,REP,False,,5.0,
ME,S6ME00159,"COLLINS, SUSAN M.",C00314575,136117.0,103126.0,166955.0,166955.0,0.0,2000-12-31T00:00:00,REP,REP,False,,15.0,
ME,S6ME00159,"COLLINS, SUSAN M.",C00314575,115676.0,82062.0,133964.0,133964.0,0.0,1998-12-31T00:00:00,REP,REP,False,,16.0,
ME,S6ME00159,"COLLINS, SUSAN M.",C00314575,1721825.0,1621475.0,100349.0,100349.0,0.0,1996-12-31T00:00:00,REP,REP,False,,7.0,
MS,S6MS00133,"COLOM, SCOTT",C00918359,1619367.76,1059740.86,559626.9,559626.9,86514.64,2026-03-31T00:00:00,DEM,DEM,False,,3.0,
NC,S2NC00745,"COLON, ROBERT",C00815225,23601.26,23601.26,0.0,0.0,0.0,2022-05-17T00:00:00,DEM,DEM,False,,12.0,
NV,S2NV00399,"CONRAD, WILLIAM ""BILL""",C00810077,12476.0,16259.56,0.0,0.0,0.0,2024-12-31T00:00:00,REP,REP,False,,15.0,
NV,S4NV00296,"CONRAD, WILLIAM BRYAN",C00810077,12476.0,16259.56,0.0,0.0,0.0,2024-12-31T00:00:00,REP,REP,False,,16.0,
DE,S0DE00092,"COONS, CHRISTOPHER A.",C00475392,3044649.37,1100177.83,4129671.39,4129671.39,0.0,2026-03-31T00:00:00,DEM,DEM,False,,8.0,
DE,S0DE00092,"COONS, CHRISTOPHER A.",C00475392,1749727.9,1385630.43,2185199.85,2185199.85,0.0,2024-12-31T00:00:00,DEM,DEM,False,,10.0,
DE,S0DE00092,"COONS, CHRISTOPHER A.",C00475392,979328.91,998739.79,1821102.38,1821102.38,0.0,2022-12-31T00:00:00,DEM,DEM,False,,13.0,
DE,S0DE00092,"COONS, CHRISTOPHER A.",C00475392,6081414.85,4746086.79,1840513.26,1840513.26,0.0,2020-12-31T00:00:00,DEM,DEM,False,,2.0,
DE,S0DE00092,"COONS, CHRISTOPHER A.",C00475392,761125.64,632598.01,505185.2,505185.2,0.0,2018-12-31T00:00:00,DEM,DEM,False,,18.0,
DE,S0DE00092,"COONS, CHRISTOPHER A.",C00475392,375233.0,716809.0,376659.0,376659.0,0.0,2016-12-31T00:00:00,DEM,DEM,False,,24.0,
DE,S0DE00092,"COONS, CHRISTOPHER A.",C00475392,4770827.0,4859457.0,718234.0,718234.0,0.0,2014-12-31T00:00:00,DEM,DEM,False,,3.0,
DE,S0DE00092,"COONS, CHRISTOPHER A.",C00475392,1058187.0,597399.0,806862.0,806862.0,0.0,2012-12-31T00:00:00,DEM,DEM,False,,12.0,
DE,S0DE00092,"COONS, CHRISTOPHER A.",C00475392,4215136.0,3869062.0,346074.0,346074.0,0.0,2010-12-31T00:00:00,DEM,DEM,False,,4.0,
NC,S6NC00407,"COOPER, ROY",C00913566,26822372.69,8366909.64,18455463.05,18455463.05,0.0,2026-03-31T00:00:00,DEM,DEM,False,,2.0,
CT,S8CT00121,"COREY, MATTHEW MCKINNON",C00654392,600.0,17967.96,0.0,0.0,0.0,2019-06-30T00:00:00,REP,REP,False,,7.0,
CT,S8CT00121,"COREY, MATTHEW MCKINNON",C00654392,190461.61,173092.4,17367.96,17367.96,16695.53,2018-12-31T00:00:00,REP,REP,False,,2.0,
CT,S8CT00121,"COREY, MATTHEW MCKINNON",C00878561,0.0,7217.4,0.0,0.0,10000.0,2025-03-31T00:00:00,REP,REP,False,,8.0,
CT,S8CT00121,"COREY, MATTHEW MCKINNON",C00878561,257655.82,250438.42,7217.4,7217.4,10000.0,2024-12-31T00:00:00,REP,REP,True,highest_total_receipts,1.0,
TN,S6TN00216,"CORKER, ROBERT P JR",C00430462,975779.61,252814.93,8508490.28,8508490.28,0.0,2026-03-31T00:00:00,REP,REP,False,,25.0,
TN,S6TN00216,"CORKER, ROBERT P JR",C00430462,1655020.7,196820.44,7785525.6,7785525.6,0.0,2024-12-31T00:00:00,REP,REP,False,,19.0,
TN,S6TN00216,"CORKER, ROBERT P JR",C00430462,731041.12,394321.0,6327325.34,6327325.34,0.0,2022-12-31T00:00:00,REP,REP,False,,31.0,
TN,S6TN00216,"CORKER, ROBERT P JR",C00430462,811784.87,272888.52,5990605.22,5990605.22,0.0,2020-12-31T00:00:00,REP,REP,False,,29.0,
TN,S6TN00216,"CORKER, ROBERT P JR",C00430462,2180001.39,2662398.93,5451708.87,5451708.87,0.0,2018-12-31T00:00:00,REP,REP,False,,14.0,
TN,S6TN00216,"CORKER, ROBERT P JR",C00430462,813708.0,556726.0,5934106.0,5934106.0,0.0,2016-12-31T00:00:00,REP,REP,False,,28.0,
TN,S6TN00216,"CORKER, ROBERT P JR",C00430462,770922.0,770404.0,5677125.0,5677125.0,0.0,2014-12-31T00:00:00,REP,REP,False,,30.0,
TN,S6TN00216,"CORKER, ROBERT P JR",C00430462,9994587.0,5453512.0,5676609.0,5676609.0,0.0,2012-12-31T00:00:00,REP,REP,False,,4.0,
TN,S6TN00216,"CORKER, ROBERT P JR",C00430462,1280958.0,271832.0,1135539.0,1135539.0,0.0,2010-12-31T00:00:00,REP,REP,False,,22.0,
TN,S6TN00216,"CORKER, ROBERT P JR",C00430462,833091.0,716852.0,126414.0,126414.0,0.0,2008-12-31T00:00:00,REP,REP,False,,27.0,
TN,S6TN00216,"CORKER, ROBERT P JR",C00430462,30600.0,20421.0,10178.0,10178.0,0.0,2006-12-31T00:00:00,REP,REP,False,,37.0,
TX,S2TX00106,"CORNYN, JOHN SEN",C00369033,7234490.25,6434691.52,4922081.39,4922081.39,0.0,2026-03-31T00:00:00,REP,REP,False,,12.0,
TX,S2TX00106,"CORNYN, JOHN SEN",C00369033,3377426.45,851024.74,4122282.66,4122282.66,0.0,2024-12-31T00:00:00,REP,REP,False,,18.0,
TX,S2TX00106,"CORNYN, JOHN SEN",C00369033,2279853.33,1317433.07,1595880.95,1595880.95,0.0,2022-12-31T00:00:00,REP,REP,False,,22.0,
TX,S2TX00106,"CORNYN, JOHN SEN",C00369033,28609181.93,33765847.59,633460.69,633460.69,0.0,2020-12-31T00:00:00,REP,REP,False,,3.0,
TX,S2TX00106,"CORNYN, JOHN SEN",C00369033,4442539.56,1549054.11,5790126.35,5790126.35,0.0,2018-12-31T00:00:00,REP,REP,False,,16.0,
TX,S2TX00106,"CORNYN, JOHN SEN",C00369033,1318698.0,1333839.0,2896642.0,2896642.0,0.0,2016-12-31T00:00:00,REP,REP,False,,26.0,
TX,S2TX00106,"CORNYN, JOHN SEN",C00369033,11405135.0,10202184.0,2911783.0,2911783.0,0.0,2014-12-31T00:00:00,REP,REP,False,,8.0,
TX,S2TX00106,"CORNYN, JOHN SEN",C00369033,1790931.0,905130.0,2671655.0,2671655.0,0.0,2012-12-31T00:00:00,REP,REP,False,,25.0,
TX,S2TX00106,"CORNYN, JOHN SEN",C00369033,2542288.0,1116658.0,1785856.0,1785856.0,0.0,2010-12-31T00:00:00,REP,REP,False,,21.0,
TX,S2TX00106,"CORNYN, JOHN SEN",C00369033,13727473.0,16454518.0,360227.0,360227.0,53896.0,2008-12-31T00:00:00,REP,REP,False,,6.0,
TX,S2TX00106,"CORNYN, JOHN SEN",C00369033,3324712.0,1275005.0,3087270.0,3087270.0,32986.0,2006-12-31T00:00:00,REP,REP,False,,19.0,
TX,S2TX00106,"CORNYN, JOHN SEN",C00369033,2274152.0,1265175.0,1037562.0,1037562.0,6344.0,2004-12-31T00:00:00,REP,REP,False,,23.0,
TX,S2TX00106,"CORNYN, JOHN SEN",C00369033,9798366.0,9769780.0,28587.0,28587.0,397646.0,2002-12-31T00:00:00,REP,REP,False,,9.0,
NV,S6NV00200,"CORTEZ MASTO, CATHERINE",C00575548,1842748.74,1999039.34,3339755.42,3339755.42,0.0,2026-03-31T00:00:00,DEM,DEM,False,,10.0,
NV,S6NV00200,"CORTEZ MASTO, CATHERINE",C00575548,3281416.68,2786552.64,3496046.02,3496046.02,0.0,2024-12-31T00:00:00,DEM,DEM,False,,7.0,
NV,S6NV00200,"CORTEZ MASTO, CATHERINE",C00575548,60613860.94,60637548.91,3001181.98,3001181.98,0.0,2022-12-31T00:00:00,DEM,DEM,True,highest_total_receipts,1.0,
NV,S6NV00200,"CORTEZ MASTO, CATHERINE",C00575548,4036581.99,2081599.76,3024869.95,3024869.95,0.0,2020-12-31T00:00:00,DEM,DEM,False,,6.0,
NV,S6NV00200,"CORTEZ MASTO, CATHERINE",C00575548,2500545.83,1651211.87,1069887.72,1069887.72,0.0,2018-12-31T00:00:00,DEM,DEM,False,,9.0,
NV,S6NV00200,"CORTEZ MASTO, CATHERINE",C00575548,19968577.25,19005870.0,220554.0,220554.0,0.0,2016-12-31T00:00:00,DEM,DEM,False,,4.0,
ME,S4ME00113,"COSTELLO, DAVID",C00837609,111307.55,111626.88,0.0,0.0,0.0,2024-12-12T00:00:00,DEM,DEM,False,,9.0,
ME,S4ME00113,"COSTELLO, DAVID",C00907881,143480.66,96332.4,47148.26,47148.26,30000.0,2026-03-31T00:00:00,DEM,DEM,False,,8.0,
AR,S4AR00103,"COTTON, THOMAS",C00499988,5406039.51,3069823.75,9787085.59,9787085.59,73959.0,2026-03-31T00:00:00,REP,REP,False,,4.0,
AR,S4AR00103,"COTTON, THOMAS",C00499988,2488964.09,2821992.91,7450869.83,7450869.83,73959.0,2024-12-31T00:00:00,REP,REP,False,,9.0,
AR,S4AR00103,"COTTON, THOMAS",C00499988,4878968.62,3492022.96,7783898.65,7783898.65,73959.0,2022-12-31T00:00:00,REP,REP,False,,5.0,
AR,S4AR00103,"COTTON, THOMAS",C00499988,9139904.91,4842303.46,6396952.99,6396952.99,73959.0,2020-12-31T00:00:00,REP,REP,False,,2.0,
AR,S4AR00103,"COTTON, THOMAS",C00499988,2678691.66,851186.67,2099351.54,2099351.54,73959.0,2018-12-31T00:00:00,REP,REP,False,,8.0,
AR,S4AR00103,"COTTON, THOMAS",C00499988,1170418.0,1151866.0,271846.0,271846.0,105862.0,2016-12-31T00:00:00,REP,REP,False,,12.0,
AR,S4AR00103,"COTTON, THOMAS",C00499988,13911690.06,13814166.59,215874.0,215874.0,447694.0,2014-12-31T00:00:00,REP,REP,True,highest_total_receipts,1.0,
AR,S4AR00103,"COTTON, THOMAS",C00499988,2213217.51,2094866.54,118350.97,118350.97,0.0,2012-12-31T00:00:00,REP,REP,False,,10.0,
GA,S4GA11202,"COYNE, JOHN F III",C00613380,421.46,475.0,56.0,56.0,4068.0,2017-09-30T00:00:00,REP,REP,False,,25.0,
GA,S4GA11202,"COYNE, JOHN F III",C00613380,5899.0,9186.5,56.0,56.0,4068.0,2016-12-31T00:00:00,REP,REP,False,,23.0,
MN,S6MN00499,"CRAIG, ANGIE",C00903690,9290611.68,4395298.62,4895313.06,4895313.06,389289.67,2026-03-31T00:00:00,DEM,DEM,False,,2.0,
ND,S8ND00120,"CRAMER, KEVIN MR.",C00504704,989847.21,1013079.59,2331656.99,2331656.99,0.0,2026-03-31T00:00:00,REP,REP,False,,9.0,
ND,S8ND00120,"CRAMER, KEVIN MR.",C00504704,5562461.74,3614113.14,2354889.37,2354889.37,0.0,2024-12-31T00:00:00,REP,REP,False,,2.0,
ND,S8ND00120,"CRAMER, KEVIN MR.",C00504704,566360.27,381510.32,403240.77,403240.77,0.0,2022-12-31T00:00:00,REP,REP,False,,11.0,
ND,S8ND00120,"CRAMER, KEVIN MR.",C00504704,448655.14,425786.65,218390.82,218390.82,0.0,2020-12-31T00:00:00,REP,REP,False,,13.0,
ND,S8ND00120,"CRAMER, KEVIN MR.",C00504704,6031115.66,6231101.27,195522.33,195522.33,0.0,2018-12-31T00:00:00,REP,REP,True,highest_total_receipts,1.0,
ND,S8ND00120,"CRAMER, KEVIN MR.",C00504704,1408240.58,1033730.28,395408.26,395408.26,0.0,2016-12-31T00:00:00,REP,REP,False,,7.0,
ND,S8ND00120,"CRAMER, KEVIN MR.",C00504704,1492880.34,1505728.11,20897.96,20897.96,2804.0,2014-12-31T00:00:00,REP,REP,False,,6.0,
ND,S8ND00120,"CRAMER, KEVIN MR.",C00504704,1325478.8,1291733.07,33745.73,33745.73,0.0,2012-12-31T00:00:00,REP,REP,False,,8.0,
ID,S8ID00027,"CRAPO, MICHAEL D",C00330886,1047393.27,590918.68,3028068.4,3028068.4,0.0,2026-03-31T00:00:00,REP,REP,False,,9.0,
ID,S8ID00027,"CRAPO, MICHAEL D",C00330886,1131919.91,946693.76,2571593.81,2571593.81,0.0,2024-12-31T00:00:00,REP,REP,False,,7.0,
ID,S8ID00027,"CRAPO, MICHAEL D",C00330886,4821698.11,6517722.51,2386367.66,2386367.66,0.0,2022-12-31T00:00:00,REP,REP,True,highest_total_receipts,1.0,
ID,S8ID00027,"CRAPO, MICHAEL D",C00330886,1060061.74,534770.84,4082392.06,4082392.06,0.0,2020-12-31T00:00:00,REP,REP,False,,8.0,
ID,S8ID00027,"CRAPO, MICHAEL D",C00330886,1777035.04,1085698.36,3557101.16,3557101.16,0.0,2018-12-31T00:00:00,REP,REP,False,,6.0,
ID,S8ID00027,"CRAPO, MICHAEL D",C00330886,4289036.0,4923910.0,2865764.0,2865764.0,0.0,2016-12-31T00:00:00,REP,REP,False,,2.0,
ID,S8ID00027,"CRAPO, MICHAEL D",C00330886,891716.0,605477.0,3500640.0,3500640.0,0.0,2014-12-31T00:00:00,REP,REP,False,,10.0,
ID,S8ID00027,"CRAPO, MICHAEL D",C00330886,738834.0,322352.0,3464400.0,3464400.0,0.0,2012-12-31T00:00:00,REP,REP,False,,12.0,
ID,S8ID00027,"CRAPO, MICHAEL D",C00330886,3670595.0,2531845.0,3047916.0,3047916.0,0.0,2010-12-31T00:00:00,REP,REP,False,,3.0,
ID,S8ID00027,"CRAPO, MICHAEL D",C00330886,867930.0,517277.0,1909164.0,1909164.0,0.0,2008-12-31T00:00:00,REP,REP,False,,11.0,
ID,S8ID00027,"CRAPO, MICHAEL D",C00330886,576305.0,333153.0,1558511.0,1558511.0,0.0,2006-12-31T00:00:00,REP,REP,False,,13.0,
ID,S8ID00027,"CRAPO, MICHAEL D",C00330886,1948398.0,1031912.0,1315358.0,1315358.0,0.0,2004-12-31T00:00:00,REP,REP,False,,4.0,
ID,S8ID00027,"CRAPO, MICHAEL D",C00330886,260412.0,170069.0,398873.0,398873.0,0.0,2002-12-31T00:00:00,REP,REP,False,,14.0,
ID,S8ID00027,"CRAPO, MICHAEL D",C00330886,183566.0,114420.0,308531.0,308531.0,0.0,2000-12-31T00:00:00,REP,REP,False,,15.0,
ID,S8ID00027,"CRAPO, MICHAEL D",C00330886,1803195.0,1563811.0,239385.0,239385.0,0.0,1998-12-31T00:00:00,REP,REP,False,,5.0,
LA,S6LA00680,"CROCKETT, GARY",C00941070,350000.0,12138.94,675722.12,675722.12,350000.0,2026-03-31T00:00:00,DEM,DEM,False,,2.0,
TX,S6TX00552,"CROCKETT, JASMINE",C00929901,11092295.26,10459209.13,633086.13,633086.13,0.0,2026-03-31T00:00:00,DEM,DEM,False,,3.0,
AL,S6AL00302,"CRUMPTON, RONALD (RON) STEVEN",C00575530,0.0,0.0,5.14,5.14,0.0,2026-03-31T00:00:00,DEM,DEM,False,,8.0,
AL,S6AL00302,"CRUMPTON, RONALD (RON) STEVEN",C00575530,0.0,0.0,5.14,5.14,0.0,2024-12-31T00:00:00,DEM,DEM,False,,9.0,
AL,S6AL00302,"CRUMPTON, RONALD (RON) STEVEN",C00575530,0.0,0.0,5.76,5.76,0.0,2022-12-31T00:00:00,DEM,DEM,False,,10.0,
AL,S6AL00302,"CRUMPTON, RONALD (RON) STEVEN",C00575530,0.0,0.0,5.76,5.76,0.0,2020-12-31T00:00:00,DEM,DEM,False,,11.0,
AL,S6AL00302,"CRUMPTON, RONALD (RON) STEVEN",C00575530,4559.0,4983.6,5.0,5.0,0.0,2018-12-31T00:00:00,DEM,DEM,False,,7.0,
AL,S6AL00302,"CRUMPTON, RONALD (RON) STEVEN",C00575530,33268.0,32369.0,442.0,442.0,0.0,2016-12-31T00:00:00,DEM,DEM,False,,4.0,
TX,S2TX00312,"CRUZ, RAFAEL EDWARD  TED",C00492785,8266381.4,7469079.02,2584009.58,2584009.58,0.0,2026-03-31T00:00:00,REP,REP,False,,10.0,
TX,S2TX00312,"CRUZ, RAFAEL EDWARD  TED",C00492785,74050030.94,75643604.41,1786707.2,1786707.2,0.0,2024-12-31T00:00:00,REP,REP,True,highest_total_receipts,1.0,
TX,S2TX00312,"CRUZ, RAFAEL EDWARD  TED",C00492785,19404179.67,20618900.53,3380280.67,3380280.67,0.0,2022-12-31T00:00:00,REP,REP,False,,4.0,
TX,S2TX00312,"CRUZ, RAFAEL EDWARD  TED",C00492785,13659655.01,9222612.12,4595001.53,4595001.53,10000.0,2020-12-31T00:00:00,REP,REP,False,,7.0,
TX,S2TX00312,"CRUZ, RAFAEL EDWARD  TED",C00492785,35409076.68,39458809.82,157958.64,157958.64,10000.0,2018-12-31T00:00:00,REP,REP,False,,2.0,
TX,S2TX00312,"CRUZ, RAFAEL EDWARD  TED",C00492785,6154650.0,3255304.0,4207690.0,4207690.0,0.0,2016-12-31T00:00:00,REP,REP,False,,14.0,
TX,S2TX00312,"CRUZ, RAFAEL EDWARD  TED",C00492785,4104991.0,3276062.0,1308343.0,1308343.0,545000.0,2014-12-31T00:00:00,REP,REP,False,,17.0,
TX,S2TX00312,"CRUZ, RAFAEL EDWARD  TED",C00492785,15098279.0,14618864.0,479413.0,479413.0,904178.0,2012-12-31T00:00:00,REP,REP,False,,5.0,
NV,S4NV00379,"CUNNINGHAM, CHRIS",C00867622,0.0,0.0,0.0,0.0,0.0,2025-03-31T00:00:00,LIB,OTHER,False,,2.0,
NV,S4NV00379,"CUNNINGHAM, CHRIS",C00867622,15573.29,15598.29,0.0,0.0,0.0,2024-12-31T00:00:00,LIB,OTHER,False,,1.0,
UT,S4UT00282,"CURTIS, JOHN",C00647339,622121.94,748290.0,662514.6,662514.6,0.0,2026-03-31T00:00:00,REP,REP,False,,20.0,
UT,S4UT00282,"CURTIS, JOHN",C00647339,5640855.75,5239012.32,788682.66,788682.66,0.0,2024-12-31T00:00:00,REP,REP,False,,2.0,
UT,S4UT00282,"CURTIS, JOHN",C00647339,2158235.3,2122701.24,386839.23,386839.23,0.0,2022-12-31T00:00:00,REP,REP,False,,7.0,
UT,S4UT00282,"CURTIS, JOHN",C00647339,905501.13,718455.03,351305.17,351305.17,0.0,2020-12-31T00:00:00,REP,REP,False,,15.0,
UT,S4UT00282,"CURTIS, JOHN",C00647339,1628253.3,1463994.23,164259.07,164259.07,25000.0,2018-12-31T00:00:00,REP,REP,False,,11.0,
MT,S2MT00096,"DAINES, STEVE",C00491357,4709051.07,2192226.74,4275067.25,4275067.25,44813.08,2026-03-31T00:00:00,REP,REP,False,,6.0,
MT,S2MT00096,"DAINES, STEVE",C00491357,1682254.18,669095.42,1758242.92,1758242.92,44813.08,2024-12-31T00:00:00,REP,REP,False,,11.0,
MT,S2MT00096,"DAINES, STEVE",C00491357,1944205.28,1306904.09,745084.16,745084.16,44813.08,2022-12-31T00:00:00,REP,REP,False,,9.0,
MT,S2MT00096,"DAINES, STEVE",C00491357,31879414.77,33221808.14,107782.97,107782.97,44813.08,2020-12-31T00:00:00,REP,REP,True,highest_total_receipts,1.0,
MT,S2MT00096,"DAINES, STEVE",C00491357,961862.18,437131.96,1450176.34,1450176.34,0.0,2018-12-31T00:00:00,REP,REP,False,,17.0,
MT,S2MT00096,"DAINES, STEVE",C00491357,478684.0,412359.0,925444.0,925444.0,0.0,2016-12-31T00:00:00,REP,REP,False,,19.0,
MT,S2MT00096,"DAINES, STEVE",C00491357,7512469.91,6668759.0,859118.0,859118.0,0.0,2014-12-31T00:00:00,REP,REP,False,,4.0,
MT,S2MT00096,"DAINES, STEVE",C00491357,1830490.65,2021595.6,15407.18,15407.18,71281.39,2012-12-31T00:00:00,REP,REP,False,,10.0,
MT,S2MT00096,"DAINES, STEVE",C00491357,234644.0,28132.0,206512.0,206512.0,9250.0,2010-12-31T00:00:00,REP,REP,False,,20.0,
VA,S6VA00184,"DANIELS, LORITA DR.",C00925453,54994.61,46430.84,8563.77,8563.77,45375.17,2026-03-31T00:00:00,DEM,DEM,False,,22.0,
NC,S6NC00472,"DANSIE, RICHARD",C00929232,2410.17,1780.0,630.17,630.17,2400.0,2025-12-31T00:00:00,REP,REP,False,,29.0,
SC,S6SC04296,"DANS, PAUL",C00913624,1011421.12,565237.47,446183.65,446183.65,684665.96,2026-03-31T00:00:00,REP,REP,False,,18.0,
KS,S6KS00247,"DAVIS, CHRISTY",C00915934,137068.03,77796.18,59271.85,59271.85,0.0,2026-03-31T00:00:00,DEM,DEM,False,,5.0,
LA,S6LA00615,"DAVIS, JAMIE",C00929117,325965.17,184143.76,141821.41,141821.41,10000.0,2026-03-31T00:00:00,DEM,DEM,False,,3.0,
MA,S6MA00262,"DAWICKI, MORGAN GIFFORD",C00909663,16497.8,7308.9,3997.99,3997.99,0.0,2026-03-31T00:00:00,IND,OTHER,False,,4.0,
IL,S6IL00623,"DEAN, JONATHAN",C00915280,124404.07,100311.38,24092.69,24092.69,61077.0,2026-03-31T00:00:00,DEM,DEM,False,,31.0,
MA,S6MA00304,"DEATON, JOHN",C00926139,1400141.01,571567.1,828573.91,828573.91,1005000.0,2026-03-31T00:00:00,REP,REP,False,,2.0,
MA,S4MA00358,"DEATON, JOHN",C00870337,38.22,48374.32,0.0,0.0,0.0,2025-04-03T00:00:00,REP,REP,False,,8.0,
MA,S4MA00358,"DEATON, JOHN",C00870337,2244282.53,2195946.43,48336.1,48336.1,1003301.65,2024-12-31T00:00:00,REP,REP,True,highest_total_receipts,1.0,
IL,S6IL00607,"DELGADO, ADAM",C00914390,56308.96,76786.16,-19467.2,-19467.2,0.0,2026-03-31T00:00:00,DEM,DEM,False,,33.0,
FL,S2FL00631,"DEMINGS, VAL",C00590489,0.0,0.0,0.0,0.0,0.0,2025-03-07T00:00:00,DEM,DEM,False,,40.0,
FL,S2FL00631,"DEMINGS, VAL",C00590489,296949.88,629862.71,0.0,0.0,0.0,2024-12-31T00:00:00,DEM,DEM,False,,24.0,
VA,S6VA00226,"DE PAULA, ALEX",C00937904,5675.01,4000.0,1675.01,1675.01,5500.0,2026-03-31T00:00:00,REP,REP,False,,23.0,
SC,S6SC04361,"DISMUKES, THOMAS KEITH",C00943746,14935.0,13125.0,1810.0,1810.0,0.0,2026-03-31T00:00:00,REP,REP,False,,24.0,
NM,S6NM01145,"DODSON, MATT",C00926444,11843.44,8069.46,3773.98,3773.98,0.0,2026-03-31T00:00:00,DEM,DEM,False,,22.0,
OH,S2OH00477,"DOLAN, MATT",C00831636,908.1,67501.81,46540.41,46540.41,12697000.0,2026-03-31T00:00:00,REP,REP,False,,50.0,
OH,S2OH00477,"DOLAN, MATT",C00831636,12722445.88,12609311.76,113134.12,113134.12,12697000.0,2024-12-31T00:00:00,REP,REP,False,,4.0,
NM,S4NM00183,"DOMENICI, NELLA LOUISE LOUISE",C00865956,2535.8,70693.82,3499.55,3499.55,2800000.0,2026-03-31T00:00:00,REP,REP,False,,5.0,
NM,S4NM00183,"DOMENICI, NELLA LOUISE LOUISE",C00865956,7013192.46,6941534.89,71657.57,71657.57,2800000.0,2024-12-31T00:00:00,REP,REP,True,highest_total_receipts,1.0,
IN,S2IN00091,"DONNELLY, JOSEPH S",C00393652,322.25,10529.01,90511.8,90511.8,0.0,2026-03-31T00:00:00,DEM,DEM,False,,37.0,
IN,S2IN00091,"DONNELLY, JOSEPH S",C00393652,6.73,38706.76,100718.56,100718.56,0.0,2024-12-31T00:00:00,DEM,DEM,False,,39.0,
IN,S2IN00091,"DONNELLY, JOSEPH S",C00393652,6.6,32342.06,139418.59,139418.59,0.0,2022-12-31T00:00:00,DEM,DEM,False,,40.0,
IN,S2IN00091,"DONNELLY, JOSEPH S",C00393652,226032.09,228150.59,171754.05,171754.05,0.0,2020-12-31T00:00:00,DEM,DEM,False,,25.0,
IN,S2IN00091,"DONNELLY, JOSEPH S",C00393652,14585917.72,15800916.06,173872.55,173872.55,0.0,2018-12-31T00:00:00,DEM,DEM,True,highest_total_receipts,1.0,
IN,S2IN00091,"DONNELLY, JOSEPH S",C00393652,1531671.0,607705.0,1388871.0,1388871.0,0.0,2016-12-31T00:00:00,DEM,DEM,False,,13.0,
IN,S2IN00091,"DONNELLY, JOSEPH S",C00393652,1135426.0,764457.0,464904.0,464904.0,0.0,2014-12-31T00:00:00,DEM,DEM,False,,15.0,
IN,S2IN00091,"DONNELLY, JOSEPH S",C00393652,5662233.36,5588317.08,93936.0,93936.0,98430.0,2012-12-31T00:00:00,DEM,DEM,False,,2.0,
IN,S2IN00091,"DONNELLY, JOSEPH S",C00393652,1723644.27,1988562.77,20019.39,20019.39,42046.02,2010-12-31T00:00:00,DEM,DEM,False,,11.0,
IN,S2IN00091,"DONNELLY, JOSEPH S",C00393652,1846898.45,1599272.29,284937.89,284937.89,28380.0,2008-12-31T00:00:00,DEM,DEM,False,,9.0,
IN,S2IN00091,"DONNELLY, JOSEPH S",C00393652,1626441.02,1589244.91,37311.73,37311.73,201323.71,2006-12-31T00:00:00,DEM,DEM,False,,12.0,
IN,S2IN00091,"DONNELLY, JOSEPH S",C00393652,706066.01,708290.56,115.62,115.62,101900.0,2004-12-31T00:00:00,DEM,DEM,False,,18.0,
GA,S6GA00408,"DOOLEY, DEREK",C00914531,3671916.59,1448348.05,2223568.54,2223568.54,0.0,2026-03-31T00:00:00,REP,REP,False,,5.0,
MT,S8MT00218,"DOWNING, TROY",C00640052,22021.94,32156.32,0.0,0.0,250000.0,2024-12-31T00:00:00,REP,REP,False,,23.0,
MT,S8MT00218,"DOWNING, TROY",C00640052,0.0,0.0,10134.38,10134.38,282156.32,2022-12-31T00:00:00,REP,REP,False,,28.0,
MT,S8MT00218,"DOWNING, TROY",C00640052,0.0,416.43,10134.38,10134.38,282156.32,2020-12-31T00:00:00,REP,REP,False,,29.0,
MT,S8MT00218,"DOWNING, TROY",C00640052,1495357.0,1484804.0,10550.81,10550.81,282156.32,2018-12-31T00:00:00,REP,REP,False,,12.0,
NY,S2NY00382,"DRIGGERS, CALVIN",C00774265,231.33,0.0,240.74,240.74,0.0,2023-12-31T00:00:00,REP,REP,False,,15.0,
NY,S2NY00382,"DRIGGERS, CALVIN",C00774265,6002.0,372.35,0.0,0.0,0.0,2022-12-05T00:00:00,REP,REP,False,,12.0,
FL,S2FL00557,"DRIGGERS, CALVIN JOB",C00774265,231.33,0.0,240.74,240.74,0.0,2023-12-31T00:00:00,REP,REP,False,,30.0,
FL,S2FL00557,"DRIGGERS, CALVIN JOB",C00774265,6002.0,372.35,0.0,0.0,0.0,2022-12-05T00:00:00,REP,REP,False,,24.0,
IL,S6IL00292,"DUCKWORTH, L. TAMMY",C00574889,4300519.14,3242661.33,3801810.77,3801810.77,0.0,2026-03-31T00:00:00,DEM,DEM,False,,11.0,
IL,S6IL00292,"DUCKWORTH, L. TAMMY",C00574889,4571747.48,3410616.28,2743952.96,2743952.96,0.0,2024-12-31T00:00:00,DEM,DEM,False,,10.0,
IL,S6IL00292,"DUCKWORTH, L. TAMMY",C00574889,14799221.88,15890348.99,1582821.76,1582821.76,0.0,2022-12-31T00:00:00,DEM,DEM,False,,3.0,
IL,S6IL00292,"DUCKWORTH, L. TAMMY",C00574889,4171421.0,2635315.82,2673948.87,2673948.87,0.0,2020-12-31T00:00:00,DEM,DEM,False,,12.0,
IL,S6IL00292,"DUCKWORTH, L. TAMMY",C00574889,2250456.91,1250015.93,1137843.69,1137843.69,0.0,2018-12-31T00:00:00,DEM,DEM,False,,15.0,
IL,S6IL00292,"DUCKWORTH, L. TAMMY",C00574889,16499322.0,16761919.0,137402.0,137402.0,0.0,2016-12-31T00:00:00,DEM,DEM,False,,2.0,
AR,S6AR00173,"DUNBAR, ETHAN N SR.",C00916502,17461.7,22253.18,1110.62,1110.62,0.0,2026-03-27T00:00:00,DEM,DEM,False,,5.0,
NC,S6NC00449,"DUPRE, MARGOT",C00921965,60000.0,51150.0,8850.0,8850.0,60000.0,2026-03-31T00:00:00,REP,REP,False,,23.0,
IL,S6IL00151,"DURBIN, RICHARD J.",C00148999,79857.6,778171.85,976472.97,976472.97,0.0,2026-03-31T00:00:00,DEM,DEM,False,,32.0,
IL,S6IL00151,"DURBIN, RICHARD J.",C00148999,1106383.69,915337.33,1674787.22,1674787.22,0.0,2024-12-31T00:00:00,DEM,DEM,False,,21.0,
IL,S6IL00151,"DURBIN, RICHARD J.",C00148999,1190534.22,783279.92,1483740.86,1483740.86,0.0,2022-12-31T00:00:00,DEM,DEM,False,,19.0,
IL,S6IL00151,"DURBIN, RICHARD J.",C00148999,7326799.36,8263750.73,1076486.56,1076486.56,0.0,2020-12-31T00:00:00,DEM,DEM,False,,6.0,
IL,S6IL00151,"DURBIN, RICHARD J.",C00148999,2061580.72,867319.4,2013437.93,2013437.93,0.0,2018-12-31T00:00:00,DEM,DEM,False,,16.0,
IL,S6IL00151,"DURBIN, RICHARD J.",C00148999,1151486.0,1073760.0,819176.0,819176.0,0.0,2016-12-31T00:00:00,DEM,DEM,False,,20.0,
IL,S6IL00151,"DURBIN, RICHARD J.",C00148999,7856360.0,9705619.0,741450.0,741450.0,0.0,2014-12-31T00:00:00,DEM,DEM,False,,5.0,
IL,S6IL00151,"DURBIN, RICHARD J.",C00148999,1658624.0,1319525.0,2590707.0,2590707.0,0.0,2012-12-31T00:00:00,DEM,DEM,False,,18.0,
IL,S6IL00151,"DURBIN, RICHARD J.",C00148999,806568.35,1590584.0,2251609.0,2251609.0,0.0,2010-12-31T00:00:00,DEM,DEM,False,,23.0,
IL,S6IL00151,"DURBIN, RICHARD J.",C00148999,8116764.0,8016455.0,3035621.0,3035621.0,0.0,2008-12-31T00:00:00,DEM,DEM,False,,4.0,
IL,S6IL00151,"DURBIN, RICHARD J.",C00148999,2961250.0,4688296.0,2935314.0,2935314.0,0.0,2006-12-31T00:00:00,DEM,DEM,False,,14.0,
IL,S6IL00151,"DURBIN, RICHARD J.",C00148999,239536.0,407621.0,1662359.0,1662359.0,0.0,2004-12-31T00:00:00,DEM,DEM,False,,29.0,
IL,S6IL00151,"DURBIN, RICHARD J.",C00148999,5188251.0,4979865.0,1830445.0,1830445.0,0.0,2002-12-31T00:00:00,DEM,DEM,False,,7.0,
IL,S6IL00151,"DURBIN, RICHARD J.",C00148999,1975784.0,461828.0,1622060.0,1622060.0,0.0,2000-12-31T00:00:00,DEM,DEM,False,,17.0,
IL,S6IL00151,"DURBIN, RICHARD J.",C00148999,519296.0,431015.0,108104.0,108104.0,0.0,1998-12-31T00:00:00,DEM,DEM,False,,25.0,
IL,S6IL00151,"DURBIN, RICHARD J.",C00148999,4767940.0,4966804.0,19822.0,19822.0,70402.0,1996-12-31T00:00:00,DEM,DEM,False,,9.0,
IL,S6IL00151,"DURBIN, RICHARD J.",C00148999,859748.0,692886.0,218684.0,218684.0,0.0,1994-12-31T00:00:00,DEM,DEM,False,,22.0,
IL,S6IL00151,"DURBIN, RICHARD J.",C00148999,666110.0,921659.0,51822.0,51822.0,0.0,1992-12-31T00:00:00,DEM,DEM,False,,24.0,
IL,S6IL00151,"DURBIN, RICHARD J.",C00148999,338066.0,209360.0,307371.0,307371.0,0.0,1990-12-31T00:00:00,DEM,DEM,False,,28.0,
IL,S6IL00151,"DURBIN, RICHARD J.",C00148999,373425.0,257591.0,178667.0,178667.0,5015.0,1988-12-31T00:00:00,DEM,DEM,False,,26.0,
CA,S4CA00639,"EARLY, ERIC",C00837526,0.0,450.0,1615.43,1615.43,160635.57,2026-03-31T00:00:00,REP,REP,False,,17.0,
CA,S4CA00639,"EARLY, ERIC",C00837526,904178.95,902113.52,2065.43,2065.43,160635.57,2024-12-31T00:00:00,REP,REP,True,highest_total_receipts,1.0,
VA,S6VA00192,"EICHELBERGER, GREGORY",C00925610,5697.72,5697.72,0.0,0.0,0.0,2026-01-15T00:00:00,DEM,DEM,False,,23.0,
NY,S4NY00362,"EISEN, JOSHUA DR.",C00852483,305744.0,299422.94,6321.06,6321.06,250000.0,2024-06-30T00:00:00,REP,REP,False,,5.0,
WV,S4WV00399,"ELLIOTT, GLENN FREDERICK MR. JR.",C00864819,0.0,0.0,0.0,0.0,0.0,2025-03-24T00:00:00,DEM,DEM,False,,18.0,
WV,S4WV00399,"ELLIOTT, GLENN FREDERICK MR. JR.",C00864819,855051.42,845941.7,9109.72,9109.72,0.0,2024-11-25T00:00:00,DEM,DEM,False,,4.0,
FL,S2FL00458,"ELLISON, ALLEN",C00574236,0.0,0.0,155.61,155.61,4800.0,2024-12-31T00:00:00,DEM,DEM,False,,41.0,
FL,S2FL00458,"ELLISON, ALLEN",C00574236,89854.45,85261.49,155.61,155.61,4800.0,2022-12-31T00:00:00,DEM,DEM,False,,31.0,
FL,S2FL00458,"ELLISON, ALLEN",C00574236,84005.43,78767.35,6155.8,6155.8,1000.0,2020-12-31T00:00:00,DEM,DEM,False,,32.0,
FL,S2FL00458,"ELLISON, ALLEN",C00574236,3469.33,4189.53,917.72,917.72,0.0,2018-12-31T00:00:00,DEM,DEM,False,,37.0,
FL,S2FL00458,"ELLISON, ALLEN",C00574236,18086.74,16448.82,1637.92,1637.92,0.0,2016-12-31T00:00:00,DEM,DEM,False,,35.0,
MI,S6MI00418,"EL-SAYED, ABDUL",C00902668,7646727.83,5117400.65,2529327.18,2529327.18,0.0,2026-03-31T00:00:00,DEM,DEM,False,,10.0,
LA,S6LA00581,"EMERSON, JULIE CATHRYN",C00923631,688875.02,656194.34,32680.68,32680.68,0.0,2026-03-31T00:00:00,REP,REP,False,,27.0,
VA,S4VA00247,"EMORD, JONATHAN WALKER MR.",C00832253,7359.47,7359.47,0.0,0.0,0.0,2025-10-10T00:00:00,REP,REP,False,,22.0,
VA,S4VA00247,"EMORD, JONATHAN WALKER MR.",C00832253,893768.61,893768.61,0.0,0.0,408100.0,2024-12-31T00:00:00,REP,REP,False,,4.0,
IA,S4IA00129,"ERNST, JONI K",C00546788,1997585.68,2240263.66,1997164.76,1997164.76,0.0,2026-03-31T00:00:00,REP,REP,False,,15.0,
IA,S4IA00129,"ERNST, JONI K",C00546788,2921862.7,1655755.5,2239842.74,2239842.74,0.0,2024-12-31T00:00:00,REP,REP,False,,12.0,
IA,S4IA00129,"ERNST, JONI K",C00546788,2035244.25,1589923.64,973735.54,973735.54,0.0,2022-12-31T00:00:00,REP,REP,False,,14.0,
IA,S4IA00129,"ERNST, JONI K",C00546788,27686921.36,28521656.12,528414.93,528414.93,0.0,2020-12-31T00:00:00,REP,REP,True,highest_total_receipts,1.0,
IA,S4IA00129,"ERNST, JONI K",C00546788,1765599.36,843336.08,1363149.69,1363149.69,0.0,2018-12-31T00:00:00,REP,REP,False,,16.0,
IA,S4IA00129,"ERNST, JONI K",C00546788,1109368.0,894689.0,0.0,0.0,0.0,2016-12-31T00:00:00,REP,REP,False,,20.0,
IA,S4IA00129,"ERNST, JONI K",C00546788,12011101.0,11913212.0,97888.0,97888.0,289561.0,2014-12-31T00:00:00,REP,REP,False,,2.0,
MS,S8MS00287,"ESPY, MICHAEL",C00675884,0.0,3527.0,133717.44,133717.44,0.0,2026-03-31T00:00:00,DEM,DEM,False,,7.0,
MS,S8MS00287,"ESPY, MICHAEL",C00675884,0.0,90524.45,137244.44,137244.44,0.0,2024-12-31T00:00:00,DEM,DEM,False,,8.0,
MS,S8MS00287,"ESPY, MICHAEL",C00675884,336781.98,284606.17,227768.89,227768.89,0.0,2022-12-31T00:00:00,DEM,DEM,False,,4.0,
MS,S8MS00287,"ESPY, MICHAEL",C00675884,12320919.34,12439496.96,175593.08,175593.08,0.0,2020-12-31T00:00:00,DEM,DEM,True,highest_total_receipts,1.0,
MS,S8MS00287,"ESPY, MICHAEL",C00675884,7488521.96,7194351.26,294170.7,294170.7,0.0,2018-12-31T00:00:00,DEM,DEM,False,,2.0,
NJ,S4NJ00524,"ESTRADA, MICHAEL",C00864496,5218.2,657.67,4560.53,4560.53,0.0,2024-07-20T00:00:00,IND,OTHER,False,,20.0,
ME,S6ME00399,"EVANS, DAVID ALAN",C00921767,6436.72,6436.72,0.0,0.0,0.0,2025-12-31T00:00:00,IND,OTHER,False,,11.0,
VT,S2VT00334,"EVANS-FRANTZ, ISAAC",C00811182,0.0,2486.5,9588.48,9588.48,0.0,2026-03-31T00:00:00,DEM,DEM,False,,25.0,
VT,S2VT00334,"EVANS-FRANTZ, ISAAC",C00811182,3.6,6002.19,12074.98,12074.98,0.0,2024-12-31T00:00:00,DEM,DEM,False,,24.0,
VT,S2VT00334,"EVANS-FRANTZ, ISAAC",C00811182,123835.03,105761.46,18073.57,18073.57,0.0,2022-12-31T00:00:00,DEM,DEM,False,,7.0,
IL,S6IL00672,"EVANS, JEANNIE",C00921759,1280369.17,1136878.25,143490.92,143490.92,900000.0,2026-03-31T00:00:00,REP,REP,False,,2.0,
ID,S6ID00120,"EVANS, JOE",C00894816,7741.0,7650.17,90.83,90.83,6791.0,2026-03-30T00:00:00,REP,REP,False,,20.0,
ID,S6ID00013,"EVANS, JOHN VICTOR",C00197046,11272.0,11272.0,0.0,0.0,0.0,1985-06-30T00:00:00,DEM,DEM,False,,4.0,
ID,S6ID00013,"EVANS, JOHN VICTOR",C00194472,2079.84,22235.3,49226.93,49226.93,0.0,2026-03-31T00:00:00,DEM,DEM,False,,10.0,
ID,S6ID00013,"EVANS, JOHN VICTOR",C00194472,3642.78,2467.0,69382.39,69382.39,0.0,2024-12-31T00:00:00,DEM,DEM,False,,9.0,
ID,S6ID00013,"EVANS, JOHN VICTOR",C00194472,937.64,320.9,68206.61,68206.61,0.0,2022-12-31T00:00:00,DEM,DEM,False,,12.0,
ID,S6ID00013,"EVANS, JOHN VICTOR",C00194472,1163.77,634.93,67589.87,67589.87,0.0,2020-12-31T00:00:00,DEM,DEM,False,,11.0,
ID,S6ID00013,"EVANS, JOHN VICTOR",C00194472,389.89,126.67,66379.26,66379.26,0.0,2018-12-31T00:00:00,DEM,DEM,False,,13.0,
ID,S6ID00013,"EVANS, JOHN VICTOR",C00194472,16625.55,16077.34,65728.19,65728.19,0.0,2016-12-31T00:00:00,DEM,DEM,False,,3.0,
ID,S6ID00013,"EVANS, JOHN VICTOR",C00194472,4207.07,2150.01,65179.98,65179.98,0.0,2014-12-31T00:00:00,DEM,DEM,False,,7.0,
ID,S6ID00013,"EVANS, JOHN VICTOR",C00194472,4022.0,1408.0,63308.0,63308.0,,2012-12-31T00:00:00,DEM,DEM,False,,8.0,
ID,S6ID00013,"EVANS, JOHN VICTOR",C00194472,5055.27,2425.0,0.0,0.0,0.0,2010-12-31T00:00:00,DEM,DEM,False,,6.0,
WV,S6WV00147,"EVANS, JONATHAN DERRICK",C00832154,1215521.63,1171561.84,104890.57,104890.57,0.0,2026-04-22T00:00:00,REP,REP,False,,11.0,
WV,S6WV00147,"EVANS, JONATHAN DERRICK",C00832154,1062145.01,1001214.23,60930.78,60930.78,0.0,2024-12-31T00:00:00,REP,REP,False,,13.0,
TN,S4TN00500,"FAIN, DYLAN LEE MR. N/A",C00794974,0.0,0.0,0.0,0.0,0.0,2026-04-22T00:00:00,DEM,DEM,False,,12.0,
VA,S6VA00143,"FARINGTON, KIM",C00893099,121987.69,99465.72,22740.55,22740.55,89000.0,2026-03-31T00:00:00,REP,REP,False,,12.0,
VA,S6VA00143,"FARINGTON, KIM",C00893099,3591.5,3372.92,218.58,218.58,0.0,2024-12-31T00:00:00,REP,REP,False,,26.0,
KY,S6KY00260,"FARIS, MICHAEL",C00903930,61529.95,78371.26,-16841.31,-16841.31,0.0,2026-03-31T00:00:00,REP,REP,False,,40.0,
KY,S6KY00278,"FARIS, MICHAEL JAMES",C00903930,61529.95,78371.26,-16841.31,-16841.31,0.0,2026-03-31T00:00:00,REP,REP,False,,41.0,
OH,S8OH00144,"FARIS, STEPHEN I MR",C00688465,1925.24,1900.96,155.94,155.94,0.0,2026-03-31T00:00:00,IND,OTHER,False,,5.0,
OH,S8OH00144,"FARIS, STEPHEN I MR",C00688465,1568.56,1559.17,131.66,131.66,0.0,2024-12-31T00:00:00,IND,OTHER,False,,6.0,
OH,S8OH00144,"FARIS, STEPHEN I MR",C00688465,6670.66,6548.39,122.27,122.27,0.0,2022-12-31T00:00:00,IND,OTHER,False,,4.0,
OH,S8OH00144,"FARIS, STEPHEN I MR",C00688465,800.48,800.48,0.0,0.0,0.0,2020-12-31T00:00:00,IND,OTHER,False,,7.0,
OH,S8OH00144,"FARIS, STEPHEN I MR",C00688465,8049.0,8049.0,0.0,0.0,0.0,2018-12-31T00:00:00,IND,OTHER,False,,3.0,
ME,S6ME00357,"FAVREAU, TUCKER",C00907873,13599.1,5076.27,8522.83,8522.83,0.0,2026-03-31T00:00:00,DEM,DEM,False,,11.0,
NH,S2NH00280,"FENTON, BRUCE",C00816967,0.0,83426.24,0.0,0.0,1724693.76,2025-04-02T00:00:00,REP,REP,False,,26.0,
NH,S2NH00280,"FENTON, BRUCE",C00816967,0.0,336.29,83426.24,83426.24,1808100.0,2024-12-31T00:00:00,REP,REP,False,,27.0,
NH,S2NH00280,"FENTON, BRUCE",C00816967,1845260.27,1761497.74,83762.53,83762.53,1808100.0,2022-12-31T00:00:00,REP,REP,False,,3.0,
PA,S6PA00274,"FETTERMAN, JOHN KARL",C00765800,1962346.71,2280352.2,1996681.1,1996681.1,22281.12,2026-03-31T00:00:00,DEM,DEM,False,,11.0,
PA,S6PA00274,"FETTERMAN, JOHN KARL",C00765800,7442913.67,5755576.9,2314686.59,2314686.59,5034.75,2024-12-31T00:00:00,DEM,DEM,False,,6.0,
PA,S6PA00274,"FETTERMAN, JOHN KARL",C00765800,76336560.56,75709210.74,627349.82,627349.82,3720.0,2022-12-31T00:00:00,DEM,DEM,True,highest_total_receipts,1.0,
PA,S6PA00274,"FETTERMAN, JOHN KARL",C00586578,0.0,0.0,-1335.0,-1335.0,0.0,2017-03-31T00:00:00,DEM,DEM,False,,23.0,
PA,S6PA00274,"FETTERMAN, JOHN KARL",C00586578,759764.0,761099.35,-1335.0,-1335.0,0.0,2016-12-31T00:00:00,DEM,DEM,False,,15.0,
WV,S6WV00188,"FETTY ANDERSON, RACHEL LEE",C00932459,18927.28,10017.1,15906.81,15906.81,0.0,2026-03-31T00:00:00,DEM,DEM,False,,14.0,
MD,S4MD00293,"FICKER, ROBIN",C00832733,26.6,225.0,0.0,0.0,0.0,2026-01-16T00:00:00,REP,REP,False,,7.0,
MD,S4MD00293,"FICKER, ROBIN",C00832733,4430739.88,4428872.48,198.4,198.4,0.0,2024-12-31T00:00:00,REP,REP,False,,2.0,
TN,S8TN00352,"FINCHER, STEPHEN",C00466854,41094.5,25292.1,1290626.87,1290626.87,0.0,2026-03-31T00:00:00,REP,REP,False,,35.0,
TN,S8TN00352,"FINCHER, STEPHEN",C00466854,23908.95,294876.28,1274824.47,1274824.47,0.0,2024-12-31T00:00:00,REP,REP,False,,38.0,
TN,S8TN00352,"FINCHER, STEPHEN",C00466854,9259.75,53045.03,1545791.8,1545791.8,0.0,2022-12-31T00:00:00,REP,REP,False,,41.0,
TN,S8TN00352,"FINCHER, STEPHEN",C00466854,13378.15,166999.91,1589577.08,1589577.08,0.0,2020-12-31T00:00:00,REP,REP,False,,39.0,
TN,S8TN00352,"FINCHER, STEPHEN",C00466854,1536681.7,2183069.86,1743198.84,1743198.84,0.0,2018-12-31T00:00:00,REP,REP,False,,21.0,
TN,S8TN00352,"FINCHER, STEPHEN",C00466854,521477.03,676252.83,2389553.6,2389553.6,0.0,2016-12-31T00:00:00,REP,REP,False,,33.0,
TN,S8TN00352,"FINCHER, STEPHEN",C00466854,1723988.37,629223.24,2544329.4,2544329.4,0.0,2014-12-31T00:00:00,REP,REP,False,,18.0,
TN,S8TN00352,"FINCHER, STEPHEN",C00466854,2251745.71,911702.99,1449567.21,1449567.21,0.0,2012-12-31T00:00:00,REP,REP,False,,12.0,
TN,S8TN00352,"FINCHER, STEPHEN",C00466854,2974526.46,2865001.97,109524.49,109524.49,51164.77,2010-12-31T00:00:00,REP,REP,False,,10.0,
IA,S2IA00164,"FINKENAUER, ABBY",C00785279,15065.71,19820.44,4718.44,4718.44,318625.32,2026-03-31T00:00:00,DEM,DEM,False,,12.0,
IA,S2IA00164,"FINKENAUER, ABBY",C00785279,86850.99,95308.84,9473.17,9473.17,321625.32,2024-12-31T00:00:00,DEM,DEM,False,,10.0,
IA,S2IA00164,"FINKENAUER, ABBY",C00785279,4204897.71,4186966.69,17931.02,17931.02,346567.99,2022-12-31T00:00:00,DEM,DEM,False,,3.0,
NE,S2NE00094,"FISCHER, DEBRA S.",C00498907,683790.62,401868.6,307133.85,307133.85,0.0,2026-03-31T00:00:00,REP,REP,False,,15.0,
NE,S2NE00094,"FISCHER, DEBRA S.",C00498907,6555361.2,7930346.81,25211.83,25211.83,95547.54,2024-12-31T00:00:00,REP,REP,False,,3.0,
NE,S2NE00094,"FISCHER, DEBRA S.",C00498907,1238406.34,666702.23,1400197.44,1400197.44,0.0,2022-12-31T00:00:00,REP,REP,False,,10.0,
NE,S2NE00094,"FISCHER, DEBRA S.",C00498907,894209.87,577333.44,828493.33,828493.33,0.0,2020-12-31T00:00:00,REP,REP,False,,14.0,
NE,S2NE00094,"FISCHER, DEBRA S.",C00498907,4508637.55,5015890.38,511616.9,511616.9,0.0,2018-12-31T00:00:00,REP,REP,False,,8.0,
NE,S2NE00094,"FISCHER, DEBRA S.",C00498907,1363483.0,449080.01,1018869.0,1018869.0,0.0,2016-12-31T00:00:00,REP,REP,False,,9.0,
NE,S2NE00094,"FISCHER, DEBRA S.",C00498907,577052.0,583197.0,104468.0,104468.0,0.0,2014-12-31T00:00:00,REP,REP,False,,16.0,
NE,S2NE00094,"FISCHER, DEBRA S.",C00498907,5283975.0,5176461.0,107514.0,107514.0,251392.0,2012-12-31T00:00:00,REP,REP,False,,5.0,
AZ,S2AZ00141,"FLAKE, JEFF",C00637181,1055737.0,1055736.0,0.0,0.0,0.0,2017-09-30T00:00:00,REP,REP,False,,14.0,
AZ,S2AZ00141,"FLAKE, JEFF",C00516997,40270.0,40268.0,0.0,0.0,0.0,2012-12-31T00:00:00,REP,REP,False,,35.0,
AZ,S2AZ00141,"FLAKE, JEFF",C00519801,55000.0,55000.0,0.0,0.0,0.0,2012-06-30T00:00:00,REP,REP,False,,32.0,
AZ,S2AZ00141,"FLAKE, JEFF",C00528687,706809.0,711809.0,0.0,0.0,0.0,2012-12-31T00:00:00,REP,REP,False,,19.0,
AZ,S2AZ00141,"FLAKE, JEFF",C00547489,1447068.06,1448009.84,0.0,0.0,0.0,2018-01-31T00:00:00,REP,REP,False,,10.0,
AZ,S2AZ00141,"FLAKE, JEFF",C00547489,53442.39,53365.6,941.78,941.78,0.0,2016-12-31T00:00:00,REP,REP,False,,33.0,
AZ,S2AZ00141,"FLAKE, JEFF",C00547489,51300.14,50435.15,864.99,864.99,0.0,2014-12-31T00:00:00,REP,REP,False,,34.0,
AZ,S2AZ00141,"FLAKE, JEFF",C00495077,2915126.62,2915126.62,0.0,0.0,0.0,2012-12-31T00:00:00,REP,REP,False,,7.0,
AZ,S2AZ00141,"FLAKE, JEFF",C00498576,164750.0,164750.0,0.0,0.0,0.0,2011-10-13T00:00:00,REP,REP,False,,30.0,
AZ,S2AZ00141,"FLAKE, JEFF",C00347260,0.0,8300.0,813052.48,813052.48,0.0,2026-03-31T00:00:00,REP,REP,False,,56.0,
AZ,S2AZ00141,"FLAKE, JEFF",C00347260,0.0,19842.4,821352.48,821352.48,0.0,2024-12-31T00:00:00,REP,REP,False,,57.0,
AZ,S2AZ00141,"FLAKE, JEFF",C00347260,0.0,253916.17,841194.88,841194.88,0.0,2022-12-31T00:00:00,REP,REP,False,,58.0,
AZ,S2AZ00141,"FLAKE, JEFF",C00347260,4140.04,30996.47,1095111.05,1095111.05,0.0,2020-12-31T00:00:00,REP,REP,False,,41.0,
AZ,S2AZ00141,"FLAKE, JEFF",C00347260,4147037.08,3605282.91,1121967.48,1121967.48,0.0,2018-12-31T00:00:00,REP,REP,False,,5.0,
AZ,S2AZ00141,"FLAKE, JEFF",C00347260,1012430.0,541821.0,580214.0,580214.0,0.0,2016-12-31T00:00:00,REP,REP,False,,15.0,
AZ,S2AZ00141,"FLAKE, JEFF",C00347260,477315.0,463704.0,109605.0,109605.0,0.0,2014-12-31T00:00:00,REP,REP,False,,25.0,
AZ,S2AZ00141,"FLAKE, JEFF",C00347260,9026951.0,9557420.0,95995.0,95995.0,0.0,2012-12-31T00:00:00,REP,REP,False,,4.0,
AZ,S2AZ00141,"FLAKE, JEFF",C00347260,538758.2,774230.95,627851.61,627851.61,0.0,2010-12-31T00:00:00,REP,REP,False,,24.0,
AZ,S2AZ00141,"FLAKE, JEFF",C00347260,1289324.86,845011.38,863325.27,863325.27,0.0,2008-12-31T00:00:00,REP,REP,False,,13.0,
AZ,S2AZ00141,"FLAKE, JEFF",C00347260,543620.78,272424.81,419036.79,419036.79,0.0,2006-12-31T00:00:00,REP,REP,False,,23.0,
AZ,S2AZ00141,"FLAKE, JEFF",C00347260,644792.73,675061.38,147120.22,147120.22,0.0,2004-12-31T00:00:00,REP,REP,False,,20.0,
AZ,S2AZ00141,"FLAKE, JEFF",C00347260,373430.54,265352.99,169588.87,169588.87,0.0,2002-12-31T00:00:00,REP,REP,False,,27.0,
AZ,S2AZ00141,"FLAKE, JEFF",C00347260,558483.0,505210.0,61511.0,61511.0,0.0,2000-12-31T00:00:00,REP,REP,False,,22.0,
AZ,S2AZ00141,"FLAKE, JEFF",C00652081,0.0,15200.0,0.0,0.0,0.0,2019-06-30T00:00:00,REP,REP,False,,59.0,
AZ,S2AZ00141,"FLAKE, JEFF",C00652081,445350.0,430150.0,15200.0,15200.0,0.0,2018-12-31T00:00:00,REP,REP,False,,26.0,
MN,S6MN00440,"FLANAGAN, MARGARET",C00897751,4646309.17,3502299.33,1144009.84,1144009.84,0.0,2026-03-31T00:00:00,DFL,OTHER,False,,4.0,
LA,S6LA00318,"FLEMING, JOHN C. JR.",C00597013,11227243.48,9076736.19,2169403.67,2169403.67,3654723.0,2026-03-31T00:00:00,REP,REP,False,,4.0,
LA,S6LA00318,"FLEMING, JOHN C. JR.",C00597013,36285.0,17446.39,18896.38,18896.38,528998.0,2024-12-31T00:00:00,REP,REP,False,,34.0,
LA,S6LA00318,"FLEMING, JOHN C. JR.",C00597013,0.0,15.0,57.77,57.77,498998.0,2022-12-31T00:00:00,REP,REP,False,,40.0,
LA,S6LA00318,"FLEMING, JOHN C. JR.",C00597013,0.0,30.0,72.77,72.77,498998.0,2020-12-31T00:00:00,REP,REP,False,,41.0,
LA,S6LA00318,"FLEMING, JOHN C. JR.",C00597013,10533.0,14562.62,102.77,102.77,498998.0,2018-12-31T00:00:00,REP,REP,False,,36.0,
LA,S6LA00318,"FLEMING, JOHN C. JR.",C00597013,5033352.0,5029217.0,4135.0,4135.0,500000.0,2016-12-31T00:00:00,REP,REP,False,,11.0,
CT,S2CT00264,"FLYNN, JOHN J",C00709964,18536.53,17679.61,9183.19,9183.19,0.0,2022-04-17T00:00:00,REP,REP,False,,4.0,
CT,S2CT00264,"FLYNN, JOHN J",C00709964,13360.11,60.0,13360.11,13360.11,0.0,2020-12-31T00:00:00,REP,REP,False,,5.0,
NE,S6NE00160,"FORBES, WILLIAM",C00943969,1000.0,1000.0,0.0,0.0,0.0,2026-04-22T00:00:00,DEM,DEM,False,,4.0,
PA,S4PA00287,"FORKNER, WILLIAM",C00848002,0.0,0.0,195.22,195.22,0.0,2025-04-15T00:00:00,DEM,DEM,False,,24.0,
PA,S4PA00287,"FORKNER, WILLIAM",C00848002,6008.97,11163.47,195.22,195.22,0.0,2024-12-31T00:00:00,DEM,DEM,False,,22.0,
KY,S6KY00328,"FORSYTHE, LOGAN",C00919811,46938.03,43805.16,3132.87,3132.87,0.0,2025-12-31T00:00:00,DEM,DEM,False,,9.0,
MN,S8MN00438,"FRANKEN, AL",C00570960,65586.96,410468.02,1401137.26,1401137.26,0.0,2026-03-31T00:00:00,DEM,DEM,False,,10.0,
MN,S8MN00438,"FRANKEN, AL",C00570960,139542.26,500944.25,1746018.32,1746018.32,0.0,2024-12-31T00:00:00,DEM,DEM,False,,9.0,
MN,S8MN00438,"FRANKEN, AL",C00570960,52612.09,561162.39,2107420.31,2107420.31,0.0,2022-12-31T00:00:00,DEM,DEM,False,,11.0,
MN,S8MN00438,"FRANKEN, AL",C00570960,39001.93,72586.13,2615970.61,2615970.61,0.0,2020-12-31T00:00:00,DEM,DEM,False,,13.0,
MN,S8MN00438,"FRANKEN, AL",C00570960,3695955.78,2376456.57,2649554.81,2649554.81,0.0,2018-12-31T00:00:00,DEM,DEM,False,,4.0,
MN,S8MN00438,"FRANKEN, AL",C00570960,3413609.0,2083551.0,1330056.0,1330056.0,0.0,2016-12-31T00:00:00,DEM,DEM,False,,5.0,
MN,S8MN00438,"FRANKEN, AL",C00570960,0.0,0.0,0.0,0.0,0.0,2014-12-31T00:00:00,DEM,DEM,False,,14.0,
IA,S2IA00172,"FRANKEN, MICHAEL T",C00791525,1073.33,52309.2,0.0,0.0,0.0,2024-12-31T00:00:00,DEM,DEM,False,,13.0,
IA,S2IA00172,"FRANKEN, MICHAEL T",C00791525,11468780.34,11417544.47,51235.87,51235.87,0.0,2022-12-31T00:00:00,DEM,DEM,False,,2.0,
MN,S4MN00510,"FRASER, JOSEPH",C00867705,30.0,9903.6,8693.3,8693.3,198898.57,2026-03-31T00:00:00,REP,REP,False,,20.0,
MN,S4MN00510,"FRASER, JOSEPH",C00867705,77212.83,58665.93,18546.9,18546.9,198898.57,2024-12-31T00:00:00,REP,REP,False,,10.0,
SC,S6SC04197,"FREEMAN, KYLE ODONNELL",C00888479,42972.0,42639.43,1235.87,1235.87,35940.2,2026-03-31T00:00:00,DEM,DEM,False,,8.0,
SC,S6SC04197,"FREEMAN, KYLE ODONNELL",C00888479,10503.3,9600.0,903.3,903.3,6500.0,2024-12-31T00:00:00,DEM,DEM,False,,11.0,
MD,S2MD00602,"FRIEND, LORIE R",C00814442,0.0,0.0,-2161.94,-2161.94,8692.25,2026-03-31T00:00:00,REP,REP,False,,8.0,
MD,S2MD00602,"FRIEND, LORIE R",C00814442,1417.35,5127.7,-2161.94,-2161.94,8692.25,2024-12-31T00:00:00,REP,REP,False,,6.0,
MD,S2MD00602,"FRIEND, LORIE R",C00814442,10338.6,9540.19,1548.41,1548.41,2369.33,2022-12-31T00:00:00,REP,REP,False,,4.0,
WV,S6WV00154,"GAASERUD, ALEXANDER",C00885459,3000.0,1740.0,1260.0,1260.0,3000.0,2026-03-31T00:00:00,REP,REP,False,,24.0,
WV,S6WV00154,"GAASERUD, ALEXANDER",C00885459,0.0,0.0,0.0,0.0,0.0,2024-12-31T00:00:00,REP,REP,False,,28.0,
AZ,S4AZ00139,"GALLEGO, RUBEN",C00558627,3825377.22,2108123.24,1928406.68,1928406.68,0.0,2026-03-31T00:00:00,DEM,DEM,False,,6.0,
AZ,S4AZ00139,"GALLEGO, RUBEN",C00558627,64657199.96,65722622.25,211152.7,211152.7,0.0,2024-12-31T00:00:00,DEM,DEM,False,,3.0,
AZ,S4AZ00139,"GALLEGO, RUBEN",C00558627,2933465.25,2273861.31,1276574.99,1276574.99,0.0,2022-12-31T00:00:00,DEM,DEM,False,,7.0,
AZ,S4AZ00139,"GALLEGO, RUBEN",C00558627,1826462.48,1668669.29,616971.05,616971.05,0.0,2020-12-31T00:00:00,DEM,DEM,False,,8.0,
AZ,S4AZ00139,"GALLEGO, RUBEN",C00558627,1029052.74,953135.67,459177.86,459177.86,0.0,2018-12-31T00:00:00,DEM,DEM,False,,10.0,
AZ,S4AZ00139,"GALLEGO, RUBEN",C00558627,1093477.4,734379.24,383260.79,383260.79,2500.0,2016-12-31T00:00:00,DEM,DEM,False,,9.0,
AZ,S4AZ00139,"GALLEGO, RUBEN",C00558627,936188.95,911026.32,24162.63,24162.63,16500.0,2014-12-31T00:00:00,DEM,DEM,False,,11.0,
WA,S4WA00581,"GARCIA, DR RAUL",C00844688,0.0,0.0,0.0,0.0,0.0,2025-01-02T00:00:00,REP,REP,False,,16.0,
WA,S4WA00581,"GARCIA, DR RAUL",C00844688,773708.95,773708.95,0.0,0.0,0.0,2024-12-31T00:00:00,REP,REP,True,highest_total_receipts,1.0,
VA,S4VA00239,"GARCIA, EDWARD",C00830026,0.0,40.5,4026.09,4026.09,162089.92,2026-03-31T00:00:00,REP,REP,False,,29.0,
VA,S4VA00239,"GARCIA, EDWARD",C00830026,328243.77,348670.28,4066.59,4066.59,162089.92,2024-12-31T00:00:00,REP,REP,False,,8.0,
VA,S4VA00239,"GARCIA, EDWARD",C00830026,32725.0,8231.9,24493.1,24493.1,30000.0,2022-12-31T00:00:00,REP,REP,False,,18.0,
CA,S4CA00803,"GARVEY, STEVE",C00852897,118.08,32626.79,548460.52,548460.52,0.0,2026-03-31T00:00:00,REP,REP,False,,16.0,
CA,S4CA00407,"GARY-PANDOL, DENICE LYN MS.",C00809384,0.0,0.0,456.44,456.44,11624.14,2026-03-31T00:00:00,REP,REP,False,,18.0,
CA,S4CA00407,"GARY-PANDOL, DENICE LYN MS.",C00809384,101984.99,111045.3,456.44,456.44,11624.14,2024-12-31T00:00:00,REP,REP,False,,8.0,
CA,S4CA00407,"GARY-PANDOL, DENICE LYN MS.",C00809384,27424.32,17907.57,9516.75,9516.75,4583.4,2022-12-31T00:00:00,REP,REP,False,,10.0,
ME,S0ME00111,"GIDEON, SARA",C00709899,55104.97,1135824.25,2680700.74,2680700.74,0.0,2026-03-31T00:00:00,DEM,DEM,False,,10.0,
ME,S0ME00111,"GIDEON, SARA",C00709899,261781.51,1171682.94,3761420.02,3761420.02,0.0,2024-12-31T00:00:00,DEM,DEM,False,,6.0,
ME,S0ME00111,"GIDEON, SARA",C00709899,1172814.27,8060997.24,4671321.45,4671321.45,0.0,2022-12-31T00:00:00,DEM,DEM,False,,4.0,
ME,S0ME00111,"GIDEON, SARA",C00709899,75629137.16,64069682.74,11559504.42,11559504.42,0.0,2020-12-31T00:00:00,DEM,DEM,True,highest_total_receipts,1.0,
WA,S4WA00599,"GIESICK, PAUL LAWRENCE",C00846394,0.0,6910.2,210.0,210.0,0.0,2024-07-22T00:00:00,DEM,DEM,False,,33.0,
CA,S4CA00845,"GILANI, SEPI",C00854109,0.0,659.88,1545.4,1545.4,0.0,2026-03-31T00:00:00,DEM,DEM,False,,37.0,
CA,S4CA00845,"GILANI, SEPI",C00854109,13764.0,11558.72,2205.28,2205.28,0.0,2024-12-31T00:00:00,DEM,DEM,False,,31.0,
NY,S0NY00410,"GILLIBRAND, KIRSTEN",C00413914,2198878.25,946803.49,1967801.67,1967801.67,0.0,2026-03-31T00:00:00,DEM,DEM,False,,21.0,
NY,S0NY00410,"GILLIBRAND, KIRSTEN",C00413914,9798986.57,14135378.85,715726.91,715726.91,0.0,2024-12-31T00:00:00,DEM,DEM,False,,12.0,
NY,S0NY00410,"GILLIBRAND, KIRSTEN",C00413914,4156067.42,846374.27,5052119.19,5052119.19,0.0,2022-12-31T00:00:00,DEM,DEM,False,,17.0,
NY,S0NY00410,"GILLIBRAND, KIRSTEN",C00413914,1767104.89,10340080.93,1742426.04,1742426.04,0.0,2020-12-31T00:00:00,DEM,DEM,False,,24.0,
NY,S0NY00410,"GILLIBRAND, KIRSTEN",C00413914,17940045.06,9891306.99,10315402.08,10315402.08,0.0,2018-12-31T00:00:00,DEM,DEM,False,,3.0,
NY,S0NY00410,"GILLIBRAND, KIRSTEN",C00413914,1804566.0,1197344.0,2266662.0,2266662.0,0.0,2016-12-31T00:00:00,DEM,DEM,False,,23.0,
NY,S0NY00410,"GILLIBRAND, KIRSTEN",C00413914,1137776.0,1452305.0,1659439.0,1659439.0,0.0,2014-12-31T00:00:00,DEM,DEM,False,,26.0,
NY,S0NY00410,"GILLIBRAND, KIRSTEN",C00413914,15735457.0,14257872.0,1973971.0,1973971.0,0.0,2012-12-31T00:00:00,DEM,DEM,False,,6.0,
NY,S0NY00410,"GILLIBRAND, KIRSTEN",C00413914,13449052.0,13155189.0,496384.0,496384.0,0.0,2010-12-31T00:00:00,DEM,DEM,False,,7.0,
NY,S0NY00410,"GILLIBRAND, KIRSTEN",C00413914,4649656.96,4489397.18,202521.0,202521.0,0.0,2008-12-31T00:00:00,DEM,DEM,False,,16.0,
NY,S0NY00410,"GILLIBRAND, KIRSTEN",C00413914,2639161.98,2596899.96,42262.02,42262.02,67970.01,2006-12-31T00:00:00,DEM,DEM,False,,20.0,
FL,S6FL00848,"GLEASON, CHRISTOPHER",C00936534,3429.73,129.73,3300.0,3300.0,0.0,2026-03-31T00:00:00,REP,REP,False,,26.0,
UT,S4UT00308,"GLEICH, CAROLINE",C00865253,0.0,24810.26,0.0,0.0,0.0,2025-02-20T00:00:00,DEM,DEM,False,,4.0,
UT,S4UT00308,"GLEICH, CAROLINE",C00865253,1236418.9,1211608.64,24810.26,24810.26,11504.01,2024-12-31T00:00:00,DEM,DEM,True,highest_total_receipts,1.0,
TX,S4TX00771,"GOMEZ, MERI LIZET MS.",C00847129,5360.0,5540.32,1.68,1.68,0.0,2024-06-30T00:00:00,DEM,DEM,False,,22.0,
TX,S4TX00771,"GOMEZ, MERI LIZET MS.",C00847129,11584.01,11702.0,1.68,1.68,0.0,2024-06-30T00:00:00,DEM,DEM,False,,18.0,
CO,S6CO00499,"GONZALES, JULIE",C00929794,443494.98,329433.96,114061.02,114061.02,0.0,2026-03-31T00:00:00,DEM,DEM,False,,14.0,
TX,S4TX00789,"GONZALEZ, MARK A",C00849661,14967.44,11659.51,3307.93,3307.93,0.0,2024-02-14T00:00:00,DEM,DEM,False,,17.0,
IL,S6IL00425,"GOODMAN, JOHN",C00897652,28555.42,22855.91,5699.51,5699.51,8362.0,2025-09-30T00:00:00,REP,REP,False,,14.0,
NV,S4NV00312,"GRADY, TONY",C00847582,0.0,0.0,97.37,97.37,0.0,2026-03-31T00:00:00,REP,REP,False,,23.0,
NV,S4NV00312,"GRADY, TONY",C00847582,291015.11,290917.74,97.37,97.37,0.0,2024-12-31T00:00:00,REP,REP,False,,7.0,
SC,S0SC00149,"GRAHAM, LINDSEY O.",C00458828,5928622.17,9938630.67,11613608.79,11613608.79,0.0,2026-03-31T00:00:00,REP,REP,False,,10.0,
SC,S0SC00149,"GRAHAM, LINDSEY O.",C00458828,4534983.47,3559491.56,15623617.29,15623617.29,0.0,2024-12-31T00:00:00,REP,REP,False,,12.0,
SC,S0SC00149,"GRAHAM, LINDSEY O.",C00458828,10224566.87,8067899.24,14648125.38,14648125.38,0.0,2022-12-31T00:00:00,REP,REP,False,,4.0,
SC,S0SC00149,"GRAHAM, LINDSEY O.",C00458828,107740149.28,98449650.73,12491457.75,12491457.75,0.0,2020-12-31T00:00:00,REP,REP,True,highest_total_receipts,1.0,
SC,S0SC00149,"GRAHAM, LINDSEY O.",C00458828,3978947.72,1234110.66,3200959.2,3200959.2,0.0,2018-12-31T00:00:00,REP,REP,False,,14.0,
SC,S0SC00149,"GRAHAM, LINDSEY O.",C00458828,565694.0,2504563.0,456122.0,456122.0,0.0,2016-12-31T00:00:00,REP,REP,False,,19.0,
SC,S0SC00149,"GRAHAM, LINDSEY O.",C00458828,8061663.0,10079198.0,2394990.0,2394990.0,0.0,2014-12-31T00:00:00,REP,REP,False,,7.0,
SC,S0SC00149,"GRAHAM, LINDSEY O.",C00458828,2313708.0,709860.0,4412522.0,4412522.0,0.0,2012-12-31T00:00:00,REP,REP,False,,16.0,
SC,S0SC00149,"GRAHAM, LINDSEY O.",C00458828,3368436.0,559763.0,2808675.0,2808675.0,0.0,2010-12-31T00:00:00,REP,REP,False,,15.0,
IA,S0IA00028,"GRASSLEY, CHARLES E",C00230482,208905.54,250920.98,290885.5,290885.5,0.0,2026-03-31T00:00:00,REP,REP,False,,32.0,
IA,S0IA00028,"GRASSLEY, CHARLES E",C00230482,770100.5,878623.44,332900.94,332900.94,0.0,2024-12-31T00:00:00,REP,REP,False,,21.0,
IA,S0IA00028,"GRASSLEY, CHARLES E",C00230482,9533640.63,10930808.73,441423.88,441423.88,0.0,2022-12-31T00:00:00,REP,REP,False,,3.0,
IA,S0IA00028,"GRASSLEY, CHARLES E",C00230482,1222135.02,288518.93,1838591.98,1838591.98,0.0,2020-12-31T00:00:00,REP,REP,False,,19.0,
IA,S0IA00028,"GRASSLEY, CHARLES E",C00230482,375909.45,477088.29,904975.89,904975.89,0.0,2018-12-31T00:00:00,REP,REP,False,,29.0,
IA,S0IA00028,"GRASSLEY, CHARLES E",C00230482,8954942.0,9787434.0,1006156.0,1006156.0,0.0,2016-12-31T00:00:00,REP,REP,False,,4.0,
IA,S0IA00028,"GRASSLEY, CHARLES E",C00230482,666017.0,386680.0,1838647.0,1838647.0,13216.0,2014-12-31T00:00:00,REP,REP,False,,23.0,
IA,S0IA00028,"GRASSLEY, CHARLES E",C00230482,323620.0,630555.0,1559311.0,1559311.0,13216.0,2012-12-31T00:00:00,REP,REP,False,,30.0,
IA,S0IA00028,"GRASSLEY, CHARLES E",C00230482,5762828.0,6749896.0,1866244.0,1866244.0,13216.0,2010-12-31T00:00:00,REP,REP,False,,7.0,
IA,S0IA00028,"GRASSLEY, CHARLES E",C00230482,1355137.0,490107.0,2853311.0,2853311.0,13216.0,2008-12-31T00:00:00,REP,REP,False,,18.0,
IA,S0IA00028,"GRASSLEY, CHARLES E",C00230482,583218.0,557513.0,1988282.0,1988282.0,13216.0,2006-12-31T00:00:00,REP,REP,False,,25.0,
IA,S0IA00028,"GRASSLEY, CHARLES E",C00230482,5656165.0,6403445.0,1962578.0,1962578.0,122804.0,2004-12-31T00:00:00,REP,REP,False,,8.0,
IA,S0IA00028,"GRASSLEY, CHARLES E",C00230482,1530812.0,516748.0,2709856.0,2709856.0,0.0,2002-12-31T00:00:00,REP,REP,False,,17.0,
IA,S0IA00028,"GRASSLEY, CHARLES E",C00230482,452608.0,367543.0,1695792.0,1695792.0,,2000-12-31T00:00:00,REP,REP,False,,28.0,
IA,S0IA00028,"GRASSLEY, CHARLES E",C00230482,3304317.0,2773315.0,1610727.0,1610727.0,0.0,1998-12-31T00:00:00,REP,REP,False,,11.0,
IA,S0IA00028,"GRASSLEY, CHARLES E",C00230482,462973.0,121164.0,1079526.0,1079526.0,,1996-12-31T00:00:00,REP,REP,False,,27.0,
IA,S0IA00028,"GRASSLEY, CHARLES E",C00230482,734648.0,198197.0,737717.0,737717.0,,1994-12-31T00:00:00,REP,REP,False,,22.0,
IA,S0IA00028,"GRASSLEY, CHARLES E",C00230482,2412554.0,2307552.0,198995.0,198995.0,0.0,1992-12-31T00:00:00,REP,REP,False,,13.0,
IA,S0IA00028,"GRASSLEY, CHARLES E",C00230482,150898.0,56906.0,93992.0,93992.0,0.0,1990-12-31T00:00:00,REP,REP,False,,33.0,
IA,S0IA00028,"GRASSLEY, CHARLES E",C00230482,0.0,0.0,0.0,0.0,0.0,1988-12-31T00:00:00,REP,REP,False,,37.0,
FL,S2FL00581,"GRAYSON, ALAN MARK",C00424713,178051.99,178581.66,126388.14,126388.14,3913494.64,2026-03-31T00:00:00,DEM,DEM,False,,27.0,
FL,S2FL00581,"GRAYSON, ALAN MARK",C00424713,833762.1,712703.63,126917.81,126917.81,3831353.65,2024-12-31T00:00:00,DEM,DEM,False,,18.0,
FL,S2FL00581,"GRAYSON, ALAN MARK",C00424713,932792.43,927644.31,9114.41,9114.41,3485755.7,2022-12-31T00:00:00,DEM,DEM,False,,16.0,
FL,S2FL00581,"GRAYSON, ALAN MARK",C00424713,101228.05,84952.31,718439.5,718439.5,2536913.88,2020-12-31T00:00:00,DEM,DEM,False,,29.0,
FL,S2FL00581,"GRAYSON, ALAN MARK",C00424713,1042636.51,642969.39,702173.76,702173.76,2555299.96,2018-12-31T00:00:00,DEM,DEM,False,,14.0,
FL,S2FL00581,"GRAYSON, ALAN MARK",C00424713,5015322.86,5008223.42,52432.04,52432.04,2377973.52,2016-12-31T00:00:00,DEM,DEM,False,,7.0,
FL,S2FL00581,"GRAYSON, ALAN MARK",C00424713,3405575.83,3402601.42,45332.6,45332.6,2329414.25,2014-12-31T00:00:00,DEM,DEM,False,,9.0,
FL,S2FL00581,"GRAYSON, ALAN MARK",C00424713,5394199.71,5352174.02,42358.19,42358.19,2203890.45,2012-12-31T00:00:00,DEM,DEM,False,,5.0,
FL,S2FL00581,"GRAYSON, ALAN MARK",C00424713,6041742.11,5573271.75,332.5,332.5,1342359.34,2010-12-31T00:00:00,DEM,DEM,False,,3.0,
FL,S2FL00581,"GRAYSON, ALAN MARK",C00424713,3136467.21,3208028.05,6001.13,6001.13,1001661.42,2008-12-31T00:00:00,DEM,DEM,False,,11.0,
FL,S2FL00581,"GRAYSON, ALAN MARK",C00424713,730148.53,727586.56,77561.97,77561.97,351338.75,2006-12-31T00:00:00,DEM,DEM,False,,20.0,
FL,S6FL00376,"GRAYSON, ALAN MARK",C00424713,178051.99,178581.66,126388.14,126388.14,3913494.64,2026-03-31T00:00:00,DEM,DEM,False,,28.0,
FL,S6FL00376,"GRAYSON, ALAN MARK",C00424713,833762.1,712703.63,126917.81,126917.81,3831353.65,2024-12-31T00:00:00,DEM,DEM,False,,19.0,
FL,S6FL00376,"GRAYSON, ALAN MARK",C00424713,932792.43,927644.31,9114.41,9114.41,3485755.7,2022-12-31T00:00:00,DEM,DEM,False,,17.0,
FL,S6FL00376,"GRAYSON, ALAN MARK",C00424713,101228.05,84952.31,718439.5,718439.5,2536913.88,2020-12-31T00:00:00,DEM,DEM,False,,30.0,
FL,S6FL00376,"GRAYSON, ALAN MARK",C00424713,1042636.51,642969.39,702173.76,702173.76,2555299.96,2018-12-31T00:00:00,DEM,DEM,False,,15.0,
FL,S6FL00376,"GRAYSON, ALAN MARK",C00424713,5015322.86,5008223.42,52432.04,52432.04,2377973.52,2016-12-31T00:00:00,DEM,DEM,False,,8.0,
FL,S6FL00376,"GRAYSON, ALAN MARK",C00424713,3405575.83,3402601.42,45332.6,45332.6,2329414.25,2014-12-31T00:00:00,DEM,DEM,False,,10.0,
FL,S6FL00376,"GRAYSON, ALAN MARK",C00424713,5394199.71,5352174.02,42358.19,42358.19,2203890.45,2012-12-31T00:00:00,DEM,DEM,False,,6.0,
FL,S6FL00376,"GRAYSON, ALAN MARK",C00424713,6041742.11,5573271.75,332.5,332.5,1342359.34,2010-12-31T00:00:00,DEM,DEM,False,,4.0,
FL,S6FL00376,"GRAYSON, ALAN MARK",C00424713,3136467.21,3208028.05,6001.13,6001.13,1001661.42,2008-12-31T00:00:00,DEM,DEM,False,,12.0,
FL,S6FL00376,"GRAYSON, ALAN MARK",C00424713,730148.53,727586.56,77561.97,77561.97,351338.75,2006-12-31T00:00:00,DEM,DEM,False,,21.0,
IA,S0IA00176,"GREENFIELD, THERESA",C00708164,0.0,40984.9,123723.68,123723.68,0.0,2026-03-31T00:00:00,DEM,DEM,False,,15.0,
IA,S0IA00176,"GREENFIELD, THERESA",C00708164,300.0,2757.74,164708.58,164708.58,0.0,2024-12-31T00:00:00,DEM,DEM,False,,14.0,
IA,S0IA00176,"GREENFIELD, THERESA",C00708164,468934.96,332004.97,167166.32,167166.32,0.0,2022-12-31T00:00:00,DEM,DEM,False,,7.0,
IA,S0IA00176,"GREENFIELD, THERESA",C00708164,56358302.21,56328075.88,30236.33,30236.33,188223.01,2020-12-31T00:00:00,DEM,DEM,True,highest_total_receipts,1.0,
OK,S6OK04171,"GREEN, TROY WESLEY",C00918607,22600.36,15373.35,7227.01,7227.01,0.0,2026-03-31T00:00:00,DEM,DEM,False,,6.0,
MO,S2MO00536,"GREITENS, ERIC",C00774059,0.0,0.0,0.0,0.0,76963.5,2026-03-31T00:00:00,REP,REP,False,,65.0,
MO,S2MO00536,"GREITENS, ERIC",C00774059,5081.0,17860.47,0.0,0.0,76963.5,2024-12-31T00:00:00,REP,REP,False,,48.0,
MO,S2MO00536,"GREITENS, ERIC",C00774059,2310820.4,2298040.93,12779.47,12779.47,116453.04,2022-12-31T00:00:00,REP,REP,False,,8.0,
MA,S4MA00333,"GRIFFIN, BRANDON JAMES",C00849984,2999.01,1261.93,1737.08,1737.08,0.0,2024-03-31T00:00:00,OTH,OTHER,False,,8.0,
MA,S4MA00325,"GRIFFIN, BRANDON JAMES",C00849984,2999.01,1261.93,1737.08,1737.08,0.0,2024-03-31T00:00:00,OTH,OTHER,False,,9.0,
NV,S4NV00304,"GUNTER, JEFF DR",C00847418,2047.52,1207.62,8264.3,8264.3,2763394.15,2026-03-31T00:00:00,REP,REP,False,,18.0,
NV,S4NV00304,"GUNTER, JEFF DR",C00847418,3468774.36,3461349.96,7424.4,7424.4,2763394.15,2024-12-31T00:00:00,REP,REP,False,,3.0,
TX,S4TX00755,"GUTIERREZ, ROLAND",C00844977,0.0,90.0,294.83,294.83,0.0,2026-03-31T00:00:00,DEM,DEM,False,,26.0,
TX,S4TX00755,"GUTIERREZ, ROLAND",C00844977,1446695.19,1446942.57,384.83,384.83,0.0,2024-12-31T00:00:00,DEM,DEM,False,,7.0,
OH,S6OH00155,"HACKETT, PAUL III",C00415745,11229.92,4523.33,13898.22,13898.22,104362.14,2026-03-31T00:00:00,DEM,DEM,False,,11.0,
OH,S6OH00155,"HACKETT, PAUL III",C00415745,12229.92,5533.0,0.0,0.0,72146.0,2024-12-31T00:00:00,DEM,DEM,False,,8.0,
OH,S6OH00155,"HACKETT, PAUL III",C00415745,6114.96,2766.5,0.0,0.0,72146.0,2022-12-31T00:00:00,DEM,DEM,False,,12.0,
OH,S6OH00155,"HACKETT, PAUL III",C00415745,12228.96,5532.17,0.0,0.0,72146.0,2020-12-31T00:00:00,DEM,DEM,False,,9.0,
OH,S6OH00155,"HACKETT, PAUL III",C00415745,12228.0,5530.0,0.0,0.0,72146.0,2018-12-31T00:00:00,DEM,DEM,False,,10.0,
OH,S6OH00155,"HACKETT, PAUL III",C00415745,1000.0,1009.0,0.0,0.0,72146.0,2016-12-31T00:00:00,DEM,DEM,False,,15.0,
OH,S6OH00155,"HACKETT, PAUL III",C00415745,0.0,0.0,0.0,0.0,72888.0,2014-12-31T00:00:00,DEM,DEM,False,,16.0,
OH,S6OH00155,"HACKETT, PAUL III",C00415745,0.0,0.0,0.0,0.0,72996.0,2012-12-31T00:00:00,DEM,DEM,False,,17.0,
OH,S6OH00155,"HACKETT, PAUL III",C00415745,0.0,0.0,0.0,0.0,72996.0,2010-12-31T00:00:00,DEM,DEM,False,,18.0,
OH,S6OH00155,"HACKETT, PAUL III",C00415745,25887.0,36423.0,0.0,0.0,72146.0,2008-12-31T00:00:00,DEM,DEM,False,,7.0,
OH,S6OH00155,"HACKETT, PAUL III",C00415745,982039.0,971497.0,10540.0,10540.0,105313.0,2006-12-31T00:00:00,DEM,DEM,False,,3.0,
WY,S6WY00209,"HAGEMAN, HARRIET",C00788943,1555542.88,1278925.42,1159580.5,1159580.5,0.0,2026-03-31T00:00:00,REP,REP,False,,9.0,
WY,S6WY00209,"HAGEMAN, HARRIET",C00788943,3070024.92,2461850.85,882963.04,882963.04,0.0,2024-12-31T00:00:00,REP,REP,False,,5.0,
WY,S6WY00209,"HAGEMAN, HARRIET",C00788943,5737078.7,5462289.73,274788.97,274788.97,0.0,2022-12-31T00:00:00,REP,REP,False,,2.0,
TN,S0TN00169,"HAGERTY, BILL",C00718627,5880481.66,2133071.28,5674879.45,5674879.45,0.0,2026-03-31T00:00:00,REP,REP,False,,6.0,
TN,S0TN00169,"HAGERTY, BILL",C00718627,4906088.81,3899198.57,1927469.07,1927469.07,0.0,2024-12-31T00:00:00,REP,REP,False,,7.0,
TN,S0TN00169,"HAGERTY, BILL",C00718627,3898661.75,3033141.51,920578.83,920578.83,1905000.0,2022-12-31T00:00:00,REP,REP,False,,8.0,
TN,S0TN00169,"HAGERTY, BILL",C00718627,15772577.38,15717518.79,55058.59,55058.59,3028444.75,2020-12-31T00:00:00,REP,REP,True,highest_total_receipts,1.0,
CA,S2CA01185,"HALL, MYRON LOUIS DR.",C00801654,0.0,0.0,1969.16,1969.16,85760.0,2024-09-30T00:00:00,REP,REP,False,,19.0,
CA,S2CA01185,"HALL, MYRON LOUIS DR.",C00801654,106055.54,104086.38,1969.16,1969.16,85760.0,2022-12-31T00:00:00,REP,REP,False,,6.0,
UT,S2UT00377,"HAMBLIN, LAIRD",C00797779,0.0,0.0,122.92,122.92,0.0,2026-03-31T00:00:00,DEM,DEM,False,,5.0,
UT,S2UT00377,"HAMBLIN, LAIRD",C00797779,170.0,41.24,122.92,122.92,0.0,2024-12-31T00:00:00,DEM,DEM,False,,2.0,
UT,S2UT00377,"HAMBLIN, LAIRD",C00797779,111.0,72.0,39.0,39.0,0.0,2022-12-31T00:00:00,DEM,DEM,False,,3.0,
KS,S0KS00349,"HAMILTON, BOB",C00743153,0.0,0.0,0.0,0.0,1150.0,2026-03-31T00:00:00,REP,REP,False,,25.0,
KS,S0KS00349,"HAMILTON, BOB",C00743153,0.0,0.0,0.0,0.0,1150.0,2024-12-31T00:00:00,REP,REP,False,,26.0,
KS,S0KS00349,"HAMILTON, BOB",C00743153,6357.14,53127.26,0.0,0.0,1150.0,2022-12-31T00:00:00,REP,REP,False,,24.0,
KS,S0KS00349,"HAMILTON, BOB",C00743153,3977673.76,3930903.64,46770.12,46770.12,3751150.0,2020-12-31T00:00:00,REP,REP,False,,6.0,
FL,S6FL00632,"HAMILTON, MICHAELANGELO COLLINS",C00874420,0.0,0.0,0.0,0.0,0.0,2024-03-31T00:00:00,REP,REP,False,,34.0,
NJ,S4NJ00458,"HAMM, LARRY LEE",C00851352,25362.0,11424.35,13937.65,13937.65,700.0,2024-03-31T00:00:00,DEM,DEM,False,,33.0,
MN,S6MN00531,"HANN, DAVID W",C00932954,133465.26,133465.26,0.0,0.0,0.0,2026-04-29T00:00:00,REP,REP,False,,8.0,
DE,S4DE00094,"HANSEN, ERIC",C00853788,0.0,0.0,0.0,0.0,0.0,2025-01-09T00:00:00,REP,REP,False,,14.0,
DE,S4DE00094,"HANSEN, ERIC",C00853788,1015951.4,1015951.4,0.0,0.0,118000.0,2024-12-31T00:00:00,REP,REP,False,,2.0,
MI,S4MI00553,"HARPER, FRANK EUGENE HILL",C00844985,3149518.74,3149518.74,0.0,0.0,789999.1,2024-10-16T00:00:00,DEM,DEM,False,,17.0,
IL,S6IL00680,"HARRINGTON, WHITFIELD MR JR",C00931428,31662.4,7626.64,24035.76,24035.76,10000.0,2026-03-31T00:00:00,IND,OTHER,False,,1.0,
SC,S0SC00289,"HARRISON, JAIME",C00696153,34199.09,507792.81,234507.96,234507.96,0.0,2026-03-31T00:00:00,DEM,DEM,False,,9.0,
SC,S0SC00289,"HARRISON, JAIME",C00696153,985737.15,1728654.77,708101.68,708101.68,0.0,2024-12-31T00:00:00,DEM,DEM,False,,4.0,
SC,S0SC00289,"HARRISON, JAIME",C00696153,1904715.84,965418.91,1274723.6,1274723.6,0.0,2022-12-31T00:00:00,DEM,DEM,False,,3.0,
SC,S0SC00289,"HARRISON, JAIME",C00696153,132685669.57,132350242.9,335426.67,335426.67,2266.0,2020-12-31T00:00:00,DEM,DEM,True,highest_total_receipts,1.0,
MO,S2MO00742,"HARRIS, RONALD",C00815001,100.0,126.0,4.22,4.22,9520.02,2026-03-06T00:00:00,DEM,DEM,False,,63.0,
MO,S2MO00742,"HARRIS, RONALD",C00815001,200.0,216.0,30.22,30.22,9420.02,2024-12-31T00:00:00,DEM,DEM,False,,62.0,
MO,S2MO00742,"HARRIS, RONALD",C00815001,7974.84,7928.62,46.22,46.22,9220.02,2022-12-31T00:00:00,DEM,DEM,False,,57.0,
KS,S6KS00304,"HART, JASON",C00942391,10741.42,5372.27,5369.15,5369.15,4111.53,2026-03-31T00:00:00,DEM,DEM,False,,11.0,
CO,S6CO00473,"HASLEY, BRASHAD D",C00916403,20335.73,20335.73,0.0,0.0,0.0,2026-02-11T00:00:00,DEM,DEM,False,,17.0,
TX,S4TX00821,"HASSAN, AHMAD",C00866020,2440.0,9655.18,-781.22,-781.22,0.0,2024-03-27T00:00:00,DEM,DEM,False,,23.0,
NH,S6NH00091,"HASSAN, MARGARET WOOD",C00588772,1982475.86,1437212.77,1495997.46,1495997.46,0.0,2026-03-31T00:00:00,DEM,DEM,False,,13.0,
NH,S6NH00091,"HASSAN, MARGARET WOOD",C00588772,2900607.97,2073973.73,950734.37,950734.37,0.0,2024-12-31T00:00:00,DEM,DEM,False,,11.0,
NH,S6NH00091,"HASSAN, MARGARET WOOD",C00588772,37045597.33,39201166.63,124100.13,124100.13,357101.35,2022-12-31T00:00:00,DEM,DEM,True,highest_total_receipts,1.0,
NH,S6NH00091,"HASSAN, MARGARET WOOD",C00588772,3902064.16,2033300.97,2279669.43,2279669.43,0.0,2020-12-31T00:00:00,DEM,DEM,False,,9.0,
NH,S6NH00091,"HASSAN, MARGARET WOOD",C00588772,1285289.17,1007835.29,410906.24,410906.24,0.0,2018-12-31T00:00:00,DEM,DEM,False,,15.0,
NH,S6NH00091,"HASSAN, MARGARET WOOD",C00588772,18698223.0,18564772.0,133450.0,133450.0,0.0,2016-12-31T00:00:00,DEM,DEM,False,,2.0,
UT,S4UT00290,"HATCH, BRENT ORRIN",C00864629,1264246.3,1264246.3,0.0,0.0,311236.55,2024-12-31T00:00:00,REP,REP,False,,12.0,
MO,S8MO00160,"HAWLEY, JOSHUA DAVID SEN",C00652727,1518950.76,917519.64,899694.0,899694.0,0.0,2026-03-31T00:00:00,REP,REP,False,,16.0,
MO,S8MO00160,"HAWLEY, JOSHUA DAVID SEN",C00652727,13808806.06,17492872.3,298262.88,298262.88,0.0,2024-12-31T00:00:00,REP,REP,True,highest_total_receipts,1.0,
MO,S8MO00160,"HAWLEY, JOSHUA DAVID SEN",C00652727,11477018.76,8933405.75,3982329.12,3982329.12,0.0,2022-12-31T00:00:00,REP,REP,False,,3.0,
MO,S8MO00160,"HAWLEY, JOSHUA DAVID SEN",C00652727,2182461.6,1219260.62,1438716.11,1438716.11,0.0,2020-12-31T00:00:00,REP,REP,False,,11.0,
MO,S8MO00160,"HAWLEY, JOSHUA DAVID SEN",C00652727,11946032.34,11470516.96,475515.13,475515.13,0.0,2018-12-31T00:00:00,REP,REP,False,,2.0,
AZ,S0AZ00251,"HAYWORTH, JD",C00474825,0.0,0.0,0.0,0.0,27761.1,2026-03-31T00:00:00,REP,REP,False,,60.0,
AZ,S0AZ00251,"HAYWORTH, JD",C00474825,0.0,0.0,0.0,0.0,27761.1,2024-12-31T00:00:00,REP,REP,False,,61.0,
AZ,S0AZ00251,"HAYWORTH, JD",C00474825,0.0,0.0,0.0,0.0,27761.1,2022-12-31T00:00:00,REP,REP,False,,62.0,
AZ,S0AZ00251,"HAYWORTH, JD",C00474825,0.0,0.0,0.0,0.0,27761.1,2020-12-31T00:00:00,REP,REP,False,,63.0,
AZ,S0AZ00251,"HAYWORTH, JD",C00474825,0.0,0.0,0.0,0.0,27761.1,2018-12-31T00:00:00,REP,REP,False,,64.0,
AZ,S0AZ00251,"HAYWORTH, JD",C00474825,0.0,0.0,0.0,0.0,27761.1,2016-12-31T00:00:00,REP,REP,False,,65.0,
AZ,S0AZ00251,"HAYWORTH, JD",C00474825,3.57,5600.85,0.0,0.0,27761.1,2014-12-31T00:00:00,REP,REP,False,,55.0,
AZ,S0AZ00251,"HAYWORTH, JD",C00474825,2620.67,104581.06,5597.28,5597.28,27761.1,2012-12-31T00:00:00,REP,REP,False,,44.0,
PA,S4PA00352,"HAZOU, LEILA",C00889030,0.0,0.0,0.0,0.0,0.0,2024-09-30T00:00:00,GRE,OTHER,False,,2.0,
PA,S4PA00345,"HAZOU, LEILA",C00889030,0.0,0.0,0.0,0.0,0.0,2024-09-30T00:00:00,GRE,OTHER,False,,3.0,
TX,S0TX00233,"HEGAR, MARY JENNINGS MJ",C00649350,0.0,714.95,-197.7,-197.7,0.0,2026-03-31T00:00:00,DEM,DEM,False,,27.0,
TX,S0TX00233,"HEGAR, MARY JENNINGS MJ",C00649350,0.0,38891.57,9582.6,9582.6,0.0,2024-12-31T00:00:00,DEM,DEM,False,,28.0,
TX,S0TX00233,"HEGAR, MARY JENNINGS MJ",C00649350,232569.26,270845.59,48288.47,48288.47,0.0,2022-12-31T00:00:00,DEM,DEM,False,,9.0,
TX,S0TX00233,"HEGAR, MARY JENNINGS MJ",C00649350,29597569.83,29558486.93,86564.8,86564.8,0.0,2020-12-31T00:00:00,DEM,DEM,False,,2.0,
TX,S0TX00233,"HEGAR, MARY JENNINGS MJ",C00649350,5122102.12,5069600.64,47481.9,47481.9,0.0,2018-12-31T00:00:00,DEM,DEM,False,,6.0,
NM,S2NM00088,"HEINRICH, MARTIN",C00434563,1211120.87,1053651.63,477020.39,477020.39,0.0,2026-03-31T00:00:00,DEM,DEM,False,,16.0,
NM,S2NM00088,"HEINRICH, MARTIN",C00434563,10731410.2,11549995.0,319551.15,319551.15,0.0,2024-12-31T00:00:00,DEM,DEM,True,highest_total_receipts,1.0,
NM,S2NM00088,"HEINRICH, MARTIN",C00434563,1818160.68,1151959.55,1138135.95,1138135.95,0.0,2022-12-31T00:00:00,DEM,DEM,False,,10.0,
NM,S2NM00088,"HEINRICH, MARTIN",C00434563,645343.92,828383.45,471934.82,471934.82,0.0,2020-12-31T00:00:00,DEM,DEM,False,,19.0,
NM,S2NM00088,"HEINRICH, MARTIN",C00434563,6377069.86,7263558.16,654974.35,654974.35,0.0,2018-12-31T00:00:00,DEM,DEM,False,,4.0,
NM,S2NM00088,"HEINRICH, MARTIN",C00434563,1635195.0,504434.0,1541461.0,1541461.0,0.0,2016-12-31T00:00:00,DEM,DEM,False,,11.0,
NM,S2NM00088,"HEINRICH, MARTIN",C00434563,612196.0,262932.0,410701.0,410701.0,0.0,2014-12-31T00:00:00,DEM,DEM,False,,20.0,
NM,S2NM00088,"HEINRICH, MARTIN",C00434563,6727090.62,6720126.34,61437.0,61437.0,0.0,2012-12-31T00:00:00,DEM,DEM,False,,3.0,
NM,S2NM00088,"HEINRICH, MARTIN",C00434563,2792508.54,2770752.23,54473.26,54473.26,0.0,2010-12-31T00:00:00,DEM,DEM,False,,6.0,
NM,S2NM00088,"HEINRICH, MARTIN",C00434563,2513760.96,2481044.01,32716.95,32716.95,3615.34,2008-12-31T00:00:00,DEM,DEM,False,,7.0,
ND,S2ND00099,"HEITKAMP, HEIDI",C00520940,0.0,0.0,0.0,0.0,0.0,2013-02-19T00:00:00,DEM,DEM,False,,34.0,
ND,S2ND00099,"HEITKAMP, HEIDI",C00520940,396000.0,396000.0,0.0,0.0,0.0,2012-12-31T00:00:00,DEM,DEM,False,,4.0,
ND,S2ND00099,"HEITKAMP, HEIDI",C00673293,50600.0,50599.56,0.0,0.0,0.0,2018-09-30T00:00:00,DEM,DEM,False,,25.0,
ND,S2ND00099,"HEITKAMP, HEIDI",C00677450,7270.0,7269.55,0.0,0.0,0.0,2018-09-30T00:00:00,DEM,DEM,False,,31.0,
ND,S2ND00099,"HEITKAMP, HEIDI",C00515239,101850.0,101850.0,0.0,0.0,0.0,2012-09-30T00:00:00,DEM,DEM,False,,15.0,
ND,S2ND00099,"HEITKAMP, HEIDI",C00502401,1251667.0,1251665.0,0.0,0.0,0.0,2012-11-26T00:00:00,DEM,DEM,False,,2.0,
ND,S2ND00099,"HEITKAMP, HEIDI",C00528802,0.0,861.15,0.0,0.0,0.0,2013-03-07T00:00:00,DEM,DEM,False,,35.0,
ND,S2ND00099,"HEITKAMP, HEIDI",C00528802,68950.0,68088.85,861.0,861.0,0.0,2012-12-31T00:00:00,DEM,DEM,False,,22.0,
ND,S2ND00099,"HEITKAMP, HEIDI",C00638296,274350.0,274348.98,0.0,0.0,0.0,2018-11-26T00:00:00,DEM,DEM,False,,8.0,
ND,S2ND00099,"HEITKAMP, HEIDI",C00531426,59705.0,59704.0,0.0,0.0,0.0,2012-12-31T00:00:00,DEM,DEM,False,,23.0,
ND,S2ND00099,"HEITKAMP, HEIDI",C00527770,101270.0,101268.0,0.0,0.0,0.0,2012-12-31T00:00:00,DEM,DEM,False,,16.0,
ND,S2ND00099,"HEITKAMP, HEIDI",C00515247,54100.0,54099.0,0.0,0.0,0.0,2012-10-17T00:00:00,DEM,DEM,False,,24.0,
ND,S2ND00099,"HEITKAMP, HEIDI",C00520924,6157.57,6186.2,0.0,0.0,0.0,2013-06-30T00:00:00,DEM,DEM,False,,32.0,
ND,S2ND00099,"HEITKAMP, HEIDI",C00520924,162530.0,151455.54,28.63,28.63,0.0,2012-12-31T00:00:00,DEM,DEM,False,,11.0,
ND,S2ND00099,"HEITKAMP, HEIDI",C00528786,125688.0,125687.59,0.0,0.0,0.0,2012-11-26T00:00:00,DEM,DEM,False,,14.0,
ND,S2ND00099,"HEITKAMP, HEIDI",C00655662,82156.0,82155.0,0.0,0.0,0.0,2018-06-30T00:00:00,DEM,DEM,False,,20.0,
ND,S2ND00099,"HEITKAMP, HEIDI",C00667501,697069.0,697069.0,0.0,0.0,0.0,2018-06-30T00:00:00,DEM,DEM,False,,3.0,
ND,S2ND00099,"HEITKAMP, HEIDI",C00636811,97720.0,97719.0,0.0,0.0,0.0,2017-09-30T00:00:00,DEM,DEM,False,,17.0,
ND,S2ND00099,"HEITKAMP, HEIDI",C00633578,95200.72,95199.0,0.0,0.0,0.0,2017-10-13T00:00:00,DEM,DEM,False,,18.0,
ND,S2ND00099,"HEITKAMP, HEIDI",C00662916,72500.0,72499.0,0.0,0.0,0.0,2018-06-30T00:00:00,DEM,DEM,False,,21.0,
ND,S2ND00099,"HEITKAMP, HEIDI",C00653469,125.0,125.0,0.0,0.0,0.0,2018-12-31T00:00:00,DEM,DEM,False,,33.0,
ND,S2ND00099,"HEITKAMP, HEIDI",C00512277,356475.0,356473.0,0.0,0.0,0.0,2012-09-30T00:00:00,DEM,DEM,False,,7.0,
ND,S2ND00099,"HEITKAMP, HEIDI",C00505552,20099.16,19962.01,0.0,0.0,0.0,2026-03-04T00:00:00,DEM,DEM,False,,28.0,
ND,S2ND00099,"HEITKAMP, HEIDI",C00505552,27653.76,722721.33,-137.15,-137.15,15758.04,2024-12-31T00:00:00,DEM,DEM,False,,27.0,
ND,S2ND00099,"HEITKAMP, HEIDI",C00527713,0.0,18490.66,0.0,0.0,0.0,2013-03-31T00:00:00,DEM,DEM,False,,36.0,
ND,S2ND00099,"HEITKAMP, HEIDI",C00527713,364120.0,332868.92,18490.66,18490.66,0.0,2012-12-31T00:00:00,DEM,DEM,False,,6.0,
ND,S2ND00099,"HEITKAMP, HEIDI",C00525493,8650.0,8650.0,0.0,0.0,0.0,2012-11-26T00:00:00,DEM,DEM,False,,29.0,
ND,S2ND00099,"HEITKAMP, HEIDI",C00685057,0.0,57.29,0.0,0.0,0.0,2019-03-14T00:00:00,DEM,DEM,False,,37.0,
ND,S2ND00099,"HEITKAMP, HEIDI",C00685057,41516.93,41459.64,57.29,57.29,0.0,2018-12-31T00:00:00,DEM,DEM,False,,26.0,
ND,S2ND00099,"HEITKAMP, HEIDI",C00511642,388850.0,388850.0,0.0,0.0,0.0,2012-08-13T00:00:00,DEM,DEM,False,,5.0,
ND,S2ND00099,"HEITKAMP, HEIDI",C00519405,139750.0,139750.0,0.0,0.0,0.0,2012-11-26T00:00:00,DEM,DEM,False,,13.0,
ND,S2ND00099,"HEITKAMP, HEIDI",C00511626,92300.0,92300.0,0.0,0.0,0.0,2012-08-13T00:00:00,DEM,DEM,False,,19.0,
ND,S2ND00099,"HEITKAMP, HEIDI",C00511659,267250.0,267250.0,0.0,0.0,0.0,2012-08-13T00:00:00,DEM,DEM,False,,9.0,
ND,S2ND00099,"HEITKAMP, HEIDI",C00519462,157646.75,157646.75,0.0,0.0,0.0,2012-11-26T00:00:00,DEM,DEM,False,,12.0,
ND,S2ND00099,"HEITKAMP, HEIDI",C00511634,253000.0,253000.0,0.0,0.0,0.0,2012-08-13T00:00:00,DEM,DEM,False,,10.0,
AZ,S4AZ00279,"HERNANDEZ, ARTURO",C00872937,0.0,0.0,0.0,0.0,0.0,2024-03-31T00:00:00,GRE,OTHER,False,,10.0,
OK,S6OK04247,"HERN, KEVIN",C00943142,8284047.86,67761.21,8216286.65,8216286.65,5050000.0,2026-03-31T00:00:00,REP,REP,True,highest_total_receipts,1.0,
SC,S6SC04346,"HERRMANN, PATRICK JOSEPH",C00940239,15467.37,3384.1,12083.27,12083.27,0.0,2026-03-31T00:00:00,REP,REP,False,,23.0,
MI,S6MI00384,"HEURTEBISE, FREDERICK",C00897736,10058.6,10058.6,0.0,0.0,0.0,2025-05-03T00:00:00,REP,REP,False,,20.0,
CO,S0CO00575,"HICKENLOOPER, JOHN W.",C00716720,6818283.07,4217907.35,4036008.7,4036008.7,0.0,2026-03-31T00:00:00,DEM,DEM,False,,5.0,
CO,S0CO00575,"HICKENLOOPER, JOHN W.",C00716720,1160079.25,954664.22,1435632.98,1435632.98,0.0,2024-12-31T00:00:00,DEM,DEM,False,,9.0,
CO,S0CO00575,"HICKENLOOPER, JOHN W.",C00716720,1005916.94,1417782.01,1230217.95,1230217.95,0.0,2022-12-31T00:00:00,DEM,DEM,False,,10.0,
CO,S0CO00575,"HICKENLOOPER, JOHN W.",C00716720,44246118.41,42604035.39,1642083.02,1642083.02,0.0,2020-12-31T00:00:00,DEM,DEM,True,highest_total_receipts,1.0,
IN,S0IN00061,"HILL, BARON P",C00578880,1060.65,8128.77,47403.61,47403.61,0.0,2026-03-31T00:00:00,DEM,DEM,False,,34.0,
IN,S0IN00061,"HILL, BARON P",C00578880,4156.58,32793.89,54471.73,54471.73,0.0,2024-12-31T00:00:00,DEM,DEM,False,,33.0,
IN,S0IN00061,"HILL, BARON P",C00578880,387.0,23798.87,83109.04,83109.04,0.0,2022-12-31T00:00:00,DEM,DEM,False,,36.0,
IN,S0IN00061,"HILL, BARON P",C00578880,489.35,55865.1,105467.01,105467.01,0.0,2020-12-31T00:00:00,DEM,DEM,False,,35.0,
IN,S0IN00061,"HILL, BARON P",C00578880,153.94,74861.0,160842.76,160842.76,0.0,2018-12-31T00:00:00,DEM,DEM,False,,38.0,
IN,S0IN00061,"HILL, BARON P",C00578880,1386201.64,1150649.0,235551.0,235551.0,0.0,2016-12-31T00:00:00,DEM,DEM,False,,14.0,
IN,S0IN00061,"HILL, BARON P",C00238048,59878.0,65208.0,0.0,0.0,3137.0,1992-12-31T00:00:00,DEM,DEM,False,,29.0,
IN,S0IN00061,"HILL, BARON P",C00238048,1081327.0,1075998.0,5329.0,5329.0,16194.0,1990-12-31T00:00:00,DEM,DEM,False,,16.0,
VA,S4VA00148,"HILL, SHAK",C00546705,0.0,0.0,1083.11,1083.11,116838.38,2024-06-30T00:00:00,REP,REP,False,,30.0,
VA,S4VA00148,"HILL, SHAK",C00546705,0.0,0.0,1083.11,1083.11,116838.38,2022-12-31T00:00:00,REP,REP,False,,31.0,
VA,S4VA00148,"HILL, SHAK",C00546705,0.0,0.0,1083.11,1083.11,116838.38,2020-12-31T00:00:00,REP,REP,False,,32.0,
VA,S4VA00148,"HILL, SHAK",C00546705,4600.0,4600.0,1083.11,1083.11,116838.38,2018-12-31T00:00:00,REP,REP,False,,25.0,
VA,S4VA00148,"HILL, SHAK",C00546705,4837.0,17446.0,1083.0,1083.0,116838.0,2016-12-31T00:00:00,REP,REP,False,,24.0,
VA,S4VA00148,"HILL, SHAK",C00546705,188548.0,174852.0,13694.0,13694.0,119727.0,2014-12-31T00:00:00,REP,REP,False,,10.0,
HI,S2HI00106,"HIRONO, MAZIE K.",C00420760,486874.86,499060.49,1393689.22,1393689.22,0.0,2026-03-31T00:00:00,DEM,DEM,False,,18.0,
HI,S2HI00106,"HIRONO, MAZIE K.",C00420760,3292048.88,2799353.34,1405874.85,1405874.85,0.0,2024-12-31T00:00:00,DEM,DEM,False,,4.0,
HI,S2HI00106,"HIRONO, MAZIE K.",C00420760,957488.76,888149.33,913179.31,913179.31,0.0,2022-12-31T00:00:00,DEM,DEM,False,,14.0,
HI,S2HI00106,"HIRONO, MAZIE K.",C00420760,797442.02,950475.6,843839.88,843839.88,125000.0,2020-12-31T00:00:00,DEM,DEM,False,,15.0,
HI,S2HI00106,"HIRONO, MAZIE K.",C00420760,3275240.47,3091303.28,996873.46,996873.46,125000.0,2018-12-31T00:00:00,DEM,DEM,False,,5.0,
HI,S2HI00106,"HIRONO, MAZIE K.",C00420760,1030529.0,425347.0,812934.0,812934.0,125000.0,2016-12-31T00:00:00,DEM,DEM,False,,11.0,
HI,S2HI00106,"HIRONO, MAZIE K.",C00420760,638048.0,507620.0,207753.0,207753.0,125000.0,2014-12-31T00:00:00,DEM,DEM,False,,16.0,
HI,S2HI00106,"HIRONO, MAZIE K.",C00420760,5518572.0,5657753.57,77323.0,77323.0,241951.0,2012-12-31T00:00:00,DEM,DEM,False,,2.0,
HI,S2HI00106,"HIRONO, MAZIE K.",C00420760,992526.31,1102377.06,216505.65,216505.65,127099.25,2010-12-31T00:00:00,DEM,DEM,False,,13.0,
HI,S2HI00106,"HIRONO, MAZIE K.",C00420760,1240406.12,970824.48,326356.4,326356.4,136369.51,2008-12-31T00:00:00,DEM,DEM,False,,8.0,
HI,S2HI00106,"HIRONO, MAZIE K.",C00420760,1431768.03,1374993.27,56774.76,56774.76,140050.0,2006-12-31T00:00:00,DEM,DEM,False,,7.0,
NV,S2NV00332,"HOCKSTEDLER, WILLIAM ERIC",C00787689,0.0,11627.0,500.55,500.55,2530.62,2025-02-18T00:00:00,REP,REP,False,,24.0,
NV,S2NV00332,"HOCKSTEDLER, WILLIAM ERIC",C00787689,1050.0,0.0,500.0,500.0,0.0,2024-12-31T00:00:00,REP,REP,False,,20.0,
NV,S2NV00332,"HOCKSTEDLER, WILLIAM ERIC",C00787689,135049.69,123972.14,11077.55,11077.55,14157.62,2022-12-31T00:00:00,REP,REP,False,,10.0,
ND,S0ND00093,"HOEVEN, JOHN",C00473371,335530.53,251102.44,651732.04,651732.04,100000.0,2026-03-31T00:00:00,REP,REP,False,,16.0,
ND,S0ND00093,"HOEVEN, JOHN",C00473371,530749.5,484008.75,567303.95,567303.95,100000.0,2024-12-31T00:00:00,REP,REP,False,,12.0,
ND,S0ND00093,"HOEVEN, JOHN",C00473371,3320462.86,4897216.67,520563.2,520563.2,100000.0,2022-12-31T00:00:00,REP,REP,False,,4.0,
ND,S0ND00093,"HOEVEN, JOHN",C00473371,745918.47,402834.02,2097317.01,2097317.01,100000.0,2020-12-31T00:00:00,REP,REP,False,,10.0,
ND,S0ND00093,"HOEVEN, JOHN",C00473371,372455.22,466189.63,1754232.56,1754232.56,100000.0,2018-12-31T00:00:00,REP,REP,False,,15.0,
ND,S0ND00093,"HOEVEN, JOHN",C00473371,2943354.0,2064342.0,1822584.0,1822584.0,100000.0,2016-12-31T00:00:00,REP,REP,False,,5.0,
ND,S0ND00093,"HOEVEN, JOHN",C00473371,443046.0,188669.0,1023694.0,1023694.0,100000.0,2014-12-31T00:00:00,REP,REP,False,,14.0,
ND,S0ND00093,"HOEVEN, JOHN",C00473371,226089.0,375129.0,755646.0,755646.0,100000.0,2012-12-31T00:00:00,REP,REP,False,,17.0,
ND,S0ND00093,"HOEVEN, JOHN",C00473371,3801481.0,2909158.0,892323.0,892323.0,100000.0,2010-12-31T00:00:00,REP,REP,False,,3.0,
MD,S4MD00483,"HOGAN, LARRY",C00869016,142947.61,296257.42,0.0,0.0,9357.08,2026-03-31T00:00:00,REP,REP,False,,3.0,
MD,S4MD00483,"HOGAN, LARRY",C00869016,12249553.37,12096243.56,153309.81,153309.81,718190.06,2024-12-31T00:00:00,REP,REP,True,highest_total_receipts,1.0,
LA,S6LA00490,"HOLDER, CHRISTOPHER LEE MR.",C00893297,7600.0,3500.0,4100.0,4100.0,7600.0,2024-12-31T00:00:00,REP,REP,False,,37.0,
OK,S2OK00194,"HOLLAND, LUCAS",C00806935,692.06,968.49,0.0,0.0,167140.16,2026-03-31T00:00:00,REP,REP,False,,38.0,
OK,S2OK00194,"HOLLAND, LUCAS",C00806935,12256.26,12919.93,276.43,276.43,167140.16,2024-12-31T00:00:00,REP,REP,False,,36.0,
OK,S2OK00194,"HOLLAND, LUCAS",C00806935,1293722.07,1292781.97,940.1,940.1,176140.16,2022-12-31T00:00:00,REP,REP,False,,14.0,
SC,S6SC04189,"HOLLIMAN, ETHAN CLAY",C00865642,0.0,0.0,0.0,0.0,10000.0,2025-12-31T00:00:00,REP,REP,False,,25.0,
SC,S6SC04189,"HOLLIMAN, ETHAN CLAY",C00865642,20270.0,20270.0,0.0,0.0,10000.0,2024-12-31T00:00:00,REP,REP,False,,22.0,
WA,S2WA00460,"HOLYK, ISAAC A",C00813261,1077.63,1024.51,106.0,106.0,0.0,2026-03-31T00:00:00,REP,REP,False,,8.0,
WA,S2WA00460,"HOLYK, ISAAC A",C00813261,8368.37,7963.75,65.08,65.08,0.0,2024-12-31T00:00:00,REP,REP,False,,7.0,
MI,S4MI00454,"HOOVER, MICHAEL",C00832618,0.0,0.0,1660.59,1660.59,72992.99,2026-03-31T00:00:00,REP,REP,False,,25.0,
MI,S4MI00454,"HOOVER, MICHAEL",C00832618,236591.72,234931.13,1660.59,1660.59,72992.99,2024-12-31T00:00:00,REP,REP,False,,15.0,
IN,S2IN00109,"HORNING, ANDY",C00836999,1446.0,1246.44,1207.83,1207.83,0.0,2024-12-31T00:00:00,LIB,OTHER,False,,2.0,
IN,S2IN00109,"HORNING, ANDY",C00520163,0.0,19.0,1966.0,1966.0,0.0,2013-04-08T00:00:00,LIB,OTHER,False,,4.0,
IN,S2IN00109,"HORNING, ANDY",C00520163,4907.0,2923.0,1986.0,1986.0,0.0,2013-01-31T00:00:00,LIB,OTHER,False,,1.0,
IN,S2IN00109,"HORNING, ANDY",C00664631,1217.0,1217.0,0.0,0.0,0.0,2018-04-18T00:00:00,LIB,OTHER,False,,3.0,
OK,S2OK00152,"HORN, MADISON",C00792184,591403.83,575447.17,16121.6,16121.6,7589.74,2024-11-25T00:00:00,DEM,DEM,False,,2.0,
OK,S2OK00152,"HORN, MADISON",C00792184,372106.81,371942.14,164.67,164.67,19629.87,2022-12-31T00:00:00,DEM,DEM,False,,3.0,
MN,S8MN00586,"HOUSLEY, KARIN",C00664219,0.0,1405.0,3487.6,3487.6,0.0,2025-06-30T00:00:00,REP,REP,False,,22.0,
MN,S8MN00586,"HOUSLEY, KARIN",C00664219,650.0,3250.0,4892.6,4892.6,0.0,2024-12-31T00:00:00,REP,REP,False,,17.0,
MN,S8MN00586,"HOUSLEY, KARIN",C00664219,1000.0,3175.0,7492.6,7492.6,0.0,2022-12-31T00:00:00,REP,REP,False,,15.0,
MN,S8MN00586,"HOUSLEY, KARIN",C00664219,24453.19,30527.02,9667.6,9667.6,0.0,2020-12-31T00:00:00,REP,REP,False,,12.0,
MN,S8MN00586,"HOUSLEY, KARIN",C00664219,4697809.09,4682067.29,15741.43,15741.43,18618.8,2018-12-31T00:00:00,REP,REP,True,highest_total_receipts,1.0,
WI,S4WI00256,"HOVDE, ERIC",C00870139,-1746.35,123449.91,10163.54,10163.54,20000000.0,2026-03-31T00:00:00,REP,REP,False,,17.0,
WI,S4WI00256,"HOVDE, ERIC",C00870139,31802868.25,31667508.45,135359.8,135359.8,20000000.0,2024-12-31T00:00:00,REP,REP,False,,2.0,
WI,S2WI00268,"HOVDE, ERIC D",C00515510,0.0,0.0,0.0,0.0,0.0,2017-06-30T00:00:00,REP,REP,False,,16.0,
WI,S2WI00268,"HOVDE, ERIC D",C00515510,456.0,6053.0,0.0,0.0,0.0,2016-12-31T00:00:00,REP,REP,False,,15.0,
WI,S2WI00268,"HOVDE, ERIC D",C00515510,31337.0,32144.0,5597.0,5597.0,84813.0,2014-12-31T00:00:00,REP,REP,False,,14.0,
WI,S2WI00268,"HOVDE, ERIC D",C00515510,6347593.0,6341188.0,6404.0,6404.0,372036.0,2012-12-31T00:00:00,REP,REP,False,,6.0,
WI,S2WI00268,"HOVDE, ERIC D",C00870139,-1746.35,123449.91,10163.54,10163.54,20000000.0,2026-03-31T00:00:00,REP,REP,False,,18.0,
WI,S2WI00268,"HOVDE, ERIC D",C00870139,31802868.25,31667508.45,135359.8,135359.8,20000000.0,2024-12-31T00:00:00,REP,REP,False,,3.0,
MI,S6MI00467,"HOWARD, RACHEL ELIZABETH",C00906867,10937.0,6170.77,4766.23,4766.23,3287.0,2025-09-30T00:00:00,DEM,DEM,False,,33.0,
IL,S0IL00501,"HUBBARD, PEGGY",C00696815,0.0,0.0,6535.87,6535.87,0.0,2026-03-31T00:00:00,REP,REP,False,,25.0,
IL,S0IL00501,"HUBBARD, PEGGY",C00696815,44.0,1019.1,6535.87,6535.87,0.0,2024-12-31T00:00:00,REP,REP,False,,24.0,
IL,S0IL00501,"HUBBARD, PEGGY",C00696815,58898.32,56587.01,7510.97,7510.97,600.0,2022-12-31T00:00:00,REP,REP,False,,12.0,
IL,S0IL00501,"HUBBARD, PEGGY",C00696815,200781.77,195582.11,5199.66,5199.66,9069.34,2020-12-31T00:00:00,REP,REP,False,,8.0,
AL,S6AL00443,"HUDSON, JARED",C00906453,1403340.26,782943.87,620396.39,620396.39,56450.16,2026-03-31T00:00:00,REP,REP,False,,10.0,
MT,S4MT00217,"HUMMERT, MICHAEL",C00873166,10900.0,3125.0,8519.73,8519.73,14850.0,2026-03-31T00:00:00,DEM,DEM,False,,41.0,
MT,S4MT00217,"HUMMERT, MICHAEL",C00873166,7230.0,6485.27,744.73,744.73,4850.0,2024-12-31T00:00:00,DEM,DEM,False,,44.0,
TX,S6TX00511,"HUNT, WESLEY",C00701003,2071561.67,4526166.01,32571.82,32571.82,96496.9,2026-03-31T00:00:00,REP,REP,False,,24.0,
TX,S6TX00511,"HUNT, WESLEY",C00701003,2777010.52,2061471.33,2487176.16,2487176.16,0.0,2024-12-31T00:00:00,REP,REP,False,,20.0,
TX,S6TX00511,"HUNT, WESLEY",C00701003,5744702.24,4196080.11,1771636.97,1771636.97,0.0,2022-12-31T00:00:00,REP,REP,False,,15.0,
TX,S6TX00511,"HUNT, WESLEY",C00701003,7569982.68,7346967.84,223014.84,223014.84,0.0,2020-12-31T00:00:00,REP,REP,False,,11.0,
OH,S6OH00304,"HUSTED, JON",C00896019,10518818.26,2357657.71,8161160.55,8161160.55,0.0,2026-04-15T00:00:00,REP,REP,False,,5.0,
CT,S2CT00256,"HYDE, ROBERT FINLEY",C00762559,0.0,0.0,0.0,0.0,0.0,2025-10-20T00:00:00,REP,REP,False,,9.0,
CT,S2CT00256,"HYDE, ROBERT FINLEY",C00762559,1744.75,3875.61,0.0,0.0,0.0,2024-12-31T00:00:00,REP,REP,False,,6.0,
CT,S2CT00256,"HYDE, ROBERT FINLEY",C00762559,0.0,0.0,2130.86,2130.86,8045.0,2022-12-31T00:00:00,REP,REP,False,,10.0,
CT,S2CT00256,"HYDE, ROBERT FINLEY",C00762559,35563.17,33432.31,2130.86,2130.86,8045.0,2022-12-31T00:00:00,REP,REP,False,,3.0,
MS,S8MS00261,"HYDE-SMITH, CINDY",C00675348,3394174.57,1405313.85,2458624.57,2458624.57,60000.0,2026-03-31T00:00:00,REP,REP,False,,6.0,
MS,S8MS00261,"HYDE-SMITH, CINDY",C00675348,750573.65,593395.67,476763.85,476763.85,60000.0,2024-12-31T00:00:00,REP,REP,False,,12.0,
MS,S8MS00261,"HYDE-SMITH, CINDY",C00675348,882282.65,731239.29,319585.87,319585.87,60000.0,2022-12-31T00:00:00,REP,REP,False,,11.0,
MS,S8MS00261,"HYDE-SMITH, CINDY",C00675348,3405294.27,3290665.82,168542.51,168542.51,60000.0,2020-12-31T00:00:00,REP,REP,False,,5.0,
MS,S8MS00261,"HYDE-SMITH, CINDY",C00675348,5545933.3,5492018.91,53914.06,53914.06,0.0,2018-12-31T00:00:00,REP,REP,False,,4.0,
CA,S4CA00688,"INAM, ZAFAR",C00843722,0.0,436.0,0.0,0.0,0.0,2025-11-06T00:00:00,DEM,DEM,False,,38.0,
CA,S4CA00688,"INAM, ZAFAR",C00843722,3931.0,3495.0,436.0,436.0,3495.0,2024-12-31T00:00:00,DEM,DEM,False,,36.0,
TX,S4TX00672,"INGALLS, JOSIAH JAMES",C00829135,20.0,35.0,20.0,20.0,0.0,2026-03-31T00:00:00,REP,REP,False,,37.0,
TX,S4TX00672,"INGALLS, JOSIAH JAMES",C00829135,4339.28,5256.53,251.99,251.99,0.0,2024-12-31T00:00:00,REP,REP,False,,31.0,
CA,S2CA00989,"INGRAM, DENARD",C00770271,15358.42,10348.45,30.97,30.97,0.0,2022-06-30T00:00:00,DEM,DEM,False,,30.0,
OK,S4OK00083,"INHOFE, JAMES M. SEN.",C00434274,829275.0,829274.0,0.0,0.0,0.0,2008-04-15T00:00:00,REP,REP,False,,23.0,
OK,S4OK00083,"INHOFE, JAMES M. SEN.",C00449850,681000.0,680998.0,0.0,0.0,0.0,2008-10-15T00:00:00,REP,REP,False,,28.0,
OK,S4OK00083,"INHOFE, JAMES M. SEN.",C00543637,885500.0,885499.0,0.0,0.0,0.0,2013-09-30T00:00:00,REP,REP,False,,21.0,
OK,S4OK00083,"INHOFE, JAMES M. SEN.",C00561845,1061900.0,1061899.0,0.0,0.0,0.0,2014-10-15T00:00:00,REP,REP,False,,19.0,
OK,S4OK00083,"INHOFE, JAMES M. SEN.",C00701243,1316500.0,1316500.0,0.0,0.0,0.0,2019-09-30T00:00:00,REP,REP,False,,13.0,
OK,S4OK00083,"INHOFE, JAMES M. SEN.",C00299107,205700.0,205700.0,0.0,0.0,0.0,1994-12-31T00:00:00,REP,REP,False,,30.0,
OK,S4OK00083,"INHOFE, JAMES M. SEN.",C00207993,33.4,64121.77,0.0,0.0,0.0,2023-05-11T00:00:00,REP,REP,False,,39.0,
OK,S4OK00083,"INHOFE, JAMES M. SEN.",C00381137,2.06,30.75,292.88,292.88,0.0,2003-06-30T00:00:00,REP,REP,False,,40.0,
OK,S4OK00083,"INHOFE, JAMES M. SEN.",C00381137,168083.56,167761.99,321.57,321.57,0.0,2002-12-31T00:00:00,REP,REP,False,,32.0,
OK,S4OK00083,"INHOFE, JAMES M. SEN.",C00433532,96725.0,96724.0,0.0,0.0,0.0,2008-04-15T00:00:00,REP,REP,False,,34.0,
OK,S4OK00083,"INHOFE, JAMES M. SEN.",C00705616,5841.32,957.9,0.0,0.0,0.0,2020-08-10T00:00:00,REP,REP,False,,37.0,
OK,S4OK00083,"INHOFE, JAMES M. SEN.",C00705616,-24.34,4859.08,0.0,0.0,0.0,2020-08-10T00:00:00,REP,REP,False,,49.0,
OK,S4OK00083,"INHOFE, JAMES M. SEN.",C00450205,0.0,0.0,0.0,0.0,0.0,2008-10-15T00:00:00,REP,REP,False,,41.0,
OK,S4OK00083,"INHOFE, JAMES M. SEN.",C00297986,0.0,0.0,0.0,0.0,0.0,1994-10-12T00:00:00,REP,REP,False,,42.0,
OK,S4OK00083,"INHOFE, JAMES M. SEN.",C00298331,175200.0,175199.0,0.0,0.0,0.0,1994-11-28T00:00:00,REP,REP,False,,31.0,
OK,S4OK00083,"INHOFE, JAMES M. SEN.",C00302281,757506.0,757505.0,0.0,0.0,0.0,1995-12-31T00:00:00,REP,REP,False,,27.0,
OK,S4OK00083,"INHOFE, JAMES M. SEN.",C00317602,0.0,500.0,0.0,0.0,0.0,1997-02-28T00:00:00,REP,REP,False,,43.0,
OK,S4OK00083,"INHOFE, JAMES M. SEN.",C00317602,777404.0,776904.0,500.0,500.0,0.0,1996-12-31T00:00:00,REP,REP,False,,26.0,
OK,S4OK00083,"INHOFE, JAMES M. SEN.",C00365585,872638.0,872503.0,135.0,135.0,0.0,2002-12-31T00:00:00,REP,REP,False,,22.0,
OK,S4OK00083,"INHOFE, JAMES M. SEN.",C00376608,0.0,0.0,135.0,135.0,0.0,2003-03-31T00:00:00,REP,REP,False,,44.0,
OK,S4OK00083,"INHOFE, JAMES M. SEN.",C00376608,1221728.0,1221592.0,135.0,135.0,0.0,2002-12-31T00:00:00,REP,REP,False,,17.0,
NH,S6NH00174,"INNIS, DAN",C00912097,48502.53,48502.53,0.0,0.0,0.0,2026-01-25T00:00:00,REP,REP,False,,18.0,
VA,S2VA00167,"JACKSON, EARL W SR",C00495549,0.0,0.0,312.0,312.0,7922.0,2017-09-30T00:00:00,REP,REP,False,,33.0,
VA,S2VA00167,"JACKSON, EARL W SR",C00495549,500.0,500.0,312.0,312.0,7922.0,2016-12-31T00:00:00,REP,REP,False,,27.0,
VA,S2VA00167,"JACKSON, EARL W SR",C00495549,0.0,30.0,312.0,312.0,7922.0,2014-12-31T00:00:00,REP,REP,False,,34.0,
VA,S2VA00167,"JACKSON, EARL W SR",C00495549,139115.0,138706.0,407.0,407.0,7922.0,2012-12-31T00:00:00,REP,REP,False,,11.0,
VA,S2VA00167,"JACKSON, EARL W SR",C00665554,0.0,0.0,400.0,400.0,2580.68,2021-06-30T00:00:00,REP,REP,False,,35.0,
VA,S2VA00167,"JACKSON, EARL W SR",C00665554,24723.63,2650.17,400.0,400.0,2580.68,2020-12-31T00:00:00,REP,REP,False,,19.0,
VA,S2VA00167,"JACKSON, EARL W SR",C00665554,354871.96,370533.46,-21673.46,-21673.46,21300.73,2018-12-31T00:00:00,REP,REP,False,,7.0,
MI,S8MI00372,"JAMES, JOHN",C00651208,0.0,-9467.32,10237.6,10237.6,0.0,2026-03-31T00:00:00,REP,REP,False,,26.0,
MI,S8MI00372,"JAMES, JOHN",C00651208,134570.59,236469.83,770.28,770.28,0.0,2024-12-31T00:00:00,REP,REP,False,,16.0,
MI,S8MI00372,"JAMES, JOHN",C00651208,301290.28,1809988.35,102669.52,102669.52,0.0,2022-12-31T00:00:00,REP,REP,False,,14.0,
MI,S8MI00372,"JAMES, JOHN",C00651208,48745978.35,47642565.64,1611367.59,1611367.59,0.0,2020-12-31T00:00:00,REP,REP,True,highest_total_receipts,1.0,
MI,S8MI00372,"JAMES, JOHN",C00651208,12551466.52,12043511.62,507954.88,507954.88,0.0,2018-12-31T00:00:00,REP,REP,False,,3.0,
AR,S2AR00115,"JAMES, NATALIE",C00778993,0.0,0.0,215.31,215.31,5910.62,2026-03-31T00:00:00,DEM,DEM,False,,9.0,
AR,S2AR00115,"JAMES, NATALIE",C00778993,0.0,0.0,215.31,215.31,5910.62,2024-12-31T00:00:00,DEM,DEM,False,,10.0,
AR,S2AR00115,"JAMES, NATALIE",C00778993,81480.89,81265.58,215.31,215.31,5910.62,2022-12-31T00:00:00,DEM,DEM,False,,2.0,
MD,S4MD00301,"JAWANDO, WILL",C00839449,0.0,138465.86,0.0,0.0,0.0,2025-07-15T00:00:00,DEM,DEM,False,,28.0,
MD,S4MD00301,"JAWANDO, WILL",C00839449,761154.89,622689.03,138465.86,138465.86,0.0,2024-12-31T00:00:00,DEM,DEM,False,,15.0,
WV,S8WV00127,"JENKINS, EVAN H",C00548271,0.0,0.0,10.26,10.26,600.0,2026-03-31T00:00:00,REP,REP,False,,29.0,
WV,S8WV00127,"JENKINS, EVAN H",C00548271,0.0,0.0,10.26,10.26,600.0,2024-12-31T00:00:00,REP,REP,False,,30.0,
WV,S8WV00127,"JENKINS, EVAN H",C00548271,0.0,0.0,10.26,10.26,600.0,2022-12-31T00:00:00,REP,REP,False,,31.0,
WV,S8WV00127,"JENKINS, EVAN H",C00548271,650.0,3176.55,10.26,10.26,600.0,2020-12-31T00:00:00,REP,REP,False,,26.0,
WV,S8WV00127,"JENKINS, EVAN H",C00548271,1573189.05,2288012.47,2536.81,2536.81,0.0,2018-12-31T00:00:00,REP,REP,False,,9.0,
WV,S8WV00127,"JENKINS, EVAN H",C00548271,1279545.54,568743.98,717360.11,717360.11,5045.46,2016-12-31T00:00:00,REP,REP,False,,10.0,
WV,S8WV00127,"JENKINS, EVAN H",C00548271,1654134.02,1647575.47,6558.55,6558.55,61852.48,2014-12-31T00:00:00,REP,REP,False,,7.0,
TX,S8TX00442,"JENKINS, JONATHAN",C00677872,524678.0,524425.0,253.0,253.0,36749.0,2018-06-30T00:00:00,IND,OTHER,False,,1.0,
LA,S4LA00040,"JOHN, CHRIS",C00394445,100.0,90.18,12.61,12.61,126480.15,2026-03-31T00:00:00,DEM,DEM,False,,11.0,
LA,S4LA00040,"JOHN, CHRIS",C00394445,30.0,125.0,2.79,2.79,126480.15,2024-12-31T00:00:00,DEM,DEM,False,,14.0,
LA,S4LA00040,"JOHN, CHRIS",C00394445,25.0,144.0,97.79,97.79,126480.15,2022-12-31T00:00:00,DEM,DEM,False,,15.0,
LA,S4LA00040,"JOHN, CHRIS",C00394445,0.0,-156.0,216.79,216.79,126455.15,2020-12-31T00:00:00,DEM,DEM,False,,16.0,
LA,S4LA00040,"JOHN, CHRIS",C00394445,100.0,127.0,60.0,60.0,245700.0,2018-12-31T00:00:00,DEM,DEM,False,,12.0,
LA,S4LA00040,"JOHN, CHRIS",C00394445,100.0,3859.0,87.0,87.0,245600.0,2016-12-31T00:00:00,DEM,DEM,False,,13.0,
LA,S4LA00040,"JOHN, CHRIS",C00394445,10000.0,6342.0,3848.0,3848.0,245500.0,2014-12-31T00:00:00,DEM,DEM,False,,9.0,
LA,S4LA00040,"JOHN, CHRIS",C00394445,8000.0,11576.0,192.0,192.0,235500.0,2012-12-31T00:00:00,DEM,DEM,False,,10.0,
LA,S4LA00040,"JOHN, CHRIS",C00394445,15000.0,12791.0,3770.0,3770.0,230000.0,2010-12-31T00:00:00,DEM,DEM,False,,8.0,
LA,S4LA00040,"JOHN, CHRIS",C00394445,18500.0,18927.0,1564.0,1564.0,224500.0,2008-12-31T00:00:00,DEM,DEM,False,,7.0,
LA,S4LA00040,"JOHN, CHRIS",C00394445,177765.0,200635.0,1995.0,1995.0,269000.0,2006-12-31T00:00:00,DEM,DEM,False,,5.0,
LA,S4LA00040,"JOHN, CHRIS",C00394445,4893113.0,4869165.0,23947.0,23947.0,132113.0,2004-12-31T00:00:00,DEM,DEM,True,highest_total_receipts,1.0,
TN,S4TN00526,"JOHNSON, GLORIA",C00847400,6530.28,64828.83,84186.16,84186.16,0.0,2026-03-31T00:00:00,DEM,DEM,False,,8.0,
TN,S4TN00526,"JOHNSON, GLORIA",C00847400,7585464.44,7442979.73,142484.71,142484.71,0.0,2024-12-31T00:00:00,DEM,DEM,True,highest_total_receipts,1.0,
SC,S6SC04288,"JOHNSON, LEE",C00902981,569185.56,569185.56,0.0,0.0,224574.29,2025-12-31T00:00:00,DEM,DEM,False,,5.0,
WI,S0WI00197,"JOHNSON, RON HAROLD MR.",C00482984,974410.87,669021.88,1213434.75,1213434.75,8027316.94,2026-03-31T00:00:00,REP,REP,False,,9.0,
WI,S0WI00197,"JOHNSON, RON HAROLD MR.",C00482984,5374239.35,5228298.43,908045.76,908045.76,8027316.94,2024-12-31T00:00:00,REP,REP,False,,7.0,
WI,S0WI00197,"JOHNSON, RON HAROLD MR.",C00482984,34920572.47,34717800.96,762104.84,762104.84,10754003.83,2022-12-31T00:00:00,REP,REP,True,highest_total_receipts,1.0,
WI,S0WI00197,"JOHNSON, RON HAROLD MR.",C00482984,590172.27,383936.47,559333.33,559333.33,218851.12,2020-12-31T00:00:00,REP,REP,False,,12.0,
WI,S0WI00197,"JOHNSON, RON HAROLD MR.",C00482984,969107.39,660272.67,353097.53,353097.53,380450.94,2018-12-31T00:00:00,REP,REP,False,,10.0,
WI,S0WI00197,"JOHNSON, RON HAROLD MR.",C00482984,17683385.71,18245101.44,44263.0,44263.0,549723.0,2016-12-31T00:00:00,REP,REP,False,,4.0,
WI,S0WI00197,"JOHNSON, RON HAROLD MR.",C00482984,2494902.0,1890453.0,605977.0,605977.0,600000.0,2014-12-31T00:00:00,REP,REP,False,,8.0,
WI,S0WI00197,"JOHNSON, RON HAROLD MR.",C00482984,900393.0,1092618.0,1529.0,1529.0,608050.0,2012-12-31T00:00:00,REP,REP,False,,11.0,
WI,S0WI00197,"JOHNSON, RON HAROLD MR.",C00482984,15509297.0,15316651.0,192646.0,192646.0,500000.0,2010-12-31T00:00:00,REP,REP,False,,5.0,
NC,S6NC00480,"JOHNSON, THOMAS LEE",C00930677,6720.07,4626.94,0.0,0.0,0.0,2026-04-13T00:00:00,REP,REP,False,,25.0,
CO,S0CO00468,"JOHNSTON, MICHAEL C",C00695411,0.0,90034.79,952676.08,952676.08,0.0,2026-03-31T00:00:00,DEM,DEM,False,,19.0,
CO,S0CO00468,"JOHNSTON, MICHAEL C",C00695411,0.0,79802.7,1042710.87,1042710.87,0.0,2024-12-31T00:00:00,DEM,DEM,False,,20.0,
CO,S0CO00468,"JOHNSTON, MICHAEL C",C00695411,0.0,28596.56,1122513.57,1122513.57,0.0,2022-12-31T00:00:00,DEM,DEM,False,,21.0,
CO,S0CO00468,"JOHNSTON, MICHAEL C",C00695411,3616852.43,2465742.3,1151110.13,1151110.13,0.0,2020-12-31T00:00:00,DEM,DEM,False,,6.0,
CO,S6CO00481,"JONES, DATHAN CHARLES",C00923219,25.0,0.0,1100.0,1100.0,0.0,2026-03-31T00:00:00,REP,REP,False,,7.0,
AL,S0AL00156,"JONES, DOUG",C00368472,161239.0,161237.0,0.0,0.0,0.0,2002-12-31T00:00:00,DEM,DEM,True,highest_total_receipts,1.0,
FL,S6FL00277,"JONES, LATERESA ANN",C00552711,31.0,78.21,-29.42,-29.42,5238.36,2023-03-31T00:00:00,REP,REP,False,,32.0,
FL,S6FL00277,"JONES, LATERESA ANN",C00552711,17700.86,17683.07,17.79,17.79,4727.46,2022-12-31T00:00:00,REP,REP,False,,23.0,
FL,S6FL00277,"JONES, LATERESA ANN",C00552711,5096.95,4306.49,137.46,137.46,0.0,2020-03-31T00:00:00,REP,REP,False,,25.0,
FL,S6FL00277,"JONES, LATERESA ANN",C00552711,200.0,129.0,0.0,0.0,0.0,2018-09-30T00:00:00,REP,REP,False,,31.0,
CO,S6CO00440,"JOSHI, JANAK",C00910794,485402.64,192985.78,292416.86,292416.86,350100.0,2026-03-31T00:00:00,REP,REP,False,,3.0,
WV,S4WV00332,"JUSTICE, JAMES CONLEY II",C00839100,70725.29,532053.83,232612.03,232612.03,0.0,2026-03-31T00:00:00,REP,REP,False,,19.0,
WV,S4WV00332,"JUSTICE, JAMES CONLEY II",C00839100,4263310.24,3569369.67,693940.57,693940.57,0.0,2024-12-31T00:00:00,REP,REP,False,,4.0,
VA,S2VA00142,"KAINE, TIMOTHY MICHAEL",C00495358,724073.43,1259593.88,2263989.55,2263989.55,0.0,2026-03-31T00:00:00,DEM,DEM,False,,19.0,
VA,S2VA00142,"KAINE, TIMOTHY MICHAEL",C00495358,18308453.68,19299348.47,2799510.0,2799510.0,0.0,2024-12-31T00:00:00,DEM,DEM,True,highest_total_receipts,1.0,
VA,S2VA00142,"KAINE, TIMOTHY MICHAEL",C00495358,2327307.23,1014188.71,3829018.8,3829018.8,0.0,2022-12-31T00:00:00,DEM,DEM,False,,14.0,
VA,S2VA00142,"KAINE, TIMOTHY MICHAEL",C00495358,1314338.39,1318100.48,2515900.28,2515900.28,0.0,2020-12-31T00:00:00,DEM,DEM,False,,16.0,
VA,S2VA00142,"KAINE, TIMOTHY MICHAEL",C00495358,16943971.83,17545005.46,2519662.37,2519662.37,0.0,2018-12-31T00:00:00,DEM,DEM,False,,3.0,
VA,S2VA00142,"KAINE, TIMOTHY MICHAEL",C00495358,4020969.0,1481346.0,3120696.0,3120696.0,0.0,2016-12-31T00:00:00,DEM,DEM,False,,10.0,
VA,S2VA00142,"KAINE, TIMOTHY MICHAEL",C00495358,998657.0,545055.0,581075.0,581075.0,0.0,2014-12-31T00:00:00,DEM,DEM,False,,18.0,
VA,S2VA00142,"KAINE, TIMOTHY MICHAEL",C00495358,18045722.0,17918247.0,127474.0,127474.0,0.0,2012-12-31T00:00:00,DEM,DEM,False,,2.0,
DE,S6DE00206,"KATZ, MICHAEL S DR.",C00935163,20211.0,116.78,20094.22,20094.22,19250.0,2026-03-31T00:00:00,REP,REP,False,,7.0,
NJ,S6NJ00271,"KEAN, THOMAS H JR",C00429837,0.0,24392.0,0.0,0.0,0.0,2007-03-31T00:00:00,REP,REP,False,,38.0,
NJ,S6NJ00271,"KEAN, THOMAS H JR",C00429837,204700.0,180307.0,24392.0,24392.0,0.0,2006-12-31T00:00:00,REP,REP,False,,13.0,
NJ,S6NJ00271,"KEAN, THOMAS H JR",C00428474,0.0,2898.0,0.0,0.0,0.0,2007-03-31T00:00:00,REP,REP,False,,39.0,
NJ,S6NJ00271,"KEAN, THOMAS H JR",C00428474,734626.0,731726.0,2898.0,2898.0,0.0,2006-12-31T00:00:00,REP,REP,False,,7.0,
NJ,S6NJ00271,"KEAN, THOMAS H JR",C00423665,758194.0,758194.0,135.0,135.0,0.0,2006-10-18T00:00:00,REP,REP,False,,5.0,
NJ,S6NJ00271,"KEAN, THOMAS H JR",C00410365,0.0,24066.0,384.51,384.51,88000.0,2026-03-31T00:00:00,REP,REP,False,,40.0,
NJ,S6NJ00271,"KEAN, THOMAS H JR",C00410365,15100.0,33.0,24450.51,24450.51,112000.0,2024-12-31T00:00:00,REP,REP,False,,23.0,
NJ,S6NJ00271,"KEAN, THOMAS H JR",C00410365,7500.0,166.0,9383.51,9383.51,112000.0,2022-12-31T00:00:00,REP,REP,False,,27.0,
NJ,S6NJ00271,"KEAN, THOMAS H JR",C00410365,1500.0,541.0,2049.51,2049.51,112000.0,2020-12-31T00:00:00,REP,REP,False,,30.0,
NJ,S6NJ00271,"KEAN, THOMAS H JR",C00410365,0.0,27.0,1090.0,1090.0,112000.0,2018-12-31T00:00:00,REP,REP,False,,41.0,
NJ,S6NJ00271,"KEAN, THOMAS H JR",C00410365,1000.35,2941.0,1118.0,1118.0,112000.0,2016-12-31T00:00:00,REP,REP,False,,32.0,
NJ,S6NJ00271,"KEAN, THOMAS H JR",C00410365,8903.19,8854.0,3060.0,3060.0,112000.0,2014-12-31T00:00:00,REP,REP,False,,26.0,
NJ,S6NJ00271,"KEAN, THOMAS H JR",C00410365,1005.67,1460.0,3011.0,3011.0,120000.0,2012-12-31T00:00:00,REP,REP,False,,31.0,
NJ,S6NJ00271,"KEAN, THOMAS H JR",C00410365,18511.16,16057.0,3465.0,3465.0,120000.0,2010-12-31T00:00:00,REP,REP,False,,22.0,
NJ,S6NJ00271,"KEAN, THOMAS H JR",C00410365,56105.0,169975.0,1011.0,1011.0,130000.0,2008-12-31T00:00:00,REP,REP,False,,19.0,
NJ,S6NJ00271,"KEAN, THOMAS H JR",C00410365,7879053.0,7762373.0,116879.0,116879.0,200000.0,2006-12-31T00:00:00,REP,REP,False,,2.0,
NJ,S6NJ00271,"KEAN, THOMAS H JR",C00423749,323375.0,323375.0,0.0,0.0,0.0,2006-12-31T00:00:00,REP,REP,False,,12.0,
NJ,S6NJ00271,"KEAN, THOMAS H JR",C00429142,53800.0,53800.0,0.0,0.0,0.0,2006-11-27T00:00:00,REP,REP,False,,20.0,
NJ,S6NJ00271,"KEAN, THOMAS H JR",C00426916,0.0,0.0,0.0,0.0,0.0,2006-10-18T00:00:00,REP,REP,False,,42.0,
NJ,S6NJ00271,"KEAN, THOMAS H JR",C00425702,747768.0,747766.0,0.0,0.0,25655.0,2006-11-27T00:00:00,REP,REP,False,,6.0,
AZ,S0AZ00350,"KELLY, MARK",C00696526,35276811.97,17370707.12,22308538.42,22308538.42,0.0,2026-03-31T00:00:00,DEM,DEM,False,,4.0,
AZ,S0AZ00350,"KELLY, MARK",C00696526,10864653.95,7920095.56,4402433.57,4402433.57,0.0,2024-12-31T00:00:00,DEM,DEM,False,,5.0,
AZ,S0AZ00350,"KELLY, MARK",C00696526,92771344.07,92715992.35,1457875.18,1457875.18,0.0,2022-12-31T00:00:00,DEM,DEM,False,,2.0,
AZ,S0AZ00350,"KELLY, MARK",C00696526,101106583.88,99704060.42,1402523.46,1402523.46,0.0,2020-12-31T00:00:00,DEM,DEM,True,highest_total_receipts,1.0,
IL,S6IL00474,"KELLY, ROBIN",C00904300,3466395.93,3278736.11,187659.82,187659.82,0.0,2026-03-31T00:00:00,DEM,DEM,False,,13.0,
LA,S4LA00065,"KENNEDY, JOHN NEELY",C00608398,8195849.16,5644652.0,18481378.86,18481378.86,0.0,2026-03-31T00:00:00,REP,REP,False,,6.0,
LA,S4LA00065,"KENNEDY, JOHN NEELY",C00608398,15625987.97,9602385.94,15930181.7,15930181.7,0.0,2024-12-31T00:00:00,REP,REP,False,,2.0,
LA,S4LA00065,"KENNEDY, JOHN NEELY",C00608398,34338881.57,30119860.38,9906579.67,9906579.67,0.0,2022-12-31T00:00:00,REP,REP,True,highest_total_receipts,1.0,
LA,S4LA00065,"KENNEDY, JOHN NEELY",C00608398,4449386.3,1776533.63,5687558.48,5687558.48,0.0,2020-12-31T00:00:00,REP,REP,False,,13.0,
LA,S4LA00065,"KENNEDY, JOHN NEELY",C00608398,2941943.14,1147578.99,3014705.81,3014705.81,0.0,2018-12-31T00:00:00,REP,REP,False,,17.0,
LA,S4LA00065,"KENNEDY, JOHN NEELY",C00608398,6238062.29,5017718.08,1220342.0,1220342.0,0.0,2016-12-31T00:00:00,REP,REP,False,,10.0,
LA,S4LA00065,"KENNEDY, JOHN NEELY",C00396044,70.0,32308.0,0.0,0.0,0.0,2012-06-30T00:00:00,REP,REP,False,,39.0,
LA,S4LA00065,"KENNEDY, JOHN NEELY",C00396044,73975.0,76219.0,32242.0,32242.0,0.0,2010-12-31T00:00:00,REP,REP,False,,30.0,
LA,S4LA00065,"KENNEDY, JOHN NEELY",C00396044,4828982.0,4795281.0,34486.0,34486.0,16127.0,2008-12-31T00:00:00,REP,REP,False,,12.0,
LA,S4LA00065,"KENNEDY, JOHN NEELY",C00396044,189603.0,188823.0,785.0,785.0,37500.0,2006-12-31T00:00:00,REP,REP,False,,29.0,
LA,S4LA00065,"KENNEDY, JOHN NEELY",C00396044,1919879.0,1919874.0,4.0,4.0,210000.0,2004-12-31T00:00:00,REP,REP,False,,21.0,
UT,S8UT00242,"KENNEDY, MIKE",C00674358,0.0,0.0,0.0,0.0,422543.19,2026-03-31T00:00:00,REP,REP,False,,24.0,
UT,S8UT00242,"KENNEDY, MIKE",C00674358,0.0,0.0,0.0,0.0,422543.19,2024-12-31T00:00:00,REP,REP,False,,25.0,
UT,S8UT00242,"KENNEDY, MIKE",C00674358,0.0,0.0,0.0,0.0,422543.19,2022-12-31T00:00:00,REP,REP,False,,26.0,
UT,S8UT00242,"KENNEDY, MIKE",C00674358,0.0,0.0,0.0,0.0,422543.19,2020-12-31T00:00:00,REP,REP,False,,27.0,
UT,S8UT00242,"KENNEDY, MIKE",C00674358,752498.82,752498.75,0.0,0.0,422543.19,2018-12-31T00:00:00,REP,REP,False,,17.0,
NV,S4NV00247,"KENNEDY, RONDA",C00828988,27686.24,27786.24,0.0,0.0,0.0,2024-07-02T00:00:00,REP,REP,False,,13.0,
NV,S4NV00247,"KENNEDY, RONDA",C00828988,100.0,0.0,100.0,100.0,100.0,2022-12-31T00:00:00,REP,REP,False,,21.0,
TX,S4TX00748,"KEOUGH, STEVE",C00844050,28692.87,29040.01,-1056.67,-1056.67,6050.06,2024-02-14T00:00:00,DEM,DEM,False,,14.0,
MA,S4MA00069,"KERRY, JOHN F",C00177147,0.0,31207.0,0.0,0.0,0.0,2005-03-31T00:00:00,DEM,DEM,False,,59.0,
MA,S4MA00069,"KERRY, JOHN F",C00177147,149856.0,314600.0,31207.0,31207.0,0.0,2004-12-31T00:00:00,DEM,DEM,False,,48.0,
MA,S4MA00069,"KERRY, JOHN F",C00177147,8975344.0,9305860.0,195953.0,195953.0,70589.0,2002-12-31T00:00:00,DEM,DEM,False,,7.0,
MA,S4MA00069,"KERRY, JOHN F",C00177147,2318649.0,1830177.0,526468.0,526468.0,0.0,2000-12-31T00:00:00,DEM,DEM,False,,22.0,
MA,S4MA00069,"KERRY, JOHN F",C00177147,3942262.0,3940850.0,38997.0,38997.0,515172.0,1998-12-31T00:00:00,DEM,DEM,False,,13.0,
MA,S4MA00069,"KERRY, JOHN F",C00177147,10342115.0,10962607.0,37585.0,37585.0,2074461.0,1996-12-31T00:00:00,DEM,DEM,False,,5.0,
MA,S4MA00069,"KERRY, JOHN F",C00177147,1470807.0,932472.0,657986.0,657986.0,0.0,1994-12-31T00:00:00,DEM,DEM,False,,28.0,
MA,S4MA00069,"KERRY, JOHN F",C00177147,951669.0,844073.0,119651.0,119651.0,0.0,1992-12-31T00:00:00,DEM,DEM,False,,35.0,
MA,S4MA00069,"KERRY, JOHN F",C00177147,6215076.0,6234887.0,12055.0,12055.0,92765.0,1990-12-31T00:00:00,DEM,DEM,False,,9.0,
MA,S4MA00069,"KERRY, JOHN F",C00177147,526572.0,513400.0,31865.0,31865.0,29014.0,1988-12-31T00:00:00,DEM,DEM,False,,42.0,
MA,S4MA00069,"KERRY, JOHN F",C00177147,1300765.0,1318746.0,-11245.0,-11245.0,27172.0,1986-12-31T00:00:00,DEM,DEM,False,,31.0,
MA,S4MA00069,"KERRY, JOHN F",C00177147,2162530.0,2169038.0,6733.0,6733.0,420876.0,1984-12-31T00:00:00,DEM,DEM,False,,23.0,
MA,S4MA00069,"KERRY, JOHN F",C00322925,23287.0,83905.0,0.0,0.0,0.0,1997-06-30T00:00:00,DEM,DEM,False,,54.0,
MA,S4MA00069,"KERRY, JOHN F",C00322925,700520.0,639901.0,60618.0,60618.0,0.0,1996-12-31T00:00:00,DEM,DEM,False,,37.0,
MA,S4MA00069,"KERRY, JOHN F",C00304840,47735.0,47735.0,0.0,0.0,0.0,1996-02-29T00:00:00,DEM,DEM,False,,52.0,
MA,S4MA00069,"KERRY, JOHN F",C00320135,18900.0,18899.0,0.0,0.0,0.0,1996-11-25T00:00:00,DEM,DEM,False,,55.0,
MA,S4MA00069,"KERRY, JOHN F",C00324079,0.0,112.0,0.0,0.0,0.0,1997-06-30T00:00:00,DEM,DEM,False,,60.0,
MA,S4MA00069,"KERRY, JOHN F",C00324079,70402.0,70290.0,112.0,112.0,0.0,1996-12-31T00:00:00,DEM,DEM,False,,50.0,
MA,S4MA00069,"KERRY, JOHN F",C00438598,54200.0,54198.0,0.0,0.0,0.0,2008-10-15T00:00:00,DEM,DEM,False,,51.0,
MA,S4MA00069,"KERRY, JOHN F",C00408088,0.0,400.38,605.79,605.79,0.0,2026-03-31T00:00:00,DEM,DEM,False,,61.0,
MA,S4MA00069,"KERRY, JOHN F",C00408088,0.0,310.0,1006.17,1006.17,0.0,2024-12-31T00:00:00,DEM,DEM,False,,62.0,
MA,S4MA00069,"KERRY, JOHN F",C00408088,263.04,250.0,1316.17,1316.17,0.0,2022-12-31T00:00:00,DEM,DEM,False,,58.0,
MA,S4MA00069,"KERRY, JOHN F",C00408088,2088.69,82533.42,1303.13,1303.13,0.0,2020-12-31T00:00:00,DEM,DEM,False,,57.0,
MA,S4MA00069,"KERRY, JOHN F",C00408088,43776.24,108273.98,81747.86,81747.86,0.0,2018-12-31T00:00:00,DEM,DEM,False,,53.0,
WV,S6WV00196,"KESSLER, JEFFREY VINCENT",C00937854,51836.53,15880.23,35956.3,35956.3,20000.0,2026-04-22T00:00:00,DEM,DEM,False,,11.0,
NJ,S4NJ00367,"KHALIL, CHRISTINA AMIRA",C00827162,13807.52,13817.52,0.0,0.0,0.0,2024-11-30T00:00:00,GRE,OTHER,False,,19.0,
TX,S6TX00362,"KHAN, GULREZ",C00899294,10593.07,11238.76,-645.69,-645.69,3800.0,2026-03-31T00:00:00,REP,REP,False,,29.0,
NJ,S4NJ00466,"KIM, ANDY",C00648220,1355762.79,895740.35,1081722.52,1081722.52,0.0,2026-03-31T00:00:00,DEM,DEM,False,,16.0,
NJ,S4NJ00466,"KIM, ANDY",C00648220,12441003.62,11981836.13,621700.08,621700.08,0.0,2024-12-31T00:00:00,DEM,DEM,False,,3.0,
NJ,S4NJ00466,"KIM, ANDY",C00648220,7147162.97,7536464.94,162532.59,162532.59,0.0,2022-12-31T00:00:00,DEM,DEM,False,,8.0,
NJ,S4NJ00466,"KIM, ANDY",C00648220,7358014.54,6869993.74,551834.56,551834.56,6895.58,2020-12-31T00:00:00,DEM,DEM,False,,6.0,
NJ,S4NJ00466,"KIM, ANDY",C00648220,6439534.88,6375721.12,63813.76,63813.76,51381.76,2018-12-31T00:00:00,DEM,DEM,False,,10.0,
OH,S6OH00361,"KINCAID, RONALD E JR",C00913038,42800.15,45272.47,19090.5,19090.5,23810.07,2026-04-15T00:00:00,DEM,DEM,False,,6.0,
ME,S2ME00109,"KING, ANGUS S. JR.",C00516047,48607.13,218438.27,68885.63,68885.63,0.0,2026-03-31T00:00:00,IND,OTHER,False,,10.0,
ME,S2ME00109,"KING, ANGUS S. JR.",C00516047,5368767.0,5443100.77,238716.77,238716.77,0.0,2024-12-31T00:00:00,IND,OTHER,False,,1.0,
ME,S2ME00109,"KING, ANGUS S. JR.",C00516047,138158.07,213753.58,313050.54,313050.54,0.0,2022-12-31T00:00:00,IND,OTHER,False,,7.0,
ME,S2ME00109,"KING, ANGUS S. JR.",C00516047,330324.36,327348.95,388646.05,388646.05,0.0,2020-12-31T00:00:00,IND,OTHER,False,,5.0,
ME,S2ME00109,"KING, ANGUS S. JR.",C00516047,4827215.37,4574178.81,385670.64,385670.64,0.0,2018-12-31T00:00:00,IND,OTHER,False,,2.0,
ME,S2ME00109,"KING, ANGUS S. JR.",C00516047,509439.0,387068.0,132633.0,132633.0,80000.0,2016-12-31T00:00:00,IND,OTHER,False,,4.0,
ME,S2ME00109,"KING, ANGUS S. JR.",C00516047,171587.0,189259.0,58131.0,58131.0,60000.0,2014-12-31T00:00:00,IND,OTHER,False,,6.0,
ME,S2ME00109,"KING, ANGUS S. JR.",C00516047,2964323.0,2888522.0,75802.0,75802.0,20000.0,2012-12-31T00:00:00,IND,OTHER,False,,3.0,
GA,S6GA00382,"KING, JOHN",C00904870,563078.46,563078.46,0.0,0.0,0.0,2026-01-31T00:00:00,REP,REP,False,,16.0,
GA,S4GA11210,"KINGSTON, JOHN H SR REP",C00544676,0.0,13985.65,-48528.13,-48528.13,0.0,2024-03-31T00:00:00,REP,REP,False,,33.0,
GA,S4GA11210,"KINGSTON, JOHN H SR REP",C00544676,0.0,26636.58,-32177.47,-32177.47,0.0,2022-09-30T00:00:00,REP,REP,False,,34.0,
GA,S4GA11210,"KINGSTON, JOHN H SR REP",C00544676,77.95,3260.54,-5440.08,-5440.08,0.0,2020-12-31T00:00:00,REP,REP,False,,27.0,
GA,S4GA11210,"KINGSTON, JOHN H SR REP",C00544676,107.0,10546.0,356.0,356.0,0.0,2018-12-31T00:00:00,REP,REP,False,,26.0,
GA,S4GA11210,"KINGSTON, JOHN H SR REP",C00544676,1773.0,73386.0,10792.0,10792.0,0.0,2016-12-31T00:00:00,REP,REP,False,,24.0,
GA,S4GA11210,"KINGSTON, JOHN H SR REP",C00544676,8088438.0,8006033.0,82404.0,82404.0,0.0,2014-12-31T00:00:00,REP,REP,False,,2.0,
ME,S6ME00381,"KLEBAN, DAN",C00918300,458786.42,458366.92,419.5,419.5,1687.5,2026-03-31T00:00:00,DEM,DEM,False,,5.0,
MN,S6MN00267,"KLOBUCHAR, AMY",C00431353,2515566.99,2988157.73,1308966.28,1308966.28,0.0,2026-03-31T00:00:00,DFL,OTHER,False,,7.0,
MN,S6MN00267,"KLOBUCHAR, AMY",C00431353,14734556.75,14098386.5,1781557.02,1781557.02,0.0,2024-12-31T00:00:00,DFL,OTHER,False,,1.0,
MN,S6MN00267,"KLOBUCHAR, AMY",C00431353,3758119.42,3864400.37,1145386.77,1145386.77,0.0,2022-12-31T00:00:00,DFL,OTHER,False,,5.0,
MN,S6MN00267,"KLOBUCHAR, AMY",C00431353,3381082.5,6064891.38,1251667.72,1251667.72,0.0,2020-12-31T00:00:00,DFL,OTHER,False,,6.0,
MN,S6MN00267,"KLOBUCHAR, AMY",C00431353,8132759.12,6941152.26,3935476.6,3935476.6,0.0,2018-12-31T00:00:00,DFL,OTHER,False,,2.0,
MN,S6MN00267,"KLOBUCHAR, AMY",C00431353,1758853.0,1369214.0,1881667.0,1881667.0,0.0,2016-12-31T00:00:00,DFL,OTHER,False,,9.0,
MN,S6MN00267,"KLOBUCHAR, AMY",C00431353,968539.0,1251832.0,1492028.0,1492028.0,0.0,2014-12-31T00:00:00,DFL,OTHER,False,,10.0,
MN,S6MN00267,"KLOBUCHAR, AMY",C00431353,7258395.0,7096758.0,1775321.0,1775321.0,0.0,2012-12-31T00:00:00,DFL,OTHER,False,,3.0,
MN,S6MN00267,"KLOBUCHAR, AMY",C00431353,1843857.0,692309.0,1613680.0,1613680.0,0.0,2010-12-31T00:00:00,DFL,OTHER,False,,8.0,
MN,S6MN00267,"KLOBUCHAR, AMY",C00431353,812927.0,350795.0,462131.0,462131.0,0.0,2008-12-31T00:00:00,DFL,OTHER,False,,11.0,
MN,S6MN00267,"KLOBUCHAR, AMY",C00431353,0.0,0.0,0.0,0.0,0.0,2006-12-31T00:00:00,DFL,OTHER,False,,14.0,
IA,S0IA00101,"KRAUSE, ROBERT ALLEN",C00579318,0.0,0.0,0.0,0.0,0.0,2016-03-31T00:00:00,DEM,DEM,False,,16.0,
IA,S0IA00101,"KRAUSE, ROBERT ALLEN",C00461178,24068.0,23665.0,503.0,503.0,0.0,2010-06-30T00:00:00,DEM,DEM,False,,11.0,
IL,S6IL00482,"KRISHNAMOORTHI, S",C00904466,31390858.87,28237935.72,3152923.15,3152923.15,116248.28,2026-03-31T00:00:00,DEM,DEM,True,highest_total_receipts,1.0,
CO,S6CO00390,"KUEBLER, JOSHUA WILLIAM",C00880112,0.0,0.0,0.0,0.0,0.0,2024-08-10T00:00:00,IND,OTHER,False,,7.0,
CA,S4CA00993,"KUMAR, HARMESH",C00833277,16528.0,12845.42,3417.58,3417.58,10000.0,2023-09-30T00:00:00,DEM,DEM,False,,28.0,
MO,S2MO00528,"KUNCE, LUCAS",C00771972,407423.5,392734.45,62903.23,62903.23,0.0,2026-03-31T00:00:00,DEM,DEM,False,,15.0,
MO,S2MO00528,"KUNCE, LUCAS",C00771972,23184061.38,23143129.3,48214.18,48214.18,41764.2,2024-12-31T00:00:00,DEM,DEM,True,highest_total_receipts,1.0,
MN,S4MN00569,"LACEY, JOYCE L",C00881581,253.0,0.0,257.05,257.05,0.0,2026-03-31T00:00:00,IDP,OTHER,False,,13.0,
MN,S4MN00569,"LACEY, JOYCE L",C00881581,3011.72,3007.67,4.05,4.05,0.0,2024-12-31T00:00:00,IDP,OTHER,False,,12.0,
IA,S6IA00181,"LAEHN, THOMAS RAYMOND DR.",C00872903,20422.91,29466.51,5513.72,5513.72,0.0,2026-03-31T00:00:00,LIB,OTHER,False,,2.0,
IA,S6IA00181,"LAEHN, THOMAS RAYMOND DR.",C00872903,22521.61,7964.29,14557.32,14557.32,0.0,2024-12-31T00:00:00,LIB,OTHER,False,,1.0,
ME,S6ME00340,"LAFLAMME, ANDREA",C00907261,7739.32,1928.92,5810.4,5810.4,1750.0,2026-03-31T00:00:00,DEM,DEM,False,,12.0,
AZ,S4AZ00220,"LAKE, KARI",C00852343,365326.02,112031.56,471507.94,471507.94,1007764.01,2026-03-31T00:00:00,REP,REP,False,,29.0,
AZ,S4AZ00220,"LAKE, KARI",C00852343,26141656.57,25923443.09,218213.48,218213.48,696535.25,2024-12-31T00:00:00,REP,REP,True,highest_total_receipts,1.0,
HI,S4HI00177,"LAM, ADRIEL",C00859785,0.0,741.75,0.0,0.0,0.0,2025-06-30T00:00:00,REP,REP,False,,4.0,
HI,S4HI00177,"LAM, ADRIEL",C00859785,23056.51,22309.63,741.75,741.75,10094.24,2024-12-31T00:00:00,REP,REP,False,,2.0,
AZ,S4AZ00188,"LAMB, MARK",C00837476,0.0,3482.65,13141.29,13141.29,47400.96,2026-03-31T00:00:00,REP,REP,False,,66.0,
AZ,S4AZ00188,"LAMB, MARK",C00837476,2189531.78,2172907.84,16623.94,16623.94,47400.96,2024-12-31T00:00:00,REP,REP,False,,9.0,
AZ,S2AZ00331,"LAMON, JIM MR",C00778407,0.0,0.0,4448.39,4448.39,18437111.07,2026-03-31T00:00:00,REP,REP,False,,67.0,
AZ,S2AZ00331,"LAMON, JIM MR",C00778407,16102.99,22472.84,4448.39,4448.39,18437111.07,2024-12-31T00:00:00,REP,REP,False,,39.0,
AZ,S2AZ00331,"LAMON, JIM MR",C00778407,19564450.37,19553632.13,10818.24,10818.24,18457778.98,2022-12-31T00:00:00,REP,REP,False,,2.0,
FL,S6FL00657,"LANG, JAKE",C00897330,32771.73,27362.66,5409.07,5409.07,26937.73,2026-03-31T00:00:00,REP,REP,False,,22.0,
OK,S4OK00232,"LANKFORD, JAMES PAUL",C00466482,788822.95,458943.73,2667917.48,2667917.48,0.0,2026-03-31T00:00:00,REP,REP,False,,25.0,
OK,S4OK00232,"LANKFORD, JAMES PAUL",C00466482,913857.67,649918.51,2338038.26,2338038.26,0.0,2024-12-31T00:00:00,REP,REP,False,,20.0,
OK,S4OK00232,"LANKFORD, JAMES PAUL",C00466482,5868351.84,4707427.93,2074099.1,2074099.1,0.0,2022-12-31T00:00:00,REP,REP,False,,2.0,
OK,S4OK00232,"LANKFORD, JAMES PAUL",C00466482,822043.87,541522.98,913175.19,913175.19,0.0,2020-12-31T00:00:00,REP,REP,False,,24.0,
OK,S4OK00232,"LANKFORD, JAMES PAUL",C00466482,629534.01,561617.84,632654.3,632654.3,0.0,2018-12-31T00:00:00,REP,REP,False,,29.0,
OK,S4OK00232,"LANKFORD, JAMES PAUL",C00466482,3041818.0,2800373.0,564738.0,564738.0,0.0,2016-12-31T00:00:00,REP,REP,False,,6.0,
OK,S4OK00232,"LANKFORD, JAMES PAUL",C00466482,4277787.0,4384320.44,323294.0,323294.0,0.0,2014-12-31T00:00:00,REP,REP,False,,4.0,
OK,S4OK00232,"LANKFORD, JAMES PAUL",C00466482,1155958.56,815426.72,429828.9,429828.9,0.0,2012-12-31T00:00:00,REP,REP,False,,18.0,
OK,S4OK00232,"LANKFORD, JAMES PAUL",C00466482,1245943.97,1156646.91,89297.06,89297.06,0.0,2010-12-31T00:00:00,REP,REP,False,,16.0,
OH,S4OH00200,"LAROSE, FRANK",C00845735,11500.0,17778.5,12271.63,12271.63,10600.0,2026-03-31T00:00:00,REP,REP,False,,44.0,
OH,S4OH00200,"LAROSE, FRANK",C00845735,2338457.32,2319907.19,18550.13,18550.13,25000.0,2024-12-31T00:00:00,REP,REP,False,,12.0,
FL,S6FL00624,"LAROSE, JOSUE ECONOMIST",C00894972,0.0,0.0,0.0,0.0,0.0,2026-03-31T00:00:00,REP,REP,False,,35.0,
AL,S6AL00427,"LARRIETT, DAKARAI",C00901017,129877.4,111027.5,18849.9,18849.9,89370.0,2026-03-31T00:00:00,DEM,DEM,False,,3.0,
WI,S2WI00342,"LASRY, ALEX",C00769604,0.0,951.0,22482.85,22482.85,14035000.0,2026-03-31T00:00:00,DEM,DEM,False,,26.0,
WI,S2WI00342,"LASRY, ALEX",C00769604,6803.4,120243.58,23433.85,23433.85,14035000.0,2024-12-31T00:00:00,DEM,DEM,False,,22.0,
WI,S2WI00342,"LASRY, ALEX",C00769604,18842375.53,18705501.5,136874.03,136874.03,14150000.0,2022-12-31T00:00:00,DEM,DEM,False,,3.0,
NJ,S2NJ00080,"LAUTENBERG, FRANK R",C00382457,0.0,2500.0,86927.9,86927.9,0.0,2026-03-31T00:00:00,DEM,DEM,False,,45.0,
NJ,S2NJ00080,"LAUTENBERG, FRANK R",C00382457,0.0,376.0,89427.9,89427.9,1090000.0,2024-12-31T00:00:00,DEM,DEM,False,,46.0,
NJ,S2NJ00080,"LAUTENBERG, FRANK R",C00382457,0.0,0.0,89803.9,89803.9,1090000.0,2022-12-31T00:00:00,DEM,DEM,False,,47.0,
NJ,S2NJ00080,"LAUTENBERG, FRANK R",C00382457,0.0,0.0,89803.9,89803.9,1090000.0,2020-12-31T00:00:00,DEM,DEM,False,,48.0,
NJ,S2NJ00080,"LAUTENBERG, FRANK R",C00382457,0.0,0.0,89803.9,89803.9,1090000.0,2018-12-31T00:00:00,DEM,DEM,False,,49.0,
NJ,S2NJ00080,"LAUTENBERG, FRANK R",C00382457,0.0,6370.0,89803.0,89803.0,1090000.0,2016-12-31T00:00:00,DEM,DEM,False,,50.0,
NJ,S2NJ00080,"LAUTENBERG, FRANK R",C00382457,4793.0,90687.0,96173.0,96173.0,1090000.0,2014-12-31T00:00:00,DEM,DEM,False,,38.0,
NJ,S2NJ00080,"LAUTENBERG, FRANK R",C00382457,252060.0,290384.0,182068.0,182068.0,1090000.0,2012-12-31T00:00:00,DEM,DEM,False,,21.0,
NJ,S2NJ00080,"LAUTENBERG, FRANK R",C00382457,182713.0,451230.0,220391.0,220391.0,1090000.0,2010-12-31T00:00:00,DEM,DEM,False,,22.0,
NJ,S2NJ00080,"LAUTENBERG, FRANK R",C00382457,7219668.0,8135752.0,488909.0,488909.0,1340000.0,2008-12-31T00:00:00,DEM,DEM,False,,7.0,
NJ,S2NJ00080,"LAUTENBERG, FRANK R",C00382457,1874043.0,646709.0,1404994.0,1404994.0,2090000.0,2006-12-31T00:00:00,DEM,DEM,False,,15.0,
NJ,S2NJ00080,"LAUTENBERG, FRANK R",C00382457,419163.0,414821.0,177659.0,177659.0,1410000.0,2004-12-31T00:00:00,DEM,DEM,False,,20.0,
NJ,S2NJ00080,"LAUTENBERG, FRANK R",C00382457,3070996.0,2897674.0,173321.0,173321.0,1510000.0,2002-12-31T00:00:00,DEM,DEM,False,,13.0,
ID,S6ID00161,"LAVE, DENNY",C00940833,160895.0,1605.5,159289.5,159289.5,169276.83,2026-03-31T00:00:00,REP,REP,False,,16.0,
NV,S2NV00324,"LAXALT, ADAM",C00787135,0.0,34071.2,223564.37,223564.37,0.0,2026-03-31T00:00:00,REP,REP,False,,25.0,
NV,S2NV00324,"LAXALT, ADAM",C00787135,19195.41,266316.54,257635.57,257635.57,0.0,2024-12-31T00:00:00,REP,REP,False,,14.0,
NV,S2NV00324,"LAXALT, ADAM",C00787135,19001999.6,18497242.9,504756.7,504756.7,0.0,2022-12-31T00:00:00,REP,REP,True,highest_total_receipts,1.0,
WI,S4WI00280,"LEAGER, THOMAS CHARLES MR.",C00875021,0.0,0.0,175.54,175.54,121.0,2025-09-30T00:00:00,IND,OTHER,False,,6.0,
WI,S4WI00280,"LEAGER, THOMAS CHARLES MR.",C00875021,23856.0,23721.0,175.54,175.54,121.0,2024-12-31T00:00:00,IND,OTHER,False,,3.0,
VT,S4VT00017,"LEAHY, PATRICK J",C00619932,327199.0,327198.0,0.0,0.0,0.0,2016-11-28T00:00:00,DEM,DEM,False,,4.0,
VT,S4VT00017,"LEAHY, PATRICK J",C00135715,0.0,100.0,0.0,0.0,0.0,1987-06-30T00:00:00,DEM,DEM,False,,26.0,
VT,S4VT00017,"LEAHY, PATRICK J",C00135715,0.0,0.0,100.0,100.0,9008.0,1986-12-31T00:00:00,DEM,DEM,False,,27.0,
VT,S4VT00017,"LEAHY, PATRICK J",C00135715,34903.0,34810.0,100.0,100.0,8403.0,1984-12-31T00:00:00,DEM,DEM,False,,15.0,
VT,S4VT00017,"LEAHY, PATRICK J",C00135715,12375.0,12898.0,,,,1982-12-31T00:00:00,DEM,DEM,False,,20.0,
VT,S4VT00017,"LEAHY, PATRICK J",C00135715,67925.0,61106.0,,,,1980-12-31T00:00:00,DEM,DEM,False,,13.0,
VT,S4VT00017,"LEAHY, PATRICK J",C00385872,0.0,0.0,0.0,0.0,0.0,2004-09-30T00:00:00,DEM,DEM,False,,28.0,
VT,S4VT00017,"LEAHY, PATRICK J",C00385872,94207.0,94206.0,0.0,0.0,0.0,2004-09-30T00:00:00,DEM,DEM,False,,10.0,
VT,S4VT00017,"LEAHY, PATRICK J",C00391623,36580.0,36580.0,0.0,0.0,0.0,2004-03-31T00:00:00,DEM,DEM,False,,14.0,
VT,S4VT00017,"LEAHY, PATRICK J",C00566547,0.0,689.38,14.0,14.0,0.0,2021-12-31T00:00:00,DEM,DEM,False,,29.0,
VT,S4VT00017,"LEAHY, PATRICK J",C00566547,0.0,108.0,703.38,703.38,0.0,2020-12-31T00:00:00,DEM,DEM,False,,30.0,
VT,S4VT00017,"LEAHY, PATRICK J",C00566547,29800.0,29472.75,775.38,775.38,0.0,2018-12-31T00:00:00,DEM,DEM,False,,18.0,
VT,S4VT00017,"LEAHY, PATRICK J",C00566547,117850.0,117896.05,448.13,448.13,0.0,2016-12-31T00:00:00,DEM,DEM,False,,8.0,
VT,S4VT00017,"LEAHY, PATRICK J",C00566547,13000.0,12505.82,494.18,494.18,0.0,2014-12-31T00:00:00,DEM,DEM,False,,19.0,
VT,S4VT00017,"LEAHY, PATRICK J",C00423822,108633.0,108633.0,0.0,0.0,0.0,2006-11-27T00:00:00,DEM,DEM,False,,9.0,
VT,S4VT00017,"LEAHY, PATRICK J",C00622282,31000.0,29497.0,822.0,822.0,0.0,2016-12-07T00:00:00,DEM,DEM,False,,17.0,
VT,S4VT00017,"LEAHY, PATRICK J",C00622282,32604.0,31781.0,822.0,822.0,0.0,2016-12-07T00:00:00,DEM,DEM,False,,16.0,
VT,S4VT00017,"LEAHY, PATRICK J",C00068353,0.0,95417.48,26151.87,26151.87,0.0,2026-03-31T00:00:00,DEM,DEM,False,,31.0,
VT,S4VT00017,"LEAHY, PATRICK J",C00068353,1636.43,1482122.12,121569.35,121569.35,0.0,2024-12-31T00:00:00,DEM,DEM,False,,21.0,
VT,S4VT00017,"LEAHY, PATRICK J",C00290445,69902.0,69902.0,0.0,0.0,,1994-09-30T00:00:00,DEM,DEM,False,,12.0,
VT,S4VT00017,"LEAHY, PATRICK J",C00477273,92000.0,92000.0,0.0,0.0,0.0,2010-11-22T00:00:00,DEM,DEM,False,,11.0,
VT,S4VT00017,"LEAHY, PATRICK J",C00405357,425.0,13483.72,0.0,0.0,0.0,2005-03-16T00:00:00,DEM,DEM,False,,22.0,
VT,S4VT00017,"LEAHY, PATRICK J",C00405357,178924.0,165865.28,13058.72,13058.72,0.0,2004-12-31T00:00:00,DEM,DEM,False,,5.0,
VT,S4VT00017,"LEAHY, PATRICK J",C00557462,0.0,0.0,0.0,0.0,0.0,2014-02-20T00:00:00,DEM,DEM,False,,32.0,
VT,S4VT00017,"LEAHY, PATRICK J",C00210088,91.0,203.0,0.0,0.0,0.0,1987-03-31T00:00:00,DEM,DEM,False,,23.0,
VT,S4VT00017,"LEAHY, PATRICK J",C00210088,1140881.0,1140769.0,112.0,112.0,0.0,1986-12-31T00:00:00,DEM,DEM,False,,2.0,
NJ,S6NJ00438,"LEBOVICS, ROBERT",C00941534,101260.25,77955.94,23304.31,23304.31,100000.0,2026-03-31T00:00:00,REP,REP,False,,17.0,
CA,S4CA00589,"LEE, BARBARA",C00833608,58793.47,101297.95,6287.5,6287.5,88970.64,2026-03-31T00:00:00,DEM,DEM,False,,24.0,
CA,S4CA00589,"LEE, BARBARA",C00833608,5809488.05,5760696.07,48791.98,48791.98,91035.13,2024-12-31T00:00:00,DEM,DEM,False,,8.0,
UT,S0UT00165,"LEE, MIKE",C00473827,2047902.2,2110270.85,846399.24,846399.24,0.0,2026-03-31T00:00:00,REP,REP,False,,8.0,
UT,S0UT00165,"LEE, MIKE",C00473827,5138473.2,5191865.23,908767.89,908767.89,0.0,2024-12-31T00:00:00,REP,REP,False,,4.0,
UT,S0UT00165,"LEE, MIKE",C00473827,10885232.67,10478792.75,955824.1,955824.1,0.0,2022-12-31T00:00:00,REP,REP,True,highest_total_receipts,1.0,
UT,S0UT00165,"LEE, MIKE",C00473827,1140180.24,831284.3,549384.18,549384.18,0.0,2020-12-31T00:00:00,REP,REP,False,,14.0,
UT,S0UT00165,"LEE, MIKE",C00473827,693219.22,799937.89,240488.24,240488.24,0.0,2018-12-31T00:00:00,REP,REP,False,,18.0,
UT,S0UT00165,"LEE, MIKE",C00473827,3981888.49,4001943.25,347208.0,347208.0,0.0,2016-12-31T00:00:00,REP,REP,False,,6.0,
UT,S0UT00165,"LEE, MIKE",C00473827,1650215.0,1288093.0,367264.0,367264.0,8640.0,2014-12-31T00:00:00,REP,REP,False,,10.0,
UT,S0UT00165,"LEE, MIKE",C00473827,491832.0,532325.0,5142.0,5142.0,31864.0,2012-12-31T00:00:00,REP,REP,False,,21.0,
UT,S0UT00165,"LEE, MIKE",C00473827,1849329.0,1801351.0,45885.0,45885.0,63963.0,2010-12-31T00:00:00,REP,REP,False,,9.0,
FL,S2FL00227,"LEMIEUX, GEORGE S",C00494971,0.0,15716.92,0.0,0.0,0.0,2024-12-31T00:00:00,REP,REP,False,,36.0,
FL,S2FL00227,"LEMIEUX, GEORGE S",C00494971,0.0,29431.69,15716.92,15716.92,0.0,2022-12-31T00:00:00,REP,REP,False,,37.0,
FL,S2FL00227,"LEMIEUX, GEORGE S",C00494971,0.0,53110.65,45148.61,45148.61,0.0,2020-12-31T00:00:00,REP,REP,False,,38.0,
FL,S2FL00227,"LEMIEUX, GEORGE S",C00494971,0.0,129758.71,98259.26,98259.26,0.0,2018-12-31T00:00:00,REP,REP,False,,39.0,
LA,S6LA00664,"LETLOW, JULIA",C00935411,3913424.32,1639379.99,2274044.33,2274044.33,0.0,2026-03-31T00:00:00,REP,REP,False,,16.0,
OH,S6OH00395,"LEVY, GREGORY LEE",C00918839,57814.65,27570.96,31998.93,31998.93,0.0,2026-04-15T00:00:00,IND,OTHER,False,,1.0,
WI,S2WI00458,"LEWIS, CHANTIA",C00785063,0.0,0.0,158.49,158.49,0.0,2026-03-31T00:00:00,DEM,DEM,False,,27.0,
WI,S2WI00458,"LEWIS, CHANTIA",C00785063,0.0,0.0,158.49,158.49,0.0,2024-12-31T00:00:00,DEM,DEM,False,,28.0,
WI,S2WI00458,"LEWIS, CHANTIA",C00785063,17288.74,17130.25,158.49,158.49,0.0,2022-12-31T00:00:00,DEM,DEM,False,,21.0,
CA,S2CA00872,"LIEW, SARAH SUN DR.",C00721787,0.0,0.0,-57.93,-57.93,292059.24,2025-12-31T00:00:00,REP,REP,False,,20.0,
CA,S2CA00872,"LIEW, SARAH SUN DR.",C00721787,48420.0,30977.63,240.77,240.77,292059.24,2024-09-30T00:00:00,REP,REP,False,,9.0,
CA,S2CA00872,"LIEW, SARAH SUN DR.",C00721787,136900.0,137983.4,20.29,20.29,233939.24,2022-12-31T00:00:00,REP,REP,False,,5.0,
CA,S2CA00872,"LIEW, SARAH SUN DR.",C00721787,103489.24,101474.55,903.3,903.3,0.0,2020-12-31T00:00:00,REP,REP,False,,7.0,
NV,S2NV00415,"LINDEMANN, BARRY",C00846519,1500.0,4389.99,215.6,215.6,0.0,2024-09-30T00:00:00,REP,REP,False,,19.0,
NV,S2NV00415,"LINDEMANN, BARRY",C00846519,64106.04,63947.68,215.6,215.6,0.0,2024-09-30T00:00:00,REP,REP,False,,11.0,
WV,S4WV00423,"LINDSAY, DONALD",C00867507,9792.33,9792.33,0.0,0.0,0.0,2024-12-31T00:00:00,REP,REP,False,,21.0,
AR,S6AR00215,"LITTLE, JEB",C00926568,92531.55,92404.15,127.4,127.4,0.0,2026-03-31T00:00:00,REP,REP,False,,19.0,
UT,S4UT00183,"LOBO-BLANCO, GABRIEL STUART",C00840207,550.0,530.0,20.0,20.0,10372.31,2024-03-31T00:00:00,REP,REP,False,,23.0,
MO,S2MO00726,"LONG, BILLY",C00460063,136900.0,166732.28,0.0,0.0,0.0,2025-04-15T00:00:00,REP,REP,False,,36.0,
MO,S2MO00726,"LONG, BILLY",C00460063,35977.32,28158.18,29832.28,29832.28,130000.0,2024-12-31T00:00:00,REP,REP,False,,39.0,
MO,S2MO00726,"LONG, BILLY",C00460063,2205145.08,2658242.62,22013.14,22013.14,130000.0,2022-12-31T00:00:00,REP,REP,False,,9.0,
MO,S2MO00726,"LONG, BILLY",C00460063,1337163.2,1534977.2,475110.68,475110.68,0.0,2020-12-31T00:00:00,REP,REP,False,,19.0,
MO,S2MO00726,"LONG, BILLY",C00460063,1530792.88,1247421.45,672924.68,672924.68,0.0,2018-12-31T00:00:00,REP,REP,False,,14.0,
MO,S2MO00726,"LONG, BILLY",C00460063,1468339.43,1640591.29,389553.25,389553.25,0.0,2016-12-31T00:00:00,REP,REP,False,,17.0,
MO,S2MO00726,"LONG, BILLY",C00460063,1199797.11,952886.74,561805.11,561805.11,0.0,2014-12-31T00:00:00,REP,REP,False,,23.0,
MO,S2MO00726,"LONG, BILLY",C00460063,924151.95,639660.24,314894.74,314894.74,0.0,2012-12-31T00:00:00,REP,REP,False,,26.0,
MO,S2MO00726,"LONG, BILLY",C00460063,1302006.7,1272603.67,29403.03,29403.03,0.0,2010-12-31T00:00:00,REP,REP,False,,21.0,
MO,H0MO07113,"LONG, BILLY MR.",C00460063,136900.0,166732.28,0.0,0.0,0.0,2025-04-15T00:00:00,REP,REP,False,,37.0,
MO,H0MO07113,"LONG, BILLY MR.",C00460063,35977.32,28158.18,29832.28,29832.28,130000.0,2024-12-31T00:00:00,REP,REP,False,,40.0,
MO,H0MO07113,"LONG, BILLY MR.",C00460063,2205145.08,2658242.62,22013.14,22013.14,130000.0,2022-12-31T00:00:00,REP,REP,False,,10.0,
MO,H0MO07113,"LONG, BILLY MR.",C00460063,1337163.2,1534977.2,475110.68,475110.68,0.0,2020-12-31T00:00:00,REP,REP,False,,20.0,
MO,H0MO07113,"LONG, BILLY MR.",C00460063,1530792.88,1247421.45,672924.68,672924.68,0.0,2018-12-31T00:00:00,REP,REP,False,,15.0,
MO,H0MO07113,"LONG, BILLY MR.",C00460063,1468339.43,1640591.29,389553.25,389553.25,0.0,2016-12-31T00:00:00,REP,REP,False,,18.0,
MO,H0MO07113,"LONG, BILLY MR.",C00460063,1199797.11,952886.74,561805.11,561805.11,0.0,2014-12-31T00:00:00,REP,REP,False,,24.0,
MO,H0MO07113,"LONG, BILLY MR.",C00460063,924151.95,639660.24,314894.74,314894.74,0.0,2012-12-31T00:00:00,REP,REP,False,,27.0,
MO,H0MO07113,"LONG, BILLY MR.",C00460063,1302006.7,1272603.67,29403.03,29403.03,0.0,2010-12-31T00:00:00,REP,REP,False,,22.0,
IL,S6IL00540,"LONG, PAMELA",C00904516,24715.06,22829.78,1885.28,1885.28,2637.99,2026-04-09T00:00:00,REP,REP,False,,15.0,
NY,S2NY00259,"LONG, WENDY",C00610402,0.0,871.61,0.0,0.0,0.0,2022-03-31T00:00:00,REP,REP,False,,17.0,
NY,S2NY00259,"LONG, WENDY",C00610402,0.0,570.2,871.61,871.61,0.0,2020-12-31T00:00:00,REP,REP,False,,18.0,
NY,S2NY00259,"LONG, WENDY",C00610402,4058.0,50671.5,1441.81,1441.81,0.0,2018-12-31T00:00:00,REP,REP,False,,13.0,
NY,S2NY00259,"LONG, WENDY",C00610402,135840.0,141693.0,48057.0,48057.0,30200.0,2016-12-31T00:00:00,REP,REP,False,,7.0,
MN,S6MN00465,"LOPEZ FRANZEN, MELISA",C00899310,299376.29,299376.29,0.0,0.0,0.0,2025-07-15T00:00:00,DEM,DEM,False,,8.0,
SC,S6SC04353,"LOUIS, DONAVAN ARTHUR MR",C00936278,2605.0,2605.0,0.0,0.0,0.0,2026-03-31T00:00:00,IND,OTHER,False,,2.0,
TX,S0TX00308,"LOVE, JOHN BENARD III",C00720573,110.64,7526.87,4541.92,4541.92,0.0,2026-03-31T00:00:00,DEM,DEM,False,,24.0,
TX,S0TX00308,"LOVE, JOHN BENARD III",C00720573,135300.64,123995.08,11958.15,11958.15,0.0,2024-12-31T00:00:00,DEM,DEM,False,,11.0,
TX,S0TX00308,"LOVE, JOHN BENARD III",C00720573,43675.57,43926.64,1004.78,1004.78,6015.67,2022-12-31T00:00:00,DEM,DEM,False,,12.0,
TX,S0TX00308,"LOVE, JOHN BENARD III",C00720573,31533.45,30277.6,1255.85,1255.85,0.0,2020-12-31T00:00:00,DEM,DEM,False,,13.0,
NM,S0NM00058,"LUJAN, BEN RAY",C00443689,4658613.41,1696484.92,4175921.38,4175921.38,0.0,2026-03-31T00:00:00,DEM,DEM,False,,5.0,
NM,S0NM00058,"LUJAN, BEN RAY",C00443689,1364756.27,735061.51,1213792.89,1213792.89,0.0,2024-12-31T00:00:00,DEM,DEM,False,,13.0,
NM,S0NM00058,"LUJAN, BEN RAY",C00443689,1286092.74,781318.06,584098.13,584098.13,0.0,2022-12-31T00:00:00,DEM,DEM,False,,14.0,
NM,S0NM00058,"LUJAN, BEN RAY",C00443689,9295577.6,9596963.41,79323.45,79323.45,0.0,2020-12-31T00:00:00,DEM,DEM,False,,2.0,
NM,S0NM00058,"LUJAN, BEN RAY",C00443689,1963783.67,2352262.18,380709.26,380709.26,0.0,2018-12-31T00:00:00,DEM,DEM,False,,9.0,
NM,S0NM00058,"LUJAN, BEN RAY",C00443689,2108972.55,1876470.93,769187.77,769187.77,0.0,2016-12-31T00:00:00,DEM,DEM,False,,8.0,
NM,S0NM00058,"LUJAN, BEN RAY",C00443689,1267973.38,1045767.5,536686.15,536686.15,0.0,2014-12-31T00:00:00,DEM,DEM,False,,15.0,
NM,S0NM00058,"LUJAN, BEN RAY",C00443689,1102858.06,845161.97,314480.27,314480.27,0.0,2012-12-31T00:00:00,DEM,DEM,False,,18.0,
NM,S0NM00058,"LUJAN, BEN RAY",C00443689,1176087.4,1169388.81,56784.18,56784.18,103876.53,2010-12-31T00:00:00,DEM,DEM,False,,17.0,
NM,S0NM00058,"LUJAN, BEN RAY",C00443689,1570997.78,1520912.18,50085.59,50085.59,160889.54,2008-12-31T00:00:00,DEM,DEM,False,,12.0,
WY,S0WY00137,"LUMMIS, CYNTHIA MARIE MRS.",C00443580,1493103.64,561688.66,1608754.71,1608754.71,0.0,2026-03-31T00:00:00,REP,REP,False,,11.0,
WY,S0WY00137,"LUMMIS, CYNTHIA MARIE MRS.",C00443580,805805.6,244322.63,677339.73,677339.73,0.0,2024-12-31T00:00:00,REP,REP,False,,17.0,
WY,S0WY00137,"LUMMIS, CYNTHIA MARIE MRS.",C00443580,419107.34,417700.81,115856.76,115856.76,0.0,2022-12-31T00:00:00,REP,REP,False,,23.0,
WY,S0WY00137,"LUMMIS, CYNTHIA MARIE MRS.",C00443580,2994791.07,3028816.31,114450.23,114450.23,156643.5,2020-12-31T00:00:00,REP,REP,False,,6.0,
WY,S0WY00137,"LUMMIS, CYNTHIA MARIE MRS.",C00443580,0.0,108878.93,148475.47,148475.47,0.0,2018-12-31T00:00:00,REP,REP,False,,28.0,
WY,S0WY00137,"LUMMIS, CYNTHIA MARIE MRS.",C00443580,100099.9,98104.34,257354.4,257354.4,0.0,2016-12-31T00:00:00,REP,REP,False,,24.0,
WY,S0WY00137,"LUMMIS, CYNTHIA MARIE MRS.",C00443580,432665.64,300949.02,255358.84,255358.84,0.0,2014-12-31T00:00:00,REP,REP,False,,22.0,
WY,S0WY00137,"LUMMIS, CYNTHIA MARIE MRS.",C00443580,715313.84,631025.66,123881.81,123881.81,0.0,2012-12-31T00:00:00,REP,REP,False,,19.0,
WY,S0WY00137,"LUMMIS, CYNTHIA MARIE MRS.",C00443580,780426.42,754270.21,39593.63,39593.63,37622.45,2010-12-31T00:00:00,REP,REP,False,,18.0,
WY,S0WY00137,"LUMMIS, CYNTHIA MARIE MRS.",C00443580,1530458.88,1517021.46,13437.42,13437.42,215057.14,2008-12-31T00:00:00,REP,REP,False,,10.0,
FL,S6FL00673,"LYLES, TAMIKA MS",C00900522,23287.14,3139.89,20147.25,20147.25,21000.0,2026-03-31T00:00:00,DEM,DEM,False,,34.0,
SC,S6SC04213,"LYNCH, MARK",C00897140,5726191.16,2398855.44,3327335.72,3327335.72,5050000.0,2026-03-31T00:00:00,REP,REP,False,,11.0,
TN,S8TN00311,"MACKLER, JAMES",C00637850,0.0,5000.0,24570.91,24570.91,0.0,2026-03-31T00:00:00,DEM,DEM,False,,13.0,
TN,S8TN00311,"MACKLER, JAMES",C00637850,0.0,11003.15,29570.91,29570.91,0.0,2024-12-31T00:00:00,DEM,DEM,False,,14.0,
TN,S8TN00311,"MACKLER, JAMES",C00637850,35860.25,12298.52,40574.06,40574.06,0.0,2022-12-31T00:00:00,DEM,DEM,False,,7.0,
TN,S8TN00311,"MACKLER, JAMES",C00637850,2291057.55,2283136.82,17012.33,17012.33,0.0,2020-12-31T00:00:00,DEM,DEM,False,,2.0,
TN,S8TN00311,"MACKLER, JAMES",C00637850,980898.0,971804.49,9091.6,9091.6,0.0,2018-12-31T00:00:00,DEM,DEM,False,,4.0,
NY,S8NY00256,"MADSON, JOSHUA",C00829234,0.0,0.0,0.0,0.0,0.0,2023-11-23T00:00:00,IND,OTHER,False,,5.0,
NV,S6NV00234,"MAHENDRA, SUJEET BOBBY NARENDRA",C00608240,0.0,0.0,2976.47,2976.47,32000.0,2026-03-31T00:00:00,DEM,DEM,False,,16.0,
NV,S6NV00234,"MAHENDRA, SUJEET BOBBY NARENDRA",C00608240,0.0,0.0,2976.47,2976.47,32000.0,2024-12-31T00:00:00,DEM,DEM,False,,17.0,
NV,S6NV00234,"MAHENDRA, SUJEET BOBBY NARENDRA",C00608240,0.0,27.39,2976.47,2976.47,32000.0,2022-12-31T00:00:00,DEM,DEM,False,,18.0,
NV,S6NV00234,"MAHENDRA, SUJEET BOBBY NARENDRA",C00608240,0.0,205.38,3003.86,3003.86,32000.0,2020-12-31T00:00:00,DEM,DEM,False,,19.0,
NV,S6NV00234,"MAHENDRA, SUJEET BOBBY NARENDRA",C00608240,9807.0,11242.0,3209.0,3209.0,32000.0,2018-12-31T00:00:00,DEM,DEM,False,,14.0,
NV,S6NV00234,"MAHENDRA, SUJEET BOBBY NARENDRA",C00608240,25006.0,20358.0,4646.0,4646.0,25000.0,2016-12-31T00:00:00,DEM,DEM,False,,13.0,
VT,S2VT00292,"MALLOY, GERALD",C00809699,17908.37,33121.62,5821.38,5821.38,0.0,2026-03-31T00:00:00,REP,REP,False,,6.0,
VT,S2VT00292,"MALLOY, GERALD",C00809699,662959.83,642786.47,21034.63,21034.63,5000.0,2024-12-31T00:00:00,REP,REP,False,,2.0,
VT,S2VT00292,"MALLOY, GERALD",C00809699,397262.11,397918.33,861.27,861.27,0.0,2022-12-31T00:00:00,REP,REP,False,,4.0,
WV,S0WV00090,"MANCHIN, JOE III",C00631960,881171.65,881168.03,0.0,0.0,0.0,2018-11-26T00:00:00,DEM,DEM,False,,3.0,
WV,S0WV00090,"MANCHIN, JOE III",C00521807,50000.0,49999.0,0.0,0.0,0.0,2012-09-30T00:00:00,DEM,DEM,False,,12.0,
WV,S0WV00090,"MANCHIN, JOE III",C00527374,20000.0,20000.0,0.0,0.0,0.0,2012-11-26T00:00:00,DEM,DEM,False,,13.0,
WV,S0WV00090,"MANCHIN, JOE III",C00667501,697069.0,697069.0,0.0,0.0,0.0,2018-06-30T00:00:00,DEM,DEM,False,,5.0,
WV,S0WV00090,"MANCHIN, JOE III",C00682591,100500.0,100500.0,0.0,0.0,0.0,2018-11-26T00:00:00,DEM,DEM,False,,9.0,
WV,S0WV00090,"MANCHIN, JOE III",C00636811,97720.0,97719.0,0.0,0.0,0.0,2017-09-30T00:00:00,DEM,DEM,False,,10.0,
WV,S0WV00090,"MANCHIN, JOE III",C00676817,101200.0,101200.0,0.0,0.0,0.0,2018-09-30T00:00:00,DEM,DEM,False,,8.0,
WV,S0WV00090,"MANCHIN, JOE III",C00486563,-15924.15,8456437.11,0.0,0.0,0.0,2025-07-31T00:00:00,DEM,DEM,False,,23.0,
OH,S2OH00170,"MANDEL, JOSHUA A.",C00494930,263.82,9258.2,-27323.62,-27323.62,122480.92,2026-03-31T00:00:00,REP,REP,False,,51.0,
OH,S2OH00170,"MANDEL, JOSHUA A.",C00494930,20613.2,-38583.82,-18650.73,-18650.73,122480.92,2024-12-31T00:00:00,REP,REP,False,,43.0,
OH,S2OH00170,"MANDEL, JOSHUA A.",C00494930,3190704.11,7630028.46,-77847.45,-77847.45,0.0,2022-12-31T00:00:00,REP,REP,False,,10.0,
OH,S2OH00170,"MANDEL, JOSHUA A.",C00494930,803908.01,56040.18,4361476.9,4361476.9,0.0,2020-12-31T00:00:00,REP,REP,False,,20.0,
OH,S2OH00170,"MANDEL, JOSHUA A.",C00494930,4516257.43,2572742.31,3611043.68,3611043.68,0.0,2018-12-31T00:00:00,REP,REP,False,,8.0,
OH,S2OH00170,"MANDEL, JOSHUA A.",C00494930,1802048.0,150880.0,1657109.0,1657109.0,0.0,2016-12-31T00:00:00,REP,REP,False,,15.0,
OH,S2OH00170,"MANDEL, JOSHUA A.",C00494930,73891.0,111646.0,5941.0,5941.0,0.0,2014-12-31T00:00:00,REP,REP,False,,38.0,
OH,S2OH00170,"MANDEL, JOSHUA A.",C00494930,18912557.0,18868809.0,43698.0,43698.0,0.0,2012-12-31T00:00:00,REP,REP,False,,2.0,
NH,S2NH00272,"MANSHARAMANI, VIKRAM",C00813295,0.0,59387.79,0.0,0.0,0.0,2025-09-07T00:00:00,REP,REP,False,,28.0,
NH,S2NH00272,"MANSHARAMANI, VIKRAM",C00813295,539918.85,491057.29,59387.79,59387.79,243377.5,2024-12-31T00:00:00,REP,REP,False,,13.0,
NH,S2NH00272,"MANSHARAMANI, VIKRAM",C00813295,956889.4,946363.17,10526.23,10526.23,251860.52,2022-12-31T00:00:00,REP,REP,False,,11.0,
NH,S6NH00182,"MANZUR, KARISHMA",C00916668,114396.4,99741.66,14654.74,14654.74,8416.27,2026-03-31T00:00:00,DEM,DEM,False,,22.0,
NV,S4NV00270,"MARCHANT, JIM",C00839563,0.0,0.0,0.0,0.0,0.0,2025-09-30T00:00:00,REP,REP,False,,26.0,
NV,S4NV00270,"MARCHANT, JIM",C00839563,454703.78,454703.78,0.0,0.0,0.0,2024-12-31T00:00:00,REP,REP,False,,6.0,
CO,S6CO00424,"MARKERT, GEORGE WASHINGTON MR V",C00903443,260985.97,204767.55,56218.42,56218.42,50000.0,2026-03-31T00:00:00,REP,REP,False,,4.0,
MA,S4MA00028,"MARKEY, EDWARD SEN.",C00175059,0.0,208.0,,,,1987-03-11T00:00:00,DEM,DEM,False,,63.0,
MA,S4MA00028,"MARKEY, EDWARD SEN.",C00175059,3038.0,4414.0,208.0,208.0,,1986-12-31T00:00:00,DEM,DEM,False,,56.0,
MA,S4MA00028,"MARKEY, EDWARD SEN.",C00175059,524236.0,522650.0,1586.0,1586.0,3500.0,1984-12-31T00:00:00,DEM,DEM,False,,43.0,
MA,S4MA00028,"MARKEY, EDWARD SEN.",C00196774,3804689.34,3073999.78,2541376.53,2541376.53,0.0,2026-03-31T00:00:00,DEM,DEM,False,,14.0,
MA,S4MA00028,"MARKEY, EDWARD SEN.",C00196774,1549922.8,1304369.21,1810686.97,1810686.97,0.0,2024-12-31T00:00:00,DEM,DEM,False,,26.0,
MA,S4MA00028,"MARKEY, EDWARD SEN.",C00196774,1149898.84,1236742.06,1565133.38,1565133.38,0.0,2022-12-31T00:00:00,DEM,DEM,False,,32.0,
MA,S4MA00028,"MARKEY, EDWARD SEN.",C00196774,11823465.97,12971097.07,1642211.38,1642211.38,0.0,2020-12-31T00:00:00,DEM,DEM,False,,4.0,
MA,S4MA00028,"MARKEY, EDWARD SEN.",C00196774,2041736.09,1276987.04,2789842.48,2789842.48,0.0,2018-12-31T00:00:00,DEM,DEM,False,,25.0,
MA,S4MA00028,"MARKEY, EDWARD SEN.",C00196774,601552.0,803795.0,2025092.0,2025092.0,0.0,2016-12-31T00:00:00,DEM,DEM,False,,40.0,
MA,S4MA00028,"MARKEY, EDWARD SEN.",C00196774,13862824.0,14686084.0,2227333.0,2227333.0,0.0,2014-12-31T00:00:00,DEM,DEM,False,,3.0,
MA,S4MA00028,"MARKEY, EDWARD SEN.",C00196774,1091666.32,1110491.92,3050589.47,3050589.47,0.0,2012-12-31T00:00:00,DEM,DEM,False,,33.0,
MA,S4MA00028,"MARKEY, EDWARD SEN.",C00196774,1535339.78,1291209.68,3070415.07,3070415.07,0.0,2010-12-31T00:00:00,DEM,DEM,False,,27.0,
MA,S4MA00028,"MARKEY, EDWARD SEN.",C00196774,1454665.36,1021895.84,2826284.97,2826284.97,0.0,2008-12-31T00:00:00,DEM,DEM,False,,29.0,
MA,S4MA00028,"MARKEY, EDWARD SEN.",C00196774,942527.28,947143.85,2393515.45,2393515.45,0.0,2006-12-31T00:00:00,DEM,DEM,False,,36.0,
MA,S4MA00028,"MARKEY, EDWARD SEN.",C00196774,2840655.87,1181786.9,2398146.02,2398146.02,0.0,2004-12-31T00:00:00,DEM,DEM,False,,19.0,
MA,S4MA00028,"MARKEY, EDWARD SEN.",C00196774,688473.02,705778.55,739279.37,739279.37,0.0,2002-12-31T00:00:00,DEM,DEM,False,,39.0,
MA,S4MA00028,"MARKEY, EDWARD SEN.",C00196774,591089.0,584630.0,760142.0,760142.0,,2000-12-31T00:00:00,DEM,DEM,False,,41.0,
MA,S4MA00028,"MARKEY, EDWARD SEN.",C00196774,455311.0,390660.0,754053.0,754053.0,,1998-12-31T00:00:00,DEM,DEM,False,,45.0,
MA,S4MA00028,"MARKEY, EDWARD SEN.",C00196774,695542.0,351683.0,689402.0,689402.0,,1996-12-31T00:00:00,DEM,DEM,False,,38.0,
MA,S4MA00028,"MARKEY, EDWARD SEN.",C00196774,972421.0,757993.0,345539.0,345539.0,,1994-12-31T00:00:00,DEM,DEM,False,,34.0,
MA,S4MA00028,"MARKEY, EDWARD SEN.",C00196774,444628.0,893462.0,131110.0,131110.0,,1992-12-31T00:00:00,DEM,DEM,False,,46.0,
MA,S4MA00028,"MARKEY, EDWARD SEN.",C00196774,336209.0,207273.0,579994.0,579994.0,,1990-12-31T00:00:00,DEM,DEM,False,,47.0,
MA,S4MA00028,"MARKEY, EDWARD SEN.",C00196774,484319.0,134388.0,451058.0,451058.0,,1988-12-31T00:00:00,DEM,DEM,False,,44.0,
IL,S6IL00185,"MARSHALL, ROBERT",C00469833,0.0,721.0,0.0,0.0,0.0,2011-03-31T00:00:00,REP,REP,False,,26.0,
IL,S6IL00185,"MARSHALL, ROBERT",C00469833,109500.0,108779.0,721.0,721.0,107000.0,2010-12-31T00:00:00,REP,REP,False,,11.0,
KS,H6KS01179,"MARSHALL, ROGER W",C00576173,3331963.38,255723.24,4781258.78,4781258.78,0.0,2026-03-31T00:00:00,REP,REP,False,,7.0,
KS,H6KS01179,"MARSHALL, ROGER W",C00576173,1474616.76,279374.49,1705018.64,1705018.64,0.0,2024-12-31T00:00:00,REP,REP,False,,14.0,
KS,H6KS01179,"MARSHALL, ROGER W",C00576173,721930.77,422113.26,509776.37,509776.37,97000.0,2022-12-31T00:00:00,REP,REP,False,,21.0,
KS,H6KS01179,"MARSHALL, ROGER W",C00576173,6761143.55,7159470.55,209958.86,209958.86,0.0,2020-12-31T00:00:00,REP,REP,True,highest_total_receipts,1.0,
KS,H6KS01179,"MARSHALL, ROGER W",C00576173,1343114.41,753188.46,608285.86,608285.86,35000.0,2018-12-31T00:00:00,REP,REP,False,,16.0,
KS,H6KS01179,"MARSHALL, ROGER W",C00576173,1653986.34,1635626.43,18359.91,18359.91,135000.0,2016-12-31T00:00:00,REP,REP,False,,11.0,
KS,S0KS00315,"MARSHALL, ROGER W",C00576173,3331963.38,255723.24,4781258.78,4781258.78,0.0,2026-03-31T00:00:00,REP,REP,False,,8.0,
KS,S0KS00315,"MARSHALL, ROGER W",C00576173,1474616.76,279374.49,1705018.64,1705018.64,0.0,2024-12-31T00:00:00,REP,REP,False,,15.0,
KS,S0KS00315,"MARSHALL, ROGER W",C00576173,721930.77,422113.26,509776.37,509776.37,97000.0,2022-12-31T00:00:00,REP,REP,False,,22.0,
KS,S0KS00315,"MARSHALL, ROGER W",C00576173,6761143.55,7159470.55,209958.86,209958.86,0.0,2020-12-31T00:00:00,REP,REP,False,,2.0,
KS,S0KS00315,"MARSHALL, ROGER W",C00576173,1343114.41,753188.46,608285.86,608285.86,35000.0,2018-12-31T00:00:00,REP,REP,False,,17.0,
KS,S0KS00315,"MARSHALL, ROGER W",C00576173,1653986.34,1635626.43,18359.91,18359.91,135000.0,2016-12-31T00:00:00,REP,REP,False,,12.0,
AL,S6AL00450,"MARSHALL, STEVEN T",C00906545,1362193.3,844542.36,517650.94,517650.94,0.0,2026-03-31T00:00:00,REP,REP,False,,11.0,
NE,S6NE00152,"MARVIN, MIKE",C00944199,9390.0,5402.53,3987.47,3987.47,4095.0,2026-04-22T00:00:00,OTH,OTHER,False,,2.0,
AZ,S2AZ00372,"MASTERS, BLAKE",C00784165,0.0,0.0,0.0,0.0,0.0,2025-02-21T00:00:00,REP,REP,False,,68.0,
AZ,S2AZ00372,"MASTERS, BLAKE",C00784165,3234.75,103364.64,0.0,0.0,0.0,2024-12-31T00:00:00,REP,REP,False,,42.0,
AZ,S2AZ00372,"MASTERS, BLAKE",C00784165,15535406.95,15435277.06,100129.89,100129.89,823325.88,2022-12-31T00:00:00,REP,REP,False,,3.0,
SC,S2SC00103,"MATTHEWS, KRYSTLE",C00776500,135365.58,94233.67,35162.64,35162.64,30299.05,2022-12-31T00:00:00,DEM,DEM,False,,6.0,
IL,S6IL00649,"MAXWELL, BRYAN",C00918466,21976.0,20613.84,1362.16,1362.16,0.0,2026-03-31T00:00:00,DEM,DEM,False,,35.0,
MO,S4MO00276,"MAY, KARLA",C00846915,62033.39,61772.24,261.15,261.15,41017.0,2024-12-31T00:00:00,DEM,DEM,False,,48.0,
FL,S6FL00236,"MCBRIDE, WILLIAM",C00425546,0.0,0.0,0.0,0.0,250000.0,2025-01-24T00:00:00,REP,REP,False,,40.0,
FL,S6FL00236,"MCBRIDE, WILLIAM",C00425546,1071.42,1071.42,0.0,0.0,250000.0,2024-12-31T00:00:00,REP,REP,False,,29.0,
FL,S6FL00236,"MCBRIDE, WILLIAM",C00425546,0.0,0.0,0.0,0.0,251071.42,2022-12-31T00:00:00,REP,REP,False,,41.0,
FL,S6FL00236,"MCBRIDE, WILLIAM",C00425546,0.0,0.0,0.0,0.0,251071.42,2020-12-31T00:00:00,REP,REP,False,,42.0,
FL,S6FL00236,"MCBRIDE, WILLIAM",C00425546,0.0,0.0,0.0,0.0,251071.42,2018-12-31T00:00:00,REP,REP,False,,43.0,
FL,S6FL00236,"MCBRIDE, WILLIAM",C00425546,0.0,0.0,0.0,0.0,251071.0,2016-12-31T00:00:00,REP,REP,False,,44.0,
FL,S6FL00236,"MCBRIDE, WILLIAM",C00425546,0.0,56206.85,0.0,0.0,251071.0,2014-12-31T00:00:00,REP,REP,False,,45.0,
FL,S6FL00236,"MCBRIDE, WILLIAM",C00425546,4.0,315.0,0.0,0.0,251071.0,2012-12-31T00:00:00,REP,REP,False,,33.0,
FL,S6FL00236,"MCBRIDE, WILLIAM",C00425546,0.0,-319.0,385.0,385.0,251071.0,2010-12-31T00:00:00,REP,REP,False,,46.0,
FL,S6FL00236,"MCBRIDE, WILLIAM",C00425546,36000.0,36101.0,66.0,66.0,251071.0,2008-12-31T00:00:00,REP,REP,False,,21.0,
FL,S6FL00236,"MCBRIDE, WILLIAM",C00425546,1067296.0,1067128.0,167.0,167.0,286924.0,2006-12-31T00:00:00,REP,REP,False,,17.0,
AZ,S0AZ00376,"MCCARTHY, DANIEL",C00717991,700.0,1188.67,0.0,0.0,0.0,2025-06-30T00:00:00,REP,REP,False,,51.0,
AZ,S0AZ00376,"MCCARTHY, DANIEL",C00717991,3001.13,3439.0,488.67,488.67,514648.5,2024-12-31T00:00:00,REP,REP,False,,43.0,
AZ,S0AZ00376,"MCCARTHY, DANIEL",C00717991,9695.15,8848.35,926.54,926.54,514648.5,2022-12-31T00:00:00,REP,REP,False,,40.0,
AZ,S0AZ00376,"MCCARTHY, DANIEL",C00717991,607745.1,607665.36,79.74,79.74,511648.5,2020-12-31T00:00:00,REP,REP,False,,21.0,
MO,S6MO00305,"MCCASKILL, CLAIRE",C00427963,95430.0,95429.0,0.0,0.0,0.0,2006-11-27T00:00:00,DEM,DEM,False,,37.0,
MO,S6MO00305,"MCCASKILL, CLAIRE",C00402958,642634.0,662628.29,0.0,0.0,0.0,2006-11-27T00:00:00,DEM,DEM,False,,10.0,
MO,S6MO00305,"MCCASKILL, CLAIRE",C00402958,591650.0,571651.0,19998.0,19998.0,0.0,2004-12-31T00:00:00,DEM,DEM,False,,11.0,
MO,S6MO00305,"MCCASKILL, CLAIRE",C00655670,578950.0,578947.49,0.0,0.0,0.0,2018-10-17T00:00:00,DEM,DEM,False,,13.0,
MO,S6MO00305,"MCCASKILL, CLAIRE",C00663153,0.0,0.0,0.0,0.0,0.0,2018-09-04T00:00:00,DEM,DEM,False,,64.0,
MO,S6MO00305,"MCCASKILL, CLAIRE",C00492256,0.0,0.0,0.0,0.0,0.0,2011-03-31T00:00:00,DEM,DEM,False,,65.0,
MO,S6MO00305,"MCCASKILL, CLAIRE",C00431304,1759.03,14018.37,0.0,0.0,0.0,2025-06-24T00:00:00,DEM,DEM,False,,60.0,
MO,S6MO00305,"MCCASKILL, CLAIRE",C00431304,28613.55,112532.54,12259.34,12259.34,0.0,2024-12-31T00:00:00,DEM,DEM,False,,53.0,
MO,S6MO00305,"MCCASKILL, CLAIRE",C00431304,214669.43,241117.43,96178.33,96178.33,0.0,2022-12-31T00:00:00,DEM,DEM,False,,24.0,
MO,S6MO00305,"MCCASKILL, CLAIRE",C00431304,191076.91,309779.13,122626.33,122626.33,0.0,2020-12-31T00:00:00,DEM,DEM,False,,26.0,
MO,S6MO00305,"MCCASKILL, CLAIRE",C00520940,0.0,0.0,0.0,0.0,0.0,2013-02-19T00:00:00,DEM,DEM,False,,66.0,
MO,S6MO00305,"MCCASKILL, CLAIRE",C00520940,396000.0,396000.0,0.0,0.0,0.0,2012-12-31T00:00:00,DEM,DEM,False,,16.0,
MO,S6MO00305,"MCCASKILL, CLAIRE",C00502401,1251667.0,1251665.0,0.0,0.0,0.0,2012-11-26T00:00:00,DEM,DEM,False,,5.0,
MO,S6MO00305,"MCCASKILL, CLAIRE",C00527838,149910.0,149909.0,0.0,0.0,0.0,2012-10-17T00:00:00,DEM,DEM,False,,31.0,
MO,S6MO00305,"MCCASKILL, CLAIRE",C00633925,1028165.22,1028163.18,0.0,0.0,0.0,2018-10-17T00:00:00,DEM,DEM,False,,6.0,
MO,S6MO00305,"MCCASKILL, CLAIRE",C00667337,1277625.0,1277625.0,0.0,0.0,0.0,2018-11-26T00:00:00,DEM,DEM,False,,4.0,
MO,S6MO00305,"MCCASKILL, CLAIRE",C00414961,0.0,146.0,0.0,0.0,0.0,2012-12-31T00:00:00,DEM,DEM,False,,67.0,
MO,S6MO00305,"MCCASKILL, CLAIRE",C00414961,0.0,412.0,147.0,147.0,0.0,2010-12-31T00:00:00,DEM,DEM,False,,68.0,
MO,S6MO00305,"MCCASKILL, CLAIRE",C00414961,448639.0,648361.0,566.0,566.0,0.0,2008-12-31T00:00:00,DEM,DEM,False,,14.0,
MO,S6MO00305,"MCCASKILL, CLAIRE",C00414961,12183342.0,11983190.0,200290.0,200290.0,339610.0,2006-12-31T00:00:00,DEM,DEM,False,,2.0,
MO,S6MO00305,"MCCASKILL, CLAIRE",C00544056,0.0,4914.12,0.0,0.0,0.0,2015-03-03T00:00:00,DEM,DEM,False,,69.0,
MO,S6MO00305,"MCCASKILL, CLAIRE",C00544056,90100.0,85185.88,4914.12,4914.12,0.0,2014-12-31T00:00:00,DEM,DEM,False,,41.0,
MO,S6MO00305,"MCCASKILL, CLAIRE",C00577148,0.0,3084.61,0.0,0.0,0.0,2020-12-03T00:00:00,DEM,DEM,False,,70.0,
MO,S6MO00305,"MCCASKILL, CLAIRE",C00577148,236.01,3813.01,3084.61,3084.61,0.0,2018-12-31T00:00:00,DEM,DEM,False,,61.0,
MO,S6MO00305,"MCCASKILL, CLAIRE",C00577148,232145.5,225483.89,6661.61,6661.61,0.0,2016-12-31T00:00:00,DEM,DEM,False,,23.0,
MO,S6MO00305,"MCCASKILL, CLAIRE",C00522300,0.0,25.0,0.0,0.0,0.0,2013-02-25T00:00:00,DEM,DEM,False,,71.0,
MO,S6MO00305,"MCCASKILL, CLAIRE",C00522300,173970.0,173945.0,25.0,25.0,0.0,2012-12-31T00:00:00,DEM,DEM,False,,28.0,
MO,S6MO00305,"MCCASKILL, CLAIRE",C00641084,0.0,8184.33,0.0,0.0,0.0,2019-02-19T00:00:00,DEM,DEM,False,,72.0,
MO,S6MO00305,"MCCASKILL, CLAIRE",C00641084,40307.0,32122.67,8184.33,8184.33,0.0,2018-12-31T00:00:00,DEM,DEM,False,,52.0,
MO,S6MO00305,"MCCASKILL, CLAIRE",C00504969,6157.57,6397.5,0.0,0.0,0.0,2013-02-06T00:00:00,DEM,DEM,False,,58.0,
MO,S6MO00305,"MCCASKILL, CLAIRE",C00504969,1652041.65,1651801.72,239.93,239.93,0.0,2012-12-31T00:00:00,DEM,DEM,False,,3.0,
MO,S6MO00305,"MCCASKILL, CLAIRE",C00639203,20466.0,20465.0,0.0,0.0,0.0,2017-08-02T00:00:00,DEM,DEM,False,,55.0,
MO,S6MO00305,"MCCASKILL, CLAIRE",C00521815,16450.0,16449.0,0.0,0.0,0.0,2012-12-31T00:00:00,DEM,DEM,False,,56.0,
MO,S6MO00305,"MCCASKILL, CLAIRE",C00680066,75727.39,75727.29,0.0,0.0,0.0,2018-09-30T00:00:00,DEM,DEM,False,,44.0,
MO,S6MO00305,"MCCASKILL, CLAIRE",C00427518,25050.0,25049.0,0.0,0.0,0.0,2006-11-27T00:00:00,DEM,DEM,False,,54.0,
MO,S6MO00305,"MCCASKILL, CLAIRE",C00492074,99400.0,99399.0,0.0,0.0,0.0,2011-09-30T00:00:00,DEM,DEM,False,,36.0,
MO,S6MO00305,"MCCASKILL, CLAIRE",C00509125,198185.0,198182.0,0.0,0.0,0.0,2012-11-26T00:00:00,DEM,DEM,False,,25.0,
MO,S6MO00305,"MCCASKILL, CLAIRE",C00630616,110050.0,110048.59,0.0,0.0,0.0,2018-10-17T00:00:00,DEM,DEM,False,,34.0,
MO,S6MO00305,"MCCASKILL, CLAIRE",C00549394,92395.79,92395.79,0.0,0.0,0.0,2014-12-31T00:00:00,DEM,DEM,False,,39.0,
MO,S6MO00305,"MCCASKILL, CLAIRE",C00424168,50525.0,50524.0,0.0,0.0,0.0,2006-11-27T00:00:00,DEM,DEM,False,,50.0,
MO,S6MO00305,"MCCASKILL, CLAIRE",C00419739,0.0,34792.86,0.0,0.0,0.0,2008-12-31T00:00:00,DEM,DEM,False,,73.0,
MO,S6MO00305,"MCCASKILL, CLAIRE",C00419739,971380.0,936587.14,34792.86,34792.86,0.0,2006-12-31T00:00:00,DEM,DEM,False,,7.0,
MO,S6MO00305,"MCCASKILL, CLAIRE",C00648238,72235.0,72235.0,0.0,0.0,0.0,2017-11-01T00:00:00,DEM,DEM,False,,46.0,
MO,S6MO00305,"MCCASKILL, CLAIRE",C00531426,59705.0,59704.0,0.0,0.0,0.0,2012-12-31T00:00:00,DEM,DEM,False,,49.0,
MO,S6MO00305,"MCCASKILL, CLAIRE",C00423582,90000.0,89999.0,0.0,0.0,0.0,2006-09-24T00:00:00,DEM,DEM,False,,42.0,
MO,S6MO00305,"MCCASKILL, CLAIRE",C00426650,74000.0,73998.0,0.0,0.0,0.0,2006-11-27T00:00:00,DEM,DEM,False,,45.0,
MO,S6MO00305,"MCCASKILL, CLAIRE",C00421800,179750.0,187312.0,0.0,0.0,0.0,2006-11-27T00:00:00,DEM,DEM,False,,27.0,
MO,S6MO00305,"MCCASKILL, CLAIRE",C00667501,697069.0,697069.0,0.0,0.0,0.0,2018-06-30T00:00:00,DEM,DEM,False,,9.0,
MO,S6MO00305,"MCCASKILL, CLAIRE",C00419457,88100.0,88099.0,0.0,0.0,0.0,2006-09-24T00:00:00,DEM,DEM,False,,43.0,
MO,S6MO00305,"MCCASKILL, CLAIRE",C00662114,269200.0,269199.0,0.0,0.0,0.0,2018-06-30T00:00:00,DEM,DEM,False,,20.0,
MO,S6MO00305,"MCCASKILL, CLAIRE",C00635300,130950.0,130948.0,0.0,0.0,0.0,2017-12-31T00:00:00,DEM,DEM,False,,32.0,
MO,S6MO00305,"MCCASKILL, CLAIRE",C00674192,62320.0,62319.65,0.0,0.0,0.0,2018-10-17T00:00:00,DEM,DEM,False,,47.0,
MO,S6MO00305,"MCCASKILL, CLAIRE",C00682591,100500.0,100500.0,0.0,0.0,0.0,2018-11-26T00:00:00,DEM,DEM,False,,35.0,
MO,S6MO00305,"MCCASKILL, CLAIRE",C00475749,122881.3,124481.47,0.0,0.0,0.0,2012-12-31T00:00:00,DEM,DEM,False,,33.0,
MO,S6MO00305,"MCCASKILL, CLAIRE",C00475749,900285.0,898684.83,1600.0,1600.0,0.0,2010-12-31T00:00:00,DEM,DEM,False,,8.0,
MO,S6MO00305,"MCCASKILL, CLAIRE",C00514638,4050.0,4050.0,0.0,0.0,0.0,2012-06-30T00:00:00,DEM,DEM,False,,59.0,
MO,S6MO00305,"MCCASKILL, CLAIRE",C00423574,92897.0,92895.0,0.0,0.0,0.0,2006-11-27T00:00:00,DEM,DEM,False,,38.0,
MO,S6MO00305,"MCCASKILL, CLAIRE",C00492736,581800.0,581798.0,0.0,0.0,0.0,2011-09-30T00:00:00,DEM,DEM,False,,12.0,
MO,S6MO00305,"MCCASKILL, CLAIRE",C00630467,331245.0,331244.0,0.0,0.0,0.0,2017-06-30T00:00:00,DEM,DEM,False,,19.0,
MO,S6MO00305,"MCCASKILL, CLAIRE",C00527713,0.0,18490.66,0.0,0.0,0.0,2013-03-31T00:00:00,DEM,DEM,False,,74.0,
MO,S6MO00305,"MCCASKILL, CLAIRE",C00527713,364120.0,332868.92,18490.66,18490.66,0.0,2012-12-31T00:00:00,DEM,DEM,False,,18.0,
MO,S6MO00305,"MCCASKILL, CLAIRE",C00685057,0.0,57.29,0.0,0.0,0.0,2019-03-14T00:00:00,DEM,DEM,False,,75.0,
MO,S6MO00305,"MCCASKILL, CLAIRE",C00685057,41516.93,41459.64,57.29,57.29,0.0,2018-12-31T00:00:00,DEM,DEM,False,,51.0,
MO,S6MO00305,"MCCASKILL, CLAIRE",C00511642,388850.0,388850.0,0.0,0.0,0.0,2012-08-13T00:00:00,DEM,DEM,False,,17.0,
MO,S6MO00305,"MCCASKILL, CLAIRE",C00511626,92300.0,92300.0,0.0,0.0,0.0,2012-08-13T00:00:00,DEM,DEM,False,,40.0,
MO,S6MO00305,"MCCASKILL, CLAIRE",C00511659,267250.0,267250.0,0.0,0.0,0.0,2012-08-13T00:00:00,DEM,DEM,False,,21.0,
MO,S6MO00305,"MCCASKILL, CLAIRE",C00519462,157646.75,157646.75,0.0,0.0,0.0,2012-11-26T00:00:00,DEM,DEM,False,,29.0,
MO,S6MO00305,"MCCASKILL, CLAIRE",C00511634,253000.0,253000.0,0.0,0.0,0.0,2012-08-13T00:00:00,DEM,DEM,False,,22.0,
MO,S6MO00305,"MCCASKILL, CLAIRE",C00501767,150850.0,150850.0,0.0,0.0,0.0,2012-03-31T00:00:00,DEM,DEM,False,,30.0,
IL,S8IL00223,"MCCLANAHAN, ZACHARY",C00930685,2073.5,750.63,1322.87,1322.87,0.0,2026-03-31T00:00:00,REP,REP,False,,21.0,
GA,S2GA00282,"MCCOLUMN, JONATHAN MR",C00805721,36143.79,23433.03,12412.31,12412.31,30000.0,2026-03-31T00:00:00,REP,REP,False,,20.0,
KY,S2KY00012,"MCCONNELL, MITCH",C00193342,174224.95,934417.29,7333272.06,7333272.06,0.0,2026-03-31T00:00:00,REP,REP,False,,39.0,
KY,S2KY00012,"MCCONNELL, MITCH",C00193342,1203839.87,1078988.86,8093464.4,8093464.4,0.0,2024-12-31T00:00:00,REP,REP,False,,30.0,
KY,S2KY00012,"MCCONNELL, MITCH",C00193342,6500148.92,5343236.82,7968613.39,7968613.39,0.0,2022-12-31T00:00:00,REP,REP,False,,9.0,
KY,S2KY00012,"MCCONNELL, MITCH",C00193342,68086057.7,64869812.45,6811701.29,6811701.29,0.0,2020-12-31T00:00:00,REP,REP,True,highest_total_receipts,1.0,
KY,S2KY00012,"MCCONNELL, MITCH",C00193342,3703218.82,1033207.14,3595456.04,3595456.04,0.0,2018-12-31T00:00:00,REP,REP,False,,20.0,
KY,S2KY00012,"MCCONNELL, MITCH",C00193342,2154065.0,1476861.0,925444.0,925444.0,0.0,2016-12-31T00:00:00,REP,REP,False,,26.0,
KY,S2KY00012,"MCCONNELL, MITCH",C00193342,21134747.0,28270382.0,248241.0,248241.0,378419.0,2014-12-31T00:00:00,REP,REP,False,,3.0,
KY,S2KY00012,"MCCONNELL, MITCH",C00193342,7705216.0,1338792.0,7383877.0,7383877.0,0.0,2012-12-31T00:00:00,REP,REP,False,,7.0,
KY,S2KY00012,"MCCONNELL, MITCH",C00193342,2010862.0,1081383.0,1017452.0,1017452.0,0.0,2010-12-31T00:00:00,REP,REP,False,,28.0,
KY,S2KY00012,"MCCONNELL, MITCH",C00193342,18681961.0,21306296.0,87972.0,87972.0,510783.0,2008-12-31T00:00:00,REP,REP,False,,4.0,
KY,S2KY00012,"MCCONNELL, MITCH",C00193342,3958313.0,1445736.0,2709606.0,2709606.0,0.0,2006-12-31T00:00:00,REP,REP,False,,17.0,
KY,S2KY00012,"MCCONNELL, MITCH",C00193342,299879.0,530966.0,197028.0,197028.0,0.0,2004-12-31T00:00:00,REP,REP,False,,35.0,
KY,S2KY00012,"MCCONNELL, MITCH",C00193342,4740581.0,5336099.0,428116.0,428116.0,0.0,2002-12-31T00:00:00,REP,REP,False,,14.0,
KY,S2KY00012,"MCCONNELL, MITCH",C00193342,1012751.0,205816.0,1023636.0,1023636.0,0.0,2000-12-31T00:00:00,REP,REP,False,,31.0,
KY,S2KY00012,"MCCONNELL, MITCH",C00193342,233154.0,205776.0,216701.0,216701.0,30485.0,1998-12-31T00:00:00,REP,REP,False,,38.0,
KY,S2KY00012,"MCCONNELL, MITCH",C00193342,3840374.0,4669642.0,189324.0,189324.0,51389.0,1996-12-31T00:00:00,REP,REP,False,,19.0,
KY,S2KY00012,"MCCONNELL, MITCH",C00193342,919611.0,134476.0,1018593.0,1018593.0,0.0,1994-12-31T00:00:00,REP,REP,False,,32.0,
KY,S2KY00012,"MCCONNELL, MITCH",C00193342,270260.0,227175.0,233458.0,233458.0,0.0,1992-12-31T00:00:00,REP,REP,False,,37.0,
KY,S2KY00012,"MCCONNELL, MITCH",C00193342,4073583.0,5074187.0,190373.0,190373.0,0.0,1990-12-31T00:00:00,REP,REP,False,,16.0,
KY,S2KY00012,"MCCONNELL, MITCH",C00193342,764342.0,128867.0,1190977.0,1190977.0,0.0,1988-12-31T00:00:00,REP,REP,False,,33.0,
PA,S2PA00661,"MCCORMICK, DAVE",C00851980,4117088.57,3966656.65,731455.65,731455.65,6828883.23,2026-03-31T00:00:00,REP,REP,False,,3.0,
PA,S2PA00661,"MCCORMICK, DAVE",C00851980,35016537.62,34435513.89,581023.73,581023.73,6463800.0,2024-12-31T00:00:00,REP,REP,False,,2.0,
IN,S2IN00166,"MCCRAY, VALERIE L DR",C00697615,5203.07,6189.82,4979.56,4979.56,671.07,2025-12-31T00:00:00,DEM,DEM,False,,32.0,
IN,S2IN00166,"MCCRAY, VALERIE L DR",C00697615,142089.64,137667.79,12156.0,12156.0,0.0,2024-12-31T00:00:00,DEM,DEM,False,,26.0,
IN,S2IN00166,"MCCRAY, VALERIE L DR",C00697615,15241.62,12772.2,18.23,18.23,614.07,2022-12-31T00:00:00,DEM,DEM,False,,30.0,
MS,S4MS00120,"MCDANIEL, CHRISTOPHER BRIAN",C00550657,0.0,8182.0,0.0,0.0,0.0,2015-03-31T00:00:00,REP,REP,False,,24.0,
MS,S4MS00120,"MCDANIEL, CHRISTOPHER BRIAN",C00550657,3327999.0,3319815.0,8182.0,8182.0,25100.0,2014-12-31T00:00:00,REP,REP,False,,8.0,
MS,S4MS00120,"MCDANIEL, CHRISTOPHER BRIAN",C00673285,0.0,30.0,1.47,1.47,46700.0,2026-03-31T00:00:00,REP,REP,False,,25.0,
MS,S4MS00120,"MCDANIEL, CHRISTOPHER BRIAN",C00673285,65.0,48.0,31.47,31.47,46700.0,2024-12-31T00:00:00,REP,REP,False,,21.0,
MS,S4MS00120,"MCDANIEL, CHRISTOPHER BRIAN",C00673285,40.0,48.0,14.47,14.47,46700.0,2022-12-31T00:00:00,REP,REP,False,,22.0,
MS,S4MS00120,"MCDANIEL, CHRISTOPHER BRIAN",C00673285,1165.96,9009.95,22.47,22.47,46700.0,2020-12-31T00:00:00,REP,REP,False,,20.0,
MS,S4MS00120,"MCDANIEL, CHRISTOPHER BRIAN",C00673285,668705.67,660838.77,7866.46,7866.46,55000.0,2018-12-31T00:00:00,REP,REP,False,,13.0,
HI,S2HI00155,"MCDERMOTT, ROBERT",C00800656,59.4,111.31,72.43,72.43,4500.0,2026-03-31T00:00:00,REP,REP,False,,3.0,
HI,S2HI00155,"MCDERMOTT, ROBERT",C00800656,23225.25,23587.97,-244.64,-244.64,4000.0,2024-12-31T00:00:00,REP,REP,True,highest_total_receipts,1.0,
NC,S6NC00464,"MCGINNIS, BRIAN",C00925792,64450.36,2299.5,62674.26,62674.26,0.0,2026-03-31T00:00:00,GRE,OTHER,False,,1.0,
PA,S6PA00266,"MCGINTY, KATHLEEN ALANA",C00582809,11012.73,46378.94,0.0,0.0,0.0,2022-02-16T00:00:00,DEM,DEM,False,,21.0,
PA,S6PA00266,"MCGINTY, KATHLEEN ALANA",C00582809,46635.08,71598.62,35366.21,35366.21,0.0,2020-12-31T00:00:00,DEM,DEM,False,,20.0,
PA,S6PA00266,"MCGINTY, KATHLEEN ALANA",C00582809,375909.34,392226.89,60329.75,60329.75,0.0,2018-12-31T00:00:00,DEM,DEM,False,,18.0,
PA,S6PA00266,"MCGINTY, KATHLEEN ALANA",C00582809,16592370.0,13021653.0,76647.0,76647.0,0.0,2016-12-31T00:00:00,DEM,DEM,False,,4.0,
KY,S0KY00339,"MCGRATH, AMY",C00922302,1942704.23,1631150.23,311554.0,311554.0,7350.0,2026-03-31T00:00:00,DEM,DEM,False,,2.0,
KY,S6KY00344,"MCGRATH, AMY",C00922302,1942704.23,1631150.23,311554.0,311554.0,7350.0,2026-03-31T00:00:00,DEM,DEM,False,,3.0,
AZ,S2AZ00349,"MCGUIRE, MICHAEL MICK",C00780791,0.0,0.0,2615.92,2615.92,450705.0,2026-03-31T00:00:00,REP,REP,False,,69.0,
AZ,S2AZ00349,"MCGUIRE, MICHAEL MICK",C00780791,1099.33,103.58,2615.92,2615.92,450705.0,2024-12-31T00:00:00,REP,REP,False,,49.0,
AZ,S2AZ00349,"MCGUIRE, MICHAEL MICK",C00780791,2715996.01,2714375.84,1620.17,1620.17,1141655.0,2022-12-31T00:00:00,REP,REP,False,,8.0,
RI,S4RI00051,"MCKAY, RAYMOND TYLER MR",C00827964,139874.63,127794.47,12418.69,12418.69,689.51,2026-03-31T00:00:00,REP,REP,False,,3.0,
RI,S4RI00051,"MCKAY, RAYMOND TYLER MR",C00827964,154043.57,153705.04,338.53,338.53,3989.51,2024-12-31T00:00:00,REP,REP,False,,2.0,
WV,S4WV00365,"MCKINNEY, BRYAN",C00855734,7225.14,6781.24,135.0,135.0,0.0,2023-12-31T00:00:00,REP,REP,False,,22.0,
MI,S6MI00392,"MCMORROW, MALLORY",C00901173,8624066.19,4931519.99,3692546.2,3692546.2,0.0,2026-03-31T00:00:00,DEM,DEM,False,,8.0,
VT,S8VT00059,"MCMULLEN, JOHN A",C00334029,5.0,600.0,708.77,708.77,619740.7,2024-06-30T00:00:00,REP,REP,False,,11.0,
VT,S8VT00059,"MCMULLEN, JOHN A",C00334029,149.63,0.0,821.0,821.0,619740.7,2022-12-31T00:00:00,REP,REP,False,,10.0,
VT,S8VT00059,"MCMULLEN, JOHN A",C00334029,0.0,0.0,821.0,821.0,619740.7,2020-12-31T00:00:00,REP,REP,False,,12.0,
VT,S8VT00059,"MCMULLEN, JOHN A",C00334029,0.0,0.0,821.0,821.0,619740.0,2018-12-31T00:00:00,REP,REP,False,,13.0,
VT,S8VT00059,"MCMULLEN, JOHN A",C00334029,0.0,0.0,821.0,821.0,619740.0,2016-09-30T00:00:00,REP,REP,False,,14.0,
VT,S8VT00059,"MCMULLEN, JOHN A",C00334029,0.0,0.0,821.0,821.0,619740.0,2014-12-31T00:00:00,REP,REP,False,,15.0,
VT,S8VT00059,"MCMULLEN, JOHN A",C00334029,0.0,0.0,821.0,821.0,619740.0,2012-12-31T00:00:00,REP,REP,False,,16.0,
VT,S8VT00059,"MCMULLEN, JOHN A",C00334029,0.0,0.0,821.0,821.0,619740.0,2010-12-31T00:00:00,REP,REP,False,,17.0,
VT,S8VT00059,"MCMULLEN, JOHN A",C00334029,0.0,0.0,821.0,821.0,619740.0,2008-12-31T00:00:00,REP,REP,False,,18.0,
VT,S8VT00059,"MCMULLEN, JOHN A",C00334029,1176.0,1572.0,821.0,821.0,619740.0,2006-12-31T00:00:00,REP,REP,False,,8.0,
VT,S8VT00059,"MCMULLEN, JOHN A",C00334029,730988.0,736086.0,1216.0,1216.0,338640.0,2004-12-31T00:00:00,REP,REP,True,highest_total_receipts,1.0,
VT,S8VT00059,"MCMULLEN, JOHN A",C00334029,246.0,4.0,6315.0,6315.0,281100.0,2002-12-31T00:00:00,REP,REP,False,,9.0,
VT,S8VT00059,"MCMULLEN, JOHN A",C00334029,6014.0,46547.0,6072.0,6072.0,281100.0,2000-12-31T00:00:00,REP,REP,False,,7.0,
VT,S8VT00059,"MCMULLEN, JOHN A",C00334029,509796.0,463191.0,46604.0,46604.0,277000.0,1998-12-31T00:00:00,REP,REP,False,,3.0,
UT,S2UT00369,"MCMULLIN, DAVID EVAN",C00790733,0.0,22947.15,149610.18,149610.18,0.0,2026-03-31T00:00:00,UN,OTHER,False,,4.0,
UT,S2UT00369,"MCMULLIN, DAVID EVAN",C00790733,21317.3,138073.54,172557.33,172557.33,0.0,2024-12-31T00:00:00,UN,OTHER,False,,3.0,
UT,S2UT00369,"MCMULLIN, DAVID EVAN",C00790733,7988427.79,7699114.22,289313.57,289313.57,0.0,2022-12-31T00:00:00,UN,OTHER,False,,1.0,
TX,S6TX00347,"MCNABB, BARRETT ANTHONY",C00897819,381517.07,373686.25,7830.82,7830.82,237130.0,2026-03-31T00:00:00,REP,REP,False,,27.0,
SD,S6SD01133,"MCNEAL, JUSTIN S",C00924514,1555.13,11.24,1543.89,1543.89,9602.39,2026-03-31T00:00:00,REP,REP,False,,20.0,
WV,S4WV00407,"MCNULTY, JANET",C00866962,5775.28,5775.28,0.0,0.0,,2026-04-22T00:00:00,REP,REP,False,,23.0,
WV,S4WV00407,"MCNULTY, JANET",C00866962,671.6,3594.93,0.0,0.0,0.0,2024-12-31T00:00:00,REP,REP,False,,25.0,
MO,S2MO00577,"MCQUEEN, ELDON DAN",C00715896,0.0,0.0,1622.84,1622.84,10000.0,2026-03-31T00:00:00,REP,REP,False,,66.0,
MO,S2MO00577,"MCQUEEN, ELDON DAN",C00715896,20000.0,15815.88,1622.84,1622.84,10000.0,2024-12-31T00:00:00,REP,REP,False,,45.0,
MO,S2MO00577,"MCQUEEN, ELDON DAN",C00715896,31515.0,28368.24,-75.24,-75.24,30000.0,2022-12-31T00:00:00,REP,REP,False,,42.0,
MO,S2MO00577,"MCQUEEN, ELDON DAN",C00715896,0.0,0.0,0.0,0.0,0.0,2020-12-31T00:00:00,REP,REP,False,,67.0,
TX,S4TX00698,"MCQUEEN, ELDON DANIEL",C00715896,0.0,0.0,1622.84,1622.84,10000.0,2026-03-31T00:00:00,IDP,OTHER,False,,7.0,
TX,S4TX00698,"MCQUEEN, ELDON DANIEL",C00715896,20000.0,15815.88,1622.84,1622.84,10000.0,2024-12-31T00:00:00,IDP,OTHER,False,,3.0,
TX,S4TX00698,"MCQUEEN, ELDON DANIEL",C00715896,31515.0,28368.24,-75.24,-75.24,30000.0,2022-12-31T00:00:00,IDP,OTHER,False,,2.0,
TX,S4TX00698,"MCQUEEN, ELDON DANIEL",C00715896,0.0,0.0,0.0,0.0,0.0,2020-12-31T00:00:00,IDP,OTHER,False,,8.0,
TX,S4TX00698,"MCQUEEN, ELDON DANIEL",C00830604,0.0,0.0,0.0,0.0,0.0,2023-07-14T00:00:00,IDP,OTHER,False,,9.0,
AZ,S8AZ00221,"MCSALLY, MARTHA",C00701243,1316500.0,1316500.0,0.0,0.0,0.0,2019-09-30T00:00:00,REP,REP,False,,11.0,
AZ,S8AZ00221,"MCSALLY, MARTHA",C00705947,18087.13,1542.69,0.0,0.0,0.0,2020-09-08T00:00:00,REP,REP,False,,38.0,
AZ,S8AZ00221,"MCSALLY, MARTHA",C00705947,2346.28,18890.72,0.0,0.0,0.0,2020-09-08T00:00:00,REP,REP,False,,47.0,
AZ,S8AZ00221,"MCSALLY, MARTHA",C00689471,372500.0,372500.0,0.0,0.0,0.0,2018-12-31T00:00:00,REP,REP,False,,28.0,
AZ,S8AZ00221,"MCSALLY, MARTHA",C00685230,80500.0,80500.0,0.0,0.0,0.0,2018-10-17T00:00:00,REP,REP,False,,31.0,
AZ,S8AZ00221,"MCSALLY, MARTHA",C00666040,2415.79,2549.87,0.0,0.0,0.0,2025-03-31T00:00:00,REP,REP,False,,46.0,
AZ,S8AZ00221,"MCSALLY, MARTHA",C00666040,21609.87,27046.29,134.08,134.08,0.0,2024-12-31T00:00:00,REP,REP,False,,37.0,
AZ,S8AZ00221,"MCSALLY, MARTHA",C00666040,978347.85,1088081.08,5570.5,5570.5,0.0,2022-12-31T00:00:00,REP,REP,False,,17.0,
AZ,S8AZ00221,"MCSALLY, MARTHA",C00697953,0.0,14586.45,0.0,0.0,0.0,2021-03-31T00:00:00,REP,REP,False,,70.0,
AZ,S8AZ00221,"MCSALLY, MARTHA",C00697953,1315929.29,1301342.84,14586.45,14586.45,0.0,2020-12-31T00:00:00,REP,REP,False,,12.0,
AZ,S8AZ00221,"MCSALLY, MARTHA",C00681163,2534.88,9395.83,0.0,0.0,0.0,2019-06-30T00:00:00,REP,REP,False,,45.0,
AZ,S8AZ00221,"MCSALLY, MARTHA",C00681163,1008061.0,1001200.05,6860.95,6860.95,0.0,2018-12-31T00:00:00,REP,REP,False,,16.0,
AZ,S8AZ00221,"MCSALLY, MARTHA",C00678235,32500.0,32500.0,0.0,0.0,0.0,2018-10-17T00:00:00,REP,REP,False,,36.0,
NJ,S0NJ00217,"MEHTA, RIKIN",C00722470,0.0,0.0,55.93,55.93,320000.0,2026-03-31T00:00:00,REP,REP,False,,43.0,
NJ,S0NJ00217,"MEHTA, RIKIN",C00722470,0.0,48.1,55.93,55.93,320000.0,2024-12-31T00:00:00,REP,REP,False,,44.0,
NJ,S0NJ00217,"MEHTA, RIKIN",C00722470,182777.78,182733.76,597.03,597.03,320000.0,2022-12-31T00:00:00,REP,REP,False,,14.0,
NJ,S0NJ00217,"MEHTA, RIKIN",C00722470,586707.1,586154.09,553.01,553.01,316635.53,2020-12-31T00:00:00,REP,REP,False,,10.0,
MI,S4MI00637,"MEIJER, PETER MR.",C00855668,0.0,719.39,15148.47,15148.47,514533.5,2026-03-31T00:00:00,REP,REP,False,,27.0,
MI,S4MI00637,"MEIJER, PETER MR.",C00855668,1095101.9,1079234.04,15867.86,15867.86,514533.5,2024-12-31T00:00:00,REP,REP,False,,9.0,
OK,S6OK04205,"MEINHARDT, RON",C00939058,6187.6,3737.48,2450.12,2450.12,0.0,2026-03-31T00:00:00,IND,OTHER,False,,1.0,
AZ,S6AZ00217,"MELUSKEY, ALEXANDER",C00574350,0.0,0.0,6159.0,6159.0,791373.02,2026-03-31T00:00:00,REP,REP,False,,71.0,
AZ,S6AZ00217,"MELUSKEY, ALEXANDER",C00574350,0.0,79.32,6170.8,6170.8,791373.02,2024-12-31T00:00:00,REP,REP,False,,72.0,
AZ,S6AZ00217,"MELUSKEY, ALEXANDER",C00574350,302.4,106.35,6247.72,6247.72,791373.02,2022-12-31T00:00:00,REP,REP,False,,52.0,
AZ,S6AZ00217,"MELUSKEY, ALEXANDER",C00574350,1022.88,2202.86,6011.94,6011.94,791373.02,2020-12-31T00:00:00,REP,REP,False,,50.0,
AZ,S6AZ00217,"MELUSKEY, ALEXANDER",C00574350,2126.0,8822.0,6692.0,6692.0,790273.0,2018-12-31T00:00:00,REP,REP,False,,48.0,
AZ,S6AZ00217,"MELUSKEY, ALEXANDER",C00574350,905405.5,892009.06,13396.0,13396.0,788773.0,2016-12-31T00:00:00,REP,REP,False,,18.0,
NJ,S6NJ00289,"MENENDEZ, ROBERT",C00264564,16661.58,807182.53,7236.24,7236.24,0.0,2026-03-31T00:00:00,IND,OTHER,False,,18.0,
NJ,S6NJ00289,"MENENDEZ, ROBERT",C00264564,3882123.51,8952013.36,797757.19,797757.19,0.0,2024-12-31T00:00:00,IND,OTHER,False,,5.0,
NJ,S6NJ00289,"MENENDEZ, ROBERT",C00264564,5459735.54,893124.46,5867647.04,5867647.04,0.0,2022-12-31T00:00:00,IND,OTHER,False,,4.0,
NJ,S6NJ00289,"MENENDEZ, ROBERT",C00264564,1675545.51,592941.15,1302035.96,1302035.96,0.0,2020-12-31T00:00:00,IND,OTHER,False,,12.0,
NJ,S6NJ00289,"MENENDEZ, ROBERT",C00264564,9579191.36,11003884.46,219431.6,219431.6,0.0,2018-12-31T00:00:00,IND,OTHER,False,,3.0,
NJ,S6NJ00289,"MENENDEZ, ROBERT",C00264564,1176654.0,985234.0,1644124.0,1644124.0,0.0,2016-12-31T00:00:00,IND,OTHER,False,,14.0,
NJ,S6NJ00289,"MENENDEZ, ROBERT",C00264564,1701169.0,1675361.0,1452705.0,1452705.0,0.0,2014-12-31T00:00:00,IND,OTHER,False,,11.0,
NJ,S6NJ00289,"MENENDEZ, ROBERT",C00264564,12290307.0,13290088.0,1426897.0,1426897.0,0.0,2012-12-31T00:00:00,IND,OTHER,False,,1.0,
NJ,S6NJ00289,"MENENDEZ, ROBERT",C00264564,2763848.0,898458.0,2426682.0,2426682.0,0.0,2010-12-31T00:00:00,IND,OTHER,False,,7.0,
NJ,S6NJ00289,"MENENDEZ, ROBERT",C00264564,2290628.0,2037999.0,561291.0,561291.0,0.0,2008-12-31T00:00:00,IND,OTHER,False,,9.0,
NJ,S6NJ00289,"MENENDEZ, ROBERT",C00264564,11950586.56,13328665.09,308660.0,308660.0,148468.0,2006-12-31T00:00:00,IND,OTHER,False,,2.0,
NJ,S6NJ00289,"MENENDEZ, ROBERT",C00264564,3624592.36,3941961.6,1686741.23,1686741.23,0.0,2004-12-31T00:00:00,IND,OTHER,False,,6.0,
NJ,S6NJ00289,"MENENDEZ, ROBERT",C00264564,2518466.65,2197207.93,2004110.47,2004110.47,0.0,2002-12-31T00:00:00,IND,OTHER,False,,8.0,
NJ,S6NJ00289,"MENENDEZ, ROBERT",C00264564,2188542.0,1713018.0,1682851.0,1682851.0,0.0,2000-12-31T00:00:00,IND,OTHER,False,,10.0,
NJ,S6NJ00289,"MENENDEZ, ROBERT",C00264564,1480686.0,964145.0,1207328.0,1207328.0,,1998-12-31T00:00:00,IND,OTHER,False,,13.0,
NJ,S6NJ00289,"MENENDEZ, ROBERT",C00264564,908485.0,379469.0,690692.0,690692.0,,1996-12-31T00:00:00,IND,OTHER,False,,15.0,
NJ,S6NJ00289,"MENENDEZ, ROBERT",C00264564,626358.0,488448.0,160929.0,160929.0,,1994-12-31T00:00:00,IND,OTHER,False,,17.0,
NJ,S6NJ00289,"MENENDEZ, ROBERT",C00264564,668659.0,645640.0,23018.0,23018.0,,1992-12-31T00:00:00,IND,OTHER,False,,16.0,
OR,S8OR00207,"MERKLEY, JEFFREY ALAN",C00437277,3798075.34,1484895.87,6580178.12,6580178.12,0.0,2026-03-31T00:00:00,DEM,DEM,False,,10.0,
OR,S8OR00207,"MERKLEY, JEFFREY ALAN",C00437277,1508836.04,1480339.6,4266998.65,4266998.65,0.0,2024-12-31T00:00:00,DEM,DEM,False,,17.0,
OR,S8OR00207,"MERKLEY, JEFFREY ALAN",C00437277,1844039.33,1411098.29,4238502.21,4238502.21,0.0,2022-12-31T00:00:00,DEM,DEM,False,,14.0,
OR,S8OR00207,"MERKLEY, JEFFREY ALAN",C00437277,6410830.47,4288037.97,3805561.17,3805561.17,0.0,2020-12-31T00:00:00,DEM,DEM,False,,5.0,
OR,S8OR00207,"MERKLEY, JEFFREY ALAN",C00437277,3824786.98,2855361.71,1682768.67,1682768.67,0.0,2018-12-31T00:00:00,DEM,DEM,False,,8.0,
OR,S8OR00207,"MERKLEY, JEFFREY ALAN",C00437277,1215423.37,1133985.69,713343.0,713343.0,0.0,2016-12-31T00:00:00,DEM,DEM,False,,18.0,
OR,S8OR00207,"MERKLEY, JEFFREY ALAN",C00437277,9647329.0,9559836.0,631906.0,631906.0,0.0,2014-12-31T00:00:00,DEM,DEM,False,,2.0,
OR,S8OR00207,"MERKLEY, JEFFREY ALAN",C00437277,1187727.0,710413.0,544415.0,544415.0,0.0,2012-12-31T00:00:00,DEM,DEM,False,,20.0,
OR,S8OR00207,"MERKLEY, JEFFREY ALAN",C00437277,1187146.0,1131273.0,67100.0,67100.0,0.0,2010-12-31T00:00:00,DEM,DEM,False,,21.0,
OR,S8OR00207,"MERKLEY, JEFFREY ALAN",C00437277,6512231.0,6501315.0,11226.0,11226.0,550916.0,2008-12-31T00:00:00,DEM,DEM,False,,4.0,
VT,S2VT00300,"MERMEL, MYERS",C00816207,154785.0,159423.3,-4638.3,-4638.3,70000.0,2022-12-31T00:00:00,REP,REP,False,,5.0,
AL,S0AL00289,"MERRILL, JOHN H",C00709477,0.0,8895.0,213440.78,213440.78,0.0,2026-03-31T00:00:00,REP,REP,False,,25.0,
AL,S0AL00289,"MERRILL, JOHN H",C00709477,0.0,3500.0,222335.78,222335.78,0.0,2024-12-31T00:00:00,REP,REP,False,,26.0,
AL,S0AL00289,"MERRILL, JOHN H",C00709477,0.0,71694.56,225835.78,225835.78,0.0,2022-12-31T00:00:00,REP,REP,False,,27.0,
AL,S0AL00289,"MERRILL, JOHN H",C00709477,928497.69,630967.35,297530.34,297530.34,0.0,2020-12-31T00:00:00,REP,REP,False,,14.0,
AK,S8AK00082,"METCALFE, RAY HOMER",C00441717,30309.0,30562.0,-254.0,-254.0,0.0,2008-10-15T00:00:00,DEM,DEM,False,,2.0,
ME,S6ME00407,"MILLS, JANET TRAFTON",C00923144,5359823.45,4285469.89,1074353.56,1074353.56,0.0,2026-03-31T00:00:00,DEM,DEM,False,,3.0,
VA,S8VA00321,"MIZUSAWA, BERT K",C00934265,192041.22,136636.24,55404.98,55404.98,0.0,2026-03-31T00:00:00,REP,REP,False,,9.0,
FL,S6FL00640,"MOODY, ASHLEY",C00895763,8407063.8,1277671.65,7129392.15,7129392.15,0.0,2026-03-31T00:00:00,REP,REP,False,,7.0,
WV,S4WV00324,"MOONEY, ALEXANDER X",C00828475,3.68,9307.48,0.0,0.0,0.0,2025-06-30T00:00:00,REP,REP,False,,27.0,
WV,S4WV00324,"MOONEY, ALEXANDER X",C00828475,2280834.4,3350947.94,9303.8,9303.8,0.0,2024-12-31T00:00:00,REP,REP,False,,6.0,
WV,S4WV00324,"MOONEY, ALEXANDER X",C00828475,1094289.56,14872.22,1079417.34,1079417.34,0.0,2022-12-31T00:00:00,REP,REP,False,,12.0,
AL,S6AL00476,"MOORE, FELIX BARRY",C00720375,2173919.1,1454212.77,844837.99,844837.99,0.0,2026-03-31T00:00:00,REP,REP,False,,8.0,
AL,S6AL00476,"MOORE, FELIX BARRY",C00720375,1130187.3,1467853.12,125131.66,125131.66,0.0,2024-12-31T00:00:00,REP,REP,False,,12.0,
AL,S6AL00476,"MOORE, FELIX BARRY",C00720375,891776.46,430418.03,462797.48,462797.48,0.0,2022-12-31T00:00:00,REP,REP,False,,15.0,
AL,S6AL00476,"MOORE, FELIX BARRY",C00720375,837715.85,836276.8,1439.05,1439.05,45792.35,2020-12-31T00:00:00,REP,REP,False,,16.0,
KS,S0KS00091,"MORAN, JERRY",C00458315,990634.22,244726.92,5515291.6,5515291.6,61238.33,2026-03-31T00:00:00,REP,REP,False,,19.0,
KS,S0KS00091,"MORAN, JERRY",C00458315,1805895.59,415236.63,4769384.3,4769384.3,23377.44,2024-12-31T00:00:00,REP,REP,False,,10.0,
KS,S0KS00091,"MORAN, JERRY",C00458315,5531189.35,4702728.4,3378725.34,3378725.34,70438.16,2022-12-31T00:00:00,REP,REP,False,,3.0,
KS,S0KS00091,"MORAN, JERRY",C00458315,1342185.2,343029.5,2550264.39,2550264.39,6923.93,2020-12-31T00:00:00,REP,REP,False,,18.0,
KS,S0KS00091,"MORAN, JERRY",C00458315,718688.49,359688.03,1551108.69,1551108.69,7197.57,2018-12-31T00:00:00,REP,REP,False,,23.0,
KS,S0KS00091,"MORAN, JERRY",C00458315,4492732.0,4680838.91,1192108.0,1192108.0,18655.0,2016-12-31T00:00:00,REP,REP,False,,4.0,
KS,S0KS00091,"MORAN, JERRY",C00458315,1480754.0,509602.0,1380214.0,1380214.0,67712.0,2014-12-31T00:00:00,REP,REP,False,,13.0,
KS,S0KS00091,"MORAN, JERRY",C00458315,762789.0,525310.0,409062.0,409062.0,18725.0,2012-12-31T00:00:00,REP,REP,False,,20.0,
KS,S0KS00091,"MORAN, JERRY",C00458315,4154081.0,6525438.0,171583.0,171583.0,180661.64,2010-12-31T00:00:00,REP,REP,False,,5.0,
KS,S0KS00091,"MORAN, JERRY",C00458315,2566164.0,23227.0,2542937.0,2542937.0,0.0,2008-12-31T00:00:00,REP,REP,False,,9.0,
OH,S4OH00192,"MORENO, BERNIE",C00775585,8737.75,8797.75,0.0,0.0,0.0,2024-12-31T00:00:00,REP,REP,False,,45.0,
OH,S4OH00192,"MORENO, BERNIE",C00775585,6864602.51,6864542.51,60.0,60.0,3795817.28,2022-12-31T00:00:00,REP,REP,False,,7.0,
OH,S4OH00192,"MORENO, BERNIE",C00837484,2277695.94,2187219.18,468796.47,468796.47,7039894.14,2026-03-31T00:00:00,REP,REP,False,,13.0,
OH,S4OH00192,"MORENO, BERNIE",C00837484,26414101.15,26035781.44,378319.71,378319.71,8470685.25,2024-12-31T00:00:00,REP,REP,True,highest_total_receipts,1.0,
RI,S4RI00085,"MORGAN, PATRICIA L",C00846014,0.0,0.0,0.0,0.0,41627.71,2025-03-31T00:00:00,REP,REP,False,,5.0,
RI,S4RI00085,"MORGAN, PATRICIA L",C00846014,296201.28,296451.28,0.0,0.0,41627.71,2024-12-31T00:00:00,REP,REP,True,highest_total_receipts,1.0,
WV,S8WV00143,"MORRISEY, PATRICK MR",C00651075,42048.65,89816.69,0.0,0.0,0.0,2019-12-31T00:00:00,REP,REP,False,,20.0,
WV,S8WV00143,"MORRISEY, PATRICK MR",C00651075,6200876.51,6153109.25,47768.04,47768.04,40000.0,2018-12-31T00:00:00,REP,REP,False,,2.0,
KY,S6KY00302,"MORRIS, NATE",C00909705,7028611.22,6448016.35,580594.87,580594.87,4902000.0,2026-03-31T00:00:00,REP,REP,False,,8.0,
NC,S6NC00522,"MORROW, MICHELE",C00931956,12713.82,12035.64,678.18,678.18,0.0,2026-03-31T00:00:00,REP,REP,False,,24.0,
WY,S4WY00188,"MORROW, SCOTT D MR",C00881300,0.0,0.0,834.37,834.37,0.0,2026-03-31T00:00:00,DEM,DEM,False,,3.0,
WY,S4WY00188,"MORROW, SCOTT D MR",C00881300,45707.29,44872.92,834.37,834.37,0.0,2024-12-31T00:00:00,DEM,DEM,True,highest_total_receipts,1.0,
NH,S2NH00249,"MORSE, CHUCK",C00800847,8523.94,118100.08,0.0,0.0,0.0,2023-10-31T00:00:00,REP,REP,False,,21.0,
NH,S2NH00249,"MORSE, CHUCK",C00800847,1796735.36,1687159.22,109576.14,109576.14,343000.0,2022-12-31T00:00:00,REP,REP,False,,4.0,
TN,S4TN00575,"MOSES, PAMELA",C00848622,5945.0,6378.34,-474.56,-474.56,0.0,2024-11-25T00:00:00,IDP,OTHER,False,,1.0,
MA,S6MA00296,"MOULTON, SETH",C00547240,4255419.17,2774289.78,3331467.45,3331467.45,0.0,2026-03-31T00:00:00,DEM,DEM,False,,12.0,
MA,S6MA00296,"MOULTON, SETH",C00547240,2908225.26,1827201.45,1850338.06,1850338.06,0.0,2024-12-31T00:00:00,DEM,DEM,False,,18.0,
MA,S6MA00296,"MOULTON, SETH",C00547240,2137107.99,1613461.86,769314.25,769314.25,0.0,2022-12-31T00:00:00,DEM,DEM,False,,24.0,
MA,S6MA00296,"MOULTON, SETH",C00547240,1318518.23,1830882.51,245668.12,245668.12,0.0,2020-12-31T00:00:00,DEM,DEM,False,,30.0,
MA,S6MA00296,"MOULTON, SETH",C00547240,2414446.53,2691149.97,758032.4,758032.4,0.0,2018-12-31T00:00:00,DEM,DEM,False,,21.0,
MA,S6MA00296,"MOULTON, SETH",C00547240,2632276.6,1634839.69,1034735.84,1034735.84,0.0,2016-12-31T00:00:00,DEM,DEM,False,,20.0,
MA,S6MA00296,"MOULTON, SETH",C00547240,3363693.19,3326394.26,37298.93,37298.93,0.0,2014-12-31T00:00:00,DEM,DEM,False,,17.0,
FL,S4FL00611,"MUCARSEL-POWELL, DEBBIE",C00848648,676089.7,603472.98,47339.41,47339.41,0.0,2026-03-31T00:00:00,DEM,DEM,False,,23.0,
FL,S6FL00806,"MUJICA, HECTOR DANIEL",C00923342,717348.11,637278.06,80070.05,80070.05,206566.39,2026-03-31T00:00:00,DEM,DEM,False,,22.0,
OK,S2OK00186,"MULLIN, MARKWAYNE",C00498345,3181183.59,1003117.36,2361083.02,2361083.02,25400.39,2026-03-31T00:00:00,REP,REP,False,,5.0,
OK,S2OK00186,"MULLIN, MARKWAYNE",C00498345,1659789.12,1531778.02,183016.79,183016.79,430251.18,2024-12-31T00:00:00,REP,REP,False,,9.0,
OK,S2OK00186,"MULLIN, MARKWAYNE",C00498345,5569955.21,6125259.47,55005.69,55005.69,1230775.86,2022-12-31T00:00:00,REP,REP,False,,3.0,
OK,S2OK00186,"MULLIN, MARKWAYNE",C00498345,1670650.65,1088383.88,610309.95,610309.95,0.0,2020-12-31T00:00:00,REP,REP,False,,8.0,
OK,S2OK00186,"MULLIN, MARKWAYNE",C00498345,1579827.97,1704272.83,28043.18,28043.18,0.0,2018-12-31T00:00:00,REP,REP,False,,11.0,
OK,S2OK00186,"MULLIN, MARKWAYNE",C00498345,1588433.64,1620254.08,152333.54,152333.54,0.0,2016-12-31T00:00:00,REP,REP,False,,10.0,
OK,S2OK00186,"MULLIN, MARKWAYNE",C00498345,1271635.79,1110584.3,184153.98,184153.98,73000.0,2014-12-31T00:00:00,REP,REP,False,,15.0,
OK,S2OK00186,"MULLIN, MARKWAYNE",C00498345,1732310.94,1709208.45,23102.49,23102.49,307627.81,2012-12-31T00:00:00,REP,REP,False,,7.0,
AK,S4AK00099,"MURKOWSKI, LISA",C00384529,1073320.2,311423.23,1379057.22,1379057.22,0.0,2026-03-31T00:00:00,REP,REP,False,,10.0,
AK,S4AK00099,"MURKOWSKI, LISA",C00384529,689240.76,729766.97,617160.25,617160.25,0.0,2024-12-31T00:00:00,REP,REP,False,,16.0,
AK,S4AK00099,"MURKOWSKI, LISA",C00384529,9319257.3,9685516.06,657686.46,657686.46,0.0,2022-12-31T00:00:00,REP,REP,True,highest_total_receipts,1.0,
AK,S4AK00099,"MURKOWSKI, LISA",C00384529,1032216.66,489160.85,1023945.22,1023945.22,0.0,2020-12-31T00:00:00,REP,REP,False,,12.0,
AK,S4AK00099,"MURKOWSKI, LISA",C00384529,944798.62,555028.31,480889.41,480889.41,0.0,2018-12-31T00:00:00,REP,REP,False,,13.0,
AK,S4AK00099,"MURKOWSKI, LISA",C00384529,4431094.0,6010705.57,91119.0,91119.0,173772.0,2016-12-31T00:00:00,REP,REP,False,,6.0,
AK,S4AK00099,"MURKOWSKI, LISA",C00384529,1038044.0,514386.0,903629.0,903629.0,0.0,2014-12-31T00:00:00,REP,REP,False,,11.0,
AK,S4AK00099,"MURKOWSKI, LISA",C00384529,701326.0,642411.0,379972.0,379972.0,0.0,2012-12-31T00:00:00,REP,REP,False,,15.0,
AK,S4AK00099,"MURKOWSKI, LISA",C00384529,4072428.0,4113372.0,321060.0,321060.0,0.0,2010-12-31T00:00:00,REP,REP,False,,7.0,
AK,S4AK00099,"MURKOWSKI, LISA",C00384529,498836.0,253621.0,362004.0,362004.0,0.0,2008-12-31T00:00:00,REP,REP,False,,17.0,
AK,S4AK00099,"MURKOWSKI, LISA",C00384529,118419.0,238979.0,116786.0,116786.0,0.0,2006-12-31T00:00:00,REP,REP,False,,19.0,
AK,S4AK00099,"MURKOWSKI, LISA",C00384529,5702709.0,5465098.0,237344.0,237344.0,0.0,2004-12-31T00:00:00,REP,REP,False,,5.0,
CT,S2CT00132,"MURPHY, CHRISTOPHER S",C00492645,12504647.66,6792067.91,11239354.61,11239354.61,0.0,2026-03-31T00:00:00,DEM,DEM,False,,3.0,
CT,S2CT00132,"MURPHY, CHRISTOPHER S",C00492645,12786118.05,11192236.99,5526774.86,5526774.86,0.0,2024-12-31T00:00:00,DEM,DEM,True,highest_total_receipts,1.0,
CT,S2CT00132,"MURPHY, CHRISTOPHER S",C00492645,861276.38,1696065.39,3932893.8,3932893.8,0.0,2022-12-31T00:00:00,DEM,DEM,False,,11.0,
CT,S2CT00132,"MURPHY, CHRISTOPHER S",C00492645,1671376.73,1688410.97,4767682.81,4767682.81,0.0,2020-12-31T00:00:00,DEM,DEM,False,,8.0,
CT,S2CT00132,"MURPHY, CHRISTOPHER S",C00492645,12522264.41,8862489.51,4784717.05,4784717.05,0.0,2018-12-31T00:00:00,DEM,DEM,False,,2.0,
CT,S2CT00132,"MURPHY, CHRISTOPHER S",C00492645,1997748.0,978596.0,1124943.0,1124943.0,0.0,2016-12-31T00:00:00,DEM,DEM,False,,7.0,
CT,S2CT00132,"MURPHY, CHRISTOPHER S",C00492645,653938.0,655387.0,105791.0,105791.0,0.0,2014-12-31T00:00:00,DEM,DEM,False,,13.0,
CT,S2CT00132,"MURPHY, CHRISTOPHER S",C00492645,10543456.0,10436219.0,107239.0,107239.0,189925.0,2012-12-31T00:00:00,DEM,DEM,False,,4.0,
NJ,S4NJ00532,"MURPHY, JUSTIN MICHAEL LL.M.",C00865808,9709.03,8246.16,566.81,566.81,7966.96,2026-03-31T00:00:00,REP,REP,False,,25.0,
NJ,S4NJ00532,"MURPHY, JUSTIN MICHAEL LL.M.",C00865808,12028.82,12924.88,-896.06,-896.06,3850.0,2024-12-31T00:00:00,REP,REP,False,,24.0,
KS,S6KS00270,"MURRAY, ERIK",C00929240,179817.62,134230.89,45586.73,45586.73,0.0,2026-03-31T00:00:00,DEM,DEM,False,,2.0,
WA,S2WA00189,"MURRAY, PATTY",C00257642,2232288.58,1548499.77,1567249.95,1567249.95,0.0,2026-03-31T00:00:00,DEM,DEM,False,,15.0,
WA,S2WA00189,"MURRAY, PATTY",C00257642,2095534.09,1770413.13,883461.14,883461.14,0.0,2024-12-31T00:00:00,DEM,DEM,False,,16.0,
WA,S2WA00189,"MURRAY, PATTY",C00257642,16112355.03,19036980.2,558340.18,558340.18,0.0,2022-12-31T00:00:00,DEM,DEM,True,highest_total_receipts,1.0,
WA,S2WA00189,"MURRAY, PATTY",C00257642,2481118.82,1691127.03,3482965.35,3482965.35,0.0,2020-12-31T00:00:00,DEM,DEM,False,,14.0,
WA,S2WA00189,"MURRAY, PATTY",C00257642,1832338.56,2860709.21,2692973.56,2692973.56,0.0,2018-12-31T00:00:00,DEM,DEM,False,,17.0,
WA,S2WA00189,"MURRAY, PATTY",C00257642,10176110.19,8368803.54,3721343.0,3721343.0,0.0,2016-12-31T00:00:00,DEM,DEM,False,,7.0,
WA,S2WA00189,"MURRAY, PATTY",C00257642,3008307.0,1428276.0,1914038.0,1914038.0,0.0,2014-12-31T00:00:00,DEM,DEM,False,,12.0,
WA,S2WA00189,"MURRAY, PATTY",C00257642,923628.0,1072480.0,258708.0,258708.0,0.0,2012-12-31T00:00:00,DEM,DEM,False,,27.0,
WA,S2WA00189,"MURRAY, PATTY",C00257642,12762491.0,14873696.0,407558.0,407558.0,0.0,2010-12-31T00:00:00,DEM,DEM,False,,3.0,
WA,S2WA00189,"MURRAY, PATTY",C00257642,2899823.0,1391807.0,2518764.0,2518764.0,0.0,2008-12-31T00:00:00,DEM,DEM,False,,13.0,
WA,S2WA00189,"MURRAY, PATTY",C00257642,1462353.0,1014310.0,1010749.0,1010749.0,0.0,2006-12-31T00:00:00,DEM,DEM,False,,22.0,
WA,S2WA00189,"MURRAY, PATTY",C00257642,11081050.0,11556148.0,562707.0,562707.0,0.0,2004-12-31T00:00:00,DEM,DEM,False,,6.0,
WA,S2WA00189,"MURRAY, PATTY",C00257642,1517564.0,549915.0,1037803.0,1037803.0,0.0,2002-12-31T00:00:00,DEM,DEM,False,,20.0,
WA,S2WA00189,"MURRAY, PATTY",C00257642,423821.0,373907.0,70154.0,70154.0,0.0,2000-12-31T00:00:00,DEM,DEM,False,,31.0,
WA,S2WA00189,"MURRAY, PATTY",C00257642,5343379.0,5609349.0,20222.0,20222.0,20372.0,1998-12-31T00:00:00,DEM,DEM,False,,11.0,
WA,S2WA00189,"MURRAY, PATTY",C00257642,702747.0,568161.0,285199.0,285199.0,0.0,1996-12-31T00:00:00,DEM,DEM,False,,29.0,
WA,S2WA00189,"MURRAY, PATTY",C00257642,260639.0,238478.0,161902.0,161902.0,0.0,1995-06-30T00:00:00,DEM,DEM,False,,32.0,
WA,S2WA00189,"MURRAY, PATTY",C00257642,1496204.0,1342038.0,154166.0,154166.0,0.0,1992-12-31T00:00:00,DEM,DEM,False,,21.0,
CO,S0CO00344,"NAPOLITANO, JASON ANDREW",C00490276,0.0,72.82,346.5,346.5,7000.0,2026-03-31T00:00:00,IND,OTHER,False,,8.0,
CO,S0CO00344,"NAPOLITANO, JASON ANDREW",C00490276,0.0,141.79,419.32,419.32,7000.0,2024-12-31T00:00:00,IND,OTHER,False,,9.0,
CO,S0CO00344,"NAPOLITANO, JASON ANDREW",C00490276,0.0,117.18,561.43,561.43,7000.0,2022-12-31T00:00:00,IND,OTHER,False,,10.0,
CO,S0CO00344,"NAPOLITANO, JASON ANDREW",C00490276,1295.0,779.28,678.61,678.61,7000.0,2020-12-31T00:00:00,IND,OTHER,False,,6.0,
CO,S0CO00344,"NAPOLITANO, JASON ANDREW",C00490276,0.0,170.0,163.0,163.0,6352.0,2018-12-31T00:00:00,IND,OTHER,False,,11.0,
CO,S0CO00344,"NAPOLITANO, JASON ANDREW",C00490276,0.0,130.0,338.0,338.0,6352.0,2016-12-31T00:00:00,IND,OTHER,False,,12.0,
CO,S0CO00344,"NAPOLITANO, JASON ANDREW",C00490276,0.0,366.0,474.0,474.0,6352.0,2014-12-31T00:00:00,IND,OTHER,False,,13.0,
CO,S0CO00344,"NAPOLITANO, JASON ANDREW",C00490276,0.0,737.0,845.0,845.0,6352.0,2012-12-31T00:00:00,IND,OTHER,False,,14.0,
CO,S0CO00344,"NAPOLITANO, JASON ANDREW",C00490276,27483.0,25983.0,1500.0,1500.0,6352.0,2010-12-31T00:00:00,IND,OTHER,False,,4.0,
MT,S6MT00238,"NEILL, REILLY",C00892505,272736.33,168977.55,103938.36,103938.36,88000.0,2026-03-31T00:00:00,DEM,DEM,False,,19.0,
MT,S6MT00238,"NEILL, REILLY",C00892505,4352.17,4172.59,179.58,179.58,0.0,2024-12-31T00:00:00,DEM,DEM,False,,46.0,
NE,S6NE00095,"NELSON, E BENJAMIN",C00432401,0.0,0.0,3927.22,3927.22,0.0,2026-03-31T00:00:00,DEM,DEM,False,,7.0,
NE,S6NE00095,"NELSON, E BENJAMIN",C00432401,0.0,-3402.25,3927.22,3927.22,0.0,2024-12-31T00:00:00,DEM,DEM,False,,8.0,
NE,S6NE00095,"NELSON, E BENJAMIN",C00432401,0.0,0.0,524.97,524.97,0.0,2022-12-31T00:00:00,DEM,DEM,False,,9.0,
NE,S6NE00095,"NELSON, E BENJAMIN",C00432401,0.0,0.0,524.97,524.97,0.0,2020-12-31T00:00:00,DEM,DEM,False,,10.0,
NE,S6NE00095,"NELSON, E BENJAMIN",C00432401,33.0,11394.0,524.0,524.0,0.0,2018-12-31T00:00:00,DEM,DEM,False,,6.0,
NE,S6NE00095,"NELSON, E BENJAMIN",C00432401,0.0,71692.0,9885.0,9885.0,0.0,2016-12-31T00:00:00,DEM,DEM,False,,11.0,
NE,S6NE00095,"NELSON, E BENJAMIN",C00432401,268.0,228109.0,81578.0,81578.0,0.0,2014-12-31T00:00:00,DEM,DEM,False,,5.0,
NE,S6NE00095,"NELSON, E BENJAMIN",C00432401,2653918.0,3794536.0,309417.0,309417.0,0.0,2012-12-31T00:00:00,DEM,DEM,True,highest_total_receipts,1.0,
NE,S6NE00095,"NELSON, E BENJAMIN",C00432401,1552582.0,439945.0,1450037.0,1450037.0,0.0,2010-12-31T00:00:00,DEM,DEM,False,,2.0,
NE,S6NE00095,"NELSON, E BENJAMIN",C00432401,807908.0,470503.0,337403.0,337403.0,0.0,2008-12-31T00:00:00,DEM,DEM,False,,3.0,
NC,S2NC00471,"NEWTON, EVERETTE (RETT) S.",C00774851,0.0,0.0,0.0,0.0,0.0,2026-03-31T00:00:00,DEM,DEM,False,,18.0,
NC,S2NC00471,"NEWTON, EVERETTE (RETT) S.",C00774851,0.0,0.0,0.0,0.0,0.0,2024-12-31T00:00:00,DEM,DEM,False,,19.0,
NC,S2NC00471,"NEWTON, EVERETTE (RETT) S.",C00774851,1115.0,3625.0,0.0,0.0,0.0,2022-12-31T00:00:00,DEM,DEM,False,,16.0,
NC,S2NC00471,"NEWTON, EVERETTE (RETT) S.",C00774851,215369.27,188151.27,0.0,0.0,0.0,2022-12-31T00:00:00,DEM,DEM,False,,8.0,
FL,S2FL00656,"NGUYEN, QUOC TUAN MR.",C00782961,52548.77,52548.77,0.0,0.0,0.0,2022-12-07T00:00:00,NPA,OTHER,False,,1.0,
FL,S2FL00656,"NGUYEN, QUOC TUAN MR.",C00875757,0.0,0.0,-2426.25,-2426.25,9500.0,2025-01-27T00:00:00,NPA,OTHER,False,,4.0,
FL,S2FL00656,"NGUYEN, QUOC TUAN MR.",C00875757,22530.0,24956.25,-2426.25,-2426.25,9500.0,2024-11-25T00:00:00,NPA,OTHER,False,,2.0,
NC,S6NC00340,"NICKEL, WILEY",C00763045,588995.0,1277986.16,0.0,0.0,0.0,2026-03-20T00:00:00,DEM,DEM,False,,6.0,
NC,S6NC00340,"NICKEL, WILEY",C00763045,2383094.47,1731102.48,688991.16,688991.16,926858.01,2024-12-31T00:00:00,DEM,DEM,False,,4.0,
NC,S6NC00340,"NICKEL, WILEY",C00763045,3717882.21,3735754.38,36999.17,36999.17,953950.0,2022-12-31T00:00:00,DEM,DEM,False,,3.0,
NC,S6NC00340,"NICKEL, WILEY",C00763045,60135.0,5263.66,54871.34,54871.34,0.0,2020-12-31T00:00:00,DEM,DEM,False,,11.0,
NC,S6NC00357,"NILSSON, ROBERT ANDERS MR",C00895615,0.0,52.0,1912.66,1912.66,0.0,2025-11-08T00:00:00,REP,REP,False,,31.0,
FL,S6FL00830,"NIXON, ANGELA",C00915041,293583.92,20957.37,177595.28,177595.28,0.0,2026-03-31T00:00:00,DEM,DEM,False,,26.0,
IA,S6IA00280,"NORRIS, JACKIE",C00914747,363563.01,363563.01,0.0,0.0,0.0,2026-03-20T00:00:00,DEM,DEM,False,,8.0,
CO,S2CO00241,"O'DEA, JOSEPH MATTHEW",C00791186,0.0,1677.0,1953.98,1953.98,3811000.0,2026-03-31T00:00:00,REP,REP,False,,10.0,
CO,S2CO00241,"O'DEA, JOSEPH MATTHEW",C00791186,-1686.1,95548.21,3630.98,3630.98,3811000.0,2024-12-31T00:00:00,REP,REP,False,,17.0,
CO,S2CO00241,"O'DEA, JOSEPH MATTHEW",C00791186,10139932.44,10039067.15,100865.29,100865.29,3909443.27,2022-12-31T00:00:00,REP,REP,True,highest_total_receipts,1.0,
OH,S6OH00387,"ODE, FREDERICK J",C00917146,5001938.61,4970194.22,31744.39,31744.39,2185.5,2026-03-31T00:00:00,DEM,DEM,False,,2.0,
DE,S6DE00131,"O'DONNELL, CHRISTINE",C00449595,0.0,0.0,471.26,471.26,39118.92,2026-03-31T00:00:00,REP,REP,False,,15.0,
DE,S6DE00131,"O'DONNELL, CHRISTINE",C00449595,0.0,100.7,471.26,471.26,39118.92,2024-12-31T00:00:00,REP,REP,False,,16.0,
DE,S6DE00131,"O'DONNELL, CHRISTINE",C00449595,0.0,0.0,571.96,571.96,39118.92,2022-12-31T00:00:00,REP,REP,False,,17.0,
DE,S6DE00131,"O'DONNELL, CHRISTINE",C00449595,0.0,0.0,571.96,571.96,39118.92,2020-12-31T00:00:00,REP,REP,False,,18.0,
DE,S6DE00131,"O'DONNELL, CHRISTINE",C00449595,0.0,0.0,571.96,571.96,39118.92,2018-12-31T00:00:00,REP,REP,False,,19.0,
DE,S6DE00131,"O'DONNELL, CHRISTINE",C00449595,17444.0,16885.0,571.0,571.0,14118.0,2016-12-31T00:00:00,REP,REP,False,,8.0,
DE,S6DE00131,"O'DONNELL, CHRISTINE",C00449595,1489.0,9710.0,12.0,12.0,0.0,2014-12-31T00:00:00,REP,REP,False,,13.0,
DE,S6DE00131,"O'DONNELL, CHRISTINE",C00449595,36321.0,452217.0,8232.0,8232.0,0.0,2012-12-31T00:00:00,REP,REP,False,,6.0,
DE,S6DE00131,"O'DONNELL, CHRISTINE",C00449595,7422781.0,6999106.0,424130.0,424130.0,507.0,2010-12-31T00:00:00,REP,REP,True,highest_total_receipts,1.0,
DE,S6DE00131,"O'DONNELL, CHRISTINE",C00449595,99366.0,98909.0,456.0,456.0,19656.0,2008-12-31T00:00:00,REP,REP,False,,5.0,
MI,S4MI00561,"O'DONNELL, SHERRELL ANNE",C00847657,5790.15,13084.37,0.0,0.0,0.0,2025-04-14T00:00:00,REP,REP,False,,22.0,
MI,S4MI00561,"O'DONNELL, SHERRELL ANNE",C00847657,494750.2,488340.98,7294.22,7294.22,88000.0,2024-12-31T00:00:00,REP,REP,False,,13.0,
WI,S2WI00383,"OLIKARA, STEVEN",C00780437,2526.88,7395.8,56221.54,56221.54,0.0,2026-03-31T00:00:00,DEM,DEM,False,,24.0,
WI,S2WI00383,"OLIKARA, STEVEN",C00780437,3331.8,8733.76,61090.46,61090.46,0.0,2024-12-31T00:00:00,DEM,DEM,False,,23.0,
WI,S2WI00383,"OLIKARA, STEVEN",C00780437,522068.7,455576.28,66492.42,66492.42,0.0,2022-12-31T00:00:00,DEM,DEM,False,,18.0,
MN,S4MN00361,"ORTMAN, JULIANNE",C00548446,0.0,0.0,4.98,4.98,49563.29,2025-12-31T00:00:00,REP,REP,False,,23.0,
MN,S4MN00361,"ORTMAN, JULIANNE",C00548446,0.0,0.0,4.98,4.98,49563.29,2024-12-31T00:00:00,REP,REP,False,,24.0,
MN,S4MN00361,"ORTMAN, JULIANNE",C00548446,0.0,0.0,4.98,4.98,49563.29,2022-12-31T00:00:00,REP,REP,False,,25.0,
MN,S4MN00361,"ORTMAN, JULIANNE",C00548446,0.0,0.0,4.98,4.98,49563.29,2020-12-31T00:00:00,REP,REP,False,,26.0,
MN,S4MN00361,"ORTMAN, JULIANNE",C00548446,140.0,176.0,4.0,4.0,49563.0,2018-12-31T00:00:00,REP,REP,False,,18.0,
MN,S4MN00361,"ORTMAN, JULIANNE",C00548446,6787.0,7790.0,48.0,48.0,49513.0,2016-12-31T00:00:00,REP,REP,False,,13.0,
MN,S4MN00361,"ORTMAN, JULIANNE",C00548446,1075388.0,1074333.0,1055.0,1055.0,50176.0,2014-12-31T00:00:00,REP,REP,False,,5.0,
NE,S4NE00207,"OSBORN, DAN",C00901355,3805441.55,2670289.22,1135152.33,1135152.33,10390.48,2026-04-22T00:00:00,IND,OTHER,False,,1.0,
GA,S8GA00180,"OSSOFF, T. JONATHAN",C00718866,57270664.6,30525198.99,31736032.32,31736032.32,0.0,2026-03-31T00:00:00,DEM,DEM,False,,4.0,
GA,S8GA00180,"OSSOFF, T. JONATHAN",C00718866,7199991.41,5222431.14,4990566.71,4990566.71,0.0,2024-12-31T00:00:00,DEM,DEM,False,,6.0,
GA,S8GA00180,"OSSOFF, T. JONATHAN",C00718866,13506505.15,14825232.2,3013006.44,3013006.44,0.0,2022-12-31T00:00:00,DEM,DEM,False,,5.0,
GA,S8GA00180,"OSSOFF, T. JONATHAN",C00718866,156146537.53,151814804.04,4331733.49,4331733.49,250000.0,2020-12-31T00:00:00,DEM,DEM,False,,2.0,
PA,S2PA00638,"OZ, MEHMET DR",C00795930,657.0,14273.5,54310.78,54310.78,25513728.81,2026-03-31T00:00:00,REP,REP,False,,16.0,
PA,S2PA00638,"OZ, MEHMET DR",C00795930,663085.61,2282312.33,67927.28,67927.28,25513728.81,2024-12-31T00:00:00,REP,REP,False,,6.0,
PA,S2PA00638,"OZ, MEHMET DR",C00795930,50956276.74,49269122.74,1687154.0,1687154.0,27078782.81,2022-12-31T00:00:00,REP,REP,True,highest_total_receipts,1.0,
MA,S4MA00341,"PACKARD, AARON L",C00863753,630.14,293.33,356.81,356.81,500.01,2023-12-31T00:00:00,REP,REP,False,,7.0,
CA,S2CA00955,"PADILLA, ALEX",C00765164,1295140.53,735698.21,7202297.34,7202297.34,0.0,2026-03-31T00:00:00,DEM,DEM,False,,15.0,
CA,S2CA00955,"PADILLA, ALEX",C00765164,754150.94,1564522.58,6642855.02,6642855.02,8276.37,2024-12-31T00:00:00,DEM,DEM,False,,20.0,
CA,S2CA00955,"PADILLA, ALEX",C00765164,11784617.88,4566222.01,7453226.66,7453226.66,0.0,2022-12-31T00:00:00,DEM,DEM,False,,5.0,
CA,S2CA00955,"PADILLA, ALEX",C00765164,241475.33,6644.54,234830.79,234830.79,49048.0,2020-12-31T00:00:00,DEM,DEM,False,,21.0,
CT,S4CT00195,"PAGLINO, JUSTIN COBB DR",C00880104,300.0,694.63,155.52,155.52,12300.0,2026-03-31T00:00:00,GRE,OTHER,False,,2.0,
CT,S4CT00195,"PAGLINO, JUSTIN COBB DR",C00880104,17849.65,17299.5,550.15,550.15,12000.0,2024-12-31T00:00:00,GRE,OTHER,False,,1.0,
NH,S6NH00141,"PAPPAS, CHRIS",C00660464,9860676.34,6044770.26,4223490.31,4223490.31,0.0,2026-03-31T00:00:00,DEM,DEM,False,,5.0,
NH,S6NH00141,"PAPPAS, CHRIS",C00660464,4069100.41,3774742.48,407584.23,407584.23,0.0,2024-12-31T00:00:00,DEM,DEM,False,,8.0,
NH,S6NH00141,"PAPPAS, CHRIS",C00660464,5163533.11,5264218.86,113226.3,113226.3,0.0,2022-12-31T00:00:00,DEM,DEM,False,,7.0,
NH,S6NH00141,"PAPPAS, CHRIS",C00660464,3222282.25,3122213.85,213912.05,213912.05,0.0,2020-12-31T00:00:00,DEM,DEM,False,,10.0,
NH,S6NH00141,"PAPPAS, CHRIS",C00660464,2219341.71,2105498.06,113843.65,113843.65,0.0,2018-12-31T00:00:00,DEM,DEM,False,,12.0,
KS,S6KS00239,"PARELKAR, LOIS ANNE ELIZABETH LEA",C00913293,19898.0,19707.85,190.15,190.15,5500.0,2026-03-31T00:00:00,DEM,DEM,False,,10.0,
VA,S4VA00312,"PARKINSON, SCOTT THOMAS",C00836569,0.0,7017.34,0.0,0.0,0.0,2025-05-05T00:00:00,REP,REP,False,,36.0,
VA,S4VA00312,"PARKINSON, SCOTT THOMAS",C00836569,999121.24,992103.9,7017.34,7017.34,18553.58,2024-12-31T00:00:00,REP,REP,False,,3.0,
KY,S0KY00156,"PAUL, RAND",C00496075,3312762.54,3196268.18,6810091.73,6810091.73,0.0,2026-03-31T00:00:00,REP,REP,False,,21.0,
KY,S0KY00156,"PAUL, RAND",C00496075,8490873.16,7162710.96,6693597.37,6693597.37,0.0,2024-12-31T00:00:00,REP,REP,False,,5.0,
KY,S0KY00156,"PAUL, RAND",C00496075,25042402.65,21359994.87,5365435.17,5365435.17,0.0,2022-12-31T00:00:00,REP,REP,False,,2.0,
KY,S0KY00156,"PAUL, RAND",C00496075,2634072.58,1290480.27,1683027.39,1683027.39,0.0,2020-12-31T00:00:00,REP,REP,False,,23.0,
KY,S0KY00156,"PAUL, RAND",C00496075,609636.83,499126.93,339435.08,339435.08,0.0,2018-12-31T00:00:00,REP,REP,False,,34.0,
KY,S0KY00156,"PAUL, RAND",C00496075,4951609.77,7623625.63,228925.0,228925.0,0.0,2016-12-31T00:00:00,REP,REP,False,,13.0,
KY,S0KY00156,"PAUL, RAND",C00496075,5928763.0,3124038.0,2900940.0,2900940.0,0.0,2014-12-31T00:00:00,REP,REP,False,,10.0,
KY,S0KY00156,"PAUL, RAND",C00496075,287655.0,194040.0,93615.0,93615.0,0.0,2012-12-31T00:00:00,REP,REP,False,,36.0,
TX,S6TX00388,"PAXTON, WARREN KENNETH JR.",C00901918,7007950.84,4861414.33,2146536.51,2146536.51,0.0,2026-03-31T00:00:00,REP,REP,False,,13.0,
NM,S0NM00041,"PEARCE, STEVE",C00440420,40062.0,45669.0,0.0,0.0,0.0,2009-07-31T00:00:00,REP,REP,False,,4.0,
NM,S0NM00041,"PEARCE, STEVE",C00440420,4552712.0,4547108.0,5605.0,5605.0,25000.0,2008-12-31T00:00:00,REP,REP,False,,2.0,
WI,S2WI00417,"PECKARSKY, PETER",C00783365,0.0,2303.29,0.0,0.0,308361.76,2025-03-31T00:00:00,DEM,DEM,False,,29.0,
WI,S2WI00417,"PECKARSKY, PETER",C00783365,2202.9,2148.06,2303.29,2303.29,308361.76,2024-12-31T00:00:00,DEM,DEM,False,,25.0,
WI,S2WI00417,"PECKARSKY, PETER",C00783365,356785.78,354537.33,2248.45,2248.45,308008.86,2022-12-31T00:00:00,DEM,DEM,False,,19.0,
AK,S6AK00276,"PELTOLA, MARY",C00933978,8661662.38,2934553.61,5727108.77,5727108.77,0.0,2026-03-31T00:00:00,DEM,DEM,True,highest_total_receipts,1.0,
OR,S4OR00156,"PERKINS, JO RAE",C00932558,5185.34,3959.78,1286.97,1286.97,0.0,2026-03-31T00:00:00,REP,REP,False,,3.0,
OR,S4OR00156,"PERKINS, JO RAE",C00547646,287.0,120.0,0.0,0.0,0.0,2015-08-03T00:00:00,REP,REP,False,,4.0,
OR,S4OR00156,"PERKINS, JO RAE",C00547646,13458.0,11424.0,2029.0,2029.0,1343.0,2014-12-31T00:00:00,REP,REP,False,,2.0,
MN,S4MN00551,"PETERSEN, RAYMOND DAVID",C00880005,960.98,960.98,0.0,0.0,0.0,2026-03-31T00:00:00,REP,REP,False,,16.0,
MN,S4MN00551,"PETERSEN, RAYMOND DAVID",C00880005,3641.62,3641.62,0.0,0.0,0.0,2024-12-31T00:00:00,REP,REP,False,,14.0,
MI,S4MI00355,"PETERS, GARY",C00437889,201476.25,786015.06,6543790.66,6543790.66,0.0,2026-03-31T00:00:00,DEM,DEM,False,,31.0,
MI,S4MI00355,"PETERS, GARY",C00437889,3241786.33,1178995.19,7128329.47,7128329.47,0.0,2024-12-31T00:00:00,DEM,DEM,False,,16.0,
MI,S4MI00355,"PETERS, GARY",C00437889,4349233.84,1053968.19,5065538.33,5065538.33,0.0,2022-12-31T00:00:00,DEM,DEM,False,,12.0,
MI,S4MI00355,"PETERS, GARY",C00437889,50113274.67,49846729.9,1770272.68,1770272.68,0.0,2020-12-31T00:00:00,DEM,DEM,False,,2.0,
MI,S4MI00355,"PETERS, GARY",C00437889,1443396.2,612538.58,1503727.91,1503727.91,0.0,2018-12-31T00:00:00,DEM,DEM,False,,23.0,
MI,S4MI00355,"PETERS, GARY",C00437889,909521.3,431691.72,672870.29,672870.29,0.0,2016-12-31T00:00:00,DEM,DEM,False,,27.0,
MI,S4MI00355,"PETERS, GARY",C00437889,10024419.65,10289556.38,221602.71,221602.71,30294.0,2014-12-31T00:00:00,DEM,DEM,False,,5.0,
MI,S4MI00355,"PETERS, GARY",C00437889,2281359.28,1887339.89,486738.99,486738.99,0.0,2012-12-31T00:00:00,DEM,DEM,False,,21.0,
MI,S4MI00355,"PETERS, GARY",C00437889,3285645.92,3237451.51,92719.6,92719.6,3513.97,2010-12-31T00:00:00,DEM,DEM,False,,15.0,
MI,S4MI00355,"PETERS, GARY",C00437889,2552239.1,2509023.91,44525.19,44525.19,10000.0,2008-12-31T00:00:00,DEM,DEM,False,,20.0,
WV,S6WV00170,"PHILLIPS, RIO",C00906396,13776.25,13624.35,151.9,151.9,0.0,2026-04-22T00:00:00,DEM,DEM,False,,15.0,
CA,S6CA00790,"PIERCE, DOUGLAS HOWARD",C00610022,54104.0,128696.0,0.0,0.0,0.0,2018-06-30T00:00:00,DEM,DEM,False,,25.0,
NY,S2NY00499,"PINION, JOSEPH III",C00800268,0.0,0.0,611.53,611.53,78576.15,2026-03-31T00:00:00,REP,REP,False,,19.0,
NY,S2NY00499,"PINION, JOSEPH III",C00800268,1466.55,32461.35,611.53,611.53,78576.15,2024-12-31T00:00:00,REP,REP,False,,14.0,
NY,S2NY00499,"PINION, JOSEPH III",C00800268,592671.29,561064.96,31606.33,31606.33,78576.15,2022-12-31T00:00:00,REP,REP,False,,3.0,
MS,S4MS00187,"PINKINS, TY",C00830554,90225.35,95207.94,632.43,632.43,0.0,2026-03-31T00:00:00,IND,OTHER,False,,2.0,
MS,S4MS00187,"PINKINS, TY",C00830554,1047155.67,1041688.67,5615.02,5615.02,0.0,2024-12-31T00:00:00,IND,OTHER,False,,1.0,
MS,S4MS00187,"PINKINS, TY",C00830554,150.0,1.98,148.02,148.02,0.0,2022-12-31T00:00:00,IND,OTHER,False,,3.0,
ME,S6ME00373,"PLATNER, GRAHAM",C00916437,11956529.27,9225671.66,2730857.61,2730857.61,4766.6,2026-03-31T00:00:00,DEM,DEM,False,,2.0,
CO,S6CO00515,"POND, SEAN M.",C00933259,29537.18,12693.74,16843.44,16843.44,0.0,2026-03-31T00:00:00,CON,OTHER,False,,3.0,
CA,S4CA00522,"PORTER, KATHERINE",C00831107,210787.93,1624451.71,0.0,0.0,0.0,2025-08-15T00:00:00,DEM,DEM,False,,23.0,
CA,S4CA00522,"PORTER, KATHERINE",C00831107,32527821.11,31114157.33,1413663.78,1413663.78,0.0,2024-12-31T00:00:00,DEM,DEM,False,,2.0,
OH,S0OH00133,"PORTMAN, ROB THE HONORA",C00576280,1024900.0,1024899.0,0.0,0.0,0.0,2015-09-30T00:00:00,REP,REP,False,,19.0,
OH,S0OH00133,"PORTMAN, ROB THE HONORA",C00573717,733905.0,733902.0,0.0,0.0,0.0,2016-12-31T00:00:00,REP,REP,False,,21.0,
OH,S0OH00133,"PORTMAN, ROB THE HONORA",C00489559,86781.0,86781.0,0.0,0.0,0.0,2010-11-22T00:00:00,REP,REP,False,,34.0,
OH,S0OH00133,"PORTMAN, ROB THE HONORA",C00585224,87800.0,87795.0,0.0,0.0,0.0,2016-12-31T00:00:00,REP,REP,False,,33.0,
OH,S0OH00133,"PORTMAN, ROB THE HONORA",C00625293,70890.0,70890.66,0.0,0.0,0.0,2016-12-31T00:00:00,REP,REP,False,,39.0,
OH,S0OH00133,"PORTMAN, ROB THE HONORA",C00544049,215950.0,215950.0,0.0,0.0,0.0,2013-09-30T00:00:00,REP,REP,False,,28.0,
OH,S0OH00133,"PORTMAN, ROB THE HONORA",C00576272,82400.0,82399.0,0.0,0.0,0.0,2015-12-31T00:00:00,REP,REP,False,,37.0,
OH,S0OH00133,"PORTMAN, ROB THE HONORA",C00626713,86400.0,86399.0,0.0,0.0,0.0,2016-12-31T00:00:00,REP,REP,False,,35.0,
OH,S0OH00133,"PORTMAN, ROB THE HONORA",C00488874,1383458.0,1383458.0,0.0,0.0,0.0,2010-12-31T00:00:00,REP,REP,False,,16.0,
OH,S0OH00133,"PORTMAN, ROB THE HONORA",C00624221,214510.0,214508.0,0.0,0.0,0.0,2016-11-28T00:00:00,REP,REP,False,,29.0,
OH,S0OH00133,"PORTMAN, ROB THE HONORA",C00478313,27500.0,27500.0,0.0,0.0,0.0,2010-06-30T00:00:00,REP,REP,False,,42.0,
OH,S0OH00133,"PORTMAN, ROB THE HONORA",C00577502,588125.0,588125.0,0.0,0.0,0.0,2016-11-28T00:00:00,REP,REP,False,,22.0,
OH,S0OH00133,"PORTMAN, ROB THE HONORA",C00497602,123200.0,123200.0,0.0,0.0,0.0,2012-12-31T00:00:00,REP,REP,False,,31.0,
OH,S0OH00133,"PORTMAN, ROB THE HONORA",C00464263,383900.0,383899.16,0.0,0.0,0.0,2010-11-22T00:00:00,REP,REP,False,,25.0,
OH,S0OH00133,"PORTMAN, ROB THE HONORA",C00548677,0.0,557.53,0.0,0.0,0.0,2022-11-28T00:00:00,REP,REP,False,,52.0,
OH,S0OH00133,"PORTMAN, ROB THE HONORA",C00548677,5655.0,6777.6,557.53,557.53,0.0,2020-12-31T00:00:00,REP,REP,False,,46.0,
OH,S0OH00133,"PORTMAN, ROB THE HONORA",C00548677,36000.0,45485.83,1680.13,1680.13,0.0,2018-12-31T00:00:00,REP,REP,False,,41.0,
OH,S0OH00133,"PORTMAN, ROB THE HONORA",C00548677,3694445.28,3683679.32,11165.96,11165.96,0.0,2016-12-31T00:00:00,REP,REP,False,,9.0,
OH,S0OH00133,"PORTMAN, ROB THE HONORA",C00548677,85200.0,84800.0,400.0,400.0,0.0,2014-12-31T00:00:00,REP,REP,False,,36.0,
OH,S0OH00133,"PORTMAN, ROB THE HONORA",C00483982,1849315.0,1849315.0,0.0,0.0,0.0,2010-11-22T00:00:00,REP,REP,False,,14.0,
OH,S0OH00133,"PORTMAN, ROB THE HONORA",C00458463,48198.31,153305.38,2561272.12,2561272.12,0.0,2026-03-31T00:00:00,REP,REP,False,,40.0,
OH,S0OH00133,"PORTMAN, ROB THE HONORA",C00615989,232424.0,232424.75,0.0,0.0,0.0,2016-12-31T00:00:00,REP,REP,False,,27.0,
OH,S0OH00133,"PORTMAN, ROB THE HONORA",C00477620,95600.0,95599.0,0.0,0.0,0.0,2010-10-13T00:00:00,REP,REP,False,,32.0,
OH,S0OH00133,"PORTMAN, ROB THE HONORA",C00625764,239700.0,239698.0,0.0,0.0,0.0,2016-12-31T00:00:00,REP,REP,False,,26.0,
OH,S0OH00133,"PORTMAN, ROB THE HONORA",C00625913,472992.0,472992.43,0.0,0.0,0.0,2016-12-08T00:00:00,REP,REP,False,,24.0,
OH,S0OH00133,"PORTMAN, ROB THE HONORA",C00473389,1240908.0,1240907.0,0.0,0.0,0.0,2010-06-30T00:00:00,REP,REP,False,,18.0,
OH,S0OH00133,"PORTMAN, ROB THE HONORA",C00484832,1287327.0,1287325.0,0.0,0.0,0.0,2010-11-22T00:00:00,REP,REP,False,,17.0,
IN,S4IN00261,"POTTS, KEITH",C00844753,5650.0,5811.47,2.12,2.12,10800.0,2026-03-31T00:00:00,DEM,DEM,False,,31.0,
IN,S4IN00261,"POTTS, KEITH",C00844753,103206.86,103043.27,163.59,163.59,15900.0,2024-12-31T00:00:00,DEM,DEM,False,,28.0,
CA,S4CA00746,"POUND, PERRY",C00849620,34129.01,34128.89,0.0,0.0,32025.0,2024-12-31T00:00:00,DEM,DEM,False,,26.0,
TN,S0TN00219,"PRESLEY, JOHNNY W",C00730689,0.0,5000.0,17684.97,17684.97,27000.0,2026-03-31T00:00:00,REP,REP,False,,47.0,
TN,S0TN00219,"PRESLEY, JOHNNY W",C00730689,0.0,0.0,22684.97,22684.97,27000.0,2024-12-31T00:00:00,REP,REP,False,,48.0,
TN,S0TN00219,"PRESLEY, JOHNNY W",C00730689,0.0,0.0,22684.97,22684.97,0.0,2022-12-31T00:00:00,REP,REP,False,,49.0,
TN,S0TN00219,"PRESLEY, JOHNNY W",C00730689,40465.0,17780.03,22684.97,22684.97,27000.0,2020-12-31T00:00:00,REP,REP,False,,36.0,
OK,S6OK04197,"PRIEST, JIM",C00933051,203272.5,68438.0,134834.5,134834.5,50000.0,2026-03-31T00:00:00,DEM,DEM,False,,4.0,
MI,S4MI00538,"PUGH, PAMELA L",C00840587,1175.0,6004.93,1919.04,1919.04,0.0,2026-03-31T00:00:00,DEM,DEM,False,,35.0,
MI,S4MI00538,"PUGH, PAMELA L",C00840587,696766.89,690017.92,6748.97,6748.97,0.0,2024-12-31T00:00:00,DEM,DEM,False,,28.0,
OH,S2OH00287,"PUKITA, MARK MR.",C00722207,0.0,6179.85,-436341.92,-436341.92,463764.11,2026-03-31T00:00:00,REP,REP,False,,53.0,
OH,S2OH00287,"PUKITA, MARK MR.",C00722207,2621.0,14560.76,-430162.07,-430162.07,463764.11,2024-12-31T00:00:00,REP,REP,False,,47.0,
OH,S2OH00287,"PUKITA, MARK MR.",C00722207,504102.52,923313.12,-418222.31,-418222.31,461143.11,2022-12-31T00:00:00,REP,REP,False,,23.0,
OH,S2OH00287,"PUKITA, MARK MR.",C00722207,1010.64,22.35,988.29,988.29,550.0,2020-12-31T00:00:00,REP,REP,False,,49.0,
ID,S2ID00194,"PURSLEY, BENJAMIN",C00811125,0.0,12141.57,0.0,0.0,0.0,2024-12-31T00:00:00,DEM,DEM,False,,14.0,
ID,S2ID00194,"PURSLEY, BENJAMIN",C00811125,0.0,0.0,0.0,0.0,0.0,2024-12-31T00:00:00,DEM,DEM,False,,15.0,
ID,S2ID00194,"PURSLEY, BENJAMIN",C00811125,95255.0,83113.43,12141.57,12141.57,75000.0,2022-12-31T00:00:00,DEM,DEM,False,,2.0,
CA,S4CA00613,"RAB, AEJAZ ( RAJI )",C00835678,0.0,90.0,-464.85,-464.85,10000.0,2026-03-31T00:00:00,DEM,DEM,False,,39.0,
CA,S4CA00613,"RAB, AEJAZ ( RAJI )",C00835678,20900.0,21274.85,-374.85,-374.85,10000.0,2024-12-31T00:00:00,DEM,DEM,False,,27.0,
OK,S6OK04262,"RAGAIN, BRIAN MATTHEW",C00945121,0.0,0.0,0.0,0.0,0.0,2026-03-31T00:00:00,REP,REP,False,,45.0,
VA,S8VA00305,"RAIKLIN, IVAN ERIC",C00653790,0.0,0.0,318.78,318.78,98234.58,2026-03-31T00:00:00,REP,REP,False,,37.0,
VA,S8VA00305,"RAIKLIN, IVAN ERIC",C00653790,0.0,0.0,318.78,318.78,98234.58,2024-12-31T00:00:00,REP,REP,False,,38.0,
VA,S8VA00305,"RAIKLIN, IVAN ERIC",C00653790,0.0,0.0,318.78,318.78,98234.58,2022-12-31T00:00:00,REP,REP,False,,39.0,
VA,S8VA00305,"RAIKLIN, IVAN ERIC",C00653790,4.99,1258.22,318.78,318.78,90234.58,2020-12-31T00:00:00,REP,REP,False,,28.0,
VA,S8VA00305,"RAIKLIN, IVAN ERIC",C00653790,70716.0,69394.08,1572.01,1572.01,85234.58,2018-12-31T00:00:00,REP,REP,False,,14.0,
WY,S4WY00162,"RASNER, REID",C00890921,1263932.2,1118452.1,157933.1,157933.1,1249322.57,2026-03-31T00:00:00,REP,REP,False,,13.0,
WY,S4WY00162,"RASNER, REID",C00890921,50000.0,37547.0,12453.0,12453.0,50000.0,2024-12-31T00:00:00,REP,REP,False,,26.0,
WI,S4WI00231,"RAVEENDRAN, REJANI",C00853747,47354.87,47354.87,0.0,0.0,0.0,2024-12-31T00:00:00,REP,REP,False,,13.0,
KS,S0KS00307,"REDDI, USHA",C00717280,33.59,1000.0,10014.58,10014.58,0.0,2026-03-31T00:00:00,DEM,DEM,False,,14.0,
KS,S0KS00307,"REDDI, USHA",C00717280,74.21,5005.0,10980.99,10980.99,0.0,2024-12-31T00:00:00,DEM,DEM,False,,13.0,
KS,S0KS00307,"REDDI, USHA",C00717280,28.6,4519.96,15911.78,15911.78,0.0,2022-12-31T00:00:00,DEM,DEM,False,,15.0,
KS,S0KS00307,"REDDI, USHA",C00717280,149502.48,129099.34,20403.14,20403.14,0.0,2020-12-31T00:00:00,DEM,DEM,False,,4.0,
OH,S6OH00429,"REDPATH, WILLIAM",C00937300,17715.38,17071.85,643.53,643.53,5000.0,2026-04-15T00:00:00,LIB,OTHER,False,,2.0,
RI,S6RI00163,"REED, JOHN F.",C00238907,2602598.5,761309.2,3429481.34,3429481.34,0.0,2026-03-31T00:00:00,DEM,DEM,False,,9.0,
RI,S6RI00163,"REED, JOHN F.",C00238907,566041.68,881811.5,1588192.04,1588192.04,0.0,2024-12-31T00:00:00,DEM,DEM,False,,19.0,
RI,S6RI00163,"REED, JOHN F.",C00238907,521242.54,626667.93,1903961.86,1903961.86,0.0,2022-12-31T00:00:00,DEM,DEM,False,,22.0,
RI,S6RI00163,"REED, JOHN F.",C00238907,2964445.84,2494636.39,2009387.25,2009387.25,0.0,2020-12-31T00:00:00,DEM,DEM,False,,7.0,
RI,S6RI00163,"REED, JOHN F.",C00238907,607862.03,603650.62,1539577.8,1539577.8,0.0,2018-12-31T00:00:00,DEM,DEM,False,,18.0,
RI,S6RI00163,"REED, JOHN F.",C00238907,455822.0,885875.0,1535367.0,1535367.0,0.0,2016-12-31T00:00:00,DEM,DEM,False,,23.0,
RI,S6RI00163,"REED, JOHN F.",C00238907,3362031.97,3203003.74,1965419.0,1965419.0,0.0,2014-12-31T00:00:00,DEM,DEM,False,,5.0,
RI,S6RI00163,"REED, JOHN F.",C00238907,250237.0,740035.0,1859833.0,1859833.0,0.0,2012-12-31T00:00:00,DEM,DEM,False,,29.0,
RI,S6RI00163,"REED, JOHN F.",C00238907,348066.0,706722.0,2349630.0,2349630.0,0.0,2010-12-31T00:00:00,DEM,DEM,False,,28.0,
RI,S6RI00163,"REED, JOHN F.",C00238907,3962443.0,2258706.0,2708287.0,2708287.0,0.0,2008-12-31T00:00:00,DEM,DEM,False,,4.0,
RI,S6RI00163,"REED, JOHN F.",C00238907,543378.0,464495.0,1004549.0,1004549.0,0.0,2006-12-31T00:00:00,DEM,DEM,False,,20.0,
RI,S6RI00163,"REED, JOHN F.",C00238907,229425.0,452440.0,925666.0,925666.0,0.0,2004-12-31T00:00:00,DEM,DEM,False,,30.0,
RI,S6RI00163,"REED, JOHN F.",C00238907,2329577.0,1767967.0,1148583.0,1148583.0,5890.0,2002-12-31T00:00:00,DEM,DEM,False,,10.0,
RI,S6RI00163,"REED, JOHN F.",C00238907,899423.0,417903.0,586973.0,586973.0,65895.0,2000-12-31T00:00:00,DEM,DEM,False,,15.0,
RI,S6RI00163,"REED, JOHN F.",C00238907,535624.0,455100.0,105453.0,105453.0,105295.0,1998-12-31T00:00:00,DEM,DEM,False,,21.0,
RI,S6RI00163,"REED, JOHN F.",C00238907,2688136.0,2732011.0,24931.0,24931.0,245944.0,1996-12-31T00:00:00,DEM,DEM,False,,8.0,
RI,S6RI00163,"REED, JOHN F.",C00238907,666236.0,604267.0,68807.0,68807.0,126373.0,1994-12-31T00:00:00,DEM,DEM,False,,17.0,
RI,S6RI00163,"REED, JOHN F.",C00238907,816308.0,815622.0,6837.0,6837.0,180225.0,1992-12-31T00:00:00,DEM,DEM,False,,16.0,
RI,S6RI00163,"REED, JOHN F.",C00238907,902877.0,897224.0,6152.0,6152.0,280672.0,1990-12-31T00:00:00,DEM,DEM,False,,14.0,
VA,S6VA00176,"REEVES, BRYCE",C00921593,106324.12,106324.12,0.0,0.0,0.0,2026-03-31T00:00:00,REP,REP,False,,13.0,
MT,S6MT00097,"REHBERG, DENNIS RAY",C00303982,124814.0,136173.0,6.0,6.0,0.0,1997-06-30T00:00:00,REP,REP,False,,22.0,
MT,S6MT00097,"REHBERG, DENNIS RAY",C00303982,1369530.0,1358165.0,11365.0,11365.0,131518.0,1996-12-31T00:00:00,REP,REP,False,,14.0,
MT,S6MT00097,"REHBERG, DENNIS RAY",C00493015,0.0,0.0,0.0,0.0,0.0,2026-03-31T00:00:00,REP,REP,False,,30.0,
MT,S6MT00097,"REHBERG, DENNIS RAY",C00493015,0.0,1055.44,0.0,0.0,0.0,2024-12-31T00:00:00,REP,REP,False,,31.0,
MT,S6MT00097,"REHBERG, DENNIS RAY",C00493015,0.0,0.0,1055.44,1055.44,202992.02,2022-12-31T00:00:00,REP,REP,False,,32.0,
MT,S6MT00097,"REHBERG, DENNIS RAY",C00493015,2.87,4486.98,1055.44,1055.44,202992.02,2021-03-31T00:00:00,REP,REP,False,,27.0,
MT,S6MT00097,"REHBERG, DENNIS RAY",C00493015,9279.0,5500.0,5484.0,5484.0,202992.0,2018-12-31T00:00:00,REP,REP,False,,25.0,
MT,S6MT00097,"REHBERG, DENNIS RAY",C00493015,0.0,60.0,1705.0,1705.0,202992.0,2016-12-31T00:00:00,REP,REP,False,,33.0,
MT,S6MT00097,"REHBERG, DENNIS RAY",C00493015,130949.0,162922.98,1766.0,1766.0,202992.0,2014-12-31T00:00:00,REP,REP,False,,21.0,
MT,S6MT00097,"REHBERG, DENNIS RAY",C00493015,9560983.0,9526859.0,33743.0,33743.0,191189.0,2012-12-31T00:00:00,REP,REP,False,,3.0,
CA,S4CA00670,"REISS, JONATHAN",C00789776,206.03,131.21,114.03,114.03,14017.12,2026-03-31T00:00:00,REP,REP,False,,15.0,
CA,S4CA00670,"REISS, JONATHAN",C00789776,14156.17,15576.24,39.21,39.21,14017.12,2024-12-31T00:00:00,REP,REP,False,,11.0,
CA,S4CA00670,"REISS, JONATHAN",C00789776,9805.0,8333.72,1459.28,1459.28,11041.57,2022-12-31T00:00:00,REP,REP,False,,12.0,
ME,S6ME00282,"RENCH, PHILLIP",C00897660,55499.8,47452.0,8047.8,8047.8,50000.0,2025-12-31T00:00:00,IND,OTHER,False,,9.0,
NE,S6NE00129,"RICKETTS, PETE",C00414375,102856.0,102520.0,7538.0,7538.0,7575000.0,2008-12-31T00:00:00,REP,REP,False,,17.0,
NE,S6NE00129,"RICKETTS, PETE",C00414375,13424896.0,13417690.0,7204.0,7204.0,7575000.0,2006-12-31T00:00:00,REP,REP,True,highest_total_receipts,1.0,
NE,S6NE00129,"RICKETTS, PETE",C00832436,4866649.16,4281083.75,1072534.52,1072534.52,0.0,2026-04-22T00:00:00,REP,REP,False,,6.0,
NE,S6NE00129,"RICKETTS, PETE",C00832436,5876228.08,5388941.16,486969.11,486969.11,6000.0,2024-12-31T00:00:00,REP,REP,False,,4.0,
MA,S6MA00254,"RIKLEEN, ALEXANDER",C00903781,75700.42,72981.88,2718.54,2718.54,37789.41,2026-03-31T00:00:00,DEM,DEM,False,,49.0,
ID,S8ID00092,"RISCH, JAMES E MR.",C00440362,2729215.51,1322608.05,3826972.02,3826972.02,0.0,2026-03-31T00:00:00,UNK,OTHER,False,,3.0,
ID,S8ID00092,"RISCH, JAMES E MR.",C00440362,632240.45,462251.85,2420364.56,2420364.56,0.0,2024-12-31T00:00:00,UNK,OTHER,False,,5.0,
ID,S8ID00092,"RISCH, JAMES E MR.",C00440362,441336.61,385819.74,2243062.03,2243062.03,0.0,2022-12-31T00:00:00,UNK,OTHER,False,,7.0,
ID,S8ID00092,"RISCH, JAMES E MR.",C00440362,2933025.77,1830775.23,2187545.16,2187545.16,0.0,2020-12-31T00:00:00,UNK,OTHER,False,,2.0,
ID,S8ID00092,"RISCH, JAMES E MR.",C00440362,236079.17,229946.77,1085294.62,1085294.62,0.0,2018-12-31T00:00:00,UNK,OTHER,False,,10.0,
ID,S8ID00092,"RISCH, JAMES E MR.",C00440362,160525.0,219617.0,1079162.0,1079162.0,0.0,2016-12-31T00:00:00,UNK,OTHER,False,,11.0,
ID,S8ID00092,"RISCH, JAMES E MR.",C00440362,2089762.0,1183867.0,1138257.0,1138257.0,0.0,2014-12-31T00:00:00,UNK,OTHER,False,,4.0,
ID,S8ID00092,"RISCH, JAMES E MR.",C00440362,394505.0,194104.0,232293.0,232293.0,0.0,2012-12-31T00:00:00,UNK,OTHER,False,,9.0,
ID,S8ID00092,"RISCH, JAMES E MR.",C00440362,458588.0,448252.0,31894.0,31894.0,25000.0,2010-12-31T00:00:00,UNK,OTHER,False,,6.0,
ID,S8ID00092,"RISCH, JAMES E MR.",C00440362,3594815.0,3573256.0,21560.0,21560.0,53305.0,2008-12-31T00:00:00,UNK,OTHER,False,,1.0,
FL,S6FL00418,"RIVERA, ERNESTO J",C00607564,0.0,0.0,0.0,0.0,0.0,2017-06-30T00:00:00,REP,REP,False,,47.0,
FL,S6FL00418,"RIVERA, ERNESTO J",C00607564,296308.0,296257.0,0.0,0.0,0.0,2016-12-31T00:00:00,REP,REP,False,,19.0,
ME,S6ME00365,"RODRIGUEZ, DAIRA",C00916189,242582.34,242582.34,0.0,0.0,0.0,2025-12-31T00:00:00,DEM,DEM,False,,7.0,
TX,S4TX00607,"RODRIGUEZ-PRILLIMAN, HELI",C00817692,6323.6,2232.08,1970.65,1970.65,41877.0,2026-03-31T00:00:00,DEM,DEM,False,,21.0,
TX,S4TX00607,"RODRIGUEZ-PRILLIMAN, HELI",C00817692,10122.0,10689.65,-9.0,-9.0,39777.5,2024-12-31T00:00:00,DEM,DEM,False,,19.0,
TX,S4TX00607,"RODRIGUEZ-PRILLIMAN, HELI",C00817692,20623.0,20064.35,558.65,558.65,17000.0,2022-12-31T00:00:00,DEM,DEM,False,,15.0,
IL,S6IL00631,"RODRIQUEZ, ADAIR",C00917260,236.0,148.48,0.0,0.0,0.0,2025-12-31T00:00:00,DEM,DEM,False,,38.0,
MI,S4MI00595,"ROGERS, MICHAEL J",C00849810,7623339.49,3670043.1,4208027.83,4208027.83,0.0,2026-03-31T00:00:00,REP,REP,False,,4.0,
MI,S4MI00595,"ROGERS, MICHAEL J",C00849810,13126442.1,12871710.66,254731.44,254731.44,30000.0,2024-12-31T00:00:00,REP,REP,False,,2.0,
IN,S8IN00189,"ROKITA, THEODORE EDWARD",C00476192,0.0,5135.54,5135.54,5135.54,0.0,2026-09-30T00:00:00,REP,REP,False,,34.0,
IN,S8IN00189,"ROKITA, THEODORE EDWARD",C00476192,7.47,30875.44,5135.54,5135.54,0.0,2024-12-31T00:00:00,REP,REP,False,,32.0,
IN,S8IN00189,"ROKITA, THEODORE EDWARD",C00476192,12564.25,14584.95,36003.51,36003.51,0.0,2022-12-31T00:00:00,REP,REP,False,,28.0,
IN,S8IN00189,"ROKITA, THEODORE EDWARD",C00476192,59.27,24641.11,38024.21,38024.21,0.0,2020-12-31T00:00:00,REP,REP,False,,31.0,
IN,S8IN00189,"ROKITA, THEODORE EDWARD",C00476192,2924950.95,4177910.26,62606.05,62606.05,0.0,2018-12-31T00:00:00,REP,REP,False,,6.0,
IN,S8IN00189,"ROKITA, THEODORE EDWARD",C00476192,1441198.76,1178655.37,1315564.74,1315564.74,0.0,2016-12-31T00:00:00,REP,REP,False,,15.0,
IN,S8IN00189,"ROKITA, THEODORE EDWARD",C00476192,1537040.32,1157768.84,1053021.35,1053021.35,0.0,2014-12-31T00:00:00,REP,REP,False,,14.0,
IN,S8IN00189,"ROKITA, THEODORE EDWARD",C00476192,1321277.75,942938.74,673749.87,673749.87,0.0,2012-12-31T00:00:00,REP,REP,False,,17.0,
IN,S8IN00189,"ROKITA, THEODORE EDWARD",C00476192,1095067.12,799656.26,295410.86,295410.86,0.0,2010-12-31T00:00:00,REP,REP,False,,19.0,
KY,S6KY00369,"ROMANS, DALE",C00925578,821111.07,380233.44,440877.63,440877.63,230000.0,2026-03-31T00:00:00,DEM,DEM,False,,4.0,
UT,S8UT00176,"ROMNEY, WILLARD MITT MR",C00670695,32247.59,151866.52,421827.36,421827.36,0.0,2026-03-31T00:00:00,REP,REP,False,,22.0,
UT,S8UT00176,"ROMNEY, WILLARD MITT MR",C00670695,1237434.21,1288557.47,541446.29,541446.29,0.0,2024-12-31T00:00:00,REP,REP,False,,13.0,
UT,S8UT00176,"ROMNEY, WILLARD MITT MR",C00670695,681671.02,690479.71,592569.55,592569.55,0.0,2022-12-31T00:00:00,REP,REP,False,,19.0,
UT,S8UT00176,"ROMNEY, WILLARD MITT MR",C00670695,891538.6,547982.12,601378.24,601378.24,0.0,2020-12-31T00:00:00,REP,REP,False,,16.0,
UT,S8UT00176,"ROMNEY, WILLARD MITT MR",C00670695,5552040.26,5294219.14,257821.76,257821.76,0.0,2018-12-31T00:00:00,REP,REP,False,,3.0,
NM,S4NM00118,"ROSE, JERRY",C00765362,2720.11,2523.69,758.06,758.06,0.0,2021-06-30T00:00:00,UN,OTHER,False,,1.0,
NM,S4NM00118,"ROSE, JERRY",C00765362,547.26,17.0,530.26,530.26,0.0,2020-12-31T00:00:00,UN,OTHER,False,,2.0,
CA,S4CA00704,"ROSE, JOHN",C00844654,0.0,0.0,125.0,125.0,6317.73,2025-02-16T00:00:00,DEM,DEM,False,,40.0,
CA,S4CA00704,"ROSE, JOHN",C00844654,6317.73,6192.73,125.0,125.0,6317.73,2024-12-31T00:00:00,DEM,DEM,False,,33.0,
CA,S4CA00712,"ROSE, JOHN DAVID",C00844654,0.0,0.0,125.0,125.0,6317.73,2025-02-16T00:00:00,DEM,DEM,False,,41.0,
CA,S4CA00712,"ROSE, JOHN DAVID",C00844654,6317.73,6192.73,125.0,125.0,6317.73,2024-12-31T00:00:00,DEM,DEM,False,,34.0,
MT,S8MT00234,"ROSENDALE, MATT MR.",C00548289,920.41,810043.39,110969.82,110969.82,123500.7,2026-03-31T00:00:00,REP,REP,False,,26.0,
MT,S8MT00234,"ROSENDALE, MATT MR.",C00548289,1067698.39,1365378.51,920092.8,920092.8,0.0,2024-12-31T00:00:00,REP,REP,False,,16.0,
MT,S8MT00234,"ROSENDALE, MATT MR.",C00548289,2284637.89,1329704.01,1217772.92,1217772.92,0.0,2022-12-31T00:00:00,REP,REP,False,,8.0,
MT,S8MT00234,"ROSENDALE, MATT MR.",C00548289,4034800.46,3848139.8,262839.04,262839.04,0.0,2020-12-31T00:00:00,REP,REP,False,,7.0,
MT,S8MT00234,"ROSENDALE, MATT MR.",C00548289,5994022.92,5924058.32,76178.38,76178.38,157831.0,2018-12-31T00:00:00,REP,REP,False,,5.0,
MT,S8MT00234,"ROSENDALE, MATT MR.",C00548289,19066.53,15533.29,6213.02,6213.02,236694.0,2016-12-31T00:00:00,REP,REP,False,,24.0,
MT,S8MT00234,"ROSENDALE, MATT MR.",C00548289,1356310.38,1353630.6,2679.78,2679.78,254445.0,2014-12-31T00:00:00,REP,REP,False,,15.0,
NV,S8NV00156,"ROSEN, JACKY",C00606939,1201412.28,1965602.58,1015905.5,1015905.5,0.0,2026-03-31T00:00:00,DEM,DEM,False,,12.0,
NV,S8NV00156,"ROSEN, JACKY",C00606939,43915245.2,46560379.83,1780095.8,1780095.8,0.0,2024-12-31T00:00:00,DEM,DEM,False,,2.0,
NV,S8NV00156,"ROSEN, JACKY",C00606939,5739188.98,2975654.3,4425230.43,4425230.43,15000.0,2022-12-31T00:00:00,DEM,DEM,False,,5.0,
NV,S8NV00156,"ROSEN, JACKY",C00606939,2537921.76,1054415.87,1661695.75,1661695.75,15000.0,2020-12-31T00:00:00,DEM,DEM,False,,8.0,
NV,S8NV00156,"ROSEN, JACKY",C00606939,26242152.35,26079221.37,178189.86,178189.86,15000.0,2018-12-31T00:00:00,DEM,DEM,False,,3.0,
NV,S8NV00156,"ROSEN, JACKY",C00606939,1730753.77,1715492.88,15260.89,15260.89,43321.0,2016-12-31T00:00:00,DEM,DEM,False,,11.0,
ID,S6ID00138,"ROTH, DAVID JORDAN",C00839720,7494.66,8180.98,-91.55,-91.55,10027.58,2026-03-31T00:00:00,DEM,DEM,False,,5.0,
ID,S6ID00138,"ROTH, DAVID JORDAN",C00839720,104431.35,100581.05,665.77,665.77,7822.08,2024-12-31T00:00:00,DEM,DEM,True,highest_total_receipts,1.0,
SD,S4SD00049,"ROUNDS, MIKE",C00532465,2432353.99,1365508.33,2936874.73,2936874.73,0.0,2026-03-31T00:00:00,REP,REP,False,,14.0,
SD,S4SD00049,"ROUNDS, MIKE",C00532465,1084383.8,611893.88,1870029.07,1870029.07,0.0,2024-12-31T00:00:00,REP,REP,False,,15.0,
SD,S4SD00049,"ROUNDS, MIKE",C00532465,253085.24,538068.05,1397539.15,1397539.15,0.0,2022-12-31T00:00:00,REP,REP,False,,19.0,
SD,S4SD00049,"ROUNDS, MIKE",C00532465,3659983.5,2488999.99,1682521.96,1682521.96,0.0,2020-12-31T00:00:00,REP,REP,False,,6.0,
SD,S4SD00049,"ROUNDS, MIKE",C00532465,853681.75,421289.29,511538.45,511538.45,0.0,2018-12-31T00:00:00,REP,REP,False,,16.0,
SD,S4SD00049,"ROUNDS, MIKE",C00532465,292545.0,332798.0,79146.0,79146.0,0.0,2016-12-31T00:00:00,REP,REP,False,,17.0,
SD,S4SD00049,"ROUNDS, MIKE",C00532465,5028693.0,5170502.0,119401.0,119401.0,136276.0,2014-12-31T00:00:00,REP,REP,False,,4.0,
SD,S4SD00049,"ROUNDS, MIKE",C00532465,269240.0,8027.0,261212.0,261212.0,0.0,2012-12-31T00:00:00,REP,REP,False,,18.0,
ID,S6ID00153,"ROY, JOSHUA S",C00928424,27384.67,14495.1,12889.57,12889.57,17862.97,2026-03-31T00:00:00,REP,REP,False,,18.0,
FL,S0FL00338,"RUBIO, MARCO",C00458844,0.0,0.0,3609.89,3609.89,827657.12,2026-03-31T00:00:00,REP,REP,False,,48.0,
FL,S0FL00338,"RUBIO, MARCO",C00458844,0.0,0.0,3609.89,3609.89,827657.12,2024-12-31T00:00:00,REP,REP,False,,49.0,
FL,S0FL00338,"RUBIO, MARCO",C00458844,1387.59,882.47,3609.89,3609.89,827657.12,2022-12-31T00:00:00,REP,REP,False,,28.0,
FL,S0FL00338,"RUBIO, MARCO",C00458844,57500.0,59379.8,3104.77,3104.77,827657.12,2020-12-31T00:00:00,REP,REP,False,,20.0,
FL,S0FL00338,"RUBIO, MARCO",C00458844,339202.37,446832.1,4984.57,4984.57,877657.12,2018-12-31T00:00:00,REP,REP,False,,18.0,
FL,S0FL00338,"RUBIO, MARCO",C00458844,48331861.99,51557701.76,112614.3,112614.3,1197657.12,2016-12-31T00:00:00,REP,REP,False,,2.0,
FL,S0FL00338,"RUBIO, MARCO",C00458844,3306404.0,1350588.0,3338454.0,3338454.0,0.0,2014-12-31T00:00:00,REP,REP,False,,11.0,
FL,S0FL00338,"RUBIO, MARCO",C00458844,4771533.0,3509951.0,1382639.0,1382639.0,0.0,2012-12-31T00:00:00,REP,REP,False,,9.0,
FL,S0FL00338,"RUBIO, MARCO",C00458844,21741330.0,21638315.0,103015.0,103015.0,707398.0,2010-12-31T00:00:00,REP,REP,False,,5.0,
FL,S0FL00338,"RUBIO, MARCO",C00620518,1434868.67,182757.89,2854657.9,2854657.9,0.0,2026-03-31T00:00:00,REP,REP,False,,16.0,
FL,S0FL00338,"RUBIO, MARCO",C00620518,3012251.37,1907157.46,1602547.12,1602547.12,0.0,2024-12-31T00:00:00,REP,REP,False,,12.0,
FL,S0FL00338,"RUBIO, MARCO",C00620518,43477113.48,46055342.68,497453.21,497453.21,0.0,2022-12-31T00:00:00,REP,REP,False,,3.0,
FL,S0FL00338,"RUBIO, MARCO",C00620518,4653132.95,2274830.46,3075682.41,3075682.41,0.0,2020-12-31T00:00:00,REP,REP,False,,10.0,
FL,S0FL00338,"RUBIO, MARCO",C00620518,2815214.2,2300293.11,697379.92,697379.92,0.0,2018-12-31T00:00:00,REP,REP,False,,13.0,
FL,S0FL00338,"RUBIO, MARCO",C00620518,16611419.0,16428961.0,182457.0,182457.0,776958.0,2016-12-31T00:00:00,REP,REP,False,,6.0,
MN,S4MN00486,"RUOHO, MIKE",C00819672,0.0,550.0,-136.35,-136.35,0.0,2025-03-31T00:00:00,REP,REP,False,,27.0,
MN,S4MN00486,"RUOHO, MIKE",C00819672,45.0,0.0,413.65,413.65,0.0,2024-12-31T00:00:00,REP,REP,False,,19.0,
AR,S6AR00181,"RUSSELL, JAMES RICHARD MR III",C00918136,3086.9,3186.9,0.0,0.0,798.0,2025-11-15T00:00:00,DEM,DEM,False,,6.0,
IL,S6IL00581,"RYAN, KEVIN",C00907774,138950.63,147814.81,-8864.18,-8864.18,0.0,2026-03-31T00:00:00,DEM,DEM,False,,30.0,
OH,S2OH00402,"RYAN, TIMOTHY",C00777771,78474.14,101435.41,-22197.22,-22197.22,0.0,2026-03-31T00:00:00,DEM,DEM,False,,4.0,
OH,S2OH00402,"RYAN, TIMOTHY",C00777771,52216.27,107991.95,764.05,764.05,0.0,2024-12-31T00:00:00,DEM,DEM,False,,5.0,
IA,S6IA00256,"SAGE, NATHAN",C00902494,1432562.28,1432459.9,102.38,102.38,6821.92,2026-03-31T00:00:00,DEM,DEM,False,,6.0,
NY,S4NY00271,"SALEM, KHALED",C00749226,0.0,0.0,0.0,0.0,0.0,2026-03-31T00:00:00,DEM,DEM,False,,44.0,
NY,S4NY00271,"SALEM, KHALED",C00749226,16000.0,0.0,18700.0,18700.0,16000.0,2024-09-30T00:00:00,DEM,DEM,False,,34.0,
NY,S4NY00271,"SALEM, KHALED",C00749226,0.0,38500.0,-42700.0,-42700.0,7100.0,2022-10-19T00:00:00,DEM,DEM,False,,45.0,
NY,S4NY00271,"SALEM, KHALED",C00749226,0.0,4200.0,-4200.0,-4200.0,7000.0,2020-12-31T00:00:00,DEM,DEM,False,,46.0,
NY,S0NY00667,"SALEM, KHALED MR",C00749226,0.0,0.0,0.0,0.0,0.0,2026-03-31T00:00:00,DEM,DEM,False,,47.0,
NY,S0NY00667,"SALEM, KHALED MR",C00749226,16000.0,0.0,18700.0,18700.0,16000.0,2024-09-30T00:00:00,DEM,DEM,False,,35.0,
NY,S0NY00667,"SALEM, KHALED MR",C00749226,0.0,38500.0,-42700.0,-42700.0,7100.0,2022-10-19T00:00:00,DEM,DEM,False,,48.0,
NY,S0NY00667,"SALEM, KHALED MR",C00749226,0.0,4200.0,-4200.0,-4200.0,7000.0,2020-12-31T00:00:00,DEM,DEM,False,,49.0,
CA,S6CA00691,"SANCHEZ, LORETTA",C00578344,0.0,1267.05,1642.59,1642.59,0.0,2026-03-31T00:00:00,DEM,DEM,False,,42.0,
CA,S6CA00691,"SANCHEZ, LORETTA",C00578344,0.0,1522.3,2909.64,2909.64,0.0,2024-12-31T00:00:00,DEM,DEM,False,,43.0,
CA,S6CA00691,"SANCHEZ, LORETTA",C00578344,0.0,6100.92,4431.94,4431.94,0.0,2022-12-31T00:00:00,DEM,DEM,False,,44.0,
CA,S6CA00691,"SANCHEZ, LORETTA",C00578344,5853.48,12024.58,10532.86,10532.86,0.0,2020-12-31T00:00:00,DEM,DEM,False,,35.0,
CA,S6CA00691,"SANCHEZ, LORETTA",C00578344,7821.0,74954.92,16703.96,16703.96,0.0,2018-12-31T00:00:00,DEM,DEM,False,,32.0,
CA,S6CA00691,"SANCHEZ, LORETTA",C00578344,4566565.0,4482978.0,83842.0,83842.0,2654.0,2016-12-31T00:00:00,DEM,DEM,False,,10.0,
NM,S0NM00116,"SANCHEZ, LOUIE J",C00732693,0.0,6080.66,0.0,0.0,0.0,2025-06-30T00:00:00,REP,REP,False,,6.0,
NM,S0NM00116,"SANCHEZ, LOUIE J",C00732693,0.0,0.0,3040.33,3040.33,100000.0,2024-12-31T00:00:00,REP,REP,False,,7.0,
NM,S0NM00116,"SANCHEZ, LOUIE J",C00732693,0.0,745.61,3040.33,3040.33,100000.0,2022-12-31T00:00:00,REP,REP,False,,8.0,
NM,S0NM00116,"SANCHEZ, LOUIE J",C00732693,162470.6,158684.66,3785.94,3785.94,100000.0,2020-12-31T00:00:00,REP,REP,False,,3.0,
FL,S2FL00623,"SANCHEZ, WILLIAM",C00765750,0.0,0.0,0.0,0.0,0.0,2023-06-30T00:00:00,DEM,DEM,False,,42.0,
FL,S2FL00623,"SANCHEZ, WILLIAM",C00765750,293742.54,293742.54,0.0,0.0,0.0,2022-12-31T00:00:00,DEM,DEM,False,,25.0,
VT,S4VT00033,"SANDERS, BERNARD",C00411330,23468953.69,11332584.7,22877129.65,22877129.65,0.0,2026-03-31T00:00:00,IND,OTHER,False,,1.0,
VT,S4VT00033,"SANDERS, BERNARD",C00411330,8207886.33,7200347.35,10740760.66,10740760.66,0.0,2024-12-31T00:00:00,IND,OTHER,False,,5.0,
VT,S4VT00033,"SANDERS, BERNARD",C00411330,15283176.18,12557678.08,9733221.68,9733221.68,0.0,2022-12-31T00:00:00,IND,OTHER,False,,2.0,
VT,S4VT00033,"SANDERS, BERNARD",C00411330,12810421.5,14108691.81,7007723.58,7007723.58,0.0,2020-12-31T00:00:00,IND,OTHER,False,,3.0,
VT,S4VT00033,"SANDERS, BERNARD",C00411330,10760530.53,5454020.35,9099920.79,9099920.79,0.0,2018-12-31T00:00:00,IND,OTHER,False,,4.0,
VT,S4VT00033,"SANDERS, BERNARD",C00411330,1267455.0,1914588.0,3793408.0,3793408.0,0.0,2016-12-31T00:00:00,IND,OTHER,False,,8.0,
VT,S4VT00033,"SANDERS, BERNARD",C00411330,1113119.0,831717.0,4440453.0,4440453.0,0.0,2014-12-31T00:00:00,IND,OTHER,False,,9.0,
VT,S4VT00033,"SANDERS, BERNARD",C00411330,6274553.0,2651095.0,4159051.0,4159051.0,0.0,2012-12-31T00:00:00,IND,OTHER,False,,6.0,
VT,S4VT00033,"SANDERS, BERNARD",C00411330,788743.0,295262.0,535594.0,535594.0,0.0,2010-12-31T00:00:00,IND,OTHER,False,,10.0,
VT,S4VT00033,"SANDERS, BERNARD",C00411330,166196.0,301550.0,42114.0,42114.0,0.0,2008-12-31T00:00:00,IND,OTHER,False,,11.0,
VT,S4VT00033,"SANDERS, BERNARD",C00411330,6179359.0,6004222.0,177466.0,177466.0,0.0,2006-12-31T00:00:00,IND,OTHER,False,,7.0,
NY,S4NY00404,"SAPRAICONE, MICHAEL",C00846451,12698.81,59138.57,7935.98,7935.98,615250.0,2026-03-31T00:00:00,REP,REP,False,,10.0,
NY,S4NY00404,"SAPRAICONE, MICHAEL",C00846451,1417733.96,1363358.22,54375.74,54375.74,635209.0,2024-12-31T00:00:00,REP,REP,False,,2.0,
NY,S2NY00325,"SARE, DIANE WILSON MS",C00751826,2442.86,4387.94,4225.06,4225.06,0.0,2026-03-27T00:00:00,IND,OTHER,False,,4.0,
NY,S2NY00325,"SARE, DIANE WILSON MS",C00751826,508500.31,508775.13,6170.14,6170.14,0.0,2024-12-31T00:00:00,IND,OTHER,False,,1.0,
NY,S2NY00325,"SARE, DIANE WILSON MS",C00751826,356578.66,354378.52,6444.96,6444.96,0.0,2022-12-31T00:00:00,IND,OTHER,False,,2.0,
NY,S2NY00325,"SARE, DIANE WILSON MS",C00751826,10535.0,6290.18,4244.82,4244.82,0.0,2020-12-31T00:00:00,IND,OTHER,False,,3.0,
NE,S4NE00090,"SASSE, BENJAMIN E.",C00547976,11123.65,208769.71,2273266.96,2273266.96,0.0,2026-03-31T00:00:00,REP,REP,False,,18.0,
NE,S4NE00090,"SASSE, BENJAMIN E.",C00547976,2100.0,248980.02,2470913.02,2470913.02,0.0,2024-12-31T00:00:00,REP,REP,False,,19.0,
NE,S4NE00090,"SASSE, BENJAMIN E.",C00547976,960763.73,376229.64,2717793.04,2717793.04,0.0,2022-12-31T00:00:00,REP,REP,False,,13.0,
NE,S4NE00090,"SASSE, BENJAMIN E.",C00547976,4527330.67,3755129.15,2133258.95,2133258.95,0.0,2020-12-31T00:00:00,REP,REP,False,,7.0,
NE,S4NE00090,"SASSE, BENJAMIN E.",C00547976,974995.29,592588.38,1361057.43,1361057.43,177757.0,2018-12-31T00:00:00,REP,REP,False,,12.0,
NE,S4NE00090,"SASSE, BENJAMIN E.",C00547976,1009130.0,818371.0,978652.0,978652.0,338286.0,2016-12-31T00:00:00,REP,REP,False,,11.0,
NE,S4NE00090,"SASSE, BENJAMIN E.",C00547976,6652548.0,5864653.0,787895.0,787895.0,566231.0,2014-12-31T00:00:00,REP,REP,False,,2.0,
MI,S4MI00579,"SAVAGE, SHARON MAUREEN",C00848879,0.0,0.0,49174.49,49174.49,0.0,2025-03-31T00:00:00,REP,REP,False,,28.0,
MI,S4MI00579,"SAVAGE, SHARON MAUREEN",C00848879,100130.61,50956.12,49174.49,49174.49,0.0,2024-12-31T00:00:00,REP,REP,False,,17.0,
CO,S6CO00457,"SCANLON, MICHAEL",C00913442,0.0,0.0,0.0,0.0,0.0,2025-08-05T00:00:00,DEM,DEM,False,,22.0,
DE,S0DE00175,"SCARANE, JESSICA",C00727263,0.0,0.0,0.0,0.0,0.0,2025-06-30T00:00:00,DEM,DEM,False,,28.0,
DE,S0DE00175,"SCARANE, JESSICA",C00727263,0.0,0.0,0.0,0.0,0.0,2024-12-31T00:00:00,DEM,DEM,False,,29.0,
DE,S0DE00175,"SCARANE, JESSICA",C00727263,0.0,10183.3,52444.53,52444.53,0.0,2022-12-31T00:00:00,DEM,DEM,False,,30.0,
DE,S0DE00175,"SCARANE, JESSICA",C00727263,384242.82,365199.01,19043.81,19043.81,0.0,2020-12-31T00:00:00,DEM,DEM,False,,23.0,
HI,S4HI00136,"SCHATZ, BRIAN",C00540732,1185717.89,508868.78,2333473.53,2333473.53,0.0,2026-03-31T00:00:00,DEM,DEM,False,,10.0,
HI,S4HI00136,"SCHATZ, BRIAN",C00540732,525033.39,979159.32,1656624.42,1656624.42,0.0,2024-12-31T00:00:00,DEM,DEM,False,,17.0,
HI,S4HI00136,"SCHATZ, BRIAN",C00540732,2507733.56,3459819.47,2110750.35,2110750.35,0.0,2022-12-31T00:00:00,DEM,DEM,False,,6.0,
HI,S4HI00136,"SCHATZ, BRIAN",C00540732,1188435.33,736025.64,3062836.26,3062836.26,0.0,2020-12-31T00:00:00,DEM,DEM,False,,9.0,
HI,S4HI00136,"SCHATZ, BRIAN",C00540732,1023610.84,660349.0,2610426.57,2610426.57,0.0,2018-12-31T00:00:00,DEM,DEM,False,,12.0,
HI,S4HI00136,"SCHATZ, BRIAN",C00540732,3842453.03,2549166.41,2247164.0,2247164.0,0.0,2016-12-31T00:00:00,DEM,DEM,False,,3.0,
HI,S4HI00136,"SCHATZ, BRIAN",C00540732,6109936.0,5156058.0,953877.0,953877.0,0.0,2014-12-31T00:00:00,DEM,DEM,True,highest_total_receipts,1.0,
CA,S4CA00555,"SCHIFF, ADAM",C00343871,7793490.82,4210120.6,9964396.84,9964396.84,0.0,2026-03-31T00:00:00,DEM,DEM,False,,6.0,
CA,S4CA00555,"SCHIFF, ADAM",C00343871,48149196.78,62791130.49,6381026.62,6381026.62,0.0,2024-12-31T00:00:00,DEM,DEM,True,highest_total_receipts,1.0,
CA,S4CA00555,"SCHIFF, ADAM",C00343871,25328092.74,18213398.9,21022960.33,21022960.33,0.0,2022-12-31T00:00:00,DEM,DEM,False,,3.0,
CA,S4CA00555,"SCHIFF, ADAM",C00343871,19598362.66,10404171.36,13908271.49,13908271.49,0.0,2020-12-31T00:00:00,DEM,DEM,False,,4.0,
CA,S4CA00555,"SCHIFF, ADAM",C00343871,6268995.25,3660828.23,4714580.2,4714580.2,0.0,2018-12-31T00:00:00,DEM,DEM,False,,7.0,
CA,S4CA00555,"SCHIFF, ADAM",C00343871,975256.29,973437.67,2106413.18,2106413.18,0.0,2016-12-31T00:00:00,DEM,DEM,False,,18.0,
CA,S4CA00555,"SCHIFF, ADAM",C00343871,916759.17,871494.85,2104594.56,2104594.56,361.36,2014-12-31T00:00:00,DEM,DEM,False,,19.0,
CA,S4CA00555,"SCHIFF, ADAM",C00343871,1333321.02,1082976.5,2059330.24,2059330.24,312.28,2012-12-31T00:00:00,DEM,DEM,False,,13.0,
CA,S4CA00555,"SCHIFF, ADAM",C00343871,1378951.49,1222795.04,1808985.72,1808985.72,0.0,2010-12-31T00:00:00,DEM,DEM,False,,12.0,
CA,S4CA00555,"SCHIFF, ADAM",C00343871,1190025.1,913801.54,1652829.27,1652829.27,0.0,2008-12-31T00:00:00,DEM,DEM,False,,17.0,
CA,S4CA00555,"SCHIFF, ADAM",C00343871,1200911.15,900382.65,1376605.71,1376605.71,0.0,2006-12-31T00:00:00,DEM,DEM,False,,16.0,
CA,S4CA00555,"SCHIFF, ADAM",C00343871,1488309.55,955788.16,1076077.21,1076077.21,0.0,2004-12-31T00:00:00,DEM,DEM,False,,11.0,
CA,S4CA00555,"SCHIFF, ADAM",C00343871,1307463.98,749923.75,543555.82,543555.82,0.0,2002-12-31T00:00:00,DEM,DEM,False,,14.0,
CA,S4CA00555,"SCHIFF, ADAM",C00343871,4660714.0,4650104.0,1728.0,1728.0,96546.0,2000-12-31T00:00:00,DEM,DEM,False,,9.0,
KS,S6KS00288,"SCHMIDT, PATRICK",C00937599,177173.5,47590.34,129583.16,129583.16,0.0,2026-03-31T00:00:00,DEM,DEM,False,,3.0,
MO,S2MO00544,"SCHMITT, ERIC",C00775015,2729849.42,1826166.73,1424246.37,1424246.37,0.0,2026-03-31T00:00:00,REP,REP,False,,7.0,
MO,S2MO00544,"SCHMITT, ERIC",C00775015,1957979.62,1569553.5,520563.68,520563.68,0.0,2024-12-31T00:00:00,REP,REP,False,,12.0,
MO,S2MO00544,"SCHMITT, ERIC",C00775015,6445948.39,6316710.83,132137.56,132137.56,186027.4,2022-12-31T00:00:00,REP,REP,False,,4.0,
TX,S6TX00321,"SCHMOKER, TONY",C00894907,2500.0,3106.71,0.0,0.0,0.0,2025-12-31T00:00:00,REP,REP,False,,34.0,
IA,S6IA00264,"SCHOLTEN, JAMES",C00907170,213415.45,205271.15,8144.3,8144.3,10100.0,2025-12-31T00:00:00,DEM,DEM,False,,9.0,
SD,S2SD00134,"SCHUBERT, PATRICK WILLIAM MR. SR",C00794073,1288.95,0.0,1532.66,1532.66,0.0,2022-12-31T00:00:00,REP,REP,False,,21.0,
NY,S8NY00082,"SCHUMER, CHARLES E.",C00346312,800587.42,1872989.12,8251229.86,8251229.86,0.0,2026-03-31T00:00:00,DEM,DEM,False,,29.0,
NY,S8NY00082,"SCHUMER, CHARLES E.",C00346312,2790888.71,3349300.81,9323631.56,9323631.56,0.0,2024-12-31T00:00:00,DEM,DEM,False,,19.0,
NY,S8NY00082,"SCHUMER, CHARLES E.",C00346312,37885457.97,38279011.8,9882043.66,9882043.66,0.0,2022-12-31T00:00:00,DEM,DEM,False,,2.0,
NY,S8NY00082,"SCHUMER, CHARLES E.",C00346312,3007905.44,2197023.13,10275597.49,10275597.49,0.0,2020-12-31T00:00:00,DEM,DEM,False,,18.0,
NY,S8NY00082,"SCHUMER, CHARLES E.",C00346312,991181.19,2203283.58,9464715.18,9464715.18,0.0,2018-12-31T00:00:00,DEM,DEM,False,,28.0,
NY,S8NY00082,"SCHUMER, CHARLES E.",C00346312,17442741.0,20175908.0,10676815.0,10676815.0,0.0,2016-12-31T00:00:00,DEM,DEM,False,,5.0,
NY,S8NY00082,"SCHUMER, CHARLES E.",C00346312,5989396.0,2313086.0,13409983.0,13409983.0,0.0,2014-12-31T00:00:00,DEM,DEM,False,,14.0,
NY,S8NY00082,"SCHUMER, CHARLES E.",C00346312,1824132.0,2282512.0,9733674.0,9733674.0,0.0,2012-12-31T00:00:00,DEM,DEM,False,,22.0,
NY,S8NY00082,"SCHUMER, CHARLES E.",C00346312,17764831.0,18143841.0,10192053.0,10192053.0,0.0,2010-12-31T00:00:00,DEM,DEM,False,,4.0,
NY,S8NY00082,"SCHUMER, CHARLES E.",C00346312,1056306.0,688138.0,10571064.0,10571064.0,0.0,2008-12-31T00:00:00,DEM,DEM,False,,27.0,
NY,S8NY00082,"SCHUMER, CHARLES E.",C00346312,698611.0,525005.0,10202896.0,10202896.0,0.0,2006-12-31T00:00:00,DEM,DEM,False,,30.0,
NY,S8NY00082,"SCHUMER, CHARLES E.",C00346312,11543285.0,15083717.0,10029291.0,10029291.0,0.0,2004-12-31T00:00:00,DEM,DEM,False,,9.0,
NY,S8NY00082,"SCHUMER, CHARLES E.",C00346312,10253493.0,1217527.0,13569725.0,13569725.0,0.0,2002-12-31T00:00:00,DEM,DEM,False,,11.0,
NY,S8NY00082,"SCHUMER, CHARLES E.",C00346312,4943968.0,410208.0,4533759.0,4533759.0,0.0,2000-12-31T00:00:00,DEM,DEM,False,,15.0,
IL,S6IL00698,"SCHWARTZBERG, STEVEN J",C00942805,5200.0,0.0,5200.0,5200.0,,2026-03-31T00:00:00,,OTHER,False,,2.0,
MN,S6MN00457,"SCHWARZE, ADAM",C00898817,1102851.14,879423.21,223427.93,223427.93,40000.0,2026-03-31T00:00:00,REP,REP,False,,4.0,
MI,S6MI00434,"SCOTT, GENEVIEVE",C00903427,76083.76,69528.6,6555.16,6555.16,48669.16,2026-03-31T00:00:00,REP,REP,False,,18.0,
FL,S8FL00273,"SCOTT, RICK SEN",C00676965,1458779.64,1457252.35,799890.86,799890.86,24138834.0,2026-03-31T00:00:00,REP,REP,False,,15.0,
FL,S8FL00273,"SCOTT, RICK SEN",C00676965,36696093.1,39942180.08,798363.57,798363.57,24138834.0,2024-12-31T00:00:00,REP,REP,False,,4.0,
FL,S8FL00273,"SCOTT, RICK SEN",C00676965,8153582.56,6261600.51,4044450.55,4044450.55,4000000.0,2022-12-31T00:00:00,REP,REP,False,,8.0,
FL,S8FL00273,"SCOTT, RICK SEN",C00676965,1720908.24,1029043.47,2152468.5,2152468.5,0.0,2020-12-31T00:00:00,REP,REP,False,,14.0,
FL,S8FL00273,"SCOTT, RICK SEN",C00676965,85231716.47,83771112.48,1460603.73,1460603.73,0.0,2018-12-31T00:00:00,REP,REP,True,highest_total_receipts,1.0,
SC,S4SC00240,"SCOTT, TIMOTHY E.",C00540302,4407149.25,5156351.59,4968320.21,4968320.21,0.0,2026-03-31T00:00:00,REP,REP,False,,13.0,
SC,S4SC00240,"SCOTT, TIMOTHY E.",C00540302,10454443.73,19114903.69,5717522.55,5717522.55,0.0,2024-12-31T00:00:00,REP,REP,False,,3.0,
SC,S4SC00240,"SCOTT, TIMOTHY E.",C00540302,8401939.45,15802380.35,5717522.55,5717522.55,0.0,2024-12-31T00:00:00,REP,REP,False,,6.0,
SC,S4SC00240,"SCOTT, TIMOTHY E.",C00540302,43127151.37,29022217.18,21778423.41,21778423.41,0.0,2022-12-31T00:00:00,REP,REP,False,,2.0,
SC,S4SC00240,"SCOTT, TIMOTHY E.",C00540302,9283406.87,5514650.75,7673489.22,7673489.22,0.0,2020-12-31T00:00:00,REP,REP,False,,5.0,
SC,S4SC00240,"SCOTT, TIMOTHY E.",C00540302,1567100.01,1542111.97,3904733.1,3904733.1,0.0,2018-12-31T00:00:00,REP,REP,False,,17.0,
SC,S4SC00240,"SCOTT, TIMOTHY E.",C00540302,6194855.0,4795257.0,3879745.0,3879745.0,0.0,2016-12-31T00:00:00,REP,REP,False,,9.0,
SC,S4SC00240,"SCOTT, TIMOTHY E.",C00540302,6809517.0,4384151.0,2480147.0,2480147.0,0.0,2014-12-31T00:00:00,REP,REP,False,,8.0,
SC,S4SC00240,"SCOTT, TIMOTHY E.",C00540302,68656.0,13874.0,54782.0,54782.0,0.0,2012-12-31T00:00:00,REP,REP,False,,21.0,
LA,S6LA00573,"SEIDEN, KATHY W",C00921536,1202191.0,1191584.43,10606.57,10606.57,80000.0,2026-03-31T00:00:00,REP,REP,False,,25.0,
NJ,S4NJ00441,"SERRANO GLASSNER, CHRISTINE",C00852186,0.0,0.0,0.0,0.0,0.0,2025-04-25T00:00:00,REP,REP,False,,45.0,
NJ,S4NJ00441,"SERRANO GLASSNER, CHRISTINE",C00852186,516025.08,516025.08,0.0,0.0,89683.36,2024-12-31T00:00:00,REP,REP,False,,11.0,
TN,S0TN00144,"SETHI, DR. MANNY",C00708628,39.02,0.0,1816.85,1816.85,2472311.47,2026-03-31T00:00:00,REP,REP,False,,43.0,
TN,S0TN00144,"SETHI, DR. MANNY",C00708628,90.38,0.0,1777.83,1777.83,2472311.47,2024-12-31T00:00:00,REP,REP,False,,42.0,
TN,S0TN00144,"SETHI, DR. MANNY",C00708628,10745.53,9754.07,1687.45,1687.45,2413545.81,2022-12-31T00:00:00,REP,REP,False,,40.0,
TN,S0TN00144,"SETHI, DR. MANNY",C00708628,5940863.76,5940167.77,695.99,695.99,2401699.43,2020-12-31T00:00:00,REP,REP,False,,5.0,
MD,S4MD00277,"SEUFERER, STEVEN HENRY",C00827733,0.0,0.0,0.0,0.0,0.0,2023-12-31T00:00:00,DEM,DEM,False,,29.0,
NH,S0NH00219,"SHAHEEN, JEANNE",C00457325,170979.14,706695.58,920368.88,920368.88,0.0,2026-03-31T00:00:00,DEM,DEM,False,,21.0,
NH,S0NH00219,"SHAHEEN, JEANNE",C00457325,1190933.63,1053751.72,1456085.32,1456085.32,0.0,2024-12-31T00:00:00,DEM,DEM,False,,16.0,
NH,S0NH00219,"SHAHEEN, JEANNE",C00457325,1304437.39,1103995.91,1318903.41,1318903.41,0.0,2022-12-31T00:00:00,DEM,DEM,False,,14.0,
NH,S0NH00219,"SHAHEEN, JEANNE",C00457325,18172382.69,17521348.95,1118461.93,1118461.93,0.0,2020-12-31T00:00:00,DEM,DEM,False,,3.0,
NH,S0NH00219,"SHAHEEN, JEANNE",C00457325,981860.91,704750.67,467428.19,467428.19,0.0,2018-12-31T00:00:00,DEM,DEM,False,,17.0,
NH,S0NH00219,"SHAHEEN, JEANNE",C00457325,736899.0,635234.0,190318.0,190318.0,0.0,2016-12-31T00:00:00,DEM,DEM,False,,19.0,
NH,S0NH00219,"SHAHEEN, JEANNE",C00457325,15187554.0,15474201.0,88652.0,88652.0,10620.0,2014-12-31T00:00:00,DEM,DEM,False,,4.0,
NH,S0NH00219,"SHAHEEN, JEANNE",C00457325,802532.0,451918.0,375297.0,375297.0,0.0,2012-12-31T00:00:00,DEM,DEM,False,,18.0,
NH,S0NH00219,"SHAHEEN, JEANNE",C00457325,422066.0,414817.0,24684.0,24684.0,0.0,2010-12-31T00:00:00,DEM,DEM,False,,20.0,
NH,S0NH00219,"SHAHEEN, JEANNE",C00457325,34476.0,17038.0,17438.0,17438.0,0.0,2008-12-31T00:00:00,DEM,DEM,False,,25.0,
NH,S0NH00219,"SHAHEEN, JEANNE",C00368506,69485.0,111292.0,0.0,0.0,0.0,2004-12-31T00:00:00,DEM,DEM,False,,24.0,
NH,S0NH00219,"SHAHEEN, JEANNE",C00368506,5837914.0,5806219.0,31695.0,31695.0,93539.0,2002-12-31T00:00:00,DEM,DEM,False,,6.0,
OK,S2OK00210,"SHANNON, T.W.",C00808360,0.0,901.0,0.0,0.0,0.0,2025-02-05T00:00:00,REP,REP,False,,46.0,
OK,S2OK00210,"SHANNON, T.W.",C00808360,0.0,1096.0,901.0,901.0,45302.61,2024-12-31T00:00:00,REP,REP,False,,47.0,
OK,S2OK00210,"SHANNON, T.W.",C00808360,1381684.76,1379687.76,1997.0,1997.0,45302.61,2022-12-31T00:00:00,REP,REP,False,,12.0,
MT,S4MT00183,"SHEEHY, TIM",C00844159,1418620.23,1856246.33,951381.84,951381.84,609018.77,2026-03-31T00:00:00,REP,REP,False,,13.0,
MT,S4MT00183,"SHEEHY, TIM",C00844159,29661725.75,28272717.81,1389007.94,1389007.94,1700000.0,2024-12-31T00:00:00,REP,REP,False,,2.0,
IL,S6IL00599,"SHEPHERD, JUMP WESLEY",C00907360,4166.86,11760.93,-7594.07,-7594.07,0.0,2026-02-01T00:00:00,DEM,DEM,False,,37.0,
TX,S4TX00805,"SHERMAN, CARL OSCAR SR.",C00850461,0.0,0.0,11360.43,11360.43,4511.0,2026-03-31T00:00:00,DEM,DEM,False,,29.0,
TX,S4TX00805,"SHERMAN, CARL OSCAR SR.",C00850461,179296.91,167936.48,11360.43,11360.43,4511.0,2024-12-31T00:00:00,DEM,DEM,False,,10.0,
AR,S6AR00199,"SHOFFNER, HALLIE",C00905471,1589764.37,1011034.49,578729.88,578729.88,0.0,2026-03-31T00:00:00,DEM,DEM,True,highest_total_receipts,1.0,
WV,S4WV00357,"SHREWSBURY, ZACHARY C",C00853242,498538.98,490415.75,8123.23,8123.23,25970.56,2026-04-22T00:00:00,DEM,DEM,False,,6.0,
WV,S4WV00357,"SHREWSBURY, ZACHARY C",C00853242,403193.97,403193.97,0.0,0.0,0.0,2024-12-31T00:00:00,DEM,DEM,False,,7.0,
DE,S6DE00198,"SHULLI, JOHN",C00933663,100728.71,15021.49,85707.22,85707.22,100000.0,2026-03-31T00:00:00,REP,REP,False,,4.0,
NC,S2NC00547,"SIBHATU, LICHIA WOLDEGABREAL",C00785451,0.0,0.0,0.0,0.0,0.0,2023-03-31T00:00:00,REP,REP,False,,32.0,
NC,S2NC00547,"SIBHATU, LICHIA WOLDEGABREAL",C00785451,2465.0,1992.0,0.0,0.0,0.0,2022-12-31T00:00:00,REP,REP,False,,28.0,
NC,S2NC00547,"SIBHATU, LICHIA WOLDEGABREAL",C00785451,5895.59,887.45,0.0,0.0,0.0,2022-12-31T00:00:00,REP,REP,False,,27.0,
TX,S6TX00586,"SIMS, DANIEL M",C00933440,11615.57,8020.04,3695.53,3695.53,0.0,2026-03-31T00:00:00,LIB,OTHER,False,,5.0,
AZ,S8AZ00197,"SINEMA, KYRSTEN",C00508804,162529.87,4439410.31,0.0,0.0,0.0,2026-03-31T00:00:00,IND,OTHER,False,,8.0,
AZ,S8AZ00197,"SINEMA, KYRSTEN",C00508804,5311800.8,9272137.32,4276880.44,4276880.44,0.0,2024-12-31T00:00:00,IND,OTHER,False,,3.0,
AZ,S8AZ00197,"SINEMA, KYRSTEN",C00508804,8113875.57,2332394.79,8237221.96,8237221.96,0.0,2022-12-31T00:00:00,IND,OTHER,False,,2.0,
AZ,S8AZ00197,"SINEMA, KYRSTEN",C00508804,3625299.95,1341085.36,2455741.18,2455741.18,0.0,2020-12-31T00:00:00,IND,OTHER,False,,6.0,
AZ,S8AZ00197,"SINEMA, KYRSTEN",C00508804,22643275.25,24735382.98,171526.59,171526.59,0.0,2018-12-31T00:00:00,IND,OTHER,False,,1.0,
AZ,S8AZ00197,"SINEMA, KYRSTEN",C00508804,4402181.31,2441662.77,2263633.3,2263633.3,0.0,2016-12-31T00:00:00,IND,OTHER,False,,4.0,
AZ,S8AZ00197,"SINEMA, KYRSTEN",C00508804,3718524.89,3464333.4,303114.76,303114.76,0.0,2014-12-31T00:00:00,IND,OTHER,False,,5.0,
AZ,S8AZ00197,"SINEMA, KYRSTEN",C00508804,2167384.11,2118460.84,48923.27,48923.27,0.0,2012-12-31T00:00:00,IND,OTHER,False,,7.0,
NJ,S8NJ00483,"SINGH, HIRSH",C00670737,0.0,0.0,0.0,0.0,0.0,2025-05-07T00:00:00,REP,REP,False,,46.0,
NJ,S8NJ00483,"SINGH, HIRSH",C00670737,0.0,780.14,0.0,0.0,26800.0,2024-12-31T00:00:00,REP,REP,False,,47.0,
NJ,S8NJ00483,"SINGH, HIRSH",C00670737,733.57,2504.79,780.14,780.14,26800.0,2022-12-31T00:00:00,REP,REP,False,,33.0,
NJ,S8NJ00483,"SINGH, HIRSH",C00670737,694015.88,691464.52,2551.36,2551.36,26800.0,2020-12-31T00:00:00,REP,REP,False,,8.0,
NJ,S8NJ00483,"SINGH, HIRSH",C00670737,165993.74,165993.74,0.0,0.0,0.0,2018-12-31T00:00:00,REP,REP,False,,15.0,
NJ,S0NJ00191,"SINGH, HIRSH V",C00670737,0.0,0.0,0.0,0.0,0.0,2025-05-07T00:00:00,REP,REP,False,,48.0,
NJ,S0NJ00191,"SINGH, HIRSH V",C00670737,0.0,780.14,0.0,0.0,26800.0,2024-12-31T00:00:00,REP,REP,False,,49.0,
NJ,S0NJ00191,"SINGH, HIRSH V",C00670737,733.57,2504.79,780.14,780.14,26800.0,2022-12-31T00:00:00,REP,REP,False,,34.0,
NJ,S0NJ00191,"SINGH, HIRSH V",C00670737,694015.88,691464.52,2551.36,2551.36,26800.0,2020-12-31T00:00:00,REP,REP,False,,9.0,
NJ,S0NJ00191,"SINGH, HIRSH V",C00670737,165993.74,165993.74,0.0,0.0,0.0,2018-12-31T00:00:00,REP,REP,False,,16.0,
CA,S4CA00761,"SINGH, MAJOR",C00808436,0.0,150.0,363.7,363.7,21154.32,2026-03-31T00:00:00,NOP,OTHER,False,,3.0,
CA,S4CA00761,"SINGH, MAJOR",C00808436,4201.0,4943.07,513.7,513.7,20827.98,2024-12-31T00:00:00,NOP,OTHER,False,,2.0,
CA,S4CA00761,"SINGH, MAJOR",C00808436,15000.0,13744.23,1255.77,1255.77,17073.7,2022-12-31T00:00:00,NOP,OTHER,False,,1.0,
NH,S6NH00133,"SIVALINGAM, TEJASINHA",C00786921,0.0,90.28,0.0,0.0,0.0,2023-02-21T00:00:00,REP,REP,False,,29.0,
NH,S6NH00133,"SIVALINGAM, TEJASINHA",C00786921,885.06,794.78,90.28,90.28,0.0,2022-12-31T00:00:00,REP,REP,False,,24.0,
WY,S6WY00191,"SKOVGARD, JIMMY MR",C00903369,2165.0,425.57,2618.6,2618.6,0.0,2026-03-31T00:00:00,REP,REP,False,,27.0,
LA,S6LA00672,"SKRMETTA, ERIC",C00937045,67750.0,9184.16,58565.84,58565.84,45983.37,2026-03-31T00:00:00,REP,REP,False,,31.0,
MI,S4MI00470,"SLOTKIN, ELISSA",C00834218,4378578.6,2296328.03,2364965.95,2364965.95,15340.0,2026-03-31T00:00:00,DEM,DEM,False,,11.0,
MI,S4MI00470,"SLOTKIN, ELISSA",C00834218,51937060.2,51654344.82,282715.38,282715.38,0.0,2024-12-31T00:00:00,DEM,DEM,True,highest_total_receipts,1.0,
WA,S2WA00387,"SMILEY, TIFFANY",C00772988,12130.15,2070.18,0.0,0.0,0.0,2022-09-30T00:00:00,REP,REP,False,,6.0,
WA,S2WA00387,"SMILEY, TIFFANY",C00772988,167.97,10227.94,0.0,0.0,0.0,2022-09-30T00:00:00,REP,REP,False,,11.0,
WA,S2WA00387,"SMILEY, TIFFANY",C00776765,126915.56,416902.89,0.0,0.0,0.0,2025-12-31T00:00:00,REP,REP,False,,2.0,
MI,S6MI00517,"SMITH, BERNADETTE",C00926279,53804.41,52499.8,1304.61,1304.61,0.0,2026-03-31T00:00:00,REP,REP,False,,19.0,
VA,S4VA00197,"SMITH, C.L. CHUCK JR",C00794032,558105.23,566227.13,0.0,0.0,0.0,2024-11-19T00:00:00,REP,REP,False,,5.0,
VA,S4VA00197,"SMITH, C.L. CHUCK JR",C00794032,15038.45,6916.55,8121.9,8121.9,0.0,2022-12-31T00:00:00,REP,REP,False,,20.0,
VA,S4VA00197,"SMITH, C.L. CHUCK JR",C00932962,40468.14,30139.61,10328.53,10328.53,6000.0,2026-03-31T00:00:00,REP,REP,False,,17.0,
OR,S6OR05218,"SMITH, DAVID BROCK",C00941559,24083.96,288.96,23795.0,23795.0,28234.62,2026-03-31T00:00:00,REP,REP,True,highest_total_receipts,1.0,
NC,S0NC00343,"SMITH, ERICA DANETTE",C00696104,0.0,0.0,4894.23,4894.23,91969.74,2026-03-31T00:00:00,DEM,DEM,False,,20.0,
NC,S0NC00343,"SMITH, ERICA DANETTE",C00696104,0.0,17308.84,4894.23,4894.23,91969.74,2024-12-31T00:00:00,DEM,DEM,False,,21.0,
NC,S0NC00343,"SMITH, ERICA DANETTE",C00696104,960472.91,957600.91,22203.07,22203.07,92523.0,2022-12-31T00:00:00,DEM,DEM,False,,5.0,
NC,S0NC00343,"SMITH, ERICA DANETTE",C00696104,239739.84,220408.77,19331.07,19331.07,4294.0,2020-12-31T00:00:00,DEM,DEM,False,,7.0,
NH,S2NH00231,"SMITH, KEVIN H.",C00800326,0.0,10165.64,0.0,0.0,0.0,2025-12-24T00:00:00,REP,REP,False,,30.0,
NH,S2NH00231,"SMITH, KEVIN H.",C00800326,0.0,4585.93,10165.64,10165.64,5000.0,2024-12-31T00:00:00,REP,REP,False,,31.0,
NH,S2NH00231,"SMITH, KEVIN H.",C00800326,873569.47,858817.9,14751.57,14751.57,9000.0,2022-12-31T00:00:00,REP,REP,False,,12.0,
MD,S2MD00529,"SMITH, MICHELLE LAURENCE MS",C00724328,0.0,0.0,0.0,0.0,0.0,2026-03-31T00:00:00,DEM,DEM,False,,30.0,
MD,S2MD00529,"SMITH, MICHELLE LAURENCE MS",C00724328,0.0,204.87,0.0,0.0,0.0,2024-12-31T00:00:00,DEM,DEM,False,,31.0,
MD,S2MD00529,"SMITH, MICHELLE LAURENCE MS",C00724328,1269.0,30969.42,-1092.61,-1092.61,0.0,2022-12-31T00:00:00,DEM,DEM,False,,27.0,
MD,S2MD00529,"SMITH, MICHELLE LAURENCE MS",C00724328,1736.22,21364.97,-8039.6,-8039.6,0.0,2020-12-31T00:00:00,DEM,DEM,False,,26.0,
MN,S8MN00578,"SMITH, TINA",C00663781,48581.55,506058.16,270257.23,270257.23,0.0,2026-03-31T00:00:00,DEM,DEM,False,,12.0,
MN,S8MN00578,"SMITH, TINA",C00663781,1464674.23,1369369.05,727733.84,727733.84,0.0,2024-12-31T00:00:00,DEM,DEM,False,,7.0,
MN,S8MN00578,"SMITH, TINA",C00663781,1543714.66,1713041.36,632428.66,632428.66,0.0,2022-12-31T00:00:00,DEM,DEM,False,,6.0,
MN,S8MN00578,"SMITH, TINA",C00663781,16468404.53,16100431.77,801755.36,801755.36,0.0,2020-12-31T00:00:00,DEM,DEM,True,highest_total_receipts,1.0,
MN,S8MN00578,"SMITH, TINA",C00663781,9221473.92,8787690.79,433782.6,433782.6,0.0,2018-12-31T00:00:00,DEM,DEM,False,,3.0,
MI,S4MI00710,"SOLIS-MULLEN, JOSEPH",C00884742,2307.5,2307.5,0.0,0.0,0.0,2024-12-17T00:00:00,LIB,OTHER,False,,1.0,
VA,S0VA00088,"SPECIALE, THOMAS A II",C00710608,0.0,0.0,21222.31,21222.31,54114.1,2021-09-30T00:00:00,REP,REP,False,,40.0,
VA,S0VA00088,"SPECIALE, THOMAS A II",C00710608,64005.49,78838.6,166.89,166.89,0.0,2020-12-31T00:00:00,REP,REP,False,,15.0,
NY,S6NY00243,"SPENCER, JOHN D",C00412817,0.0,0.0,679.14,679.14,239112.0,2025-03-31T00:00:00,REP,REP,False,,20.0,
NY,S6NY00243,"SPENCER, JOHN D",C00412817,0.0,0.0,679.14,679.14,239112.0,2024-12-31T00:00:00,REP,REP,False,,21.0,
NY,S6NY00243,"SPENCER, JOHN D",C00412817,0.0,0.0,679.14,679.14,239112.0,2022-12-31T00:00:00,REP,REP,False,,22.0,
NY,S6NY00243,"SPENCER, JOHN D",C00412817,0.0,0.0,679.14,679.14,239112.48,2020-12-31T00:00:00,REP,REP,False,,23.0,
NY,S6NY00243,"SPENCER, JOHN D",C00412817,0.0,0.0,679.0,679.0,239112.0,2018-12-31T00:00:00,REP,REP,False,,24.0,
NY,S6NY00243,"SPENCER, JOHN D",C00412817,0.0,0.0,679.0,679.0,239112.0,2016-12-31T00:00:00,REP,REP,False,,25.0,
NY,S6NY00243,"SPENCER, JOHN D",C00412817,0.0,0.0,679.0,679.0,239112.0,2014-12-31T00:00:00,REP,REP,False,,26.0,
NY,S6NY00243,"SPENCER, JOHN D",C00412817,0.0,0.0,679.0,679.0,239112.0,2012-12-31T00:00:00,REP,REP,False,,27.0,
NY,S6NY00243,"SPENCER, JOHN D",C00412817,0.0,0.0,679.0,679.0,239112.0,2010-12-31T00:00:00,REP,REP,False,,28.0,
NY,S6NY00243,"SPENCER, JOHN D",C00412817,336950.0,525191.0,679.0,679.0,239112.0,2008-12-31T00:00:00,REP,REP,False,,4.0,
NY,S6NY00243,"SPENCER, JOHN D",C00412817,5849610.0,5660688.0,188919.0,188919.0,419058.0,2006-12-31T00:00:00,REP,REP,True,highest_total_receipts,1.0,
LA,S6LA00698,"SPENCER, MARK",C00941880,5395.0,5275.0,120.0,120.0,5275.0,2026-03-31T00:00:00,REP,REP,False,,38.0,
KS,S6KS00262,"SPIDEL NEUMANN, SANDY",C00923474,187436.34,149326.67,38109.67,38109.67,100000.0,2026-03-31T00:00:00,DEM,DEM,True,highest_total_receipts,1.0,
MI,S8MI00281,"STABENOW, DEBBIE",C00344473,8350.36,622820.6,0.0,0.0,0.0,2025-06-30T00:00:00,DEM,DEM,False,,34.0,
MI,S8MI00281,"STABENOW, DEBBIE",C00344473,174791.22,4010979.08,614470.24,614470.24,0.0,2024-12-31T00:00:00,DEM,DEM,False,,32.0,
MI,S8MI00281,"STABENOW, DEBBIE",C00344473,3822923.74,1890659.12,4450658.1,4450658.1,0.0,2022-12-31T00:00:00,DEM,DEM,False,,13.0,
MI,S8MI00281,"STABENOW, DEBBIE",C00344473,1834382.46,1098296.25,2518393.48,2518393.48,0.0,2020-12-31T00:00:00,DEM,DEM,False,,22.0,
MI,S8MI00281,"STABENOW, DEBBIE",C00344473,13467045.34,14887956.2,1782307.27,1782307.27,0.0,2018-12-31T00:00:00,DEM,DEM,False,,3.0,
MI,S8MI00281,"STABENOW, DEBBIE",C00344473,3500707.0,1300741.0,3203218.0,3203218.0,18028.0,2016-12-31T00:00:00,DEM,DEM,False,,14.0,
MI,S8MI00281,"STABENOW, DEBBIE",C00344473,926003.0,1037020.0,1003252.0,1003252.0,4382.0,2014-12-31T00:00:00,DEM,DEM,False,,26.0,
MI,S8MI00281,"STABENOW, DEBBIE",C00344473,10640589.0,11559399.0,1114269.0,1114269.0,10624.0,2012-12-31T00:00:00,DEM,DEM,False,,4.0,
MI,S8MI00281,"STABENOW, DEBBIE",C00344473,2802852.0,1111305.0,2033077.0,2033077.0,18992.0,2010-12-31T00:00:00,DEM,DEM,False,,18.0,
MI,S8MI00281,"STABENOW, DEBBIE",C00344473,1164582.0,860738.0,341530.0,341530.0,8303.0,2008-12-31T00:00:00,DEM,DEM,False,,24.0,
MI,S8MI00281,"STABENOW, DEBBIE",C00344473,9211206.0,11220970.0,37687.0,37687.0,11521.0,2006-12-31T00:00:00,DEM,DEM,False,,6.0,
MI,S8MI00281,"STABENOW, DEBBIE",C00344473,2727542.0,863638.0,2047402.0,2047402.0,15155.0,2004-12-31T00:00:00,DEM,DEM,False,,19.0,
MI,S8MI00281,"STABENOW, DEBBIE",C00344473,423041.0,342387.0,183500.0,183500.0,8303.0,2002-12-31T00:00:00,DEM,DEM,False,,29.0,
MI,S8MI00281,"STABENOW, DEBBIE",C00344473,8297425.0,8194574.0,102845.0,102845.0,109930.0,2000-12-31T00:00:00,DEM,DEM,False,,9.0,
ND,S2ND00107,"STEELE, MICHAEL JAMES",C00690586,789.28,1579.46,0.0,0.0,0.0,2022-06-30T00:00:00,REP,REP,False,,19.0,
ND,S2ND00107,"STEELE, MICHAEL JAMES",C00690586,1199.49,992.6,372.79,372.79,0.0,2020-12-31T00:00:00,REP,REP,False,,18.0,
ND,S2ND00107,"STEELE, MICHAEL JAMES",C00690586,196.0,0.0,196.0,196.0,0.0,2018-12-31T00:00:00,REP,REP,False,,20.0,
LA,S2LA00168,"STEIB, SYRITA",C00802710,0.0,0.0,13076.63,13076.63,33614.25,2025-04-16T00:00:00,DEM,DEM,False,,17.0,
LA,S2LA00168,"STEIB, SYRITA",C00802710,0.0,0.0,13076.63,13076.63,33614.25,2024-12-31T00:00:00,DEM,DEM,False,,18.0,
LA,S2LA00168,"STEIB, SYRITA",C00802710,250624.19,251160.17,0.0,0.0,20034.59,2022-12-31T00:00:00,DEM,DEM,False,,4.0,
MI,S6MI00509,"STEPHENS, THOMAS WAYNE",C00915314,1000.0,220.48,779.52,779.52,500.0,2025-12-31T00:00:00,NPA,OTHER,False,,3.0,
MI,S6MI00426,"STEVENS, HALEY",C00903039,8870471.26,5481553.31,3388917.95,3388917.95,56555.46,2026-03-31T00:00:00,DEM,DEM,False,,7.0,
KY,S6KY00211,"STEVENSON, PAMELA",C00897058,266962.54,242098.61,24863.93,24863.93,63806.69,2025-09-30T00:00:00,DEM,DEM,False,,7.0,
IA,S4IA00194,"STEWART, RICK",C00753657,0.0,0.0,-7272.83,-7272.83,0.0,2025-06-30T00:00:00,LIB,OTHER,False,,4.0,
IA,S4IA00194,"STEWART, RICK",C00753657,0.0,0.0,-7272.83,-7272.83,0.0,2024-12-31T00:00:00,LIB,OTHER,False,,5.0,
IA,S4IA00194,"STEWART, RICK",C00753657,0.0,0.0,-7272.83,-7272.83,0.0,2022-12-31T00:00:00,LIB,OTHER,False,,6.0,
IA,S4IA00194,"STEWART, RICK",C00753657,8820.0,16092.83,-7272.83,-7272.83,0.0,2020-12-31T00:00:00,LIB,OTHER,False,,3.0,
AL,S8AL00308,"STRANGE, LUTHER J III",C00629451,0.0,3750.0,36043.2,36043.2,178713.5,2025-12-31T00:00:00,REP,REP,False,,28.0,
AL,S8AL00308,"STRANGE, LUTHER J III",C00629451,0.0,11250.0,39793.2,39793.2,179329.61,2024-12-31T00:00:00,REP,REP,False,,29.0,
AL,S8AL00308,"STRANGE, LUTHER J III",C00629451,0.0,14751.65,51043.2,51043.2,179329.61,2022-12-31T00:00:00,REP,REP,False,,30.0,
AL,S8AL00308,"STRANGE, LUTHER J III",C00629451,98747.64,167505.77,59044.85,59044.85,179329.61,2020-12-31T00:00:00,REP,REP,False,,20.0,
AL,S8AL00308,"STRANGE, LUTHER J III",C00629451,5492899.0,5658258.13,127802.98,127802.98,236874.43,2018-12-31T00:00:00,REP,REP,False,,3.0,
AL,S8AL00308,"STRANGE, LUTHER J III",C00629451,308703.0,15540.0,293162.0,293162.0,0.0,2016-12-31T00:00:00,REP,REP,False,,18.0,
IL,S6IL00458,"STRATTON, JULIANA",C00903252,4791273.46,4096025.84,695247.62,695247.62,192935.89,2026-03-31T00:00:00,DEM,DEM,False,,8.0,
PA,S2PA00448,"STREET, SHARIF",C00774844,899446.48,688708.32,263296.68,263296.68,6002.5,2026-03-31T00:00:00,DEM,DEM,False,,13.0,
PA,S2PA00448,"STREET, SHARIF",C00774844,0.0,0.0,52558.52,52558.52,0.0,2024-12-31T00:00:00,DEM,DEM,False,,25.0,
PA,S2PA00448,"STREET, SHARIF",C00774844,426262.0,375826.97,52558.52,52558.52,0.0,2022-12-31T00:00:00,DEM,DEM,False,,17.0,
AK,S4AK00214,"SULLIVAN, DAN",C00570994,6500847.42,1505699.66,7086052.55,7086052.55,0.0,2026-03-31T00:00:00,REP,REP,False,,3.0,
AK,S4AK00214,"SULLIVAN, DAN",C00570994,1893775.09,707513.64,2090904.79,2090904.79,0.0,2024-12-31T00:00:00,REP,REP,False,,8.0,
AK,S4AK00214,"SULLIVAN, DAN",C00570994,705156.15,532255.83,904643.34,904643.34,0.0,2022-12-31T00:00:00,REP,REP,False,,14.0,
AK,S4AK00214,"SULLIVAN, DAN",C00570994,8970441.86,9365241.5,731743.02,731743.02,0.0,2020-12-31T00:00:00,REP,REP,False,,2.0,
AK,S4AK00214,"SULLIVAN, DAN",C00570994,1332146.29,328214.09,1126542.66,1126542.66,112753.91,2018-12-31T00:00:00,REP,REP,False,,9.0,
AK,S4AK00214,"SULLIVAN, DAN",C00570994,291751.0,247492.0,122610.0,122610.0,0.0,2016-12-31T00:00:00,REP,REP,False,,18.0,
AK,S4AK00214,"SULLIVAN, DAN",C00570994,0.0,0.0,0.0,0.0,0.0,2014-12-31T00:00:00,REP,REP,False,,21.0,
NH,S6NH00190,"SULLIVAN, JARED",C00920223,99746.19,60149.95,39696.24,39696.24,0.0,2026-03-31T00:00:00,DEM,DEM,False,,23.0,
NH,S6NH00208,"SUNUNU, JOHN E",C00924092,2475941.37,583037.19,1892904.18,1892904.18,0.0,2026-03-31T00:00:00,REP,REP,False,,2.0,
IL,S6IL00409,"SWANN, CHRISTOPHER ALEXANDER",C00867523,17642.57,17458.64,-408.8,-408.8,0.0,2026-03-31T00:00:00,DEM,DEM,False,,36.0,
TX,S6TX00396,"SWANSON, MICHAEL",C00902551,6991.29,6991.29,0.0,0.0,4000.0,2025-09-30T00:00:00,DEM,DEM,False,,20.0,
WV,S0WV00215,"SWEARENGIN, PAULA JEAN",C00708891,0.0,4472.7,11306.4,11306.4,0.0,2026-03-31T00:00:00,DEM,DEM,False,,19.0,
WV,S0WV00215,"SWEARENGIN, PAULA JEAN",C00708891,0.0,7745.68,15779.1,15779.1,0.0,2024-12-31T00:00:00,DEM,DEM,False,,20.0,
WV,S0WV00215,"SWEARENGIN, PAULA JEAN",C00708891,13498.38,55958.82,23524.78,23524.78,0.0,2022-12-31T00:00:00,DEM,DEM,False,,16.0,
WV,S0WV00215,"SWEARENGIN, PAULA JEAN",C00708891,2064982.41,1998997.19,65985.22,65985.22,0.0,2020-12-31T00:00:00,DEM,DEM,True,highest_total_receipts,1.0,
WV,S8WV00119,"SWEARENGIN, PAULA JEAN",C00708891,0.0,4472.7,11306.4,11306.4,0.0,2026-03-31T00:00:00,DEM,DEM,False,,21.0,
WV,S8WV00119,"SWEARENGIN, PAULA JEAN",C00708891,0.0,7745.68,15779.1,15779.1,0.0,2024-12-31T00:00:00,DEM,DEM,False,,22.0,
WV,S8WV00119,"SWEARENGIN, PAULA JEAN",C00708891,13498.38,55958.82,23524.78,23524.78,0.0,2022-12-31T00:00:00,DEM,DEM,False,,17.0,
WV,S8WV00119,"SWEARENGIN, PAULA JEAN",C00708891,2064982.41,1998997.19,65985.22,65985.22,0.0,2020-12-31T00:00:00,DEM,DEM,False,,2.0,
OK,S6OK04148,"SWEARENGIN, TAMMY",C00722272,0.0,109.32,0.0,0.0,0.0,2024-12-31T00:00:00,REP,REP,False,,48.0,
OK,S6OK04148,"SWEARENGIN, TAMMY",C00722272,30000.0,63565.84,109.32,109.32,131576.55,2022-12-31T00:00:00,REP,REP,False,,35.0,
OK,S6OK04148,"SWEARENGIN, TAMMY",C00722272,100000.0,66324.84,33675.16,33675.16,101330.82,2020-12-31T00:00:00,REP,REP,False,,33.0,
AL,S6AL00435,"SWEETSER, KYLE",C00901777,154502.42,139185.61,15316.81,15316.81,16421.89,2026-03-31T00:00:00,DEM,DEM,False,,2.0,
MO,S8MO00178,"SYKES, B COURTLAND",C00656694,0.0,0.0,4410.12,4410.12,0.0,2026-03-31T00:00:00,REP,REP,False,,68.0,
MO,S8MO00178,"SYKES, B COURTLAND",C00656694,0.0,0.0,4410.12,4410.12,0.0,2024-12-31T00:00:00,REP,REP,False,,69.0,
MO,S8MO00178,"SYKES, B COURTLAND",C00656694,0.0,0.0,4410.12,4410.12,0.0,2024-12-31T00:00:00,REP,REP,False,,70.0,
MO,S8MO00178,"SYKES, B COURTLAND",C00656694,0.0,0.0,4410.12,4410.12,0.0,2022-12-31T00:00:00,REP,REP,False,,71.0,
MO,S8MO00178,"SYKES, B COURTLAND",C00656694,0.0,0.0,4410.12,4410.12,0.0,2022-12-31T00:00:00,REP,REP,False,,72.0,
MO,S8MO00178,"SYKES, B COURTLAND",C00656694,0.0,0.0,4410.12,4410.12,0.0,2020-12-31T00:00:00,REP,REP,False,,73.0,
MO,S8MO00178,"SYKES, B COURTLAND",C00656694,0.0,0.0,4410.12,4410.12,0.0,2020-12-31T00:00:00,REP,REP,False,,74.0,
MO,S8MO00178,"SYKES, B COURTLAND",C00656694,34293.0,30921.0,4410.12,4410.12,7500.0,2018-12-31T00:00:00,REP,REP,False,,41.0,
MA,S6MA00288,"TACHE, JOSEPH",C00920793,96091.67,66361.23,29730.44,29730.44,1650.0,2026-03-31T00:00:00,OTH,OTHER,False,,3.0,
MN,S6MN00556,"TAFOYA, MICHELE",C00935528,2041939.86,186972.48,1854967.38,1854967.38,0.0,2026-03-31T00:00:00,REP,REP,False,,2.0,
TX,S6TX00479,"TALARICO, JAMES",C00919084,40284109.15,30425243.8,9858865.35,9858865.35,0.0,2026-03-31T00:00:00,DEM,DEM,True,highest_total_receipts,1.0,
FL,S6FL00871,"TANEJA PERRY, NEELAM DR",C00849588,2040.0,2040.0,0.0,0.0,2000.0,2023-12-31T00:00:00,REP,REP,False,,27.0,
NV,S0NV00203,"TARKANIAN, DANNY",C00465963,12139.97,13608.71,0.0,0.0,0.0,2014-03-31T00:00:00,REP,REP,False,,17.0,
NV,S0NV00203,"TARKANIAN, DANNY",C00465963,1332354.51,1332798.71,1468.74,1468.74,5704.81,2012-12-31T00:00:00,REP,REP,False,,5.0,
NV,S0NV00203,"TARKANIAN, DANNY",C00465963,1712737.0,1710825.0,1912.0,1912.0,12508.0,2010-12-31T00:00:00,REP,REP,False,,4.0,
MI,S6MI00459,"TATE, JOSEPH ALLEN",C00904862,243635.76,243635.76,0.0,0.0,0.0,2025-09-30T00:00:00,DEM,DEM,False,,30.0,
AL,S2AL00152,"TAYLOR, JESSICA",C00784066,0.0,0.0,3509.13,3509.13,175990.61,2026-03-31T00:00:00,REP,REP,False,,31.0,
AL,S2AL00152,"TAYLOR, JESSICA",C00784066,0.0,0.0,3509.13,3509.13,175990.61,2024-12-31T00:00:00,REP,REP,False,,32.0,
AL,S2AL00152,"TAYLOR, JESSICA",C00784066,291043.76,287559.63,3484.13,3484.13,175990.61,2022-12-31T00:00:00,REP,REP,False,,19.0,
KS,S6KS00296,"TAYLOR, NOAH",C00943803,72435.0,3801.94,68633.06,68633.06,0.0,2026-03-31T00:00:00,DEM,DEM,False,,6.0,
LA,S2LA00077,"TERRELL, SUZANNE HAIK",C00380212,0.0,0.0,0.0,0.0,627373.0,2009-12-31T00:00:00,REP,REP,False,,42.0,
LA,S2LA00077,"TERRELL, SUZANNE HAIK",C00380212,0.0,2523.0,0.0,0.0,627373.0,2008-12-31T00:00:00,REP,REP,False,,43.0,
LA,S2LA00077,"TERRELL, SUZANNE HAIK",C00380212,27997.0,53866.0,2523.0,2523.0,627373.0,2006-12-31T00:00:00,REP,REP,False,,35.0,
LA,S2LA00077,"TERRELL, SUZANNE HAIK",C00380212,53585.0,376954.0,28392.0,28392.0,627373.0,2004-12-31T00:00:00,REP,REP,False,,32.0,
LA,S2LA00077,"TERRELL, SUZANNE HAIK",C00380212,4072916.0,3721152.0,351764.0,351764.0,769989.0,2002-12-31T00:00:00,REP,REP,False,,14.0,
MT,S6MT00162,"TESTER, R. JON",C00412304,233311.01,257723.68,741470.97,741470.97,0.0,2026-03-31T00:00:00,DEM,DEM,False,,21.0,
MT,S6MT00162,"TESTER, R. JON",C00412304,89837646.72,91956782.19,765623.57,765623.57,0.0,2024-12-31T00:00:00,DEM,DEM,True,highest_total_receipts,1.0,
MT,S6MT00162,"TESTER, R. JON",C00412304,2847846.36,1008616.42,2884759.04,2884759.04,0.0,2022-12-31T00:00:00,DEM,DEM,False,,6.0,
MT,S6MT00162,"TESTER, R. JON",C00412304,1648506.66,1083551.43,1045529.1,1045529.1,0.0,2020-12-31T00:00:00,DEM,DEM,False,,9.0,
MT,S6MT00162,"TESTER, R. JON",C00412304,18686615.43,19757019.91,480573.87,480573.87,0.0,2018-12-31T00:00:00,DEM,DEM,False,,2.0,
MT,S6MT00162,"TESTER, R. JON",C00412304,1662089.0,485210.0,1550978.0,1550978.0,0.0,2016-12-31T00:00:00,DEM,DEM,False,,8.0,
MT,S6MT00162,"TESTER, R. JON",C00412304,894276.0,580017.0,374097.0,374097.0,0.0,2014-12-31T00:00:00,DEM,DEM,False,,12.0,
MT,S6MT00162,"TESTER, R. JON",C00412304,11912726.0,12414711.0,59837.0,59837.0,56000.0,2012-12-31T00:00:00,DEM,DEM,False,,3.0,
MT,S6MT00162,"TESTER, R. JON",C00412304,1103989.4,643793.35,561822.76,561822.76,0.0,2010-12-31T00:00:00,DEM,DEM,False,,11.0,
MT,S6MT00162,"TESTER, R. JON",C00412304,359645.0,270068.0,101626.0,101626.0,0.0,2008-12-31T00:00:00,DEM,DEM,False,,16.0,
MT,S6MT00162,"TESTER, R. JON",C00412304,5601705.0,5589653.0,12052.0,12052.0,13653.0,2006-12-31T00:00:00,DEM,DEM,False,,4.0,
CA,S2CA01193,"THEODORE, CHRIS",C00776633,0.0,0.0,4669.74,4669.74,222500.0,2024-12-31T00:00:00,DEM,DEM,False,,45.0,
CA,S2CA01193,"THEODORE, CHRIS",C00776633,233250.0,228580.26,4669.74,4669.74,222500.0,2022-12-31T00:00:00,DEM,DEM,False,,22.0,
PA,S4PA00360,"THOMAS, JOHN C.",C00875799,4854.0,2026.41,2827.59,2827.59,0.0,2024-09-30T00:00:00,LIB,OTHER,False,,1.0,
OK,S6OK04163,"THOMAS, N'KIYLA JASMINE - ANN",C00899559,39009.15,36270.6,3674.89,3674.89,0.0,2026-03-31T00:00:00,DEM,DEM,False,,5.0,
KY,S0KY00198,"THONEY, ROGER",C00354365,0.0,86.0,1485.53,1485.53,27900.0,2026-03-31T00:00:00,REP,REP,False,,49.0,
KY,S0KY00198,"THONEY, ROGER",C00354365,0.0,164.0,1571.53,1571.53,27900.0,2024-12-31T00:00:00,REP,REP,False,,50.0,
KY,S0KY00198,"THONEY, ROGER",C00354365,0.0,107.0,1735.53,1735.53,27900.0,2022-12-31T00:00:00,REP,REP,False,,51.0,
KY,S0KY00198,"THONEY, ROGER",C00354365,0.0,128.0,1842.53,1842.53,27900.0,2020-12-31T00:00:00,REP,REP,False,,52.0,
KY,S0KY00198,"THONEY, ROGER",C00354365,0.0,152.16,1970.53,1970.53,27900.0,2018-12-31T00:00:00,REP,REP,False,,53.0,
KY,S0KY00198,"THONEY, ROGER",C00354365,0.0,228.0,2123.0,2123.0,27900.0,2016-12-31T00:00:00,REP,REP,False,,54.0,
KY,S0KY00198,"THONEY, ROGER",C00354365,14775.0,16261.0,2373.0,2373.0,27900.0,2014-12-31T00:00:00,REP,REP,False,,43.0,
KY,S0KY00198,"THONEY, ROGER",C00354365,7000.0,4006.0,3863.0,3863.0,27900.0,2012-12-31T00:00:00,REP,REP,False,,45.0,
KY,S0KY00198,"THONEY, ROGER",C00354365,3655.0,2958.32,873.0,873.0,27900.0,2010-12-31T00:00:00,REP,REP,False,,46.0,
KY,S0KY00198,"THONEY, ROGER",C00354365,140.0,82.0,180.46,180.46,24400.0,2008-12-31T00:00:00,REP,REP,False,,48.0,
KY,S0KY00198,"THONEY, ROGER",C00354365,0.0,78.0,122.46,122.46,24400.0,2006-12-31T00:00:00,REP,REP,False,,55.0,
KY,S0KY00198,"THONEY, ROGER",C00354365,0.0,575.5,200.46,200.46,24400.0,2004-12-31T00:00:00,REP,REP,False,,56.0,
KY,S0KY00198,"THONEY, ROGER",C00354365,16837.98,16168.79,775.96,775.96,24400.0,2002-12-31T00:00:00,REP,REP,False,,42.0,
KY,S0KY00198,"THONEY, ROGER",C00354365,10544.0,10326.0,215.0,215.0,10100.0,2000-12-31T00:00:00,REP,REP,False,,44.0,
SD,S2SD00068,"THUNE, JOHN R.",C00409581,3459924.82,1452615.44,17391646.65,17391646.65,0.0,2026-03-31T00:00:00,REP,REP,False,,7.0,
SD,S2SD00068,"THUNE, JOHN R.",C00409581,4163983.31,5721878.68,15384337.27,15384337.27,0.0,2024-12-31T00:00:00,REP,REP,False,,5.0,
SD,S2SD00068,"THUNE, JOHN R.",C00409581,7547602.66,4017841.44,16942232.64,16942232.64,0.0,2022-12-31T00:00:00,REP,REP,True,highest_total_receipts,1.0,
SD,S2SD00068,"THUNE, JOHN R.",C00409581,3088318.78,1266167.3,13412471.42,13412471.42,0.0,2020-12-31T00:00:00,REP,REP,False,,9.0,
SD,S2SD00068,"THUNE, JOHN R.",C00409581,2540817.36,1593429.72,11590319.94,11590319.94,0.0,2018-12-31T00:00:00,REP,REP,False,,13.0,
SD,S2SD00068,"THUNE, JOHN R.",C00409581,5170324.0,4242752.0,10642932.0,10642932.0,0.0,2016-12-31T00:00:00,REP,REP,False,,3.0,
SD,S2SD00068,"THUNE, JOHN R.",C00409581,2845864.0,1592613.0,9715362.0,9715362.0,0.0,2014-12-31T00:00:00,REP,REP,False,,10.0,
SD,S2SD00068,"THUNE, JOHN R.",C00409581,2599417.0,1273813.0,8462111.0,8462111.0,0.0,2012-12-31T00:00:00,REP,REP,False,,12.0,
SD,S2SD00068,"THUNE, JOHN R.",C00409581,6539901.0,3303842.0,7136506.0,7136506.0,0.0,2010-12-31T00:00:00,REP,REP,False,,2.0,
SD,S2SD00068,"THUNE, JOHN R.",C00409581,3136556.0,1372169.0,3900448.0,3900448.0,0.0,2008-12-31T00:00:00,REP,REP,False,,8.0,
SD,S2SD00068,"THUNE, JOHN R.",C00409581,2842485.0,706425.0,2136059.0,2136059.0,0.0,2006-12-31T00:00:00,REP,REP,False,,11.0,
NC,S4NC00162,"TILLIS, THOM R SEN",C00545772,4707959.82,3268154.5,3677891.81,3677891.81,0.0,2026-03-31T00:00:00,REP,REP,False,,5.0,
NC,S4NC00162,"TILLIS, THOM R SEN",C00545772,2474642.46,971773.72,2238086.49,2238086.49,0.0,2024-12-31T00:00:00,REP,REP,False,,6.0,
NC,S4NC00162,"TILLIS, THOM R SEN",C00545772,930819.86,1030510.67,735217.75,735217.75,0.0,2022-12-31T00:00:00,REP,REP,False,,14.0,
NC,S4NC00162,"TILLIS, THOM R SEN",C00545772,23277928.68,24468464.55,834908.56,834908.56,0.0,2020-12-31T00:00:00,REP,REP,True,highest_total_receipts,1.0,
NC,S4NC00162,"TILLIS, THOM R SEN",C00545772,2389872.26,490922.26,2025444.43,2025444.43,0.0,2018-12-31T00:00:00,REP,REP,False,,8.0,
NC,S4NC00162,"TILLIS, THOM R SEN",C00545772,1048181.0,1408101.0,126493.0,126493.0,0.0,2016-12-31T00:00:00,REP,REP,False,,13.0,
NC,S4NC00162,"TILLIS, THOM R SEN",C00545772,11000378.0,10513963.0,486415.0,486415.0,863090.0,2014-12-31T00:00:00,REP,REP,False,,3.0,
MS,S6MS00141,"TILL, PRISCILLA WILLIAMS",C00921445,8584.39,3029.82,0.0,0.0,0.0,2026-04-15T00:00:00,DEM,DEM,False,,5.0,
MS,S6MS00158,"TILL, PRISCILLA WILLIAMS",C00921445,8584.39,3029.82,0.0,0.0,0.0,2026-04-15T00:00:00,DEM,DEM,False,,6.0,
OH,S2OH00360,"TIMKEN, JANE",C00769745,0.0,655.51,4919.39,4919.39,4060000.0,2026-03-31T00:00:00,REP,REP,False,,54.0,
OH,S2OH00360,"TIMKEN, JANE",C00769745,1671.58,4555.5,5362.9,5362.9,4060000.0,2024-12-31T00:00:00,REP,REP,False,,48.0,
OH,S2OH00360,"TIMKEN, JANE",C00769745,8707815.54,8699477.72,8246.82,8246.82,4060000.0,2022-12-31T00:00:00,REP,REP,False,,6.0,
NM,S0NM00074,"TOULOUSE OLIVER, MAGGIE",C00703256,0.0,75.0,2618.05,2618.05,15312.17,2026-03-31T00:00:00,DEM,DEM,False,,24.0,
NM,S0NM00074,"TOULOUSE OLIVER, MAGGIE",C00703256,0.0,115.88,2693.05,2693.05,15312.17,2024-12-31T00:00:00,DEM,DEM,False,,25.0,
NM,S0NM00074,"TOULOUSE OLIVER, MAGGIE",C00703256,100.0,1180.8,2808.93,2808.93,15312.17,2022-12-31T00:00:00,DEM,DEM,False,,23.0,
NM,S0NM00074,"TOULOUSE OLIVER, MAGGIE",C00703256,496033.3,492143.57,3889.73,3889.73,15312.17,2020-12-31T00:00:00,DEM,DEM,False,,21.0,
NY,S0NY00550,"TOWNSEND, JAY",C00482216,0.0,0.0,0.0,0.0,108845.1,2026-03-31T00:00:00,REP,REP,False,,29.0,
NY,S0NY00550,"TOWNSEND, JAY",C00482216,0.0,0.0,0.0,0.0,108845.1,2024-12-31T00:00:00,REP,REP,False,,30.0,
NY,S0NY00550,"TOWNSEND, JAY",C00482216,0.0,0.0,0.0,0.0,108845.1,2022-12-31T00:00:00,REP,REP,False,,31.0,
NY,S0NY00550,"TOWNSEND, JAY",C00482216,0.0,0.0,0.0,0.0,108845.1,2020-12-31T00:00:00,REP,REP,False,,32.0,
NY,S0NY00550,"TOWNSEND, JAY",C00482216,0.0,0.0,0.0,0.0,108845.1,2018-12-31T00:00:00,REP,REP,False,,33.0,
NY,S0NY00550,"TOWNSEND, JAY",C00482216,0.0,52.0,0.0,0.0,108845.0,2016-12-31T00:00:00,REP,REP,False,,34.0,
NY,S0NY00550,"TOWNSEND, JAY",C00482216,14752.0,14752.0,52.0,52.0,108845.0,2014-12-31T00:00:00,REP,REP,False,,9.0,
NY,S0NY00550,"TOWNSEND, JAY",C00482216,11325.0,12233.0,52.0,52.0,123597.0,2012-12-31T00:00:00,REP,REP,False,,11.0,
NY,S0NY00550,"TOWNSEND, JAY",C00482216,218557.0,217593.0,963.0,963.0,123175.0,2010-12-31T00:00:00,REP,REP,False,,6.0,
IL,S6IL00615,"TRACY, DON",C00917120,2327334.3,783936.04,1543398.26,1543398.26,2000000.0,2026-03-31T00:00:00,REP,REP,True,highest_total_receipts,1.0,
MD,S4MD00319,"TRONE, DAVID",C00653196,11041367.95,6744393.16,4300816.22,4300816.22,10000000.0,2026-03-31T00:00:00,DEM,DEM,False,,6.0,
MD,S4MD00319,"TRONE, DAVID",C00653196,63833136.59,64032401.51,3841.43,3841.43,73680994.0,2024-12-31T00:00:00,DEM,DEM,True,highest_total_receipts,1.0,
MD,S4MD00319,"TRONE, DAVID",C00653196,13144029.27,13034603.23,203106.35,203106.35,10699194.0,2022-12-31T00:00:00,DEM,DEM,False,,4.0,
MD,S4MD00319,"TRONE, DAVID",C00653196,2965203.83,2980058.01,93680.31,93680.31,750000.0,2020-12-31T00:00:00,DEM,DEM,False,,11.0,
MD,S4MD00319,"TRONE, DAVID",C00653196,18468367.89,18359833.45,108534.49,108534.49,500000.0,2018-12-31T00:00:00,DEM,DEM,False,,3.0,
ID,S2ID00129,"TROTTER, JAMES SCOTT",C00791319,0.0,0.0,0.0,0.0,0.0,2025-03-31T00:00:00,REP,REP,False,,21.0,
ID,S2ID00129,"TROTTER, JAMES SCOTT",C00791319,0.0,0.0,0.0,0.0,0.0,2024-12-31T00:00:00,REP,REP,False,,22.0,
ID,S2ID00129,"TROTTER, JAMES SCOTT",C00791319,14810.0,15151.75,0.0,0.0,0.0,2022-12-31T00:00:00,REP,REP,False,,19.0,
IL,S4IL00438,"TRUAX, DOUGLAS LEE",C00546457,0.0,0.0,0.0,0.0,53087.87,2026-03-31T00:00:00,REP,REP,False,,27.0,
IL,S4IL00438,"TRUAX, DOUGLAS LEE",C00546457,0.0,0.0,0.0,0.0,53087.87,2024-12-31T00:00:00,REP,REP,False,,28.0,
IL,S4IL00438,"TRUAX, DOUGLAS LEE",C00546457,0.0,0.0,0.0,0.0,53080.87,2022-12-31T00:00:00,REP,REP,False,,29.0,
IL,S4IL00438,"TRUAX, DOUGLAS LEE",C00546457,370.78,0.0,0.0,0.0,53080.87,2020-12-31T00:00:00,REP,REP,False,,23.0,
IL,S4IL00438,"TRUAX, DOUGLAS LEE",C00546457,0.0,0.0,-370.0,-370.0,52710.0,2018-12-31T00:00:00,REP,REP,False,,30.0,
IL,S4IL00438,"TRUAX, DOUGLAS LEE",C00546457,2537.0,2497.0,-380.0,-380.0,52710.0,2016-12-31T00:00:00,REP,REP,False,,20.0,
IL,S4IL00438,"TRUAX, DOUGLAS LEE",C00546457,464203.0,464622.0,-420.0,-420.0,49348.0,2014-12-31T00:00:00,REP,REP,False,,3.0,
CO,S4CO00379,"TRUJILLO, FLOYD",C00554766,0.0,0.0,1024.25,1024.25,102930.68,2026-03-31T00:00:00,REP,REP,False,,11.0,
CO,S4CO00379,"TRUJILLO, FLOYD",C00554766,0.0,0.0,1024.25,1024.25,102930.68,2024-12-31T00:00:00,REP,REP,False,,12.0,
CO,S4CO00379,"TRUJILLO, FLOYD",C00554766,0.0,0.0,1024.25,1024.25,102930.68,2022-12-31T00:00:00,REP,REP,False,,13.0,
CO,S4CO00379,"TRUJILLO, FLOYD",C00554766,0.0,0.0,1024.25,1024.25,102930.68,2020-12-31T00:00:00,REP,REP,False,,14.0,
CO,S4CO00379,"TRUJILLO, FLOYD",C00554766,0.0,0.0,1024.25,1024.25,102930.68,2018-12-31T00:00:00,REP,REP,False,,15.0,
CO,S4CO00379,"TRUJILLO, FLOYD",C00554766,0.0,132.0,1024.0,1024.0,102930.0,2016-12-31T00:00:00,REP,REP,False,,16.0,
CO,S4CO00379,"TRUJILLO, FLOYD",C00554766,121755.0,120597.0,1157.0,1157.0,102797.0,2014-12-31T00:00:00,REP,REP,False,,5.0,
DE,S8DE00129,"TRUONO, EUGENE (GENE) J JR",C00661801,1686.71,1686.71,471.14,471.14,205873.48,2026-03-31T00:00:00,REP,REP,False,,12.0,
DE,S8DE00129,"TRUONO, EUGENE (GENE) J JR",C00661801,9154.0,9154.0,471.14,471.14,205837.11,2024-12-31T00:00:00,REP,REP,False,,11.0,
DE,S8DE00129,"TRUONO, EUGENE (GENE) J JR",C00661801,9552.0,9552.0,471.14,471.14,205277.81,2022-12-31T00:00:00,REP,REP,False,,10.0,
DE,S8DE00129,"TRUONO, EUGENE (GENE) J JR",C00661801,12379.0,12452.5,471.14,471.14,203851.16,2020-12-31T00:00:00,REP,REP,False,,9.0,
DE,S8DE00129,"TRUONO, EUGENE (GENE) J JR",C00661801,282633.99,282089.16,544.64,544.64,195842.05,2018-12-31T00:00:00,REP,REP,False,,3.0,
AK,S2AK00127,"TSHIBAKA, KELLY",C00774570,0.0,3589.19,0.0,0.0,0.0,2025-11-04T00:00:00,REP,REP,False,,22.0,
AK,S2AK00127,"TSHIBAKA, KELLY",C00774570,9947.15,57609.91,3589.19,3589.19,0.0,2024-12-31T00:00:00,REP,REP,False,,20.0,
AK,S2AK00127,"TSHIBAKA, KELLY",C00774570,6011431.63,5960179.68,51251.95,51251.95,1814.44,2022-12-31T00:00:00,REP,REP,False,,4.0,
AL,S0AL00230,"TUBERVILLE, THOMAS H",C00701672,724606.1,1165943.0,90993.57,90993.57,10158.63,2026-03-31T00:00:00,REP,REP,False,,17.0,
AL,S0AL00230,"TUBERVILLE, THOMAS H",C00701672,2191049.2,1794129.96,532330.47,532330.47,13423.4,2024-12-31T00:00:00,REP,REP,False,,7.0,
AL,S0AL00230,"TUBERVILLE, THOMAS H",C00701672,1077554.32,1115622.93,135411.23,135411.23,160520.06,2022-12-31T00:00:00,REP,REP,False,,13.0,
AL,S0AL00230,"TUBERVILLE, THOMAS H",C00701672,9589338.6,9415858.76,173479.84,173479.84,50200.0,2020-12-31T00:00:00,REP,REP,False,,2.0,
IA,S6IA00298,"TUREK, JOSHUA",C00915645,2808701.1,2051221.09,757480.01,757480.01,0.0,2026-03-31T00:00:00,DEM,DEM,False,,5.0,
ID,S2ID00186,"TURNBULL, RAMONT",C00810226,30900.0,25786.66,5113.34,5113.34,27000.0,2022-04-27T00:00:00,REP,REP,False,,17.0,
TX,S8TX00459,"TZINTZUN RAMIREZ, CRISTINA",C00715409,32.62,21809.72,530.0,530.0,0.0,2026-03-31T00:00:00,DEM,DEM,False,,25.0,
TX,S8TX00459,"TZINTZUN RAMIREZ, CRISTINA",C00715409,0.0,13462.24,22307.1,22307.1,0.0,2024-12-31T00:00:00,DEM,DEM,False,,30.0,
TX,S8TX00459,"TZINTZUN RAMIREZ, CRISTINA",C00715409,0.0,22545.32,35769.34,35769.34,0.0,2022-12-31T00:00:00,DEM,DEM,False,,31.0,
TX,S8TX00459,"TZINTZUN RAMIREZ, CRISTINA",C00715409,1218354.08,1160039.42,58314.66,58314.66,0.0,2020-12-31T00:00:00,DEM,DEM,False,,8.0,
CA,S2CA01276,"URSICH, TIMOTHY J DR",C00808477,0.0,0.0,14010.95,14010.95,15388.46,2026-03-31T00:00:00,DEM,DEM,False,,46.0,
CA,S2CA01276,"URSICH, TIMOTHY J DR",C00808477,0.0,0.0,14010.95,14010.95,15388.46,2024-12-31T00:00:00,DEM,DEM,False,,47.0,
CA,S2CA01276,"URSICH, TIMOTHY J DR",C00808477,15737.46,1726.51,14010.95,14010.95,15388.46,2022-12-31T00:00:00,DEM,DEM,False,,29.0,
OH,S2OH00436,"VANCE, J D",C00783142,194273.77,139528.56,190376.77,190376.77,42000.0,2026-03-31T00:00:00,REP,REP,False,,30.0,
OH,S2OH00436,"VANCE, J D",C00783142,2704752.4,3010429.69,135631.56,135631.56,103207.08,2024-12-31T00:00:00,REP,REP,False,,11.0,
OH,S2OH00436,"VANCE, J D",C00783142,15900421.88,15459113.03,441308.85,441308.85,1004488.38,2022-12-31T00:00:00,REP,REP,False,,3.0,
MD,S6MD03441,"VAN HOLLEN, CHRIS",C00573758,1515661.04,446554.55,3022508.66,3022508.66,2209.56,2026-03-31T00:00:00,DEM,DEM,False,,13.0,
MD,S6MD03441,"VAN HOLLEN, CHRIS",C00573758,330578.51,607300.29,1953402.17,1953402.17,2209.56,2024-12-31T00:00:00,DEM,DEM,False,,21.0,
MD,S6MD03441,"VAN HOLLEN, CHRIS",C00573758,6615217.92,5715192.19,2230123.95,2230123.95,2209.56,2022-12-31T00:00:00,DEM,DEM,False,,8.0,
MD,S6MD03441,"VAN HOLLEN, CHRIS",C00573758,1649167.09,639628.52,1330098.22,1330098.22,2209.56,2020-12-31T00:00:00,DEM,DEM,False,,12.0,
MD,S6MD03441,"VAN HOLLEN, CHRIS",C00573758,645098.82,803580.29,320559.65,320559.65,0.0,2018-12-31T00:00:00,DEM,DEM,False,,17.0,
MD,S6MD03441,"VAN HOLLEN, CHRIS",C00573758,11960703.0,11481663.0,479039.0,479039.0,41144.0,2016-12-31T00:00:00,DEM,DEM,False,,5.0,
FL,S6FL00855,"VINDMAN, ALEXANDER",C00936559,8188391.6,1748269.11,6440222.49,6440222.49,154658.25,2026-03-31T00:00:00,DEM,DEM,False,,2.0,
VA,S4VA00338,"VITIELLO, RON",C00840140,0.0,40.0,4620.03,4620.03,200.0,2026-03-31T00:00:00,REP,REP,False,,41.0,
VA,S4VA00338,"VITIELLO, RON",C00840140,513779.95,509119.92,4660.03,4660.03,200.0,2024-12-31T00:00:00,REP,REP,False,,6.0,
LA,S4LA00057,"VITTER, DAVID B",C00394593,0.0,3800.0,1461.28,1461.28,0.0,2026-03-31T00:00:00,REP,REP,False,,44.0,
LA,S4LA00057,"VITTER, DAVID B",C00394593,0.0,0.0,5261.28,5261.28,0.0,2024-12-31T00:00:00,REP,REP,False,,45.0,
LA,S4LA00057,"VITTER, DAVID B",C00394593,0.0,20.0,5261.28,5261.28,0.0,2022-12-31T00:00:00,REP,REP,False,,46.0,
LA,S4LA00057,"VITTER, DAVID B",C00394593,0.0,37073.85,5281.28,5281.28,0.0,2020-12-31T00:00:00,REP,REP,False,,47.0,
LA,S4LA00057,"VITTER, DAVID B",C00394593,38474.54,6549.0,42355.13,42355.13,0.0,2018-12-31T00:00:00,REP,REP,False,,33.0,
LA,S4LA00057,"VITTER, DAVID B",C00394593,338497.8,369207.98,10430.0,10430.0,0.0,2016-12-31T00:00:00,REP,REP,False,,28.0,
LA,S4LA00057,"VITTER, DAVID B",C00394593,1108754.0,1698109.0,41142.0,41142.0,0.0,2014-12-31T00:00:00,REP,REP,False,,26.0,
LA,S4LA00057,"VITTER, DAVID B",C00394593,1595501.0,1131767.0,630501.0,630501.0,0.0,2012-12-31T00:00:00,REP,REP,False,,22.0,
LA,S4LA00057,"VITTER, DAVID B",C00394593,8734427.0,10572617.0,166765.0,166765.0,364657.0,2010-12-31T00:00:00,REP,REP,False,,5.0,
LA,S4LA00057,"VITTER, DAVID B",C00394593,2201174.0,1198388.0,2004955.0,2004955.0,0.0,2008-12-31T00:00:00,REP,REP,False,,20.0,
LA,S4LA00057,"VITTER, DAVID B",C00394593,1574154.0,1109074.0,1002168.0,1002168.0,0.0,2006-12-31T00:00:00,REP,REP,False,,23.0,
LA,S4LA00057,"VITTER, DAVID B",C00394593,7743804.0,7206714.0,537089.0,537089.0,511357.0,2004-12-31T00:00:00,REP,REP,False,,7.0,
PA,S4PA00196,"VODVARKA, JOSEPH JOHN",C00467134,10651.13,10451.13,200.0,200.0,0.0,2024-03-31T00:00:00,REP,REP,False,,14.0,
PA,S4PA00196,"VODVARKA, JOSEPH JOHN",C00467134,4888.73,4888.73,0.0,0.0,0.0,2022-12-31T00:00:00,REP,REP,False,,15.0,
PA,S4PA00196,"VODVARKA, JOSEPH JOHN",C00467134,21465.1,21465.1,176.65,176.65,0.0,2020-09-30T00:00:00,REP,REP,False,,12.0,
PA,S4PA00196,"VODVARKA, JOSEPH JOHN",C00467134,37201.34,35386.86,176.0,176.0,0.0,2018-12-31T00:00:00,REP,REP,False,,11.0,
PA,S4PA00196,"VODVARKA, JOSEPH JOHN",C00467134,91444.26,86367.72,0.65,0.65,0.0,2016-12-31T00:00:00,REP,REP,False,,9.0,
PA,S4PA00196,"VODVARKA, JOSEPH JOHN",C00467134,177260.88,163647.38,151.0,151.0,0.0,2014-12-31T00:00:00,REP,REP,False,,8.0,
PA,S4PA00196,"VODVARKA, JOSEPH JOHN",C00467134,66399.22,44410.96,151.0,151.0,,2012-12-31T00:00:00,REP,REP,False,,10.0,
PA,S4PA00196,"VODVARKA, JOSEPH JOHN",C00467134,15061.0,14911.0,150.0,150.0,0.0,2010-12-31T00:00:00,REP,REP,False,,13.0,
OH,S6OH00353,"VOLPE, CHRISTOPHER",C00907303,4337.18,4168.88,168.3,168.3,0.0,2026-02-15T00:00:00,DEM,DEM,False,,13.0,
OH,S6OH00346,"VOLPE, CHRISTOPHER",C00907303,4337.18,4168.88,168.3,168.3,0.0,2026-02-15T00:00:00,DEM,DEM,False,,14.0,
IA,S6IA00272,"WAHLS, ZACH P",C00907923,3167670.76,2112265.12,1055405.64,1055405.64,0.0,2026-03-31T00:00:00,DEM,DEM,False,,4.0,
NC,S2NC00307,"WALKER, BRADLEY MARK MR.",C00543231,0.0,0.0,0.0,0.0,0.0,2026-03-31T00:00:00,REP,REP,False,,33.0,
NC,S2NC00307,"WALKER, BRADLEY MARK MR.",C00543231,826947.5,849590.18,0.0,0.0,0.0,2024-12-31T00:00:00,REP,REP,False,,19.0,
NC,S2NC00307,"WALKER, BRADLEY MARK MR.",C00543231,835232.16,1650776.54,22642.68,22642.68,0.0,2022-12-31T00:00:00,REP,REP,False,,18.0,
NC,S2NC00307,"WALKER, BRADLEY MARK MR.",C00543231,893357.37,788986.24,838187.06,838187.06,0.0,2020-12-31T00:00:00,REP,REP,False,,16.0,
NC,S2NC00307,"WALKER, BRADLEY MARK MR.",C00543231,1328330.9,820098.14,733815.93,733815.93,0.0,2018-12-31T00:00:00,REP,REP,False,,11.0,
NC,S2NC00307,"WALKER, BRADLEY MARK MR.",C00543231,907920.57,697129.76,225583.17,225583.17,0.0,2016-12-31T00:00:00,REP,REP,False,,15.0,
NC,S2NC00307,"WALKER, BRADLEY MARK MR.",C00543231,839378.33,824585.97,14792.36,14792.36,0.0,2014-12-31T00:00:00,REP,REP,False,,17.0,
GA,S2GA00225,"WALKER, HERSCHEL MR.",C00787853,890425.72,421256.98,4821735.73,4821735.73,0.0,2026-03-31T00:00:00,REP,REP,False,,14.0,
GA,S2GA00225,"WALKER, HERSCHEL MR.",C00772962,11065.4,2814.87,0.0,0.0,0.0,2022-09-07T00:00:00,REP,REP,False,,22.0,
GA,S2GA00225,"WALKER, HERSCHEL MR.",C00772962,117025.13,125275.66,0.0,0.0,0.0,2022-09-07T00:00:00,REP,REP,False,,17.0,
AL,S6AL00468,"WALKER, RODNEY",C00914218,1997255.19,803477.6,1193777.59,1193777.59,1864000.0,2026-03-31T00:00:00,REP,REP,False,,9.0,
NV,S4NV00320,"WALKER, TROY ZAKARI",C00847970,705.0,675.66,-105.66,-105.66,0.0,2024-05-22T00:00:00,DEM,DEM,False,,15.0,
MD,S4MD00467,"WALLACE, NANCY",C00868869,1000.0,820.0,-371.07,-371.07,0.0,2026-09-30T00:00:00,GRE,OTHER,False,,1.0,
MD,S4MD00467,"WALLACE, NANCY",C00868869,0.0,651.07,-551.07,-551.07,0.0,2024-12-31T00:00:00,GRE,OTHER,False,,2.0,
VA,S6VA00093,"WARNER, MARK ROBERT",C00306555,292944.0,350483.0,0.0,0.0,0.0,1999-12-31T00:00:00,DEM,DEM,False,,20.0,
VA,S6VA00093,"WARNER, MARK ROBERT",C00306555,209270.0,173871.0,57539.0,57539.0,350000.0,1998-12-31T00:00:00,DEM,DEM,False,,21.0,
VA,S6VA00093,"WARNER, MARK ROBERT",C00306555,11634126.0,11611984.0,22141.0,22141.0,375000.0,1996-12-31T00:00:00,DEM,DEM,False,,8.0,
VA,S6VA00093,"WARNER, MARK ROBERT",C00438713,14719667.27,5667867.07,14605034.02,14605034.02,0.0,2026-03-31T00:00:00,DEM,DEM,False,,4.0,
VA,S6VA00093,"WARNER, MARK ROBERT",C00438713,4266868.81,1266750.72,5553233.82,5553233.82,0.0,2024-12-31T00:00:00,DEM,DEM,False,,9.0,
VA,S6VA00093,"WARNER, MARK ROBERT",C00438713,3004374.0,839668.45,2553115.73,2553115.73,0.0,2022-12-31T00:00:00,DEM,DEM,False,,11.0,
VA,S6VA00093,"WARNER, MARK ROBERT",C00438713,13227445.93,15905872.08,388410.18,388410.18,0.0,2020-12-31T00:00:00,DEM,DEM,False,,6.0,
VA,S6VA00093,"WARNER, MARK ROBERT",C00438713,2934892.94,608040.13,3066836.33,3066836.33,0.0,2018-12-31T00:00:00,DEM,DEM,False,,12.0,
VA,S6VA00093,"WARNER, MARK ROBERT",C00438713,1244578.0,636603.0,739982.0,739982.0,0.0,2016-12-31T00:00:00,DEM,DEM,False,,17.0,
VA,S6VA00093,"WARNER, MARK ROBERT",C00438713,13036212.61,16608517.23,132005.41,132005.41,0.0,2014-12-31T00:00:00,DEM,DEM,False,,7.0,
VA,S6VA00093,"WARNER, MARK ROBERT",C00438713,2630276.0,762155.0,3704309.0,3704309.0,0.0,2012-12-31T00:00:00,DEM,DEM,False,,13.0,
VA,S6VA00093,"WARNER, MARK ROBERT",C00438713,1430392.0,741772.0,1836190.0,1836190.0,0.0,2010-12-31T00:00:00,DEM,DEM,False,,15.0,
VA,S6VA00093,"WARNER, MARK ROBERT",C00438713,13663049.0,12515479.0,1147569.0,1147569.0,0.0,2008-12-31T00:00:00,DEM,DEM,False,,5.0,
GA,S0GA00559,"WARNOCK, RAPHAEL",C00736876,1949646.61,2646725.5,4041496.1,4041496.1,0.0,2026-03-31T00:00:00,DEM,DEM,False,,8.0,
GA,S0GA00559,"WARNOCK, RAPHAEL",C00736876,4819907.15,5935168.61,4738574.99,4738574.99,0.0,2024-12-31T00:00:00,DEM,DEM,False,,7.0,
GA,S0GA00559,"WARNOCK, RAPHAEL",C00736876,206593947.75,223503096.73,5853836.45,5853836.45,0.0,2022-12-31T00:00:00,DEM,DEM,True,highest_total_receipts,1.0,
GA,S0GA00559,"WARNOCK, RAPHAEL",C00736876,125359128.37,102596142.94,22762985.43,22762985.43,0.0,2020-12-16T00:00:00,DEM,DEM,False,,3.0,
MA,S2MA00170,"WARREN, ELIZABETH",C00500843,3772360.96,3499344.25,3723063.38,3723063.38,0.0,2026-03-31T00:00:00,DEM,DEM,False,,15.0,
MA,S2MA00170,"WARREN, ELIZABETH",C00500843,9039537.78,7914065.93,3450046.67,3450046.67,0.0,2024-12-31T00:00:00,DEM,DEM,False,,6.0,
MA,S2MA00170,"WARREN, ELIZABETH",C00500843,5423023.99,4424037.72,2324574.82,2324574.82,0.0,2022-12-31T00:00:00,DEM,DEM,False,,11.0,
MA,S2MA00170,"WARREN, ELIZABETH",C00500843,6625759.48,16392858.71,1325588.55,1325588.55,0.0,2020-12-31T00:00:00,DEM,DEM,False,,8.0,
MA,S2MA00170,"WARREN, ELIZABETH",C00500843,25825246.34,19578105.93,11092687.78,11092687.78,0.0,2018-12-31T00:00:00,DEM,DEM,False,,2.0,
MA,S2MA00170,"WARREN, ELIZABETH",C00500843,5920484.0,2727001.0,4845545.0,4845545.0,0.0,2016-12-31T00:00:00,DEM,DEM,False,,10.0,
MA,S2MA00170,"WARREN, ELIZABETH",C00500843,3459221.0,2101829.0,1652061.0,1652061.0,0.0,2014-12-31T00:00:00,DEM,DEM,False,,16.0,
MA,S2MA00170,"WARREN, ELIZABETH",C00500843,42506349.0,42211677.0,294671.0,294671.0,68000.0,2012-12-31T00:00:00,DEM,DEM,True,highest_total_receipts,1.0,
RI,S4RI00069,"WATERS, ALLEN",C00830661,0.0,345.26,1543.71,1543.71,0.0,2025-03-31T00:00:00,DEM,DEM,False,,33.0,
RI,S4RI00069,"WATERS, ALLEN",C00830661,21583.0,19991.31,1888.97,1888.97,0.0,2024-12-31T00:00:00,DEM,DEM,False,,31.0,
RI,S6RI00262,"WATERS, ALLEN",C00830661,0.0,345.26,1543.71,1543.71,0.0,2025-03-31T00:00:00,REP,REP,False,,6.0,
RI,S6RI00262,"WATERS, ALLEN",C00830661,21583.0,19991.31,1888.97,1888.97,0.0,2024-12-31T00:00:00,REP,REP,False,,4.0,
NC,S2NC00406,"WATKINS, RICHARD LEE DR.",C00771220,108717.02,108684.7,22250.34,22250.34,4842.78,2022-09-30T00:00:00,DEM,DEM,False,,10.0,
MN,S6MN00515,"WEILER, TOM",C00792002,105397.12,56432.5,50725.3,50725.3,112570.0,2026-03-31T00:00:00,REP,REP,False,,9.0,
MN,S6MN00515,"WEILER, TOM",C00792002,24.5,3947.07,1760.68,1760.68,59500.0,2024-12-31T00:00:00,REP,REP,False,,21.0,
MN,S6MN00515,"WEILER, TOM",C00792002,657355.85,651672.6,5683.25,5683.25,59500.0,2022-12-31T00:00:00,REP,REP,False,,6.0,
FL,S2FL00466,"WEIL, JOSHUA",C00764449,34866.52,34782.68,123.84,123.84,0.0,2022-06-30T00:00:00,DEM,DEM,False,,33.0,
FL,S2FL00466,"WEIL, JOSHUA",C00764449,1247.19,1207.19,40.0,40.0,0.0,2020-12-31T00:00:00,DEM,DEM,False,,38.0,
FL,S6FL00756,"WEIL, JOSHUA JOSEPH",C00893321,15933478.15,15933478.15,0.0,0.0,0.0,2025-09-30T00:00:00,DEM,DEM,True,highest_total_receipts,1.0,
VT,S2VT00235,"WELCH, PETER",C00795252,153598.18,234438.17,1632412.01,1632412.01,0.0,2026-03-31T00:00:00,DEM,DEM,False,,6.0,
VT,S2VT00235,"WELCH, PETER",C00795252,330882.07,577300.13,1713252.0,1713252.0,0.0,2024-12-31T00:00:00,DEM,DEM,False,,3.0,
VT,S2VT00235,"WELCH, PETER",C00795252,5390836.54,3431166.48,1959670.06,1959670.06,0.0,2022-12-31T00:00:00,DEM,DEM,True,highest_total_receipts,1.0,
PA,S2PA00232,"WELCH, STEVEN D",C00463653,0.0,0.0,26.11,26.11,250000.0,2022-09-30T00:00:00,REP,REP,False,,21.0,
PA,S2PA00232,"WELCH, STEVEN D",C00463653,0.0,0.0,26.11,26.11,250000.0,2020-12-31T00:00:00,REP,REP,False,,22.0,
PA,S2PA00232,"WELCH, STEVEN D",C00463653,0.0,0.0,26.11,26.11,250000.0,2018-12-31T00:00:00,REP,REP,False,,23.0,
PA,S2PA00232,"WELCH, STEVEN D",C00463653,0.0,0.0,26.0,26.0,250000.0,2016-12-31T00:00:00,REP,REP,False,,24.0,
PA,S2PA00232,"WELCH, STEVEN D",C00463653,0.0,579.0,26.0,26.0,250000.0,2014-12-31T00:00:00,REP,REP,False,,25.0,
PA,S2PA00232,"WELCH, STEVEN D",C00463653,1451722.0,1453957.0,605.0,605.0,250000.0,2012-12-31T00:00:00,REP,REP,False,,4.0,
PA,S2PA00232,"WELCH, STEVEN D",C00463653,815594.49,812754.47,2840.02,2840.02,0.0,2010-12-31T00:00:00,REP,REP,False,,5.0,
KY,S6KY00393,"WENZEL, DONALD RAY",C00932202,2431.4,2431.4,,,,2026-03-15T00:00:00,REP,REP,False,,47.0,
AL,S6AL00518,"WESS, EVERETT W",C00935783,26293.6,12612.71,13680.89,13680.89,23751.23,2026-03-31T00:00:00,DEM,DEM,False,,5.0,
NC,S6NC00415,"WHATLEY, MICHAEL",C00913996,8408717.9,5880375.31,2528342.59,2528342.59,666374.48,2026-03-31T00:00:00,REP,REP,False,,4.0,
AL,S6AL00393,"WHEELER, MARK SHANNON MR II",C00895904,17148.48,16759.0,389.48,389.48,833.28,2026-03-31T00:00:00,DEM,DEM,False,,6.0,
IA,S4IA00095,"WHITAKER, MATTHEW GEORGE ""MATT""",C00544924,0.0,0.0,7987.56,7987.56,49187.37,2026-03-31T00:00:00,REP,REP,False,,38.0,
IA,S4IA00095,"WHITAKER, MATTHEW GEORGE ""MATT""",C00544924,0.0,0.0,7987.56,7987.56,49187.37,2024-12-31T00:00:00,REP,REP,False,,39.0,
IA,S4IA00095,"WHITAKER, MATTHEW GEORGE ""MATT""",C00544924,0.0,0.0,7987.56,7987.56,49187.37,2022-12-31T00:00:00,REP,REP,False,,40.0,
IA,S4IA00095,"WHITAKER, MATTHEW GEORGE ""MATT""",C00544924,0.0,94.9,7987.56,7987.56,49187.37,2020-12-31T00:00:00,REP,REP,False,,41.0,
IA,S4IA00095,"WHITAKER, MATTHEW GEORGE ""MATT""",C00544924,8800.0,728.0,8082.0,8082.0,49187.0,2018-12-31T00:00:00,REP,REP,False,,34.0,
IA,S4IA00095,"WHITAKER, MATTHEW GEORGE ""MATT""",C00544924,0.0,4.0,10.0,10.0,49915.0,2016-12-31T00:00:00,REP,REP,False,,42.0,
IA,S4IA00095,"WHITAKER, MATTHEW GEORGE ""MATT""",C00544924,478414.0,478399.0,15.0,15.0,49915.0,2014-12-31T00:00:00,REP,REP,False,,26.0,
AZ,S4AZ00212,"WHITE, ALAN MR",C00849505,0.0,0.0,0.0,0.0,0.0,2026-03-31T00:00:00,REP,REP,False,,73.0,
RI,S6RI00221,"WHITEHOUSE, SHELDON",C00410803,431343.76,579233.4,1117498.08,1117498.08,0.0,2026-03-31T00:00:00,DEM,DEM,False,,24.0,
RI,S6RI00221,"WHITEHOUSE, SHELDON",C00410803,4859870.01,4912387.72,1265387.72,1265387.72,0.0,2024-12-31T00:00:00,DEM,DEM,False,,3.0,
RI,S6RI00221,"WHITEHOUSE, SHELDON",C00410803,1612622.08,814159.47,1317905.43,1317905.43,0.0,2022-12-31T00:00:00,DEM,DEM,False,,11.0,
RI,S6RI00221,"WHITEHOUSE, SHELDON",C00410803,353724.81,603041.8,519442.82,519442.82,0.0,2020-12-31T00:00:00,DEM,DEM,False,,27.0,
RI,S6RI00221,"WHITEHOUSE, SHELDON",C00410803,5190199.3,5525854.42,768759.81,768759.81,0.0,2018-12-31T00:00:00,DEM,DEM,False,,2.0,
RI,S6RI00221,"WHITEHOUSE, SHELDON",C00410803,1184313.0,731775.0,1104415.0,1104415.0,0.0,2016-12-31T00:00:00,DEM,DEM,False,,12.0,
RI,S6RI00221,"WHITEHOUSE, SHELDON",C00410803,360238.0,525537.0,651878.0,651878.0,0.0,2014-12-31T00:00:00,DEM,DEM,False,,26.0,
RI,S6RI00221,"WHITEHOUSE, SHELDON",C00410803,3319678.0,4184244.0,817178.0,817178.0,0.0,2012-12-31T00:00:00,DEM,DEM,False,,6.0,
RI,S6RI00221,"WHITEHOUSE, SHELDON",C00410803,1136420.0,437246.0,722999.0,722999.0,0.0,2010-12-31T00:00:00,DEM,DEM,False,,13.0,
RI,S6RI00221,"WHITEHOUSE, SHELDON",C00410803,427366.0,561845.0,23826.0,23826.0,0.0,2008-12-31T00:00:00,DEM,DEM,False,,25.0,
RI,S6RI00221,"WHITEHOUSE, SHELDON",C00410803,6587257.0,6428954.0,158304.0,158304.0,250000.0,2006-12-31T00:00:00,DEM,DEM,True,highest_total_receipts,1.0,
SC,S6SC04247,"WHITENER, KASIE DR.",C00907709,14477.52,9835.45,4642.07,4642.07,893.5,2026-03-31T00:00:00,LIB,OTHER,False,,1.0,
MN,S4MN00502,"WHITE, ROYCE",C00850743,565894.4,622199.36,82803.72,82803.72,75.0,2026-03-31T00:00:00,REP,REP,False,,7.0,
MN,S4MN00502,"WHITE, ROYCE",C00850743,1621744.66,1482635.98,139108.68,139108.68,75.0,2024-12-31T00:00:00,REP,REP,False,,3.0,
AR,S0AR00218,"WHITFIELD, DANIEL ALLEN",C00726422,353.29,36.27,2194.25,2194.25,5039.84,2026-03-31T00:00:00,DEM,DEM,False,,8.0,
AR,S0AR00218,"WHITFIELD, DANIEL ALLEN",C00726422,2034.71,166.58,1877.23,1877.23,5039.84,2024-12-31T00:00:00,DEM,DEM,False,,7.0,
AR,S0AR00218,"WHITFIELD, DANIEL ALLEN",C00726422,33701.87,54001.93,9.1,9.1,5039.84,2022-12-31T00:00:00,DEM,DEM,False,,4.0,
AR,S0AR00218,"WHITFIELD, DANIEL ALLEN",C00726422,71805.93,51496.77,20309.16,20309.16,39.84,2020-12-31T00:00:00,DEM,DEM,False,,3.0,
MS,S8MS00196,"WICKER, ROGER SEN.",C00443218,193613.35,425757.66,2762604.5,2762604.5,0.0,2026-03-31T00:00:00,REP,REP,False,,18.0,
MS,S8MS00196,"WICKER, ROGER SEN.",C00443218,7420578.92,6979484.06,2994748.81,2994748.81,0.0,2024-12-31T00:00:00,REP,REP,True,highest_total_receipts,1.0,
MS,S8MS00196,"WICKER, ROGER SEN.",C00443218,1826343.95,960466.74,2553653.95,2553653.95,0.0,2022-12-31T00:00:00,REP,REP,False,,9.0,
MS,S8MS00196,"WICKER, ROGER SEN.",C00443218,603587.64,768389.32,1687776.74,1687776.74,0.0,2020-12-31T00:00:00,REP,REP,False,,14.0,
MS,S8MS00196,"WICKER, ROGER SEN.",C00443218,6113589.06,5881444.87,1852578.42,1852578.42,0.0,2018-12-31T00:00:00,REP,REP,False,,3.0,
MS,S8MS00196,"WICKER, ROGER SEN.",C00443218,355678.0,701069.0,1620434.0,1620434.0,0.0,2016-12-31T00:00:00,REP,REP,False,,16.0,
MS,S8MS00196,"WICKER, ROGER SEN.",C00443218,153213.0,487387.0,1965829.0,1965829.0,0.0,2014-12-31T00:00:00,REP,REP,False,,19.0,
MS,S8MS00196,"WICKER, ROGER SEN.",C00443218,3384007.0,1486771.0,2300004.0,2300004.0,0.0,2012-12-31T00:00:00,REP,REP,False,,7.0,
MS,S8MS00196,"WICKER, ROGER SEN.",C00443218,1061797.0,716395.0,402771.0,402771.0,0.0,2010-12-31T00:00:00,REP,REP,False,,10.0,
MS,S8MS00196,"WICKER, ROGER SEN.",C00443218,6242613.0,6160116.0,82496.0,82496.0,131804.0,2008-12-31T00:00:00,REP,REP,False,,2.0,
KS,S0KS00166,"WIESNER, PATRICK",C00563577,0.0,129.48,11675.55,11675.55,50500.0,2026-03-31T00:00:00,DEM,DEM,False,,16.0,
KS,S0KS00166,"WIESNER, PATRICK",C00563577,0.0,265.0,11805.03,11805.03,50500.0,2024-12-31T00:00:00,DEM,DEM,False,,17.0,
KS,S0KS00166,"WIESNER, PATRICK",C00563577,35925.03,24423.26,12070.03,12070.03,50500.0,2022-12-31T00:00:00,DEM,DEM,False,,9.0,
KS,S0KS00166,"WIESNER, PATRICK",C00563577,500.0,130.65,568.26,568.26,20500.0,2020-12-31T00:00:00,DEM,DEM,False,,12.0,
KS,S0KS00166,"WIESNER, PATRICK",C00563577,0.0,411.0,199.0,199.0,20000.0,2018-12-31T00:00:00,DEM,DEM,False,,18.0,
KS,S0KS00166,"WIESNER, PATRICK",C00563577,36252.0,38286.0,613.0,613.0,20000.0,2016-12-31T00:00:00,DEM,DEM,False,,8.0,
KS,S0KS00166,"WIESNER, PATRICK",C00563577,51081.0,48425.0,2653.0,2653.0,48000.0,2014-12-31T00:00:00,DEM,DEM,False,,7.0,
KY,S6KY00336,"WILLETT, JOEL",C00920009,350036.01,321249.37,28786.64,28786.64,96000.0,2025-12-31T00:00:00,DEM,DEM,False,,6.0,
CA,S2CA01094,"WILLIAMS, CORDIE LEE DR.",C00791509,0.0,0.0,0.0,0.0,44900.0,2026-03-31T00:00:00,REP,REP,False,,21.0,
CA,S2CA01094,"WILLIAMS, CORDIE LEE DR.",C00791509,0.0,232.36,0.0,0.0,44900.0,2024-12-31T00:00:00,REP,REP,False,,22.0,
CA,S2CA01094,"WILLIAMS, CORDIE LEE DR.",C00791509,361394.35,361161.99,232.36,232.36,0.0,2022-12-31T00:00:00,REP,REP,False,,2.0,
VA,S6VA00200,"WILLIAMS, DAVID EARL MR.",C00927178,50555.94,43964.19,6591.75,6591.75,16000.0,2026-03-31T00:00:00,REP,REP,False,,16.0,
NC,S8NC00270,"WILLIAMS, MARCUS W.",C00811208,3786.77,3786.77,0.0,0.0,0.0,2022-05-19T00:00:00,DEM,DEM,False,,15.0,
NC,S8NC00270,"WILLIAMS, MARCUS W.",C00479386,8550.0,8550.0,0.0,0.0,0.0,2010-05-25T00:00:00,DEM,DEM,False,,13.0,
NC,S8NC00270,"WILLIAMS, MARCUS W.",C00931659,5656.28,5656.28,0.0,0.0,,2026-03-17T00:00:00,DEM,DEM,False,,14.0,
AZ,S4AZ00261,"WILLIAMS, SARAH",C00871293,0.0,453.63,0.0,0.0,0.0,2025-03-17T00:00:00,LIB,OTHER,False,,11.0,
AZ,S4AZ00261,"WILLIAMS, SARAH",C00871293,14715.0,14261.37,453.63,453.63,0.0,2024-12-31T00:00:00,LIB,OTHER,False,,9.0,
WV,S6WV00162,"WILLIS, THOMAS EDWARD II",C00905851,496222.44,439153.27,57069.17,57069.17,172984.0,2026-04-22T00:00:00,REP,REP,False,,17.0,
MI,S8MI00422,"WILLIS, VALERIE LEE",C00675256,0.0,0.0,0.0,0.0,22068.88,2024-11-05T00:00:00,IND,OTHER,False,,4.0,
MI,S8MI00422,"WILLIS, VALERIE LEE",C00675256,1530.3,1530.3,5.0,5.0,0.0,2020-12-31T00:00:00,IND,OTHER,False,,2.0,
MI,S8MI00422,"WILLIS, VALERIE LEE",C00675256,0.0,0.0,0.0,0.0,0.0,2018-12-31T00:00:00,IND,OTHER,False,,5.0,
AZ,S8AZ00379,"WILLS, LONNIE MR.",C00904268,0.0,0.0,0.0,0.0,0.0,2026-04-15T00:00:00,REP,REP,False,,74.0,
UT,S4UT00209,"WILSON, BRAD",C00837781,5056856.61,5056856.61,0.0,0.0,0.0,2024-12-31T00:00:00,REP,REP,False,,5.0,
MI,S4MI00587,"WILSON, J.D.",C00848986,8086.71,6438.85,1647.86,1647.86,51464.98,2024-06-30T00:00:00,REP,REP,False,,21.0,
CO,S6CO00432,"WOOD, MATTHEW",C00908962,4545.0,3385.0,752.5,752.5,0.0,2026-03-31T00:00:00,IND,OTHER,False,,5.0,
OR,S6OR00110,"WYDEN, RONALD L.",C00308676,1199347.07,1554121.79,1415984.72,1415984.72,0.0,2026-03-31T00:00:00,DEM,DEM,False,,19.0,
OR,S6OR00110,"WYDEN, RONALD L.",C00308676,1533627.54,3108793.09,1770759.44,1770759.44,0.0,2024-12-31T00:00:00,DEM,DEM,False,,16.0,
OR,S6OR00110,"WYDEN, RONALD L.",C00308676,10512321.06,9392743.56,3345924.99,3345924.99,0.0,2022-12-31T00:00:00,DEM,DEM,True,highest_total_receipts,1.0,
OR,S6OR00110,"WYDEN, RONALD L.",C00308676,1871588.66,1948089.5,2226347.49,2226347.49,0.0,2020-12-31T00:00:00,DEM,DEM,False,,13.0,
OR,S6OR00110,"WYDEN, RONALD L.",C00308676,1667441.19,2762883.94,2302848.33,2302848.33,0.0,2018-12-31T00:00:00,DEM,DEM,False,,15.0,
OR,S6OR00110,"WYDEN, RONALD L.",C00308676,8685642.0,7621379.0,3398289.0,3398289.0,0.0,2016-12-31T00:00:00,DEM,DEM,False,,3.0,
OR,S6OR00110,"WYDEN, RONALD L.",C00308676,3417820.0,1263898.0,2334025.0,2334025.0,0.0,2014-12-31T00:00:00,DEM,DEM,False,,11.0,
OR,S6OR00110,"WYDEN, RONALD L.",C00308676,641466.0,896837.0,180103.0,180103.0,0.0,2012-12-31T00:00:00,DEM,DEM,False,,24.0,
OR,S6OR00110,"WYDEN, RONALD L.",C00308676,5742439.0,6424975.0,435475.0,435475.0,0.0,2010-12-31T00:00:00,DEM,DEM,False,,6.0,
OR,S6OR00110,"WYDEN, RONALD L.",C00308676,999868.0,934124.0,1118012.0,1118012.0,0.0,2008-12-31T00:00:00,DEM,DEM,False,,23.0,
OR,S6OR00110,"WYDEN, RONALD L.",C00308676,196582.0,1170295.0,1052269.0,1052269.0,0.0,2006-12-31T00:00:00,DEM,DEM,False,,25.0,
OR,S6OR00110,"WYDEN, RONALD L.",C00308676,3802681.0,2817706.0,2025980.0,2025980.0,0.0,2004-12-31T00:00:00,DEM,DEM,False,,9.0,
OR,S6OR00110,"WYDEN, RONALD L.",C00308676,1103218.0,359359.0,1041005.0,1041005.0,0.0,2002-12-31T00:00:00,DEM,DEM,False,,22.0,
OR,S6OR00110,"WYDEN, RONALD L.",C00308676,153170.0,301242.0,297144.0,297144.0,0.0,2000-12-31T00:00:00,DEM,DEM,False,,26.0,
OR,S6OR00110,"WYDEN, RONALD L.",C00308676,3298468.0,2865378.0,445217.0,445217.0,0.0,1998-12-31T00:00:00,DEM,DEM,False,,12.0,
OR,S6OR00110,"WYDEN, RONALD L.",C00308676,4256026.0,4243900.0,12126.0,12126.0,42980.0,1996-12-31T00:00:00,DEM,DEM,False,,7.0,
MN,S6MN00549,"YORK, MARK",C00932863,56206.07,45484.61,10721.46,10721.46,0.0,2026-03-31T00:00:00,REP,REP,False,,11.0,
IN,S6IN00191,"YOUNG, TODD CHRISTOPHER",C00459255,3599267.98,1234309.96,6790900.66,6790900.66,0.0,2026-03-31T00:00:00,REP,REP,False,,4.0,
IN,S6IN00191,"YOUNG, TODD CHRISTOPHER",C00459255,1754997.99,1065950.31,4425942.64,4425942.64,0.0,2024-12-31T00:00:00,REP,REP,False,,13.0,
IN,S6IN00191,"YOUNG, TODD CHRISTOPHER",C00459255,10976445.53,9618042.78,3736894.96,3736894.96,0.0,2022-12-31T00:00:00,REP,REP,True,highest_total_receipts,1.0,
IN,S6IN00191,"YOUNG, TODD CHRISTOPHER",C00459255,3293430.51,1206074.4,2378492.21,2378492.21,0.0,2020-12-31T00:00:00,REP,REP,False,,5.0,
IN,S6IN00191,"YOUNG, TODD CHRISTOPHER",C00459255,925529.86,699785.75,291136.1,291136.1,0.0,2018-12-31T00:00:00,REP,REP,False,,23.0,
IN,S6IN00191,"YOUNG, TODD CHRISTOPHER",C00459255,10698358.53,11394679.16,65392.0,65392.0,110675.0,2016-12-31T00:00:00,REP,REP,False,,2.0,
IN,S6IN00191,"YOUNG, TODD CHRISTOPHER",C00459255,2156588.92,1405164.53,761714.87,761714.87,0.0,2014-12-31T00:00:00,REP,REP,False,,8.0,
IN,S6IN00191,"YOUNG, TODD CHRISTOPHER",C00459255,1819056.96,1823459.34,10290.48,10290.48,0.0,2012-12-31T00:00:00,REP,REP,False,,11.0,
IN,S6IN00191,"YOUNG, TODD CHRISTOPHER",C00459255,1964851.77,1950158.91,14692.86,14692.86,0.0,2010-12-31T00:00:00,REP,REP,False,,9.0,
NJ,S6NJ00412,"ZDAN, ALEX",C00939132,7378.78,1552.21,5826.57,5826.57,0.0,2026-03-31T00:00:00,REP,REP,False,,28.0,
NJ,S4NJ00557,"ZDAN, ALEXANDER",C00868943,50824.86,47891.23,2933.63,2933.63,25000.0,2024-06-30T00:00:00,REP,REP,False,,21.0,
NJ,S6NJ00131,"ZIMMER, DICK",C00302646,0.0,35.0,1824.0,1824.0,33179.0,2003-09-30T00:00:00,REP,REP,False,,50.0,
NJ,S6NJ00131,"ZIMMER, DICK",C00302646,0.0,30.0,1829.0,1829.0,33179.0,2002-12-31T00:00:00,REP,REP,False,,51.0,
NJ,S6NJ00131,"ZIMMER, DICK",C00302646,6.0,1040.0,1859.0,1859.0,33179.0,2000-12-31T00:00:00,REP,REP,False,,37.0,
NJ,S6NJ00131,"ZIMMER, DICK",C00302646,100395.0,112894.0,1283.0,1283.0,73937.0,1998-12-31T00:00:00,REP,REP,False,,18.0,
NJ,S6NJ00131,"ZIMMER, DICK",C00302646,8253612.0,8238181.0,15390.0,15390.0,109598.0,1996-12-31T00:00:00,REP,REP,True,highest_total_receipts,1.0,
NJ,S6NJ00131,"ZIMMER, DICK",C00449074,0.0,8199.39,0.0,0.0,0.0,2025-06-19T00:00:00,REP,REP,False,,52.0,
NJ,S6NJ00131,"ZIMMER, DICK",C00449074,0.0,513.51,8199.39,8199.39,0.0,2024-12-31T00:00:00,REP,REP,False,,53.0,
NJ,S6NJ00131,"ZIMMER, DICK",C00449074,0.0,337.72,8712.9,8712.9,0.0,2022-12-31T00:00:00,REP,REP,False,,54.0,
NJ,S6NJ00131,"ZIMMER, DICK",C00449074,0.0,1155.5,9050.62,9050.62,0.0,2020-12-31T00:00:00,REP,REP,False,,55.0,
NJ,S6NJ00131,"ZIMMER, DICK",C00449074,0.0,865.05,10206.12,10206.12,0.0,2018-12-31T00:00:00,REP,REP,False,,56.0,
NJ,S6NJ00131,"ZIMMER, DICK",C00449074,44.0,1699.0,11073.0,11073.0,0.0,2016-12-31T00:00:00,REP,REP,False,,36.0,
NJ,S6NJ00131,"ZIMMER, DICK",C00449074,0.0,8113.0,12727.0,12727.0,0.0,2014-12-31T00:00:00,REP,REP,False,,57.0,
NJ,S6NJ00131,"ZIMMER, DICK",C00449074,0.0,6619.0,20841.0,20841.0,0.0,2012-12-31T00:00:00,REP,REP,False,,58.0,
NJ,S6NJ00131,"ZIMMER, DICK",C00449074,2500.0,19114.0,27462.0,27462.0,0.0,2010-12-31T00:00:00,REP,REP,False,,29.0,
NJ,S6NJ00131,"ZIMMER, DICK",C00449074,1542809.0,1498731.0,44078.0,44078.0,0.0,2008-12-31T00:00:00,REP,REP,False,,4.0,
CO,S6CO00465,"ZIMPFER, ANTHONY JACOB",C00914416,4130.68,3034.9,1095.78,1095.78,140.68,2026-03-31T00:00:00,DEM,DEM,False,,18.0,
